STATE,COUNTY,DATE,EVENT_TYPE,EVENT_FLAG,DAMAGE_PROPERTY,DAMAGE_CROPS,INJURIES,DEATHS
ILLINOIS,ADAMS,2010-06-14,Flood,1,0.0,0.0,0,0
ILLINOIS,ADAMS,2010-06-15,Flood,1,0.0,0.0,0,0
ILLINOIS,ADAMS,2010-06-16,Flood,1,0.0,0.0,0,0
ILLINOIS,ADAMS,2010-06-17,Flood,1,0.0,0.0,0,0
ILLINOIS,ADAMS,2010-06-18,Excessive Heat,1,0.0,0.0,0,0
ILLINOIS,ADAMS,2010-06-18,Flood,1,0.0,0.0,0,0
ILLINOIS,ADAMS,2010-06-19,Excessive Heat,1,0.0,0.0,0,0
ILLINOIS,ADAMS,2010-06-19,Flood,1,0.0,0.0,0,0
ILLINOIS,ADAMS,2010-06-20,Excessive Heat,1,0.0,0.0,0,0
ILLINOIS,ADAMS,2010-06-20,Flood,1,0.0,0.0,0,0
ILLINOIS,ADAMS,2010-06-21,Excessive Heat,1,0.0,0.0,0,0
ILLINOIS,ADAMS,2010-06-21,Flood,1,0.0,0.0,0,0
ILLINOIS,ADAMS,2010-06-22,Excessive Heat,1,0.0,0.0,0,0
ILLINOIS,ADAMS,2010-06-22,Flood,1,0.0,0.0,0,0
ILLINOIS,ADAMS,2010-06-23,Excessive Heat,1,0.0,0.0,0,0
ILLINOIS,ADAMS,2010-06-23,Flood,1,0.0,0.0,0,0
ILLINOIS,ADAMS,2010-06-24,Flood,1,0.0,0.0,0,0
ILLINOIS,ADAMS,2010-06-25,Flood,1,0.0,0.0,0,0
ILLINOIS,ADAMS,2010-06-26,Flood,1,0.0,0.0,0,0
ILLINOIS,ADAMS,2010-06-27,Flood,1,0.0,0.0,0,0
ILLINOIS,ADAMS,2010-06-28,Flood,1,0.0,0.0,0,0
ILLINOIS,ADAMS,2010-06-29,Flood,1,0.0,0.0,0,0
ILLINOIS,ADAMS,2010-06-30,Flood,1,0.0,0.0,0,0
ILLINOIS,ADAMS,2010-07-14,Excessive Heat,1,0.0,0.0,0,0
ILLINOIS,ADAMS,2010-07-17,Excessive Heat,1,0.0,0.0,0,0
ILLINOIS,ADAMS,2010-07-22,Excessive Heat,1,0.0,0.0,0,0
ILLINOIS,ADAMS,2010-07-23,Excessive Heat,1,0.0,0.0,0,0
ILLINOIS,ADAMS,2010-07-24,Excessive Heat,1,0.0,0.0,0,0
ILLINOIS,ADAMS,2010-08-02,Excessive Heat,1,0.0,0.0,0,0
ILLINOIS,ADAMS,2010-08-03,Excessive Heat,1,0.0,0.0,0,0
ILLINOIS,ADAMS,2010-08-04,Excessive Heat,1,0.0,0.0,0,0
ILLINOIS,ADAMS,2010-08-08,Excessive Heat,1,0.0,0.0,0,0
ILLINOIS,ADAMS,2010-08-09,Excessive Heat,1,0.0,0.0,0,0
ILLINOIS,ADAMS,2010-08-10,Excessive Heat,1,0.0,0.0,0,0
ILLINOIS,ADAMS,2010-08-11,Excessive Heat,1,0.0,0.0,0,0
ILLINOIS,ADAMS,2010-08-12,Excessive Heat,1,0.0,0.0,0,0
ILLINOIS,ADAMS,2010-08-13,Excessive Heat,1,0.0,0.0,0,0
ILLINOIS,ADAMS,2010-08-14,Excessive Heat,1,0.0,0.0,0,0
ILLINOIS,ADAMS,2011-01-31,Winter Storm,1,0.0,0.0,0,0
ILLINOIS,ADAMS,2011-02-01,Blizzard,1,0.0,0.0,0,0
ILLINOIS,ADAMS,2011-02-01,Winter Storm,1,0.0,0.0,0,0
ILLINOIS,ADAMS,2011-02-02,Blizzard,1,0.0,0.0,0,0
ILLINOIS,ADAMS,2011-07-10,Excessive Heat,1,0.0,0.0,0,0
ILLINOIS,ADAMS,2011-07-11,Excessive Heat,1,0.0,0.0,0,0
ILLINOIS,ADAMS,2011-07-12,Excessive Heat,1,0.0,0.0,0,0
ILLINOIS,ADAMS,2011-07-17,Excessive Heat,1,0.0,0.0,0,1
ILLINOIS,ADAMS,2011-07-18,Excessive Heat,1,0.0,0.0,0,1
ILLINOIS,ADAMS,2011-07-19,Excessive Heat,1,0.0,0.0,0,1
ILLINOIS,ADAMS,2011-07-20,Excessive Heat,1,0.0,0.0,0,1
ILLINOIS,ADAMS,2011-07-21,Excessive Heat,1,0.0,0.0,0,1
ILLINOIS,ADAMS,2011-07-22,Excessive Heat,1,0.0,0.0,0,1
ILLINOIS,ADAMS,2011-07-23,Excessive Heat,1,0.0,0.0,0,1
ILLINOIS,ADAMS,2011-07-24,Excessive Heat,1,0.0,0.0,0,1
ILLINOIS,ADAMS,2011-07-25,Excessive Heat,1,0.0,0.0,0,1
ILLINOIS,ADAMS,2011-07-26,Excessive Heat,1,0.0,0.0,0,1
ILLINOIS,ADAMS,2011-07-27,Excessive Heat,1,0.0,0.0,0,1
ILLINOIS,ADAMS,2011-07-28,Excessive Heat,1,0.0,0.0,0,1
ILLINOIS,ADAMS,2011-08-01,Excessive Heat,1,0.0,0.0,0,0
ILLINOIS,ADAMS,2011-08-02,Excessive Heat,1,0.0,0.0,0,0
ILLINOIS,ADAMS,2011-08-03,Excessive Heat,1,0.0,0.0,0,0
ILLINOIS,ADAMS,2012-06-27,Excessive Heat,1,0.0,0.0,0,0
ILLINOIS,ADAMS,2012-06-28,Excessive Heat,1,0.0,0.0,0,0
ILLINOIS,ADAMS,2012-06-29,Excessive Heat,1,0.0,0.0,0,0
ILLINOIS,ADAMS,2012-06-30,Excessive Heat,1,0.0,0.0,0,0
ILLINOIS,ADAMS,2012-07-01,Excessive Heat,1,0.0,0.0,0,0
ILLINOIS,ADAMS,2012-07-02,Excessive Heat,1,0.0,0.0,0,0
ILLINOIS,ADAMS,2012-07-03,Excessive Heat,1,0.0,0.0,0,0
ILLINOIS,ADAMS,2012-07-04,Excessive Heat,1,0.0,0.0,0,0
ILLINOIS,ADAMS,2012-07-05,Excessive Heat,1,0.0,0.0,0,0
ILLINOIS,ADAMS,2012-07-06,Excessive Heat,1,0.0,0.0,0,0
ILLINOIS,ADAMS,2012-07-07,Excessive Heat,1,0.0,0.0,0,0
ILLINOIS,ADAMS,2012-07-08,Excessive Heat,1,0.0,0.0,0,0
ILLINOIS,ADAMS,2012-07-16,Excessive Heat,1,0.0,0.0,0,0
ILLINOIS,ADAMS,2012-07-17,Excessive Heat,1,0.0,0.0,0,0
ILLINOIS,ADAMS,2012-07-18,Excessive Heat,1,0.0,0.0,0,0
ILLINOIS,ADAMS,2012-07-19,Excessive Heat,1,0.0,0.0,0,0
ILLINOIS,ADAMS,2012-07-22,Excessive Heat,1,0.0,0.0,0,0
ILLINOIS,ADAMS,2012-07-23,Excessive Heat,1,0.0,0.0,0,0
ILLINOIS,ADAMS,2012-07-24,Excessive Heat,1,0.0,0.0,0,0
ILLINOIS,ADAMS,2012-07-25,Excessive Heat,1,0.0,0.0,0,0
ILLINOIS,ADAMS,2012-07-26,Excessive Heat,1,0.0,0.0,0,0
ILLINOIS,ADAMS,2012-07-27,Excessive Heat,1,0.0,0.0,0,0
ILLINOIS,ADAMS,2013-02-21,Winter Storm,1,0.0,0.0,0,0
ILLINOIS,ADAMS,2013-02-22,Winter Storm,1,0.0,0.0,0,0
ILLINOIS,ADAMS,2013-03-24,Blizzard,1,0.0,0.0,0,0
ILLINOIS,ADAMS,2013-04-18,Flood,1,5000.0,20000.0,0,0
ILLINOIS,ADAMS,2013-04-19,Flood,1,5000.0,20000.0,0,0
ILLINOIS,ADAMS,2013-04-20,Flood,1,5000.0,20000.0,0,0
ILLINOIS,ADAMS,2013-04-21,Flood,1,5000.0,20000.0,0,0
ILLINOIS,ADAMS,2013-04-22,Flood,1,5000.0,20000.0,0,0
ILLINOIS,ADAMS,2013-04-23,Flood,1,5000.0,20000.0,0,0
ILLINOIS,ADAMS,2013-04-24,Flood,1,5000.0,20000.0,0,0
ILLINOIS,ADAMS,2013-04-25,Flood,1,5000.0,20000.0,0,0
ILLINOIS,ADAMS,2013-04-26,Flood,1,5000.0,20000.0,0,0
ILLINOIS,ADAMS,2013-04-27,Flood,1,5000.0,20000.0,0,0
ILLINOIS,ADAMS,2013-04-28,Flood,1,5000.0,20000.0,0,0
ILLINOIS,ADAMS,2013-04-29,Flood,1,5000.0,20000.0,0,0
ILLINOIS,ADAMS,2013-04-30,Flood,1,5000.0,20000.0,0,0
ILLINOIS,ADAMS,2013-05-27,Flood,1,2000.0,10000.0,0,0
ILLINOIS,ADAMS,2013-05-28,Flood,1,2000.0,10000.0,0,0
ILLINOIS,ADAMS,2013-05-29,Flood,1,2000.0,10000.0,0,0
ILLINOIS,ADAMS,2013-05-30,Flood,1,2000.0,10000.0,0,0
ILLINOIS,ADAMS,2013-05-31,Flood,1,2000.0,10000.0,0,0
ILLINOIS,ADAMS,2013-06-01,Flood,1,1000.0,5000.0,0,0
ILLINOIS,ADAMS,2013-06-02,Flood,1,1000.0,5000.0,0,0
ILLINOIS,ADAMS,2013-06-03,Flood,1,1000.0,5000.0,0,0
ILLINOIS,ADAMS,2013-06-04,Flood,1,1000.0,5000.0,0,0
ILLINOIS,ADAMS,2013-06-05,Flood,1,1000.0,5000.0,0,0
ILLINOIS,ADAMS,2013-06-06,Flood,1,1000.0,5000.0,0,0
ILLINOIS,ADAMS,2013-06-07,Flood,1,1000.0,5000.0,0,0
ILLINOIS,ADAMS,2013-06-08,Flood,1,1000.0,5000.0,0,0
ILLINOIS,ADAMS,2013-06-09,Flood,1,1000.0,5000.0,0,0
ILLINOIS,ADAMS,2013-06-10,Flood,1,1000.0,5000.0,0,0
ILLINOIS,ADAMS,2013-06-11,Flood,1,1000.0,5000.0,0,0
ILLINOIS,ADAMS,2013-06-12,Flood,1,1000.0,5000.0,0,0
ILLINOIS,ADAMS,2013-06-13,Flood,1,1000.0,5000.0,0,0
ILLINOIS,ADAMS,2013-06-14,Flood,1,1000.0,5000.0,0,0
ILLINOIS,ADAMS,2013-06-15,Flood,1,1000.0,5000.0,0,0
ILLINOIS,ADAMS,2013-06-16,Flood,1,1000.0,5000.0,0,0
ILLINOIS,ADAMS,2013-06-17,Flood,1,1000.0,5000.0,0,0
ILLINOIS,ADAMS,2013-06-18,Flood,1,1000.0,5000.0,0,0
ILLINOIS,ADAMS,2013-06-19,Flood,1,1000.0,5000.0,0,0
ILLINOIS,ADAMS,2013-06-20,Flood,1,1000.0,5000.0,0,0
ILLINOIS,ADAMS,2013-12-21,Winter Storm,1,0.0,0.0,0,0
ILLINOIS,ADAMS,2013-12-22,Winter Storm,1,0.0,0.0,0,0
ILLINOIS,ADAMS,2014-02-04,Winter Storm,1,0.0,0.0,0,0
ILLINOIS,ADAMS,2014-02-05,Winter Storm,1,0.0,0.0,0,0
ILLINOIS,ADAMS,2014-08-20,Excessive Heat,1,0.0,0.0,0,0
ILLINOIS,ADAMS,2014-08-21,Excessive Heat,1,0.0,0.0,0,0
ILLINOIS,ADAMS,2014-08-22,Excessive Heat,1,0.0,0.0,0,0
ILLINOIS,ADAMS,2014-08-23,Excessive Heat,1,0.0,0.0,0,0
ILLINOIS,ADAMS,2014-08-24,Excessive Heat,1,0.0,0.0,0,0
ILLINOIS,ADAMS,2014-08-25,Excessive Heat,1,0.0,0.0,0,0
ILLINOIS,ADAMS,2014-08-26,Excessive Heat,1,0.0,0.0,0,0
ILLINOIS,ADAMS,2014-08-27,Excessive Heat,1,0.0,0.0,0,0
ILLINOIS,ADAMS,2015-07-12,Excessive Heat,1,0.0,0.0,0,0
ILLINOIS,ADAMS,2015-07-13,Excessive Heat,1,0.0,0.0,0,0
ILLINOIS,ADAMS,2015-07-17,Excessive Heat,1,0.0,0.0,0,0
ILLINOIS,ADAMS,2015-07-18,Excessive Heat,1,0.0,0.0,0,0
ILLINOIS,ADAMS,2015-07-27,Excessive Heat,1,0.0,0.0,0,0
ILLINOIS,ADAMS,2015-07-28,Excessive Heat,1,0.0,0.0,0,0
ILLINOIS,ADAMS,2015-07-29,Excessive Heat,1,0.0,0.0,0,0
ILLINOIS,ADAMS,2016-07-18,Excessive Heat,1,0.0,0.0,0,0
ILLINOIS,ADAMS,2016-07-19,Excessive Heat,1,0.0,0.0,0,0
ILLINOIS,ADAMS,2016-07-20,Excessive Heat,1,0.0,0.0,0,0
ILLINOIS,ADAMS,2016-07-21,Excessive Heat,1,0.0,0.0,0,0
ILLINOIS,ADAMS,2016-07-22,Excessive Heat,1,0.0,0.0,0,0
ILLINOIS,ADAMS,2016-07-23,Excessive Heat,1,0.0,0.0,0,0
ILLINOIS,ADAMS,2016-07-24,Excessive Heat,1,0.0,0.0,0,0
ILLINOIS,ADAMS,2017-07-19,Excessive Heat,1,0.0,0.0,0,0
ILLINOIS,ADAMS,2017-07-20,Excessive Heat,1,0.0,0.0,0,0
ILLINOIS,ADAMS,2017-07-21,Excessive Heat,1,0.0,0.0,0,0
ILLINOIS,ADAMS,2017-07-22,Excessive Heat,1,0.0,0.0,0,0
ILLINOIS,ADAMS,2017-07-23,Excessive Heat,1,0.0,0.0,0,0
ILLINOIS,ADAMS,2018-11-25,Blizzard,1,0.0,0.0,0,0
ILLINOIS,ADAMS,2018-11-26,Blizzard,1,0.0,0.0,0,0
ILLINOIS,ADAMS,2021-01-01,Winter Storm,1,0.0,0.0,0,0
ILLINOIS,ADAMS,2022-12-22,Winter Storm,1,0.0,0.0,0,0
ILLINOIS,ADAMS,2023-07-27,Excessive Heat,1,0.0,0.0,0,0
ILLINOIS,ADAMS,2023-07-28,Excessive Heat,1,0.0,0.0,0,0
ILLINOIS,ADAMS,2023-08-20,Excessive Heat,1,0.0,0.0,0,0
ILLINOIS,ADAMS,2023-08-21,Excessive Heat,1,0.0,0.0,0,0
ILLINOIS,ADAMS,2023-08-22,Excessive Heat,1,0.0,0.0,0,0
ILLINOIS,ADAMS,2023-08-23,Excessive Heat,1,0.0,0.0,0,0
ILLINOIS,ADAMS,2023-08-24,Excessive Heat,1,0.0,0.0,0,0
ILLINOIS,ADAMS,2023-08-25,Excessive Heat,1,0.0,0.0,0,0
ILLINOIS,ADAMS,2024-01-08,Winter Storm,1,0.0,0.0,0,0
ILLINOIS,ADAMS,2024-01-09,Winter Storm,1,0.0,0.0,0,0
ILLINOIS,ADAMS,2025-01-05,Winter Storm,1,0.0,0.0,0,0
ILLINOIS,ADAMS,2025-01-06,Winter Storm,1,0.0,0.0,0,0
ILLINOIS,ADAMS,2025-11-29,Winter Storm,1,0.0,0.0,0,0
ILLINOIS,ALEXANDER,2010-01-01,Flood,1,0.0,0.0,0,0
ILLINOIS,ALEXANDER,2010-01-25,Flood,1,0.0,0.0,0,0
ILLINOIS,ALEXANDER,2010-01-26,Flood,1,0.0,0.0,0,0
ILLINOIS,ALEXANDER,2010-01-27,Flood,1,0.0,0.0,0,0
ILLINOIS,ALEXANDER,2010-01-28,Flood,1,0.0,0.0,0,0
ILLINOIS,ALEXANDER,2010-01-29,Flood,1,0.0,0.0,0,0
ILLINOIS,ALEXANDER,2010-01-30,Flood,1,0.0,0.0,0,0
ILLINOIS,ALEXANDER,2010-01-31,Flood,1,0.0,0.0,0,0
ILLINOIS,ALEXANDER,2010-02-01,Flood,1,0.0,0.0,0,0
ILLINOIS,ALEXANDER,2010-02-02,Flood,1,0.0,0.0,0,0
ILLINOIS,ALEXANDER,2010-02-03,Flood,1,0.0,0.0,0,0
ILLINOIS,ALEXANDER,2010-02-04,Flood,1,0.0,0.0,0,0
ILLINOIS,ALEXANDER,2010-02-05,Flood,1,0.0,0.0,0,0
ILLINOIS,ALEXANDER,2010-02-06,Flood,1,0.0,0.0,0,0
ILLINOIS,ALEXANDER,2010-02-07,Flood,1,0.0,0.0,0,0
ILLINOIS,ALEXANDER,2010-02-08,Flood,1,0.0,0.0,0,0
ILLINOIS,ALEXANDER,2010-02-09,Flood,1,0.0,0.0,0,0
ILLINOIS,ALEXANDER,2010-02-10,Flood,1,0.0,0.0,0,0
ILLINOIS,ALEXANDER,2010-02-11,Flood,1,0.0,0.0,0,0
ILLINOIS,ALEXANDER,2010-02-12,Flood,1,0.0,0.0,0,0
ILLINOIS,ALEXANDER,2010-02-13,Flood,1,0.0,0.0,0,0
ILLINOIS,ALEXANDER,2010-02-14,Flood,1,0.0,0.0,0,0
ILLINOIS,ALEXANDER,2010-03-17,Flood,1,0.0,0.0,0,0
ILLINOIS,ALEXANDER,2010-03-18,Flood,1,0.0,0.0,0,0
ILLINOIS,ALEXANDER,2010-03-19,Flood,1,0.0,0.0,0,0
ILLINOIS,ALEXANDER,2010-03-20,Flood,1,0.0,0.0,0,0
ILLINOIS,ALEXANDER,2010-03-21,Flood,1,0.0,0.0,0,0
ILLINOIS,ALEXANDER,2010-03-22,Flood,1,0.0,0.0,0,0
ILLINOIS,ALEXANDER,2010-03-23,Flood,1,0.0,0.0,0,0
ILLINOIS,ALEXANDER,2010-03-24,Flood,1,0.0,0.0,0,0
ILLINOIS,ALEXANDER,2010-03-25,Flood,1,0.0,0.0,0,0
ILLINOIS,ALEXANDER,2010-03-26,Flood,1,0.0,0.0,0,0
ILLINOIS,ALEXANDER,2010-03-27,Flood,1,0.0,0.0,0,0
ILLINOIS,ALEXANDER,2010-03-28,Flood,1,0.0,0.0,0,0
ILLINOIS,ALEXANDER,2010-03-29,Flood,1,0.0,0.0,0,0
ILLINOIS,ALEXANDER,2010-03-30,Flood,1,0.0,0.0,0,0
ILLINOIS,ALEXANDER,2010-03-31,Flood,1,0.0,0.0,0,0
ILLINOIS,ALEXANDER,2010-04-01,Flood,1,0.0,0.0,0,0
ILLINOIS,ALEXANDER,2010-04-02,Flood,1,0.0,0.0,0,0
ILLINOIS,ALEXANDER,2010-04-03,Flood,1,0.0,0.0,0,0
ILLINOIS,ALEXANDER,2010-04-04,Flood,1,0.0,0.0,0,0
ILLINOIS,ALEXANDER,2010-04-05,Flood,1,0.0,0.0,0,0
ILLINOIS,ALEXANDER,2010-04-06,Flood,1,0.0,0.0,0,0
ILLINOIS,ALEXANDER,2010-04-07,Flood,1,0.0,0.0,0,0
ILLINOIS,ALEXANDER,2010-04-08,Flood,1,0.0,0.0,0,0
ILLINOIS,ALEXANDER,2010-04-09,Flood,1,0.0,0.0,0,0
ILLINOIS,ALEXANDER,2010-04-10,Flood,1,0.0,0.0,0,0
ILLINOIS,ALEXANDER,2010-04-11,Flood,1,0.0,0.0,0,0
ILLINOIS,ALEXANDER,2010-04-12,Flood,1,0.0,0.0,0,0
ILLINOIS,ALEXANDER,2010-04-13,Flood,1,0.0,0.0,0,0
ILLINOIS,ALEXANDER,2010-04-30,Flood,1,0.0,0.0,0,0
ILLINOIS,ALEXANDER,2010-05-01,Flood,1,0.0,5000.0,0,0
ILLINOIS,ALEXANDER,2010-05-02,Flood,1,0.0,5000.0,0,0
ILLINOIS,ALEXANDER,2010-05-03,Flood,1,0.0,25000.0,0,0
ILLINOIS,ALEXANDER,2010-05-04,Flood,1,0.0,20000.0,0,0
ILLINOIS,ALEXANDER,2010-05-05,Flood,1,0.0,20000.0,0,0
ILLINOIS,ALEXANDER,2010-05-06,Flood,1,0.0,20000.0,0,0
ILLINOIS,ALEXANDER,2010-05-07,Flood,1,0.0,20000.0,0,0
ILLINOIS,ALEXANDER,2010-05-08,Flood,1,0.0,20000.0,0,0
ILLINOIS,ALEXANDER,2010-05-09,Flood,1,0.0,20000.0,0,0
ILLINOIS,ALEXANDER,2010-05-10,Flood,1,0.0,20000.0,0,0
ILLINOIS,ALEXANDER,2010-05-11,Flood,1,0.0,20000.0,0,0
ILLINOIS,ALEXANDER,2010-05-12,Flood,1,0.0,20000.0,0,0
ILLINOIS,ALEXANDER,2010-05-13,Flood,1,0.0,20000.0,0,0
ILLINOIS,ALEXANDER,2010-05-14,Flood,1,0.0,20000.0,0,0
ILLINOIS,ALEXANDER,2010-05-15,Flood,1,0.0,20000.0,0,0
ILLINOIS,ALEXANDER,2010-05-16,Flood,1,0.0,40000.0,0,0
ILLINOIS,ALEXANDER,2010-05-17,Flood,1,0.0,40000.0,0,0
ILLINOIS,ALEXANDER,2010-05-18,Flood,1,0.0,40000.0,0,0
ILLINOIS,ALEXANDER,2010-05-19,Flood,1,0.0,40000.0,0,0
ILLINOIS,ALEXANDER,2010-05-20,Flood,1,0.0,40000.0,0,0
ILLINOIS,ALEXANDER,2010-05-21,Flood,1,0.0,40000.0,0,0
ILLINOIS,ALEXANDER,2010-05-22,Flood,1,0.0,40000.0,0,0
ILLINOIS,ALEXANDER,2010-05-23,Flood,1,0.0,40000.0,0,0
ILLINOIS,ALEXANDER,2010-05-24,Flood,1,0.0,40000.0,0,0
ILLINOIS,ALEXANDER,2010-05-25,Flood,1,0.0,40000.0,0,0
ILLINOIS,ALEXANDER,2010-05-26,Flood,1,0.0,40000.0,0,0
ILLINOIS,ALEXANDER,2010-05-27,Flood,1,0.0,40000.0,0,0
ILLINOIS,ALEXANDER,2010-05-28,Flood,1,0.0,40000.0,0,0
ILLINOIS,ALEXANDER,2010-05-29,Flood,1,0.0,40000.0,0,0
ILLINOIS,ALEXANDER,2010-05-30,Flood,1,0.0,20000.0,0,0
ILLINOIS,ALEXANDER,2010-06-18,Flood,1,0.0,5000.0,0,0
ILLINOIS,ALEXANDER,2010-06-19,Flood,1,0.0,5000.0,0,0
ILLINOIS,ALEXANDER,2010-06-20,Flood,1,0.0,5000.0,0,0
ILLINOIS,ALEXANDER,2010-06-21,Flood,1,0.0,5000.0,0,0
ILLINOIS,ALEXANDER,2010-06-22,Flood,1,0.0,5000.0,0,0
ILLINOIS,ALEXANDER,2010-06-23,Flood,1,0.0,5000.0,0,0
ILLINOIS,ALEXANDER,2010-06-24,Flood,1,0.0,5000.0,0,0
ILLINOIS,ALEXANDER,2010-06-25,Flood,1,0.0,5000.0,0,0
ILLINOIS,ALEXANDER,2010-06-26,Flood,1,0.0,5000.0,0,0
ILLINOIS,ALEXANDER,2010-06-27,Flood,1,0.0,5000.0,0,0
ILLINOIS,ALEXANDER,2010-06-28,Flood,1,0.0,5000.0,0,0
ILLINOIS,ALEXANDER,2010-06-29,Flood,1,0.0,5000.0,0,0
ILLINOIS,ALEXANDER,2010-06-30,Flood,1,0.0,5000.0,0,0
ILLINOIS,ALEXANDER,2010-07-01,Flood,1,0.0,4000.0,0,0
ILLINOIS,ALEXANDER,2010-07-02,Flood,1,0.0,4000.0,0,0
ILLINOIS,ALEXANDER,2010-07-03,Flood,1,0.0,4000.0,0,0
ILLINOIS,ALEXANDER,2010-07-04,Flood,1,0.0,4000.0,0,0
ILLINOIS,ALEXANDER,2010-07-05,Flood,1,0.0,4000.0,0,0
ILLINOIS,ALEXANDER,2010-07-06,Flood,1,0.0,4000.0,0,0
ILLINOIS,ALEXANDER,2010-07-07,Flood,1,0.0,4000.0,0,0
ILLINOIS,ALEXANDER,2010-07-08,Flood,1,0.0,4000.0,0,0
ILLINOIS,ALEXANDER,2010-07-09,Flood,1,0.0,4000.0,0,0
ILLINOIS,ALEXANDER,2010-07-10,Flood,1,0.0,4000.0,0,0
ILLINOIS,ALEXANDER,2010-07-11,Flood,1,0.0,4000.0,0,0
ILLINOIS,ALEXANDER,2010-07-12,Flood,1,0.0,4000.0,0,0
ILLINOIS,ALEXANDER,2010-07-13,Flood,1,0.0,4000.0,0,0
ILLINOIS,ALEXANDER,2010-07-14,Flood,1,0.0,4000.0,0,0
ILLINOIS,ALEXANDER,2010-07-15,Flood,1,0.0,4000.0,0,0
ILLINOIS,ALEXANDER,2010-07-16,Flood,1,0.0,4000.0,0,0
ILLINOIS,ALEXANDER,2010-07-17,Flood,1,0.0,4000.0,0,0
ILLINOIS,ALEXANDER,2010-07-18,Flood,1,0.0,4000.0,0,0
ILLINOIS,ALEXANDER,2010-07-19,Flood,1,0.0,4000.0,0,0
ILLINOIS,ALEXANDER,2010-07-20,Flood,1,0.0,4000.0,0,0
ILLINOIS,ALEXANDER,2010-07-21,Flood,1,0.0,4000.0,0,0
ILLINOIS,ALEXANDER,2010-07-22,Flood,1,0.0,4000.0,0,0
ILLINOIS,ALEXANDER,2010-07-23,Flood,1,0.0,4000.0,0,0
ILLINOIS,ALEXANDER,2010-07-24,Flood,1,0.0,4000.0,0,0
ILLINOIS,ALEXANDER,2010-07-25,Flood,1,0.0,4000.0,0,0
ILLINOIS,ALEXANDER,2010-07-26,Flood,1,0.0,4000.0,0,0
ILLINOIS,ALEXANDER,2010-07-27,Flood,1,0.0,4000.0,0,0
ILLINOIS,ALEXANDER,2010-07-28,Flood,1,0.0,4000.0,0,0
ILLINOIS,ALEXANDER,2010-07-29,Flood,1,0.0,4000.0,0,0
ILLINOIS,ALEXANDER,2010-07-30,Flood,1,0.0,4000.0,0,0
ILLINOIS,ALEXANDER,2010-07-31,Flood,1,0.0,4000.0,0,0
ILLINOIS,ALEXANDER,2010-08-01,Flood,1,0.0,1000.0,0,0
ILLINOIS,ALEXANDER,2010-08-02,Flood,1,0.0,1000.0,0,0
ILLINOIS,ALEXANDER,2010-08-03,Excessive Heat,1,0.0,0.0,0,0
ILLINOIS,ALEXANDER,2010-08-03,Flood,1,0.0,1000.0,0,0
ILLINOIS,ALEXANDER,2010-08-04,Excessive Heat,1,0.0,0.0,0,0
ILLINOIS,ALEXANDER,2010-08-04,Flood,1,0.0,1000.0,0,0
ILLINOIS,ALEXANDER,2010-08-05,Flood,1,0.0,1000.0,0,0
ILLINOIS,ALEXANDER,2010-08-09,Excessive Heat,1,0.0,0.0,0,0
ILLINOIS,ALEXANDER,2010-08-10,Excessive Heat,1,0.0,0.0,0,0
ILLINOIS,ALEXANDER,2010-08-11,Excessive Heat,1,0.0,0.0,0,0
ILLINOIS,ALEXANDER,2010-08-12,Excessive Heat,1,0.0,0.0,0,0
ILLINOIS,ALEXANDER,2010-08-13,Excessive Heat,1,0.0,0.0,0,0
ILLINOIS,ALEXANDER,2010-08-14,Excessive Heat,1,0.0,0.0,0,0
ILLINOIS,ALEXANDER,2010-08-15,Excessive Heat,1,0.0,0.0,0,0
ILLINOIS,ALEXANDER,2011-02-27,Flood,1,0.0,0.0,0,0
ILLINOIS,ALEXANDER,2011-02-28,Flood,1,0.0,0.0,0,0
ILLINOIS,ALEXANDER,2011-03-01,Flood,1,100000.0,0.0,0,0
ILLINOIS,ALEXANDER,2011-03-02,Flood,1,100000.0,0.0,0,0
ILLINOIS,ALEXANDER,2011-03-03,Flood,1,100000.0,0.0,0,0
ILLINOIS,ALEXANDER,2011-03-04,Flood,1,100000.0,0.0,0,0
ILLINOIS,ALEXANDER,2011-03-05,Flood,1,100000.0,0.0,0,0
ILLINOIS,ALEXANDER,2011-03-06,Flood,1,100000.0,0.0,0,0
ILLINOIS,ALEXANDER,2011-03-07,Flood,1,100000.0,0.0,0,0
ILLINOIS,ALEXANDER,2011-03-08,Flood,1,100000.0,0.0,0,0
ILLINOIS,ALEXANDER,2011-03-09,Flood,1,100000.0,0.0,0,0
ILLINOIS,ALEXANDER,2011-03-10,Flood,1,100000.0,0.0,0,0
ILLINOIS,ALEXANDER,2011-03-11,Flood,1,100000.0,0.0,0,0
ILLINOIS,ALEXANDER,2011-03-12,Flood,1,100000.0,0.0,0,0
ILLINOIS,ALEXANDER,2011-03-13,Flood,1,100000.0,0.0,0,0
ILLINOIS,ALEXANDER,2011-03-14,Flood,1,100000.0,0.0,0,0
ILLINOIS,ALEXANDER,2011-03-15,Flood,1,100000.0,0.0,0,0
ILLINOIS,ALEXANDER,2011-03-16,Flood,1,100000.0,0.0,0,0
ILLINOIS,ALEXANDER,2011-03-17,Flood,1,100000.0,0.0,0,0
ILLINOIS,ALEXANDER,2011-03-18,Flood,1,100000.0,0.0,0,0
ILLINOIS,ALEXANDER,2011-03-19,Flood,1,100000.0,0.0,0,0
ILLINOIS,ALEXANDER,2011-03-20,Flood,1,100000.0,0.0,0,0
ILLINOIS,ALEXANDER,2011-03-21,Flood,1,100000.0,0.0,0,0
ILLINOIS,ALEXANDER,2011-03-22,Flood,1,100000.0,0.0,0,0
ILLINOIS,ALEXANDER,2011-03-23,Flood,1,100000.0,0.0,0,0
ILLINOIS,ALEXANDER,2011-03-24,Flood,1,100000.0,0.0,0,0
ILLINOIS,ALEXANDER,2011-03-25,Flood,1,100000.0,0.0,0,0
ILLINOIS,ALEXANDER,2011-03-26,Flood,1,100000.0,0.0,0,0
ILLINOIS,ALEXANDER,2011-03-27,Flood,1,100000.0,0.0,0,0
ILLINOIS,ALEXANDER,2011-03-28,Flood,1,100000.0,0.0,0,0
ILLINOIS,ALEXANDER,2011-03-29,Flood,1,100000.0,0.0,0,0
ILLINOIS,ALEXANDER,2011-03-30,Flood,1,100000.0,0.0,0,0
ILLINOIS,ALEXANDER,2011-03-31,Flood,1,100000.0,0.0,0,0
ILLINOIS,ALEXANDER,2011-04-10,Flood,1,40000.0,0.0,0,0
ILLINOIS,ALEXANDER,2011-04-11,Flood,1,40000.0,0.0,0,0
ILLINOIS,ALEXANDER,2011-04-12,Flood,1,40000.0,0.0,0,0
ILLINOIS,ALEXANDER,2011-04-13,Flood,1,40000.0,0.0,0,0
ILLINOIS,ALEXANDER,2011-04-14,Flood,1,40000.0,0.0,0,0
ILLINOIS,ALEXANDER,2011-04-15,Flood,1,40000.0,0.0,0,0
ILLINOIS,ALEXANDER,2011-04-16,Flood,1,40000.0,0.0,0,0
ILLINOIS,ALEXANDER,2011-04-17,Flood,1,40000.0,0.0,0,0
ILLINOIS,ALEXANDER,2011-04-18,Flood,1,40000.0,0.0,0,0
ILLINOIS,ALEXANDER,2011-04-19,Flood,1,40000.0,0.0,0,0
ILLINOIS,ALEXANDER,2011-04-20,Flood,1,40000.0,0.0,0,0
ILLINOIS,ALEXANDER,2011-04-21,Flood,1,90000.0,0.0,0,0
ILLINOIS,ALEXANDER,2011-04-22,Flood,1,90000.0,0.0,0,0
ILLINOIS,ALEXANDER,2011-04-23,Flood,1,90000.0,0.0,0,0
ILLINOIS,ALEXANDER,2011-04-24,Flood,1,90000.0,0.0,0,0
ILLINOIS,ALEXANDER,2011-04-25,Flood,1,90000.0,0.0,0,0
ILLINOIS,ALEXANDER,2011-04-26,Flood,1,90000.0,0.0,0,0
ILLINOIS,ALEXANDER,2011-04-27,Flood,1,90000.0,0.0,0,0
ILLINOIS,ALEXANDER,2011-04-28,Flood,1,90000.0,0.0,0,0
ILLINOIS,ALEXANDER,2011-04-29,Flood,1,90000.0,0.0,0,0
ILLINOIS,ALEXANDER,2011-04-30,Flood,1,90000.0,0.0,0,0
ILLINOIS,ALEXANDER,2011-05-01,Flood,1,2530000.0,0.0,0,0
ILLINOIS,ALEXANDER,2011-05-02,Flood,1,2530000.0,0.0,0,0
ILLINOIS,ALEXANDER,2011-05-03,Flood,1,2530000.0,0.0,0,0
ILLINOIS,ALEXANDER,2011-05-04,Flood,1,2530000.0,0.0,0,0
ILLINOIS,ALEXANDER,2011-05-05,Flood,1,2530000.0,0.0,0,0
ILLINOIS,ALEXANDER,2011-05-06,Flood,1,2530000.0,0.0,0,0
ILLINOIS,ALEXANDER,2011-05-07,Flood,1,2530000.0,0.0,0,0
ILLINOIS,ALEXANDER,2011-05-08,Flood,1,2530000.0,0.0,0,0
ILLINOIS,ALEXANDER,2011-05-09,Flood,1,2530000.0,0.0,0,0
ILLINOIS,ALEXANDER,2011-05-10,Flood,1,2530000.0,0.0,0,0
ILLINOIS,ALEXANDER,2011-05-11,Flood,1,2500000.0,0.0,0,0
ILLINOIS,ALEXANDER,2011-05-12,Flood,1,2500000.0,0.0,0,0
ILLINOIS,ALEXANDER,2011-05-13,Flood,1,2500000.0,0.0,0,0
ILLINOIS,ALEXANDER,2011-05-14,Flood,1,2500000.0,0.0,0,0
ILLINOIS,ALEXANDER,2011-05-15,Flood,1,2500000.0,0.0,0,0
ILLINOIS,ALEXANDER,2011-05-16,Flood,1,2500000.0,0.0,0,0
ILLINOIS,ALEXANDER,2011-05-17,Flood,1,2500000.0,0.0,0,0
ILLINOIS,ALEXANDER,2011-05-18,Flood,1,2500000.0,0.0,0,0
ILLINOIS,ALEXANDER,2011-05-19,Flood,1,2500000.0,0.0,0,0
ILLINOIS,ALEXANDER,2011-05-20,Flood,1,2500000.0,0.0,0,0
ILLINOIS,ALEXANDER,2011-05-21,Flood,1,2500000.0,0.0,0,0
ILLINOIS,ALEXANDER,2011-05-22,Flood,1,2500000.0,0.0,0,0
ILLINOIS,ALEXANDER,2011-05-23,Flood,1,2500000.0,0.0,0,0
ILLINOIS,ALEXANDER,2011-05-24,Flood,1,2500000.0,0.0,0,0
ILLINOIS,ALEXANDER,2011-05-25,Flood,1,2500000.0,0.0,0,0
ILLINOIS,ALEXANDER,2011-05-26,Flood,1,2500000.0,0.0,0,0
ILLINOIS,ALEXANDER,2011-05-27,Flood,1,2500000.0,0.0,0,0
ILLINOIS,ALEXANDER,2011-05-28,Flood,1,2500000.0,0.0,0,0
ILLINOIS,ALEXANDER,2011-05-29,Flood,1,2500000.0,0.0,0,0
ILLINOIS,ALEXANDER,2011-05-30,Flood,1,2500000.0,0.0,0,0
ILLINOIS,ALEXANDER,2011-05-31,Flood,1,2500000.0,0.0,0,0
ILLINOIS,ALEXANDER,2011-06-01,Flood,1,100000.0,50000.0,0,0
ILLINOIS,ALEXANDER,2011-06-02,Flood,1,100000.0,50000.0,0,0
ILLINOIS,ALEXANDER,2011-06-03,Flood,1,100000.0,50000.0,0,0
ILLINOIS,ALEXANDER,2011-06-04,Flood,1,100000.0,50000.0,0,0
ILLINOIS,ALEXANDER,2011-06-05,Flood,1,100000.0,50000.0,0,0
ILLINOIS,ALEXANDER,2011-06-06,Flood,1,100000.0,50000.0,0,0
ILLINOIS,ALEXANDER,2011-06-07,Flood,1,100000.0,50000.0,0,0
ILLINOIS,ALEXANDER,2011-06-08,Flood,1,100000.0,50000.0,0,0
ILLINOIS,ALEXANDER,2011-06-09,Flood,1,100000.0,50000.0,0,0
ILLINOIS,ALEXANDER,2011-06-10,Flood,1,100000.0,50000.0,0,0
ILLINOIS,ALEXANDER,2011-06-11,Flood,1,100000.0,50000.0,0,0
ILLINOIS,ALEXANDER,2011-06-12,Flood,1,100000.0,50000.0,0,0
ILLINOIS,ALEXANDER,2011-06-13,Flood,1,100000.0,50000.0,0,0
ILLINOIS,ALEXANDER,2011-06-14,Flood,1,100000.0,50000.0,0,0
ILLINOIS,ALEXANDER,2011-06-15,Flood,1,100000.0,50000.0,0,0
ILLINOIS,ALEXANDER,2011-06-16,Flood,1,100000.0,50000.0,0,0
ILLINOIS,ALEXANDER,2011-06-17,Flood,1,100000.0,50000.0,0,0
ILLINOIS,ALEXANDER,2011-06-18,Flood,1,100000.0,50000.0,0,0
ILLINOIS,ALEXANDER,2011-06-19,Flood,1,100000.0,50000.0,0,0
ILLINOIS,ALEXANDER,2011-06-20,Flood,1,100000.0,50000.0,0,0
ILLINOIS,ALEXANDER,2011-06-21,Flood,1,100000.0,50000.0,0,0
ILLINOIS,ALEXANDER,2011-06-22,Flood,1,100000.0,50000.0,0,0
ILLINOIS,ALEXANDER,2011-06-23,Flood,1,100000.0,50000.0,0,0
ILLINOIS,ALEXANDER,2011-06-24,Flood,1,100000.0,50000.0,0,0
ILLINOIS,ALEXANDER,2011-06-25,Flood,1,100000.0,50000.0,0,0
ILLINOIS,ALEXANDER,2011-06-26,Flood,1,100000.0,50000.0,0,0
ILLINOIS,ALEXANDER,2011-06-27,Flood,1,100000.0,50000.0,0,0
ILLINOIS,ALEXANDER,2011-06-28,Flood,1,100000.0,50000.0,0,0
ILLINOIS,ALEXANDER,2011-06-29,Flood,1,100000.0,50000.0,0,0
ILLINOIS,ALEXANDER,2011-06-30,Flood,1,100000.0,50000.0,0,0
ILLINOIS,ALEXANDER,2011-07-01,Flood,1,0.0,0.0,0,0
ILLINOIS,ALEXANDER,2011-07-02,Flood,1,0.0,0.0,0,0
ILLINOIS,ALEXANDER,2011-07-03,Flood,1,0.0,0.0,0,0
ILLINOIS,ALEXANDER,2011-07-04,Flood,1,0.0,0.0,0,0
ILLINOIS,ALEXANDER,2011-07-05,Flood,1,0.0,0.0,0,0
ILLINOIS,ALEXANDER,2011-07-06,Flood,1,0.0,0.0,0,0
ILLINOIS,ALEXANDER,2011-07-07,Flood,1,0.0,0.0,0,0
ILLINOIS,ALEXANDER,2011-07-08,Flood,1,0.0,0.0,0,0
ILLINOIS,ALEXANDER,2011-07-09,Flood,1,0.0,0.0,0,0
ILLINOIS,ALEXANDER,2011-07-10,Excessive Heat,1,0.0,0.0,0,0
ILLINOIS,ALEXANDER,2011-07-10,Flood,1,0.0,0.0,0,0
ILLINOIS,ALEXANDER,2011-07-11,Excessive Heat,1,0.0,0.0,0,0
ILLINOIS,ALEXANDER,2011-07-11,Flood,1,0.0,0.0,0,0
ILLINOIS,ALEXANDER,2011-07-12,Excessive Heat,1,0.0,0.0,0,0
ILLINOIS,ALEXANDER,2011-07-12,Flood,1,0.0,0.0,0,0
ILLINOIS,ALEXANDER,2011-07-13,Flood,1,0.0,0.0,0,0
ILLINOIS,ALEXANDER,2011-07-14,Flood,1,0.0,0.0,0,0
ILLINOIS,ALEXANDER,2011-07-15,Flood,1,0.0,0.0,0,0
ILLINOIS,ALEXANDER,2011-07-16,Flood,1,0.0,0.0,0,0
ILLINOIS,ALEXANDER,2011-07-19,Excessive Heat,1,0.0,0.0,0,0
ILLINOIS,ALEXANDER,2011-07-20,Excessive Heat,1,0.0,0.0,0,0
ILLINOIS,ALEXANDER,2011-07-21,Excessive Heat,1,0.0,0.0,0,0
ILLINOIS,ALEXANDER,2011-07-22,Excessive Heat,1,0.0,0.0,0,0
ILLINOIS,ALEXANDER,2011-07-23,Excessive Heat,1,0.0,0.0,0,0
ILLINOIS,ALEXANDER,2011-07-24,Excessive Heat,1,0.0,0.0,0,0
ILLINOIS,ALEXANDER,2011-08-03,Excessive Heat,1,0.0,0.0,0,0
ILLINOIS,ALEXANDER,2011-12-02,Flood,1,1000.0,0.0,0,0
ILLINOIS,ALEXANDER,2011-12-03,Flood,1,1000.0,0.0,0,0
ILLINOIS,ALEXANDER,2011-12-04,Flood,1,1000.0,0.0,0,0
ILLINOIS,ALEXANDER,2011-12-05,Flood,1,1000.0,0.0,0,0
ILLINOIS,ALEXANDER,2011-12-06,Flood,1,1000.0,0.0,0,0
ILLINOIS,ALEXANDER,2011-12-07,Flood,1,1000.0,0.0,0,0
ILLINOIS,ALEXANDER,2011-12-08,Flood,1,1000.0,0.0,0,0
ILLINOIS,ALEXANDER,2011-12-09,Flood,1,1000.0,0.0,0,0
ILLINOIS,ALEXANDER,2011-12-10,Flood,1,1000.0,0.0,0,0
ILLINOIS,ALEXANDER,2011-12-11,Flood,1,1000.0,0.0,0,0
ILLINOIS,ALEXANDER,2011-12-12,Flood,1,1000.0,0.0,0,0
ILLINOIS,ALEXANDER,2011-12-13,Flood,1,1000.0,0.0,0,0
ILLINOIS,ALEXANDER,2011-12-14,Flood,1,1000.0,0.0,0,0
ILLINOIS,ALEXANDER,2011-12-15,Flood,1,1000.0,0.0,0,0
ILLINOIS,ALEXANDER,2011-12-16,Flood,1,1000.0,0.0,0,0
ILLINOIS,ALEXANDER,2011-12-17,Flood,1,1000.0,0.0,0,0
ILLINOIS,ALEXANDER,2011-12-18,Flood,1,1000.0,0.0,0,0
ILLINOIS,ALEXANDER,2011-12-19,Flood,1,1000.0,0.0,0,0
ILLINOIS,ALEXANDER,2011-12-20,Flood,1,1000.0,0.0,0,0
ILLINOIS,ALEXANDER,2012-01-30,Flood,1,0.0,0.0,0,0
ILLINOIS,ALEXANDER,2012-01-31,Flood,1,0.0,0.0,0,0
ILLINOIS,ALEXANDER,2012-02-01,Flood,1,0.0,0.0,0,0
ILLINOIS,ALEXANDER,2012-02-02,Flood,1,0.0,0.0,0,0
ILLINOIS,ALEXANDER,2012-02-03,Flood,1,0.0,0.0,0,0
ILLINOIS,ALEXANDER,2012-02-04,Flood,1,0.0,0.0,0,0
ILLINOIS,ALEXANDER,2012-02-05,Flood,1,0.0,0.0,0,0
ILLINOIS,ALEXANDER,2012-02-06,Flood,1,0.0,0.0,0,0
ILLINOIS,ALEXANDER,2012-02-07,Flood,1,0.0,0.0,0,0
ILLINOIS,ALEXANDER,2012-02-08,Flood,1,0.0,0.0,0,0
ILLINOIS,ALEXANDER,2012-07-01,Excessive Heat,1,0.0,0.0,0,0
ILLINOIS,ALEXANDER,2012-07-02,Excessive Heat,1,0.0,0.0,0,0
ILLINOIS,ALEXANDER,2012-07-03,Excessive Heat,1,0.0,0.0,0,0
ILLINOIS,ALEXANDER,2012-07-04,Excessive Heat,1,0.0,0.0,0,0
ILLINOIS,ALEXANDER,2012-07-05,Excessive Heat,1,0.0,0.0,0,0
ILLINOIS,ALEXANDER,2012-07-06,Excessive Heat,1,0.0,0.0,0,0
ILLINOIS,ALEXANDER,2012-07-07,Excessive Heat,1,0.0,0.0,0,0
ILLINOIS,ALEXANDER,2012-07-08,Excessive Heat,1,0.0,0.0,0,0
ILLINOIS,ALEXANDER,2012-12-26,Winter Storm,1,0.0,0.0,0,0
ILLINOIS,ALEXANDER,2013-01-22,Flood,1,0.0,0.0,0,0
ILLINOIS,ALEXANDER,2013-01-23,Flood,1,0.0,0.0,0,0
ILLINOIS,ALEXANDER,2013-01-24,Flood,1,0.0,0.0,0,0
ILLINOIS,ALEXANDER,2013-01-25,Flood,1,0.0,0.0,0,0
ILLINOIS,ALEXANDER,2013-02-21,Winter Storm,1,50000.0,0.0,0,0
ILLINOIS,ALEXANDER,2013-03-14,Flood,1,0.0,0.0,0,0
ILLINOIS,ALEXANDER,2013-03-15,Flood,1,0.0,0.0,0,0
ILLINOIS,ALEXANDER,2013-03-16,Flood,1,0.0,0.0,0,0
ILLINOIS,ALEXANDER,2013-03-17,Flood,1,0.0,0.0,0,0
ILLINOIS,ALEXANDER,2013-03-18,Flood,1,0.0,0.0,0,0
ILLINOIS,ALEXANDER,2013-03-19,Flood,1,0.0,0.0,0,0
ILLINOIS,ALEXANDER,2013-03-20,Flood,1,0.0,0.0,0,0
ILLINOIS,ALEXANDER,2013-03-21,Flood,1,0.0,0.0,0,0
ILLINOIS,ALEXANDER,2013-03-22,Flood,1,0.0,0.0,0,0
ILLINOIS,ALEXANDER,2013-03-23,Flood,1,0.0,0.0,0,0
ILLINOIS,ALEXANDER,2013-03-24,Flood,1,0.0,0.0,0,0
ILLINOIS,ALEXANDER,2013-03-25,Flood,1,0.0,0.0,0,0
ILLINOIS,ALEXANDER,2013-03-26,Flood,1,0.0,0.0,0,0
ILLINOIS,ALEXANDER,2013-04-19,Flood,1,4000.0,0.0,0,0
ILLINOIS,ALEXANDER,2013-04-20,Flood,1,4000.0,0.0,0,0
ILLINOIS,ALEXANDER,2013-04-21,Flood,1,4000.0,0.0,0,0
ILLINOIS,ALEXANDER,2013-04-22,Flood,1,4000.0,0.0,0,0
ILLINOIS,ALEXANDER,2013-04-23,Flood,1,4000.0,0.0,0,0
ILLINOIS,ALEXANDER,2013-04-24,Flood,1,4000.0,0.0,0,0
ILLINOIS,ALEXANDER,2013-04-25,Flood,1,4000.0,0.0,0,0
ILLINOIS,ALEXANDER,2013-04-26,Flood,1,4000.0,0.0,0,0
ILLINOIS,ALEXANDER,2013-04-27,Flood,1,4000.0,0.0,0,0
ILLINOIS,ALEXANDER,2013-04-28,Flood,1,4000.0,0.0,0,0
ILLINOIS,ALEXANDER,2013-04-29,Flood,1,4000.0,0.0,0,0
ILLINOIS,ALEXANDER,2013-04-30,Flood,1,4000.0,0.0,0,0
ILLINOIS,ALEXANDER,2013-05-01,Flood,1,30000.0,0.0,0,0
ILLINOIS,ALEXANDER,2013-05-02,Flood,1,30000.0,0.0,0,0
ILLINOIS,ALEXANDER,2013-05-03,Flood,1,30000.0,0.0,0,0
ILLINOIS,ALEXANDER,2013-05-04,Flood,1,30000.0,0.0,0,0
ILLINOIS,ALEXANDER,2013-05-05,Flood,1,30000.0,0.0,0,0
ILLINOIS,ALEXANDER,2013-05-06,Flood,1,30000.0,0.0,0,0
ILLINOIS,ALEXANDER,2013-05-07,Flood,1,30000.0,0.0,0,0
ILLINOIS,ALEXANDER,2013-05-08,Flood,1,30000.0,0.0,0,0
ILLINOIS,ALEXANDER,2013-05-09,Flood,1,30000.0,0.0,0,0
ILLINOIS,ALEXANDER,2013-05-10,Flood,1,30000.0,0.0,0,0
ILLINOIS,ALEXANDER,2013-05-11,Flood,1,30000.0,0.0,0,0
ILLINOIS,ALEXANDER,2013-05-12,Flood,1,30000.0,0.0,0,0
ILLINOIS,ALEXANDER,2013-05-13,Flood,1,30000.0,0.0,0,0
ILLINOIS,ALEXANDER,2013-05-14,Flood,1,30000.0,0.0,0,0
ILLINOIS,ALEXANDER,2013-05-15,Flood,1,30000.0,0.0,0,0
ILLINOIS,ALEXANDER,2013-05-16,Flood,1,30000.0,0.0,0,0
ILLINOIS,ALEXANDER,2013-05-17,Flood,1,30000.0,0.0,0,0
ILLINOIS,ALEXANDER,2013-05-18,Flood,1,30000.0,0.0,0,0
ILLINOIS,ALEXANDER,2013-05-19,Flood,1,30000.0,0.0,0,0
ILLINOIS,ALEXANDER,2013-05-20,Flood,1,20000.0,0.0,0,0
ILLINOIS,ALEXANDER,2013-05-21,Flood,1,20000.0,0.0,0,0
ILLINOIS,ALEXANDER,2013-06-01,Flood,1,40000.0,150000.0,0,0
ILLINOIS,ALEXANDER,2013-06-02,Flood,1,40000.0,150000.0,0,0
ILLINOIS,ALEXANDER,2013-06-03,Flood,1,40000.0,150000.0,0,0
ILLINOIS,ALEXANDER,2013-06-04,Flood,1,40000.0,200000.0,0,0
ILLINOIS,ALEXANDER,2013-06-05,Flood,1,40000.0,200000.0,0,0
ILLINOIS,ALEXANDER,2013-06-06,Flood,1,40000.0,200000.0,0,0
ILLINOIS,ALEXANDER,2013-06-07,Flood,1,40000.0,200000.0,0,0
ILLINOIS,ALEXANDER,2013-06-08,Flood,1,40000.0,200000.0,0,0
ILLINOIS,ALEXANDER,2013-06-09,Flood,1,40000.0,200000.0,0,0
ILLINOIS,ALEXANDER,2013-06-10,Flood,1,40000.0,200000.0,0,0
ILLINOIS,ALEXANDER,2013-06-11,Flood,1,40000.0,200000.0,0,0
ILLINOIS,ALEXANDER,2013-06-12,Flood,1,40000.0,200000.0,0,0
ILLINOIS,ALEXANDER,2013-06-13,Flood,1,40000.0,200000.0,0,0
ILLINOIS,ALEXANDER,2013-06-14,Flood,1,40000.0,200000.0,0,0
ILLINOIS,ALEXANDER,2013-06-15,Flood,1,40000.0,200000.0,0,0
ILLINOIS,ALEXANDER,2013-06-16,Flood,1,40000.0,200000.0,0,0
ILLINOIS,ALEXANDER,2013-06-17,Flood,1,40000.0,200000.0,0,0
ILLINOIS,ALEXANDER,2013-06-18,Flood,1,40000.0,200000.0,0,0
ILLINOIS,ALEXANDER,2013-06-19,Flood,1,40000.0,200000.0,0,0
ILLINOIS,ALEXANDER,2013-06-20,Flood,1,40000.0,200000.0,0,0
ILLINOIS,ALEXANDER,2013-06-21,Flood,1,40000.0,150000.0,0,0
ILLINOIS,ALEXANDER,2013-06-22,Flood,1,40000.0,150000.0,0,0
ILLINOIS,ALEXANDER,2013-06-23,Flood,1,40000.0,150000.0,0,0
ILLINOIS,ALEXANDER,2013-06-24,Flood,1,40000.0,150000.0,0,0
ILLINOIS,ALEXANDER,2013-07-07,Flood,1,0.0,0.0,0,0
ILLINOIS,ALEXANDER,2013-07-08,Flood,1,0.0,0.0,0,0
ILLINOIS,ALEXANDER,2013-07-09,Flood,1,0.0,0.0,0,0
ILLINOIS,ALEXANDER,2013-07-10,Flood,1,0.0,0.0,0,0
ILLINOIS,ALEXANDER,2013-07-11,Flood,1,0.0,0.0,0,0
ILLINOIS,ALEXANDER,2013-07-12,Flood,1,0.0,0.0,0,0
ILLINOIS,ALEXANDER,2013-07-13,Flood,1,0.0,0.0,0,0
ILLINOIS,ALEXANDER,2013-07-14,Flood,1,0.0,0.0,0,0
ILLINOIS,ALEXANDER,2013-07-15,Flood,1,0.0,0.0,0,0
ILLINOIS,ALEXANDER,2013-07-16,Flood,1,0.0,0.0,0,0
ILLINOIS,ALEXANDER,2013-07-17,Flood,1,0.0,0.0,0,0
ILLINOIS,ALEXANDER,2013-07-18,Flood,1,0.0,0.0,0,0
ILLINOIS,ALEXANDER,2013-12-05,Winter Storm,1,0.0,0.0,0,0
ILLINOIS,ALEXANDER,2013-12-06,Winter Storm,1,0.0,0.0,0,0
ILLINOIS,ALEXANDER,2014-02-04,Winter Storm,1,0.0,0.0,0,0
ILLINOIS,ALEXANDER,2014-03-02,Winter Storm,1,0.0,0.0,0,0
ILLINOIS,ALEXANDER,2014-03-03,Winter Storm,1,0.0,0.0,0,0
ILLINOIS,ALEXANDER,2014-04-06,Flood,1,0.0,20000.0,0,0
ILLINOIS,ALEXANDER,2014-04-07,Flood,1,0.0,20000.0,0,0
ILLINOIS,ALEXANDER,2014-04-08,Flood,1,0.0,20000.0,0,0
ILLINOIS,ALEXANDER,2014-04-09,Flood,1,0.0,20000.0,0,0
ILLINOIS,ALEXANDER,2014-04-10,Flood,1,0.0,20000.0,0,0
ILLINOIS,ALEXANDER,2014-04-11,Flood,1,0.0,20000.0,0,0
ILLINOIS,ALEXANDER,2014-04-12,Flood,1,0.0,20000.0,0,0
ILLINOIS,ALEXANDER,2014-04-13,Flood,1,0.0,20000.0,0,0
ILLINOIS,ALEXANDER,2014-04-14,Flood,1,0.0,20000.0,0,0
ILLINOIS,ALEXANDER,2014-04-15,Flood,1,0.0,20000.0,0,0
ILLINOIS,ALEXANDER,2014-04-16,Flood,1,0.0,20000.0,0,0
ILLINOIS,ALEXANDER,2014-04-17,Flood,1,0.0,20000.0,0,0
ILLINOIS,ALEXANDER,2014-07-12,Flood,1,0.0,0.0,0,0
ILLINOIS,ALEXANDER,2014-07-13,Flood,1,0.0,0.0,0,0
ILLINOIS,ALEXANDER,2014-07-14,Flood,1,0.0,0.0,0,0
ILLINOIS,ALEXANDER,2014-07-15,Flood,1,0.0,0.0,0,0
ILLINOIS,ALEXANDER,2014-07-16,Flood,1,0.0,0.0,0,0
ILLINOIS,ALEXANDER,2015-02-20,Winter Storm,1,0.0,0.0,0,0
ILLINOIS,ALEXANDER,2015-02-21,Winter Storm,1,0.0,0.0,0,0
ILLINOIS,ALEXANDER,2015-03-04,Winter Storm,1,0.0,0.0,0,0
ILLINOIS,ALEXANDER,2015-03-05,Winter Storm,1,0.0,0.0,0,0
ILLINOIS,ALEXANDER,2015-03-11,Flood,1,0.0,0.0,0,0
ILLINOIS,ALEXANDER,2015-03-12,Flood,1,0.0,0.0,0,0
ILLINOIS,ALEXANDER,2015-03-13,Flood,1,0.0,0.0,0,0
ILLINOIS,ALEXANDER,2015-03-14,Flood,1,0.0,0.0,0,0
ILLINOIS,ALEXANDER,2015-03-15,Flood,1,0.0,0.0,0,0
ILLINOIS,ALEXANDER,2015-03-16,Flood,1,0.0,0.0,0,0
ILLINOIS,ALEXANDER,2015-03-17,Flood,1,0.0,0.0,0,0
ILLINOIS,ALEXANDER,2015-03-18,Flood,1,0.0,0.0,0,0
ILLINOIS,ALEXANDER,2015-03-19,Flood,1,0.0,0.0,0,0
ILLINOIS,ALEXANDER,2015-03-20,Flood,1,0.0,0.0,0,0
ILLINOIS,ALEXANDER,2015-03-21,Flood,1,0.0,0.0,0,0
ILLINOIS,ALEXANDER,2015-03-22,Flood,1,0.0,0.0,0,0
ILLINOIS,ALEXANDER,2015-03-23,Flood,1,0.0,0.0,0,0
ILLINOIS,ALEXANDER,2015-03-24,Flood,1,0.0,0.0,0,0
ILLINOIS,ALEXANDER,2015-03-25,Flood,1,0.0,0.0,0,0
ILLINOIS,ALEXANDER,2015-03-26,Flood,1,0.0,0.0,0,0
ILLINOIS,ALEXANDER,2015-03-27,Flood,1,0.0,0.0,0,0
ILLINOIS,ALEXANDER,2015-03-28,Flood,1,0.0,0.0,0,0
ILLINOIS,ALEXANDER,2015-03-29,Flood,1,0.0,0.0,0,0
ILLINOIS,ALEXANDER,2015-03-30,Flood,1,0.0,0.0,0,0
ILLINOIS,ALEXANDER,2015-03-31,Flood,1,0.0,0.0,0,0
ILLINOIS,ALEXANDER,2015-04-10,Flood,1,0.0,0.0,0,0
ILLINOIS,ALEXANDER,2015-04-11,Flood,1,0.0,0.0,0,0
ILLINOIS,ALEXANDER,2015-04-12,Flood,1,0.0,0.0,0,0
ILLINOIS,ALEXANDER,2015-04-13,Flood,1,0.0,0.0,0,0
ILLINOIS,ALEXANDER,2015-04-14,Flood,1,0.0,0.0,0,0
ILLINOIS,ALEXANDER,2015-04-15,Flood,1,0.0,0.0,0,0
ILLINOIS,ALEXANDER,2015-04-16,Flood,1,0.0,0.0,0,0
ILLINOIS,ALEXANDER,2015-04-17,Flood,1,0.0,0.0,0,0
ILLINOIS,ALEXANDER,2015-04-18,Flood,1,0.0,0.0,0,0
ILLINOIS,ALEXANDER,2015-04-19,Flood,1,0.0,0.0,0,0
ILLINOIS,ALEXANDER,2015-04-20,Flood,1,0.0,0.0,0,0
ILLINOIS,ALEXANDER,2015-04-21,Flood,1,0.0,0.0,0,0
ILLINOIS,ALEXANDER,2015-04-22,Flood,1,0.0,0.0,0,0
ILLINOIS,ALEXANDER,2015-04-23,Flood,1,0.0,0.0,0,0
ILLINOIS,ALEXANDER,2015-04-24,Flood,1,0.0,0.0,0,0
ILLINOIS,ALEXANDER,2015-04-25,Flood,1,0.0,0.0,0,0
ILLINOIS,ALEXANDER,2015-04-26,Flood,1,0.0,0.0,0,0
ILLINOIS,ALEXANDER,2015-04-27,Flood,1,0.0,0.0,0,0
ILLINOIS,ALEXANDER,2015-04-28,Flood,1,0.0,0.0,0,0
ILLINOIS,ALEXANDER,2015-04-29,Flood,1,0.0,0.0,0,0
ILLINOIS,ALEXANDER,2015-06-17,Flood,1,5000.0,100000.0,0,0
ILLINOIS,ALEXANDER,2015-06-18,Flood,1,5000.0,100000.0,0,0
ILLINOIS,ALEXANDER,2015-06-19,Flood,1,5000.0,100000.0,0,0
ILLINOIS,ALEXANDER,2015-06-20,Flood,1,6000.0,104000.0,0,0
ILLINOIS,ALEXANDER,2015-06-21,Flood,1,6000.0,104000.0,0,0
ILLINOIS,ALEXANDER,2015-06-22,Flood,1,6000.0,104000.0,0,0
ILLINOIS,ALEXANDER,2015-06-23,Flood,1,6000.0,104000.0,0,0
ILLINOIS,ALEXANDER,2015-06-24,Flood,1,6000.0,104000.0,0,0
ILLINOIS,ALEXANDER,2015-06-25,Flood,1,6000.0,104000.0,0,0
ILLINOIS,ALEXANDER,2015-06-26,Flood,1,6000.0,104000.0,0,0
ILLINOIS,ALEXANDER,2015-06-27,Flood,1,6000.0,104000.0,0,0
ILLINOIS,ALEXANDER,2015-06-28,Flood,1,6000.0,104000.0,0,0
ILLINOIS,ALEXANDER,2015-06-29,Flood,1,6000.0,104000.0,0,0
ILLINOIS,ALEXANDER,2015-06-30,Flood,1,6000.0,104000.0,0,0
ILLINOIS,ALEXANDER,2015-07-01,Flood,1,25000.0,430000.0,0,0
ILLINOIS,ALEXANDER,2015-07-02,Flood,1,25000.0,430000.0,0,0
ILLINOIS,ALEXANDER,2015-07-03,Flood,1,25000.0,430000.0,0,0
ILLINOIS,ALEXANDER,2015-07-04,Flood,1,25000.0,430000.0,0,0
ILLINOIS,ALEXANDER,2015-07-05,Flood,1,25000.0,430000.0,0,0
ILLINOIS,ALEXANDER,2015-07-06,Flood,1,25000.0,430000.0,0,0
ILLINOIS,ALEXANDER,2015-07-07,Flood,1,25000.0,430000.0,0,0
ILLINOIS,ALEXANDER,2015-07-08,Flood,1,25000.0,430000.0,0,0
ILLINOIS,ALEXANDER,2015-07-09,Flood,1,25000.0,430000.0,0,0
ILLINOIS,ALEXANDER,2015-07-10,Flood,1,25000.0,430000.0,0,0
ILLINOIS,ALEXANDER,2015-07-11,Flood,1,25000.0,430000.0,0,0
ILLINOIS,ALEXANDER,2015-07-12,Flood,1,25000.0,430000.0,0,0
ILLINOIS,ALEXANDER,2015-07-13,Flood,1,25000.0,430000.0,0,0
ILLINOIS,ALEXANDER,2015-07-14,Flood,1,25000.0,430000.0,0,0
ILLINOIS,ALEXANDER,2015-07-15,Flood,1,25000.0,430000.0,0,0
ILLINOIS,ALEXANDER,2015-07-16,Flood,1,25000.0,430000.0,0,0
ILLINOIS,ALEXANDER,2015-07-17,Flood,1,25000.0,430000.0,0,0
ILLINOIS,ALEXANDER,2015-07-18,Flood,1,25000.0,430000.0,0,0
ILLINOIS,ALEXANDER,2015-07-19,Flood,1,25000.0,430000.0,0,0
ILLINOIS,ALEXANDER,2015-07-20,Flood,1,25000.0,430000.0,0,0
ILLINOIS,ALEXANDER,2015-07-21,Flood,1,25000.0,430000.0,0,0
ILLINOIS,ALEXANDER,2015-07-22,Flood,1,25000.0,430000.0,0,0
ILLINOIS,ALEXANDER,2015-07-23,Flood,1,25000.0,430000.0,0,0
ILLINOIS,ALEXANDER,2015-07-24,Flood,1,25000.0,430000.0,0,0
ILLINOIS,ALEXANDER,2015-07-25,Flood,1,25000.0,430000.0,0,0
ILLINOIS,ALEXANDER,2015-07-26,Flood,1,25000.0,430000.0,0,0
ILLINOIS,ALEXANDER,2015-07-27,Flood,1,25000.0,430000.0,0,0
ILLINOIS,ALEXANDER,2015-07-28,Flood,1,25000.0,430000.0,0,0
ILLINOIS,ALEXANDER,2015-12-04,Flood,1,0.0,0.0,0,0
ILLINOIS,ALEXANDER,2015-12-05,Flood,1,0.0,0.0,0,0
ILLINOIS,ALEXANDER,2015-12-06,Flood,1,0.0,0.0,0,0
ILLINOIS,ALEXANDER,2015-12-07,Flood,1,0.0,0.0,0,0
ILLINOIS,ALEXANDER,2015-12-08,Flood,1,0.0,0.0,0,0
ILLINOIS,ALEXANDER,2015-12-19,Flood,1,0.0,0.0,0,0
ILLINOIS,ALEXANDER,2015-12-20,Flood,1,0.0,0.0,0,0
ILLINOIS,ALEXANDER,2015-12-21,Flood,1,0.0,0.0,0,0
ILLINOIS,ALEXANDER,2015-12-22,Flood,1,0.0,0.0,0,0
ILLINOIS,ALEXANDER,2015-12-23,Flood,1,0.0,0.0,0,0
ILLINOIS,ALEXANDER,2015-12-24,Flood,1,0.0,0.0,0,0
ILLINOIS,ALEXANDER,2015-12-25,Flood,1,0.0,0.0,0,0
ILLINOIS,ALEXANDER,2015-12-26,Flood,1,0.0,0.0,0,0
ILLINOIS,ALEXANDER,2015-12-27,Flood,1,0.0,0.0,0,0
ILLINOIS,ALEXANDER,2015-12-28,Flood,1,0.0,0.0,0,0
ILLINOIS,ALEXANDER,2015-12-29,Flood,1,0.0,0.0,0,0
ILLINOIS,ALEXANDER,2015-12-30,Flood,1,0.0,0.0,0,0
ILLINOIS,ALEXANDER,2015-12-31,Flood,1,0.0,0.0,0,0
ILLINOIS,ALEXANDER,2016-01-01,Flood,1,4900000.0,0.0,0,0
ILLINOIS,ALEXANDER,2016-01-02,Flood,1,4900000.0,0.0,0,0
ILLINOIS,ALEXANDER,2016-01-03,Flood,1,4900000.0,0.0,0,0
ILLINOIS,ALEXANDER,2016-01-04,Flood,1,4900000.0,0.0,0,0
ILLINOIS,ALEXANDER,2016-01-05,Flood,1,4900000.0,0.0,0,0
ILLINOIS,ALEXANDER,2016-01-06,Flood,1,4900000.0,0.0,0,0
ILLINOIS,ALEXANDER,2016-01-07,Flood,1,4900000.0,0.0,0,0
ILLINOIS,ALEXANDER,2016-01-08,Flood,1,4900000.0,0.0,0,0
ILLINOIS,ALEXANDER,2016-01-09,Flood,1,4900000.0,0.0,0,0
ILLINOIS,ALEXANDER,2016-01-10,Flood,1,4900000.0,0.0,0,0
ILLINOIS,ALEXANDER,2016-01-11,Flood,1,4900000.0,0.0,0,0
ILLINOIS,ALEXANDER,2016-01-12,Flood,1,4900000.0,0.0,0,0
ILLINOIS,ALEXANDER,2016-01-13,Flood,1,4900000.0,0.0,0,0
ILLINOIS,ALEXANDER,2016-01-14,Flood,1,4900000.0,0.0,0,0
ILLINOIS,ALEXANDER,2016-01-15,Flood,1,4900000.0,0.0,0,0
ILLINOIS,ALEXANDER,2016-01-16,Flood,1,4900000.0,0.0,0,0
ILLINOIS,ALEXANDER,2016-01-17,Flood,1,400000.0,0.0,0,0
ILLINOIS,ALEXANDER,2016-01-18,Flood,1,400000.0,0.0,0,0
ILLINOIS,ALEXANDER,2016-01-19,Flood,1,400000.0,0.0,0,0
ILLINOIS,ALEXANDER,2016-02-07,Flood,1,0.0,0.0,0,0
ILLINOIS,ALEXANDER,2016-02-08,Flood,1,0.0,0.0,0,0
ILLINOIS,ALEXANDER,2016-02-09,Flood,1,0.0,0.0,0,0
ILLINOIS,ALEXANDER,2016-02-10,Flood,1,0.0,0.0,0,0
ILLINOIS,ALEXANDER,2016-02-11,Flood,1,0.0,0.0,0,0
ILLINOIS,ALEXANDER,2016-02-12,Flood,1,0.0,0.0,0,0
ILLINOIS,ALEXANDER,2016-02-25,Flood,1,0.0,0.0,0,0
ILLINOIS,ALEXANDER,2016-02-26,Flood,1,0.0,0.0,0,0
ILLINOIS,ALEXANDER,2016-02-27,Flood,1,0.0,0.0,0,0
ILLINOIS,ALEXANDER,2016-02-28,Flood,1,0.0,0.0,0,0
ILLINOIS,ALEXANDER,2016-02-29,Flood,1,0.0,0.0,0,0
ILLINOIS,ALEXANDER,2016-03-01,Flood,1,1000.0,0.0,0,0
ILLINOIS,ALEXANDER,2016-03-02,Flood,1,1000.0,0.0,0,0
ILLINOIS,ALEXANDER,2016-03-03,Flood,1,1000.0,0.0,0,0
ILLINOIS,ALEXANDER,2016-03-04,Flood,1,1000.0,0.0,0,0
ILLINOIS,ALEXANDER,2016-03-05,Flood,1,1000.0,0.0,0,0
ILLINOIS,ALEXANDER,2016-03-06,Flood,1,1000.0,0.0,0,0
ILLINOIS,ALEXANDER,2016-03-07,Flood,1,1000.0,0.0,0,0
ILLINOIS,ALEXANDER,2016-03-08,Flood,1,1000.0,0.0,0,0
ILLINOIS,ALEXANDER,2016-08-17,Flood,1,0.0,0.0,0,0
ILLINOIS,ALEXANDER,2017-04-09,Flood,1,0.0,0.0,0,0
ILLINOIS,ALEXANDER,2017-04-10,Flood,1,0.0,0.0,0,0
ILLINOIS,ALEXANDER,2017-04-11,Flood,1,0.0,0.0,0,0
ILLINOIS,ALEXANDER,2017-04-12,Flood,1,0.0,0.0,0,0
ILLINOIS,ALEXANDER,2017-04-13,Flood,1,0.0,0.0,0,0
ILLINOIS,ALEXANDER,2017-04-27,Flood,1,0.0,0.0,0,0
ILLINOIS,ALEXANDER,2017-04-28,Flood,1,0.0,0.0,0,0
ILLINOIS,ALEXANDER,2017-04-29,Flood,1,0.0,0.0,0,0
ILLINOIS,ALEXANDER,2017-04-30,Flood,1,0.0,0.0,0,0
ILLINOIS,ALEXANDER,2017-05-01,Flood,1,110000.0,100000.0,0,0
ILLINOIS,ALEXANDER,2017-05-02,Flood,1,110000.0,100000.0,0,0
ILLINOIS,ALEXANDER,2017-05-03,Flood,1,110000.0,100000.0,0,0
ILLINOIS,ALEXANDER,2017-05-04,Flood,1,110000.0,100000.0,0,0
ILLINOIS,ALEXANDER,2017-05-05,Flood,1,110000.0,100000.0,0,0
ILLINOIS,ALEXANDER,2017-05-06,Flood,1,110000.0,100000.0,0,0
ILLINOIS,ALEXANDER,2017-05-07,Flood,1,110000.0,100000.0,0,0
ILLINOIS,ALEXANDER,2017-05-08,Flood,1,110000.0,100000.0,0,0
ILLINOIS,ALEXANDER,2017-05-09,Flood,1,110000.0,100000.0,0,0
ILLINOIS,ALEXANDER,2017-05-10,Flood,1,110000.0,100000.0,0,0
ILLINOIS,ALEXANDER,2017-05-11,Flood,1,110000.0,100000.0,0,0
ILLINOIS,ALEXANDER,2017-05-12,Flood,1,110000.0,100000.0,0,0
ILLINOIS,ALEXANDER,2017-05-13,Flood,1,110000.0,100000.0,0,0
ILLINOIS,ALEXANDER,2017-05-14,Flood,1,110000.0,100000.0,0,0
ILLINOIS,ALEXANDER,2017-05-15,Flood,1,110000.0,100000.0,0,0
ILLINOIS,ALEXANDER,2017-05-16,Flood,1,110000.0,100000.0,0,0
ILLINOIS,ALEXANDER,2017-05-17,Flood,1,110000.0,100000.0,0,0
ILLINOIS,ALEXANDER,2017-05-18,Flood,1,110000.0,100000.0,0,0
ILLINOIS,ALEXANDER,2017-05-19,Flood,1,110000.0,100000.0,0,0
ILLINOIS,ALEXANDER,2017-05-20,Flood,1,110000.0,100000.0,0,0
ILLINOIS,ALEXANDER,2017-05-21,Flood,1,110000.0,100000.0,0,0
ILLINOIS,ALEXANDER,2017-05-22,Flood,1,110000.0,100000.0,0,0
ILLINOIS,ALEXANDER,2017-05-23,Flood,1,110000.0,100000.0,0,0
ILLINOIS,ALEXANDER,2017-05-24,Flood,1,110000.0,100000.0,0,0
ILLINOIS,ALEXANDER,2017-05-25,Flood,1,110000.0,100000.0,0,0
ILLINOIS,ALEXANDER,2017-05-26,Flood,1,110000.0,100000.0,0,0
ILLINOIS,ALEXANDER,2017-05-27,Flood,1,110000.0,100000.0,0,0
ILLINOIS,ALEXANDER,2017-05-28,Flood,1,110000.0,100000.0,0,0
ILLINOIS,ALEXANDER,2017-05-29,Flood,1,110000.0,100000.0,0,0
ILLINOIS,ALEXANDER,2017-05-30,Flood,1,110000.0,100000.0,0,0
ILLINOIS,ALEXANDER,2017-05-31,Flood,1,110000.0,100000.0,0,0
ILLINOIS,ALEXANDER,2017-06-01,Flood,1,0.0,0.0,0,0
ILLINOIS,ALEXANDER,2017-06-02,Flood,1,0.0,0.0,0,0
ILLINOIS,ALEXANDER,2017-06-03,Flood,1,0.0,0.0,0,0
ILLINOIS,ALEXANDER,2017-06-04,Flood,1,0.0,0.0,0,0
ILLINOIS,ALEXANDER,2017-06-05,Flood,1,0.0,0.0,0,0
ILLINOIS,ALEXANDER,2017-06-06,Flood,1,0.0,0.0,0,0
ILLINOIS,ALEXANDER,2017-07-19,Excessive Heat,1,0.0,0.0,0,0
ILLINOIS,ALEXANDER,2017-07-20,Excessive Heat,1,0.0,0.0,0,0
ILLINOIS,ALEXANDER,2017-07-21,Excessive Heat,1,0.0,0.0,0,0
ILLINOIS,ALEXANDER,2017-07-22,Excessive Heat,1,0.0,0.0,0,0
ILLINOIS,ALEXANDER,2018-01-12,Winter Storm,1,0.0,0.0,0,0
ILLINOIS,ALEXANDER,2018-02-19,Flood,1,0.0,0.0,0,0
ILLINOIS,ALEXANDER,2018-02-20,Flood,1,0.0,0.0,0,0
ILLINOIS,ALEXANDER,2018-02-21,Flood,1,0.0,0.0,0,0
ILLINOIS,ALEXANDER,2018-02-22,Flood,1,0.0,0.0,0,0
ILLINOIS,ALEXANDER,2018-02-23,Flood,1,0.0,0.0,0,0
ILLINOIS,ALEXANDER,2018-02-24,Flood,1,0.0,0.0,0,0
ILLINOIS,ALEXANDER,2018-02-25,Flood,1,0.0,0.0,0,0
ILLINOIS,ALEXANDER,2018-02-26,Flood,1,0.0,0.0,0,0
ILLINOIS,ALEXANDER,2018-02-27,Flood,1,0.0,0.0,0,0
ILLINOIS,ALEXANDER,2018-02-28,Flood,1,0.0,0.0,0,0
ILLINOIS,ALEXANDER,2018-03-01,Flood,1,350000.0,0.0,0,0
ILLINOIS,ALEXANDER,2018-03-02,Flood,1,350000.0,0.0,0,0
ILLINOIS,ALEXANDER,2018-03-03,Flood,1,350000.0,0.0,0,0
ILLINOIS,ALEXANDER,2018-03-04,Flood,1,350000.0,0.0,0,0
ILLINOIS,ALEXANDER,2018-03-05,Flood,1,350000.0,0.0,0,0
ILLINOIS,ALEXANDER,2018-03-06,Flood,1,350000.0,0.0,0,0
ILLINOIS,ALEXANDER,2018-03-07,Flood,1,350000.0,0.0,0,0
ILLINOIS,ALEXANDER,2018-03-08,Flood,1,350000.0,0.0,0,0
ILLINOIS,ALEXANDER,2018-03-09,Flood,1,350000.0,0.0,0,0
ILLINOIS,ALEXANDER,2018-03-10,Flood,1,350000.0,0.0,0,0
ILLINOIS,ALEXANDER,2018-03-11,Flood,1,350000.0,0.0,0,0
ILLINOIS,ALEXANDER,2018-03-12,Flood,1,350000.0,0.0,0,0
ILLINOIS,ALEXANDER,2018-03-13,Flood,1,350000.0,0.0,0,0
ILLINOIS,ALEXANDER,2018-03-14,Flood,1,350000.0,0.0,0,0
ILLINOIS,ALEXANDER,2018-03-15,Flood,1,350000.0,0.0,0,0
ILLINOIS,ALEXANDER,2018-03-16,Flood,1,350000.0,0.0,0,0
ILLINOIS,ALEXANDER,2018-03-17,Flood,1,350000.0,0.0,0,0
ILLINOIS,ALEXANDER,2018-03-18,Flood,1,350000.0,0.0,0,0
ILLINOIS,ALEXANDER,2018-03-31,Flood,1,0.0,0.0,0,0
ILLINOIS,ALEXANDER,2018-04-01,Flood,1,5000.0,0.0,0,0
ILLINOIS,ALEXANDER,2018-04-02,Flood,1,5000.0,0.0,0,0
ILLINOIS,ALEXANDER,2018-04-03,Flood,1,5000.0,0.0,0,0
ILLINOIS,ALEXANDER,2018-04-04,Flood,1,5000.0,0.0,0,0
ILLINOIS,ALEXANDER,2018-04-05,Flood,1,5000.0,0.0,0,0
ILLINOIS,ALEXANDER,2018-04-06,Flood,1,5000.0,0.0,0,0
ILLINOIS,ALEXANDER,2018-04-07,Flood,1,5000.0,0.0,0,0
ILLINOIS,ALEXANDER,2018-04-08,Flood,1,5000.0,0.0,0,0
ILLINOIS,ALEXANDER,2018-04-09,Flood,1,5000.0,0.0,0,0
ILLINOIS,ALEXANDER,2018-04-10,Flood,1,5000.0,0.0,0,0
ILLINOIS,ALEXANDER,2018-04-11,Flood,1,5000.0,0.0,0,0
ILLINOIS,ALEXANDER,2018-04-12,Flood,1,5000.0,0.0,0,0
ILLINOIS,ALEXANDER,2018-04-13,Flood,1,5000.0,0.0,0,0
ILLINOIS,ALEXANDER,2018-04-14,Flood,1,5000.0,0.0,0,0
ILLINOIS,ALEXANDER,2018-04-15,Flood,1,5000.0,0.0,0,0
ILLINOIS,ALEXANDER,2018-04-16,Flood,1,5000.0,0.0,0,0
ILLINOIS,ALEXANDER,2018-04-17,Flood,1,5000.0,0.0,0,0
ILLINOIS,ALEXANDER,2018-04-18,Flood,1,5000.0,0.0,0,0
ILLINOIS,ALEXANDER,2018-04-19,Flood,1,5000.0,0.0,0,0
ILLINOIS,ALEXANDER,2018-04-20,Flood,1,5000.0,0.0,0,0
ILLINOIS,ALEXANDER,2018-04-21,Flood,1,5000.0,0.0,0,0
ILLINOIS,ALEXANDER,2018-04-22,Flood,1,5000.0,0.0,0,0
ILLINOIS,ALEXANDER,2018-04-23,Flood,1,5000.0,0.0,0,0
ILLINOIS,ALEXANDER,2018-04-24,Flood,1,5000.0,0.0,0,0
ILLINOIS,ALEXANDER,2018-04-25,Flood,1,5000.0,0.0,0,0
ILLINOIS,ALEXANDER,2018-04-26,Flood,1,5000.0,0.0,0,0
ILLINOIS,ALEXANDER,2018-04-27,Flood,1,5000.0,0.0,0,0
ILLINOIS,ALEXANDER,2018-04-28,Flood,1,5000.0,0.0,0,0
ILLINOIS,ALEXANDER,2018-04-29,Flood,1,5000.0,0.0,0,0
ILLINOIS,ALEXANDER,2018-04-30,Flood,1,5000.0,0.0,0,0
ILLINOIS,ALEXANDER,2018-05-01,Flood,1,0.0,0.0,0,0
ILLINOIS,ALEXANDER,2018-05-02,Flood,1,0.0,0.0,0,0
ILLINOIS,ALEXANDER,2018-07-05,Excessive Heat,1,0.0,0.0,0,0
ILLINOIS,ALEXANDER,2018-07-14,Excessive Heat,1,0.0,0.0,0,0
ILLINOIS,ALEXANDER,2018-10-13,Flood,1,0.0,0.0,0,0
ILLINOIS,ALEXANDER,2018-10-14,Flood,1,0.0,0.0,0,0
ILLINOIS,ALEXANDER,2018-10-15,Flood,1,0.0,0.0,0,0
ILLINOIS,ALEXANDER,2018-10-16,Flood,1,0.0,0.0,0,0
ILLINOIS,ALEXANDER,2018-10-17,Flood,1,0.0,0.0,0,0
ILLINOIS,ALEXANDER,2018-10-18,Flood,1,0.0,0.0,0,0
ILLINOIS,ALEXANDER,2018-10-19,Flood,1,0.0,0.0,0,0
ILLINOIS,ALEXANDER,2018-10-20,Flood,1,0.0,0.0,0,0
ILLINOIS,ALEXANDER,2018-10-21,Flood,1,0.0,0.0,0,0
ILLINOIS,ALEXANDER,2018-10-22,Flood,1,0.0,0.0,0,0
ILLINOIS,ALEXANDER,2018-10-23,Flood,1,0.0,0.0,0,0
ILLINOIS,ALEXANDER,2018-10-24,Flood,1,0.0,0.0,0,0
ILLINOIS,ALEXANDER,2018-12-05,Flood,1,0.0,0.0,0,0
ILLINOIS,ALEXANDER,2018-12-06,Flood,1,0.0,0.0,0,0
ILLINOIS,ALEXANDER,2018-12-07,Flood,1,0.0,0.0,0,0
ILLINOIS,ALEXANDER,2018-12-08,Flood,1,0.0,0.0,0,0
ILLINOIS,ALEXANDER,2018-12-09,Flood,1,0.0,0.0,0,0
ILLINOIS,ALEXANDER,2018-12-10,Flood,1,0.0,0.0,0,0
ILLINOIS,ALEXANDER,2018-12-11,Flood,1,0.0,0.0,0,0
ILLINOIS,ALEXANDER,2018-12-28,Flood,1,0.0,0.0,0,0
ILLINOIS,ALEXANDER,2018-12-29,Flood,1,0.0,0.0,0,0
ILLINOIS,ALEXANDER,2018-12-30,Flood,1,0.0,0.0,0,0
ILLINOIS,ALEXANDER,2018-12-31,Flood,1,0.0,0.0,0,0
ILLINOIS,ALEXANDER,2019-01-01,Flood,1,5000.0,0.0,0,0
ILLINOIS,ALEXANDER,2019-01-02,Flood,1,5000.0,0.0,0,0
ILLINOIS,ALEXANDER,2019-01-03,Flood,1,5000.0,0.0,0,0
ILLINOIS,ALEXANDER,2019-01-04,Flood,1,5000.0,0.0,0,0
ILLINOIS,ALEXANDER,2019-01-05,Flood,1,5000.0,0.0,0,0
ILLINOIS,ALEXANDER,2019-01-06,Flood,1,5000.0,0.0,0,0
ILLINOIS,ALEXANDER,2019-01-07,Flood,1,5000.0,0.0,0,0
ILLINOIS,ALEXANDER,2019-01-08,Flood,1,5000.0,0.0,0,0
ILLINOIS,ALEXANDER,2019-01-09,Flood,1,5000.0,0.0,0,0
ILLINOIS,ALEXANDER,2019-01-10,Flood,1,5000.0,0.0,0,0
ILLINOIS,ALEXANDER,2019-01-11,Flood,1,5000.0,0.0,0,0
ILLINOIS,ALEXANDER,2019-01-12,Flood,1,5000.0,0.0,0,0
ILLINOIS,ALEXANDER,2019-01-13,Flood,1,5000.0,0.0,0,0
ILLINOIS,ALEXANDER,2019-01-14,Flood,1,5000.0,0.0,0,0
ILLINOIS,ALEXANDER,2019-01-15,Flood,1,5000.0,0.0,0,0
ILLINOIS,ALEXANDER,2019-01-16,Flood,1,5000.0,0.0,0,0
ILLINOIS,ALEXANDER,2019-01-22,Flood,1,0.0,0.0,0,0
ILLINOIS,ALEXANDER,2019-01-23,Flood,1,0.0,0.0,0,0
ILLINOIS,ALEXANDER,2019-01-24,Flood,1,0.0,0.0,0,0
ILLINOIS,ALEXANDER,2019-01-25,Flood,1,0.0,0.0,0,0
ILLINOIS,ALEXANDER,2019-01-26,Flood,1,0.0,0.0,0,0
ILLINOIS,ALEXANDER,2019-01-27,Flood,1,0.0,0.0,0,0
ILLINOIS,ALEXANDER,2019-01-28,Flood,1,0.0,0.0,0,0
ILLINOIS,ALEXANDER,2019-01-29,Flood,1,0.0,0.0,0,0
ILLINOIS,ALEXANDER,2019-01-30,Flood,1,0.0,0.0,0,0
ILLINOIS,ALEXANDER,2019-01-31,Flood,1,0.0,0.0,0,0
ILLINOIS,ALEXANDER,2019-02-01,Flood,1,0.0,0.0,0,0
ILLINOIS,ALEXANDER,2019-02-02,Flood,1,0.0,0.0,0,0
ILLINOIS,ALEXANDER,2019-02-03,Flood,1,0.0,0.0,0,0
ILLINOIS,ALEXANDER,2019-02-04,Flood,1,0.0,0.0,0,0
ILLINOIS,ALEXANDER,2019-02-05,Flood,1,0.0,0.0,0,0
ILLINOIS,ALEXANDER,2019-02-06,Flood,1,0.0,0.0,0,0
ILLINOIS,ALEXANDER,2019-02-08,Flood,1,50000.0,0.0,0,0
ILLINOIS,ALEXANDER,2019-02-09,Flood,1,50000.0,0.0,0,0
ILLINOIS,ALEXANDER,2019-02-10,Flood,1,50000.0,0.0,0,0
ILLINOIS,ALEXANDER,2019-02-11,Flood,1,50000.0,0.0,0,0
ILLINOIS,ALEXANDER,2019-02-12,Flood,1,50000.0,0.0,0,0
ILLINOIS,ALEXANDER,2019-02-13,Flood,1,50000.0,0.0,0,0
ILLINOIS,ALEXANDER,2019-02-14,Flood,1,50000.0,0.0,0,0
ILLINOIS,ALEXANDER,2019-02-15,Flood,1,50000.0,0.0,0,0
ILLINOIS,ALEXANDER,2019-02-16,Flood,1,50000.0,0.0,0,0
ILLINOIS,ALEXANDER,2019-02-17,Flood,1,50000.0,0.0,0,0
ILLINOIS,ALEXANDER,2019-02-18,Flood,1,50000.0,0.0,0,0
ILLINOIS,ALEXANDER,2019-02-19,Flood,1,50000.0,0.0,0,0
ILLINOIS,ALEXANDER,2019-02-20,Flood,1,50000.0,0.0,0,0
ILLINOIS,ALEXANDER,2019-02-21,Flood,1,50000.0,0.0,0,0
ILLINOIS,ALEXANDER,2019-02-22,Flood,1,50000.0,0.0,0,0
ILLINOIS,ALEXANDER,2019-02-23,Flood,1,50000.0,0.0,0,0
ILLINOIS,ALEXANDER,2019-02-24,Flood,1,50000.0,0.0,0,0
ILLINOIS,ALEXANDER,2019-02-25,Flood,1,50000.0,0.0,0,0
ILLINOIS,ALEXANDER,2019-02-26,Flood,1,50000.0,0.0,0,0
ILLINOIS,ALEXANDER,2019-02-27,Flood,1,50000.0,0.0,0,0
ILLINOIS,ALEXANDER,2019-02-28,Flood,1,50000.0,0.0,0,0
ILLINOIS,ALEXANDER,2019-03-01,Flood,1,100000.0,0.0,0,0
ILLINOIS,ALEXANDER,2019-03-02,Flood,1,100000.0,0.0,0,0
ILLINOIS,ALEXANDER,2019-03-03,Flood,1,100000.0,0.0,0,0
ILLINOIS,ALEXANDER,2019-03-04,Flood,1,100000.0,0.0,0,0
ILLINOIS,ALEXANDER,2019-03-05,Flood,1,100000.0,0.0,0,0
ILLINOIS,ALEXANDER,2019-03-06,Flood,1,100000.0,0.0,0,0
ILLINOIS,ALEXANDER,2019-03-07,Flood,1,100000.0,0.0,0,0
ILLINOIS,ALEXANDER,2019-03-08,Flood,1,100000.0,0.0,0,0
ILLINOIS,ALEXANDER,2019-03-09,Flood,1,100000.0,0.0,0,0
ILLINOIS,ALEXANDER,2019-03-10,Flood,1,100000.0,0.0,0,0
ILLINOIS,ALEXANDER,2019-03-11,Flood,1,100000.0,0.0,0,0
ILLINOIS,ALEXANDER,2019-03-12,Flood,1,100000.0,0.0,0,0
ILLINOIS,ALEXANDER,2019-03-13,Flood,1,100000.0,0.0,0,0
ILLINOIS,ALEXANDER,2019-03-14,Flood,1,100000.0,0.0,0,0
ILLINOIS,ALEXANDER,2019-03-15,Flood,1,100000.0,0.0,0,0
ILLINOIS,ALEXANDER,2019-03-16,Flood,1,100000.0,0.0,0,0
ILLINOIS,ALEXANDER,2019-03-17,Flood,1,100000.0,0.0,0,0
ILLINOIS,ALEXANDER,2019-03-18,Flood,1,100000.0,0.0,0,0
ILLINOIS,ALEXANDER,2019-03-19,Flood,1,100000.0,0.0,0,0
ILLINOIS,ALEXANDER,2019-03-20,Flood,1,100000.0,0.0,0,0
ILLINOIS,ALEXANDER,2019-03-21,Flood,1,100000.0,0.0,0,0
ILLINOIS,ALEXANDER,2019-03-22,Flood,1,100000.0,0.0,0,0
ILLINOIS,ALEXANDER,2019-03-23,Flood,1,100000.0,0.0,0,0
ILLINOIS,ALEXANDER,2019-03-24,Flood,1,100000.0,0.0,0,0
ILLINOIS,ALEXANDER,2019-03-25,Flood,1,100000.0,0.0,0,0
ILLINOIS,ALEXANDER,2019-03-26,Flood,1,100000.0,0.0,0,0
ILLINOIS,ALEXANDER,2019-03-27,Flood,1,100000.0,0.0,0,0
ILLINOIS,ALEXANDER,2019-03-28,Flood,1,100000.0,0.0,0,0
ILLINOIS,ALEXANDER,2019-03-29,Flood,1,100000.0,0.0,0,0
ILLINOIS,ALEXANDER,2019-03-30,Flood,1,100000.0,0.0,0,0
ILLINOIS,ALEXANDER,2019-03-31,Flood,1,100000.0,0.0,0,0
ILLINOIS,ALEXANDER,2019-04-01,Flood,1,70000.0,0.0,0,0
ILLINOIS,ALEXANDER,2019-04-02,Flood,1,70000.0,0.0,0,0
ILLINOIS,ALEXANDER,2019-04-03,Flood,1,70000.0,0.0,0,0
ILLINOIS,ALEXANDER,2019-04-04,Flood,1,70000.0,0.0,0,0
ILLINOIS,ALEXANDER,2019-04-05,Flood,1,70000.0,0.0,0,0
ILLINOIS,ALEXANDER,2019-04-06,Flood,1,70000.0,0.0,0,0
ILLINOIS,ALEXANDER,2019-04-07,Flood,1,70000.0,0.0,0,0
ILLINOIS,ALEXANDER,2019-04-08,Flood,1,70000.0,0.0,0,0
ILLINOIS,ALEXANDER,2019-04-09,Flood,1,70000.0,0.0,0,0
ILLINOIS,ALEXANDER,2019-04-10,Flood,1,70000.0,0.0,0,0
ILLINOIS,ALEXANDER,2019-04-11,Flood,1,70000.0,0.0,0,0
ILLINOIS,ALEXANDER,2019-04-12,Flood,1,70000.0,0.0,0,0
ILLINOIS,ALEXANDER,2019-04-13,Flood,1,70000.0,0.0,0,0
ILLINOIS,ALEXANDER,2019-04-14,Flood,1,70000.0,0.0,0,0
ILLINOIS,ALEXANDER,2019-04-15,Flood,1,70000.0,0.0,0,0
ILLINOIS,ALEXANDER,2019-04-16,Flood,1,70000.0,0.0,0,0
ILLINOIS,ALEXANDER,2019-04-17,Flood,1,70000.0,0.0,0,0
ILLINOIS,ALEXANDER,2019-04-18,Flood,1,70000.0,0.0,0,0
ILLINOIS,ALEXANDER,2019-04-19,Flood,1,70000.0,0.0,0,0
ILLINOIS,ALEXANDER,2019-04-20,Flood,1,70000.0,0.0,0,0
ILLINOIS,ALEXANDER,2019-04-21,Flood,1,70000.0,0.0,0,0
ILLINOIS,ALEXANDER,2019-04-22,Flood,1,70000.0,0.0,0,0
ILLINOIS,ALEXANDER,2019-04-23,Flood,1,70000.0,0.0,0,0
ILLINOIS,ALEXANDER,2019-04-24,Flood,1,70000.0,0.0,0,0
ILLINOIS,ALEXANDER,2019-04-25,Flood,1,70000.0,0.0,0,0
ILLINOIS,ALEXANDER,2019-04-26,Flood,1,70000.0,0.0,0,0
ILLINOIS,ALEXANDER,2019-04-27,Flood,1,70000.0,0.0,0,0
ILLINOIS,ALEXANDER,2019-04-28,Flood,1,70000.0,0.0,0,0
ILLINOIS,ALEXANDER,2019-04-29,Flood,1,70000.0,0.0,0,0
ILLINOIS,ALEXANDER,2019-04-30,Flood,1,70000.0,0.0,0,0
ILLINOIS,ALEXANDER,2019-05-01,Flood,1,100000.0,100000.0,0,0
ILLINOIS,ALEXANDER,2019-05-02,Flood,1,100000.0,100000.0,0,0
ILLINOIS,ALEXANDER,2019-05-03,Flood,1,100000.0,100000.0,0,0
ILLINOIS,ALEXANDER,2019-05-04,Flood,1,100000.0,100000.0,0,0
ILLINOIS,ALEXANDER,2019-05-05,Flood,1,100000.0,100000.0,0,0
ILLINOIS,ALEXANDER,2019-05-06,Flood,1,100000.0,100000.0,0,0
ILLINOIS,ALEXANDER,2019-05-07,Flood,1,100000.0,100000.0,0,0
ILLINOIS,ALEXANDER,2019-05-08,Flood,1,100000.0,100000.0,0,0
ILLINOIS,ALEXANDER,2019-05-09,Flood,1,100000.0,100000.0,0,0
ILLINOIS,ALEXANDER,2019-05-10,Flood,1,100000.0,100000.0,0,0
ILLINOIS,ALEXANDER,2019-05-11,Flood,1,100000.0,100000.0,0,0
ILLINOIS,ALEXANDER,2019-05-12,Flood,1,100000.0,100000.0,0,0
ILLINOIS,ALEXANDER,2019-05-13,Flood,1,100000.0,100000.0,0,0
ILLINOIS,ALEXANDER,2019-05-14,Flood,1,100000.0,100000.0,0,0
ILLINOIS,ALEXANDER,2019-05-15,Flood,1,100000.0,100000.0,0,0
ILLINOIS,ALEXANDER,2019-05-16,Flood,1,100000.0,100000.0,0,0
ILLINOIS,ALEXANDER,2019-05-17,Flood,1,100000.0,100000.0,0,0
ILLINOIS,ALEXANDER,2019-05-18,Flood,1,100000.0,100000.0,0,0
ILLINOIS,ALEXANDER,2019-05-19,Flood,1,100000.0,100000.0,0,0
ILLINOIS,ALEXANDER,2019-05-20,Flood,1,100000.0,100000.0,0,0
ILLINOIS,ALEXANDER,2019-05-21,Flood,1,100000.0,100000.0,0,0
ILLINOIS,ALEXANDER,2019-05-22,Flood,1,100000.0,100000.0,0,0
ILLINOIS,ALEXANDER,2019-05-23,Flood,1,100000.0,100000.0,0,0
ILLINOIS,ALEXANDER,2019-05-24,Flood,1,100000.0,100000.0,0,0
ILLINOIS,ALEXANDER,2019-05-25,Flood,1,100000.0,100000.0,0,0
ILLINOIS,ALEXANDER,2019-05-26,Flood,1,100000.0,100000.0,0,0
ILLINOIS,ALEXANDER,2019-05-27,Flood,1,100000.0,100000.0,0,0
ILLINOIS,ALEXANDER,2019-05-28,Flood,1,100000.0,100000.0,0,0
ILLINOIS,ALEXANDER,2019-05-29,Flood,1,100000.0,100000.0,0,0
ILLINOIS,ALEXANDER,2019-05-30,Flood,1,100000.0,100000.0,0,0
ILLINOIS,ALEXANDER,2019-05-31,Flood,1,100000.0,100000.0,0,0
ILLINOIS,ALEXANDER,2019-06-01,Flood,1,2050000.0,250000.0,0,0
ILLINOIS,ALEXANDER,2019-06-02,Flood,1,2050000.0,250000.0,0,0
ILLINOIS,ALEXANDER,2019-06-03,Flood,1,2050000.0,250000.0,0,0
ILLINOIS,ALEXANDER,2019-06-04,Flood,1,2050000.0,250000.0,0,0
ILLINOIS,ALEXANDER,2019-06-05,Flood,1,2050000.0,250000.0,0,0
ILLINOIS,ALEXANDER,2019-06-06,Flood,1,2050000.0,250000.0,0,0
ILLINOIS,ALEXANDER,2019-06-07,Flood,1,2050000.0,250000.0,0,0
ILLINOIS,ALEXANDER,2019-06-08,Flood,1,2050000.0,250000.0,0,0
ILLINOIS,ALEXANDER,2019-06-09,Flood,1,2050000.0,250000.0,0,0
ILLINOIS,ALEXANDER,2019-06-10,Flood,1,2050000.0,250000.0,0,0
ILLINOIS,ALEXANDER,2019-06-11,Flood,1,2050000.0,250000.0,0,0
ILLINOIS,ALEXANDER,2019-06-12,Flood,1,2050000.0,250000.0,0,0
ILLINOIS,ALEXANDER,2019-06-13,Flood,1,2050000.0,250000.0,0,0
ILLINOIS,ALEXANDER,2019-06-14,Flood,1,2050000.0,250000.0,0,0
ILLINOIS,ALEXANDER,2019-06-15,Flood,1,2050000.0,250000.0,0,0
ILLINOIS,ALEXANDER,2019-06-16,Flood,1,2050000.0,250000.0,0,0
ILLINOIS,ALEXANDER,2019-06-17,Flood,1,2050000.0,250000.0,0,0
ILLINOIS,ALEXANDER,2019-06-18,Flood,1,2050000.0,250000.0,0,0
ILLINOIS,ALEXANDER,2019-06-19,Flood,1,2050000.0,250000.0,0,0
ILLINOIS,ALEXANDER,2019-06-20,Flood,1,2050000.0,250000.0,0,0
ILLINOIS,ALEXANDER,2019-06-21,Flood,1,2050000.0,250000.0,0,0
ILLINOIS,ALEXANDER,2019-06-22,Flood,1,2050000.0,250000.0,0,0
ILLINOIS,ALEXANDER,2019-06-23,Flood,1,2050000.0,250000.0,0,0
ILLINOIS,ALEXANDER,2019-06-24,Flood,1,2050000.0,250000.0,0,0
ILLINOIS,ALEXANDER,2019-06-25,Flood,1,2050000.0,250000.0,0,0
ILLINOIS,ALEXANDER,2019-06-26,Flood,1,2050000.0,250000.0,0,0
ILLINOIS,ALEXANDER,2019-06-27,Flood,1,2050000.0,250000.0,0,0
ILLINOIS,ALEXANDER,2019-06-28,Flood,1,2050000.0,250000.0,0,0
ILLINOIS,ALEXANDER,2019-06-29,Flood,1,2050000.0,250000.0,0,0
ILLINOIS,ALEXANDER,2019-06-30,Flood,1,2050000.0,250000.0,0,0
ILLINOIS,ALEXANDER,2019-07-01,Flood,1,3040000.0,7500000.0,0,0
ILLINOIS,ALEXANDER,2019-07-02,Flood,1,3040000.0,7500000.0,0,0
ILLINOIS,ALEXANDER,2019-07-03,Flood,1,3040000.0,7500000.0,0,0
ILLINOIS,ALEXANDER,2019-07-04,Flood,1,3040000.0,7500000.0,0,0
ILLINOIS,ALEXANDER,2019-07-05,Flood,1,3040000.0,7500000.0,0,0
ILLINOIS,ALEXANDER,2019-07-06,Flood,1,3040000.0,7500000.0,0,0
ILLINOIS,ALEXANDER,2019-07-07,Flood,1,3040000.0,7500000.0,0,0
ILLINOIS,ALEXANDER,2019-07-08,Flood,1,3040000.0,7500000.0,0,0
ILLINOIS,ALEXANDER,2019-07-09,Flood,1,3040000.0,7500000.0,0,0
ILLINOIS,ALEXANDER,2019-07-10,Flood,1,3040000.0,7500000.0,0,0
ILLINOIS,ALEXANDER,2019-07-11,Flood,1,3040000.0,7500000.0,0,0
ILLINOIS,ALEXANDER,2019-07-12,Flood,1,3040000.0,7500000.0,0,0
ILLINOIS,ALEXANDER,2019-07-13,Flood,1,3040000.0,7500000.0,0,0
ILLINOIS,ALEXANDER,2019-07-14,Flood,1,3000000.0,7000000.0,0,0
ILLINOIS,ALEXANDER,2019-07-15,Flood,1,3000000.0,7000000.0,0,0
ILLINOIS,ALEXANDER,2019-07-16,Flood,1,3000000.0,7000000.0,0,0
ILLINOIS,ALEXANDER,2019-07-17,Flood,1,3000000.0,7000000.0,0,0
ILLINOIS,ALEXANDER,2019-07-18,Excessive Heat,1,0.0,0.0,0,0
ILLINOIS,ALEXANDER,2019-07-18,Flood,1,3000000.0,7000000.0,0,0
ILLINOIS,ALEXANDER,2019-07-19,Excessive Heat,1,0.0,0.0,0,0
ILLINOIS,ALEXANDER,2019-07-19,Flood,1,3000000.0,7000000.0,0,0
ILLINOIS,ALEXANDER,2019-07-20,Excessive Heat,1,0.0,0.0,0,0
ILLINOIS,ALEXANDER,2019-07-20,Flood,1,3000000.0,7000000.0,0,0
ILLINOIS,ALEXANDER,2019-07-21,Excessive Heat,1,0.0,0.0,0,0
ILLINOIS,ALEXANDER,2019-07-21,Flood,1,3000000.0,7000000.0,0,0
ILLINOIS,ALEXANDER,2019-07-22,Flood,1,3000000.0,7000000.0,0,0
ILLINOIS,ALEXANDER,2019-07-23,Flood,1,3000000.0,7000000.0,0,0
ILLINOIS,ALEXANDER,2019-07-24,Flood,1,3000000.0,7000000.0,0,0
ILLINOIS,ALEXANDER,2019-07-25,Flood,1,3000000.0,7000000.0,0,0
ILLINOIS,ALEXANDER,2019-07-26,Flood,1,3000000.0,7000000.0,0,0
ILLINOIS,ALEXANDER,2019-07-27,Flood,1,3000000.0,7000000.0,0,0
ILLINOIS,ALEXANDER,2019-08-12,Excessive Heat,1,0.0,0.0,0,0
ILLINOIS,ALEXANDER,2019-10-09,Flood,1,0.0,0.0,0,0
ILLINOIS,ALEXANDER,2019-10-10,Flood,1,0.0,0.0,0,0
ILLINOIS,ALEXANDER,2019-10-11,Flood,1,0.0,0.0,0,0
ILLINOIS,ALEXANDER,2019-10-12,Flood,1,0.0,0.0,0,0
ILLINOIS,ALEXANDER,2019-10-13,Flood,1,0.0,0.0,0,0
ILLINOIS,ALEXANDER,2019-10-14,Flood,1,0.0,0.0,0,0
ILLINOIS,ALEXANDER,2019-10-15,Flood,1,0.0,0.0,0,0
ILLINOIS,ALEXANDER,2019-10-16,Flood,1,0.0,0.0,0,0
ILLINOIS,ALEXANDER,2019-10-17,Flood,1,0.0,0.0,0,0
ILLINOIS,ALEXANDER,2019-10-18,Flood,1,0.0,0.0,0,0
ILLINOIS,ALEXANDER,2019-10-19,Flood,1,0.0,0.0,0,0
ILLINOIS,ALEXANDER,2019-12-03,Flood,1,0.0,0.0,0,0
ILLINOIS,ALEXANDER,2019-12-04,Flood,1,0.0,0.0,0,0
ILLINOIS,ALEXANDER,2019-12-05,Flood,1,0.0,0.0,0,0
ILLINOIS,ALEXANDER,2019-12-06,Flood,1,0.0,0.0,0,0
ILLINOIS,ALEXANDER,2019-12-07,Flood,1,0.0,0.0,0,0
ILLINOIS,ALEXANDER,2019-12-08,Flood,1,0.0,0.0,0,0
ILLINOIS,ALEXANDER,2020-01-02,Flood,1,0.0,0.0,0,0
ILLINOIS,ALEXANDER,2020-01-03,Flood,1,0.0,0.0,0,0
ILLINOIS,ALEXANDER,2020-01-04,Flood,1,0.0,0.0,0,0
ILLINOIS,ALEXANDER,2020-01-05,Flood,1,0.0,0.0,0,0
ILLINOIS,ALEXANDER,2020-01-06,Flood,1,0.0,0.0,0,0
ILLINOIS,ALEXANDER,2020-01-07,Flood,1,0.0,0.0,0,0
ILLINOIS,ALEXANDER,2020-01-08,Flood,1,0.0,0.0,0,0
ILLINOIS,ALEXANDER,2020-01-09,Flood,1,0.0,0.0,0,0
ILLINOIS,ALEXANDER,2020-01-10,Flood,1,0.0,0.0,0,0
ILLINOIS,ALEXANDER,2020-01-11,Flood,1,0.0,0.0,0,0
ILLINOIS,ALEXANDER,2020-01-12,Flood,1,0.0,0.0,0,0
ILLINOIS,ALEXANDER,2020-01-13,Flood,1,0.0,0.0,0,0
ILLINOIS,ALEXANDER,2020-01-14,Flood,1,0.0,0.0,0,0
ILLINOIS,ALEXANDER,2020-01-15,Flood,1,0.0,0.0,0,0
ILLINOIS,ALEXANDER,2020-01-16,Flood,1,0.0,0.0,0,0
ILLINOIS,ALEXANDER,2020-01-17,Flood,1,0.0,0.0,0,0
ILLINOIS,ALEXANDER,2020-01-18,Flood,1,0.0,0.0,0,0
ILLINOIS,ALEXANDER,2020-01-19,Flood,1,0.0,0.0,0,0
ILLINOIS,ALEXANDER,2020-01-20,Flood,1,0.0,0.0,0,0
ILLINOIS,ALEXANDER,2020-01-21,Flood,1,0.0,0.0,0,0
ILLINOIS,ALEXANDER,2020-01-22,Flood,1,0.0,0.0,0,0
ILLINOIS,ALEXANDER,2020-01-23,Flood,1,0.0,0.0,0,0
ILLINOIS,ALEXANDER,2020-01-24,Flood,1,0.0,0.0,0,0
ILLINOIS,ALEXANDER,2020-01-25,Flood,1,0.0,0.0,0,0
ILLINOIS,ALEXANDER,2020-01-26,Flood,1,0.0,0.0,0,0
ILLINOIS,ALEXANDER,2020-01-27,Flood,1,0.0,0.0,0,0
ILLINOIS,ALEXANDER,2020-01-28,Flood,1,0.0,0.0,0,0
ILLINOIS,ALEXANDER,2020-01-29,Flood,1,0.0,0.0,0,0
ILLINOIS,ALEXANDER,2020-01-30,Flood,1,0.0,0.0,0,0
ILLINOIS,ALEXANDER,2020-01-31,Flood,1,0.0,0.0,0,0
ILLINOIS,ALEXANDER,2020-02-01,Flood,1,0.0,0.0,0,0
ILLINOIS,ALEXANDER,2020-02-07,Flood,1,0.0,0.0,0,0
ILLINOIS,ALEXANDER,2020-02-08,Flood,1,0.0,0.0,0,0
ILLINOIS,ALEXANDER,2020-02-09,Flood,1,0.0,0.0,0,0
ILLINOIS,ALEXANDER,2020-02-10,Flood,1,0.0,0.0,0,0
ILLINOIS,ALEXANDER,2020-02-11,Flood,1,0.0,0.0,0,0
ILLINOIS,ALEXANDER,2020-02-12,Flood,1,0.0,0.0,0,0
ILLINOIS,ALEXANDER,2020-02-13,Flood,1,0.0,0.0,0,0
ILLINOIS,ALEXANDER,2020-02-14,Flood,1,0.0,0.0,0,0
ILLINOIS,ALEXANDER,2020-02-15,Flood,1,0.0,0.0,0,0
ILLINOIS,ALEXANDER,2020-02-16,Flood,1,0.0,0.0,0,0
ILLINOIS,ALEXANDER,2020-02-17,Flood,1,0.0,0.0,0,0
ILLINOIS,ALEXANDER,2020-02-18,Flood,1,0.0,0.0,0,0
ILLINOIS,ALEXANDER,2020-02-19,Flood,1,0.0,0.0,0,0
ILLINOIS,ALEXANDER,2020-02-20,Flood,1,0.0,0.0,0,0
ILLINOIS,ALEXANDER,2020-02-21,Flood,1,0.0,0.0,0,0
ILLINOIS,ALEXANDER,2020-02-22,Flood,1,0.0,0.0,0,0
ILLINOIS,ALEXANDER,2020-02-23,Flood,1,0.0,0.0,0,0
ILLINOIS,ALEXANDER,2020-02-24,Flood,1,0.0,0.0,0,0
ILLINOIS,ALEXANDER,2020-02-25,Flood,1,0.0,0.0,0,0
ILLINOIS,ALEXANDER,2020-02-26,Flood,1,0.0,0.0,0,0
ILLINOIS,ALEXANDER,2020-02-27,Flood,1,0.0,0.0,0,0
ILLINOIS,ALEXANDER,2020-02-28,Flood,1,0.0,0.0,0,0
ILLINOIS,ALEXANDER,2020-02-29,Flood,1,0.0,0.0,0,0
ILLINOIS,ALEXANDER,2020-03-01,Flood,1,10000.0,10000.0,0,0
ILLINOIS,ALEXANDER,2020-03-02,Flood,1,10000.0,10000.0,0,0
ILLINOIS,ALEXANDER,2020-03-03,Flood,1,10000.0,10000.0,0,0
ILLINOIS,ALEXANDER,2020-03-04,Flood,1,10000.0,10000.0,0,0
ILLINOIS,ALEXANDER,2020-03-05,Flood,1,10000.0,10000.0,0,0
ILLINOIS,ALEXANDER,2020-03-06,Flood,1,10000.0,10000.0,0,0
ILLINOIS,ALEXANDER,2020-03-07,Flood,1,10000.0,10000.0,0,0
ILLINOIS,ALEXANDER,2020-03-08,Flood,1,10000.0,10000.0,0,0
ILLINOIS,ALEXANDER,2020-03-09,Flood,1,10000.0,10000.0,0,0
ILLINOIS,ALEXANDER,2020-03-10,Flood,1,10000.0,10000.0,0,0
ILLINOIS,ALEXANDER,2020-03-11,Flood,1,10000.0,10000.0,0,0
ILLINOIS,ALEXANDER,2020-03-12,Flood,1,10000.0,10000.0,0,0
ILLINOIS,ALEXANDER,2020-03-13,Flood,1,10000.0,10000.0,0,0
ILLINOIS,ALEXANDER,2020-03-14,Flood,1,10000.0,10000.0,0,0
ILLINOIS,ALEXANDER,2020-03-15,Flood,1,10000.0,10000.0,0,0
ILLINOIS,ALEXANDER,2020-03-16,Flood,1,10000.0,10000.0,0,0
ILLINOIS,ALEXANDER,2020-03-17,Flood,1,10000.0,10000.0,0,0
ILLINOIS,ALEXANDER,2020-03-18,Flood,1,10000.0,10000.0,0,0
ILLINOIS,ALEXANDER,2020-03-19,Flood,1,10000.0,10000.0,0,0
ILLINOIS,ALEXANDER,2020-03-20,Flood,1,10000.0,10000.0,0,0
ILLINOIS,ALEXANDER,2020-03-21,Flood,1,10000.0,10000.0,0,0
ILLINOIS,ALEXANDER,2020-03-22,Flood,1,10000.0,10000.0,0,0
ILLINOIS,ALEXANDER,2020-03-23,Flood,1,10000.0,10000.0,0,0
ILLINOIS,ALEXANDER,2020-03-24,Flood,1,10000.0,10000.0,0,0
ILLINOIS,ALEXANDER,2020-03-25,Flood,1,10000.0,10000.0,0,0
ILLINOIS,ALEXANDER,2020-03-26,Flood,1,10000.0,10000.0,0,0
ILLINOIS,ALEXANDER,2020-03-27,Flood,1,10000.0,10000.0,0,0
ILLINOIS,ALEXANDER,2020-03-28,Flood,1,10000.0,10000.0,0,0
ILLINOIS,ALEXANDER,2020-03-29,Flood,1,10000.0,10000.0,0,0
ILLINOIS,ALEXANDER,2020-03-30,Flood,1,10000.0,10000.0,0,0
ILLINOIS,ALEXANDER,2020-03-31,Flood,1,10000.0,10000.0,0,0
ILLINOIS,ALEXANDER,2020-04-01,Flood,1,0.0,0.0,0,0
ILLINOIS,ALEXANDER,2020-04-02,Flood,1,0.0,0.0,0,0
ILLINOIS,ALEXANDER,2020-04-03,Flood,1,0.0,0.0,0,0
ILLINOIS,ALEXANDER,2020-04-04,Flood,1,0.0,0.0,0,0
ILLINOIS,ALEXANDER,2020-04-05,Flood,1,0.0,0.0,0,0
ILLINOIS,ALEXANDER,2020-04-06,Flood,1,0.0,0.0,0,0
ILLINOIS,ALEXANDER,2020-04-07,Flood,1,0.0,0.0,0,0
ILLINOIS,ALEXANDER,2020-04-08,Flood,1,0.0,0.0,0,0
ILLINOIS,ALEXANDER,2020-04-09,Flood,1,0.0,0.0,0,0
ILLINOIS,ALEXANDER,2020-04-10,Flood,1,0.0,0.0,0,0
ILLINOIS,ALEXANDER,2020-04-11,Flood,1,0.0,0.0,0,0
ILLINOIS,ALEXANDER,2020-04-12,Flood,1,0.0,0.0,0,0
ILLINOIS,ALEXANDER,2020-04-13,Flood,1,0.0,0.0,0,0
ILLINOIS,ALEXANDER,2020-04-14,Flood,1,0.0,0.0,0,0
ILLINOIS,ALEXANDER,2020-04-15,Flood,1,0.0,0.0,0,0
ILLINOIS,ALEXANDER,2020-04-16,Flood,1,0.0,0.0,0,0
ILLINOIS,ALEXANDER,2020-04-17,Flood,1,0.0,0.0,0,0
ILLINOIS,ALEXANDER,2020-04-18,Flood,1,0.0,0.0,0,0
ILLINOIS,ALEXANDER,2020-04-19,Flood,1,0.0,0.0,0,0
ILLINOIS,ALEXANDER,2020-04-20,Flood,1,0.0,0.0,0,0
ILLINOIS,ALEXANDER,2020-04-21,Flood,1,0.0,0.0,0,0
ILLINOIS,ALEXANDER,2020-04-22,Flood,1,0.0,0.0,0,0
ILLINOIS,ALEXANDER,2020-04-23,Flood,1,0.0,0.0,0,0
ILLINOIS,ALEXANDER,2020-04-24,Flood,1,0.0,0.0,0,0
ILLINOIS,ALEXANDER,2020-04-25,Flood,1,0.0,0.0,0,0
ILLINOIS,ALEXANDER,2020-04-26,Flood,1,0.0,0.0,0,0
ILLINOIS,ALEXANDER,2020-04-27,Flood,1,0.0,0.0,0,0
ILLINOIS,ALEXANDER,2020-04-28,Flood,1,0.0,10000.0,0,0
ILLINOIS,ALEXANDER,2020-04-29,Flood,1,0.0,10000.0,0,0
ILLINOIS,ALEXANDER,2020-04-30,Flood,1,0.0,10000.0,0,0
ILLINOIS,ALEXANDER,2020-05-01,Flood,1,0.0,40000.0,0,0
ILLINOIS,ALEXANDER,2020-05-02,Flood,1,0.0,40000.0,0,0
ILLINOIS,ALEXANDER,2020-05-03,Flood,1,0.0,40000.0,0,0
ILLINOIS,ALEXANDER,2020-05-04,Flood,1,0.0,40000.0,0,0
ILLINOIS,ALEXANDER,2020-05-05,Flood,1,0.0,20000.0,0,0
ILLINOIS,ALEXANDER,2020-05-06,Flood,1,0.0,20000.0,0,0
ILLINOIS,ALEXANDER,2020-05-07,Flood,1,0.0,20000.0,0,0
ILLINOIS,ALEXANDER,2020-05-08,Flood,1,0.0,20000.0,0,0
ILLINOIS,ALEXANDER,2020-05-09,Flood,1,0.0,20000.0,0,0
ILLINOIS,ALEXANDER,2020-05-10,Flood,1,0.0,20000.0,0,0
ILLINOIS,ALEXANDER,2020-05-11,Flood,1,0.0,20000.0,0,0
ILLINOIS,ALEXANDER,2020-05-12,Flood,1,0.0,20000.0,0,0
ILLINOIS,ALEXANDER,2020-05-13,Flood,1,0.0,20000.0,0,0
ILLINOIS,ALEXANDER,2020-05-21,Flood,1,0.0,20000.0,0,0
ILLINOIS,ALEXANDER,2020-05-22,Flood,1,0.0,20000.0,0,0
ILLINOIS,ALEXANDER,2020-05-23,Flood,1,0.0,20000.0,0,0
ILLINOIS,ALEXANDER,2020-05-24,Flood,1,0.0,20000.0,0,0
ILLINOIS,ALEXANDER,2020-05-25,Flood,1,0.0,20000.0,0,0
ILLINOIS,ALEXANDER,2020-05-26,Flood,1,0.0,40000.0,0,0
ILLINOIS,ALEXANDER,2020-05-27,Flood,1,0.0,40000.0,0,0
ILLINOIS,ALEXANDER,2020-05-28,Flood,1,0.0,40000.0,0,0
ILLINOIS,ALEXANDER,2020-05-29,Flood,1,0.0,40000.0,0,0
ILLINOIS,ALEXANDER,2020-05-30,Flood,1,0.0,40000.0,0,0
ILLINOIS,ALEXANDER,2020-05-31,Flood,1,0.0,40000.0,0,0
ILLINOIS,ALEXANDER,2020-06-01,Flood,1,0.0,20000.0,0,0
ILLINOIS,ALEXANDER,2020-06-02,Flood,1,0.0,20000.0,0,0
ILLINOIS,ALEXANDER,2020-06-03,Flood,1,0.0,20000.0,0,0
ILLINOIS,ALEXANDER,2020-06-04,Flood,1,0.0,20000.0,0,0
ILLINOIS,ALEXANDER,2020-06-05,Flood,1,0.0,20000.0,0,0
ILLINOIS,ALEXANDER,2020-06-06,Flood,1,0.0,20000.0,0,0
ILLINOIS,ALEXANDER,2020-06-07,Flood,1,0.0,20000.0,0,0
ILLINOIS,ALEXANDER,2020-06-08,Flood,1,0.0,10000.0,0,0
ILLINOIS,ALEXANDER,2020-06-09,Flood,1,0.0,10000.0,0,0
ILLINOIS,ALEXANDER,2020-06-10,Flood,1,0.0,10000.0,0,0
ILLINOIS,ALEXANDER,2020-06-11,Flood,1,0.0,10000.0,0,0
ILLINOIS,ALEXANDER,2020-06-12,Flood,1,0.0,10000.0,0,0
ILLINOIS,ALEXANDER,2020-06-13,Flood,1,0.0,10000.0,0,0
ILLINOIS,ALEXANDER,2020-06-14,Flood,1,0.0,10000.0,0,0
ILLINOIS,ALEXANDER,2021-02-10,Winter Storm,1,0.0,0.0,0,0
ILLINOIS,ALEXANDER,2021-02-14,Winter Storm,1,0.0,0.0,0,0
ILLINOIS,ALEXANDER,2021-02-15,Winter Storm,1,0.0,0.0,0,0
ILLINOIS,ALEXANDER,2021-03-02,Flood,1,0.0,0.0,0,0
ILLINOIS,ALEXANDER,2021-03-03,Flood,1,0.0,0.0,0,0
ILLINOIS,ALEXANDER,2021-03-04,Flood,1,0.0,0.0,0,0
ILLINOIS,ALEXANDER,2021-03-05,Flood,1,0.0,0.0,0,0
ILLINOIS,ALEXANDER,2021-03-06,Flood,1,0.0,0.0,0,0
ILLINOIS,ALEXANDER,2021-03-07,Flood,1,0.0,0.0,0,0
ILLINOIS,ALEXANDER,2021-03-08,Flood,1,0.0,0.0,0,0
ILLINOIS,ALEXANDER,2021-03-09,Flood,1,0.0,0.0,0,0
ILLINOIS,ALEXANDER,2021-03-10,Flood,1,0.0,0.0,0,0
ILLINOIS,ALEXANDER,2021-03-11,Flood,1,0.0,0.0,0,0
ILLINOIS,ALEXANDER,2021-03-12,Flood,1,0.0,0.0,0,0
ILLINOIS,ALEXANDER,2021-03-13,Flood,1,0.0,0.0,0,0
ILLINOIS,ALEXANDER,2021-03-14,Flood,1,0.0,0.0,0,0
ILLINOIS,ALEXANDER,2021-03-15,Flood,1,0.0,0.0,0,0
ILLINOIS,ALEXANDER,2021-03-16,Flood,1,0.0,0.0,0,0
ILLINOIS,ALEXANDER,2021-03-17,Flood,1,0.0,0.0,0,0
ILLINOIS,ALEXANDER,2021-03-18,Flood,1,0.0,0.0,0,0
ILLINOIS,ALEXANDER,2021-03-19,Flood,1,0.0,0.0,0,0
ILLINOIS,ALEXANDER,2021-03-20,Flood,1,0.0,0.0,0,0
ILLINOIS,ALEXANDER,2021-03-21,Flood,1,0.0,0.0,0,0
ILLINOIS,ALEXANDER,2021-03-22,Flood,1,0.0,0.0,0,0
ILLINOIS,ALEXANDER,2021-03-23,Flood,1,0.0,0.0,0,0
ILLINOIS,ALEXANDER,2021-03-24,Flood,1,0.0,0.0,0,0
ILLINOIS,ALEXANDER,2021-03-25,Flood,1,0.0,0.0,0,0
ILLINOIS,ALEXANDER,2021-03-26,Flood,1,0.0,0.0,0,0
ILLINOIS,ALEXANDER,2021-03-27,Flood,1,0.0,0.0,0,0
ILLINOIS,ALEXANDER,2021-03-28,Flood,1,0.0,0.0,0,0
ILLINOIS,ALEXANDER,2021-03-29,Flood,1,0.0,0.0,0,0
ILLINOIS,ALEXANDER,2021-03-30,Flood,1,0.0,0.0,0,0
ILLINOIS,ALEXANDER,2021-03-31,Flood,1,0.0,0.0,0,0
ILLINOIS,ALEXANDER,2021-04-01,Flood,1,4000.0,0.0,0,0
ILLINOIS,ALEXANDER,2021-04-02,Flood,1,4000.0,0.0,0,0
ILLINOIS,ALEXANDER,2021-04-03,Flood,1,4000.0,0.0,0,0
ILLINOIS,ALEXANDER,2021-04-04,Flood,1,4000.0,0.0,0,0
ILLINOIS,ALEXANDER,2021-04-05,Flood,1,4000.0,0.0,0,0
ILLINOIS,ALEXANDER,2021-04-06,Flood,1,4000.0,0.0,0,0
ILLINOIS,ALEXANDER,2021-04-07,Flood,1,4000.0,0.0,0,0
ILLINOIS,ALEXANDER,2021-04-08,Flood,1,4000.0,0.0,0,0
ILLINOIS,ALEXANDER,2021-04-09,Flood,1,4000.0,0.0,0,0
ILLINOIS,ALEXANDER,2021-04-10,Flood,1,4000.0,0.0,0,0
ILLINOIS,ALEXANDER,2022-02-02,Winter Storm,1,0.0,0.0,0,0
ILLINOIS,ALEXANDER,2022-02-03,Winter Storm,1,0.0,0.0,0,0
ILLINOIS,ALEXANDER,2022-02-22,Flood,1,0.0,0.0,0,0
ILLINOIS,ALEXANDER,2022-02-23,Flood,1,0.0,0.0,0,0
ILLINOIS,ALEXANDER,2022-02-24,Flood,1,0.0,0.0,0,0
ILLINOIS,ALEXANDER,2022-02-25,Flood,1,0.0,0.0,0,0
ILLINOIS,ALEXANDER,2022-02-26,Flood,1,0.0,0.0,0,0
ILLINOIS,ALEXANDER,2022-02-27,Flood,1,0.0,0.0,0,0
ILLINOIS,ALEXANDER,2022-02-28,Flood,1,0.0,0.0,0,0
ILLINOIS,ALEXANDER,2022-03-01,Flood,1,0.0,0.0,0,0
ILLINOIS,ALEXANDER,2022-03-02,Flood,1,0.0,0.0,0,0
ILLINOIS,ALEXANDER,2022-03-03,Flood,1,0.0,0.0,0,0
ILLINOIS,ALEXANDER,2022-03-04,Flood,1,0.0,0.0,0,0
ILLINOIS,ALEXANDER,2022-03-05,Flood,1,0.0,0.0,0,0
ILLINOIS,ALEXANDER,2022-03-06,Flood,1,0.0,0.0,0,0
ILLINOIS,ALEXANDER,2022-03-07,Flood,1,0.0,0.0,0,0
ILLINOIS,ALEXANDER,2022-03-08,Flood,1,0.0,0.0,0,0
ILLINOIS,ALEXANDER,2022-03-09,Flood,1,0.0,0.0,0,0
ILLINOIS,ALEXANDER,2022-03-10,Flood,1,0.0,0.0,0,0
ILLINOIS,ALEXANDER,2022-03-11,Flood,1,0.0,0.0,0,0
ILLINOIS,ALEXANDER,2022-03-12,Flood,1,0.0,0.0,0,0
ILLINOIS,ALEXANDER,2022-03-13,Flood,1,0.0,0.0,0,0
ILLINOIS,ALEXANDER,2022-03-14,Flood,1,0.0,0.0,0,0
ILLINOIS,ALEXANDER,2022-03-15,Flood,1,0.0,0.0,0,0
ILLINOIS,ALEXANDER,2022-03-16,Flood,1,0.0,0.0,0,0
ILLINOIS,ALEXANDER,2022-03-17,Flood,1,0.0,0.0,0,0
ILLINOIS,ALEXANDER,2022-03-18,Flood,1,0.0,0.0,0,0
ILLINOIS,ALEXANDER,2022-03-19,Flood,1,0.0,0.0,0,0
ILLINOIS,ALEXANDER,2022-05-07,Flood,1,0.0,0.0,0,0
ILLINOIS,ALEXANDER,2022-05-08,Flood,1,0.0,0.0,0,0
ILLINOIS,ALEXANDER,2022-05-09,Flood,1,0.0,0.0,0,0
ILLINOIS,ALEXANDER,2022-05-10,Flood,1,0.0,0.0,0,0
ILLINOIS,ALEXANDER,2022-05-11,Flood,1,0.0,0.0,0,0
ILLINOIS,ALEXANDER,2022-05-12,Flood,1,0.0,0.0,0,0
ILLINOIS,ALEXANDER,2022-06-12,Excessive Heat,1,0.0,0.0,0,0
ILLINOIS,ALEXANDER,2022-06-13,Excessive Heat,1,0.0,0.0,0,0
ILLINOIS,ALEXANDER,2022-06-14,Excessive Heat,1,0.0,0.0,0,0
ILLINOIS,ALEXANDER,2022-06-15,Excessive Heat,1,0.0,0.0,0,0
ILLINOIS,ALEXANDER,2022-06-16,Excessive Heat,1,0.0,0.0,0,0
ILLINOIS,ALEXANDER,2022-07-04,Excessive Heat,1,0.0,0.0,0,0
ILLINOIS,ALEXANDER,2022-07-05,Excessive Heat,1,0.0,0.0,0,0
ILLINOIS,ALEXANDER,2022-07-06,Excessive Heat,1,0.0,0.0,0,0
ILLINOIS,ALEXANDER,2022-07-07,Excessive Heat,1,0.0,0.0,0,0
ILLINOIS,ALEXANDER,2022-07-08,Excessive Heat,1,0.0,0.0,0,0
ILLINOIS,ALEXANDER,2022-07-20,Excessive Heat,1,0.0,0.0,0,0
ILLINOIS,ALEXANDER,2022-07-22,Excessive Heat,1,0.0,0.0,0,0
ILLINOIS,ALEXANDER,2022-07-23,Excessive Heat,1,0.0,0.0,0,0
ILLINOIS,ALEXANDER,2022-07-24,Excessive Heat,1,0.0,0.0,0,0
ILLINOIS,ALEXANDER,2022-12-22,Winter Storm,1,0.0,0.0,0,0
ILLINOIS,ALEXANDER,2023-01-30,Winter Storm,1,0.0,0.0,0,0
ILLINOIS,ALEXANDER,2023-01-31,Winter Storm,1,0.0,0.0,0,0
ILLINOIS,ALEXANDER,2023-03-05,Flood,1,0.0,0.0,0,0
ILLINOIS,ALEXANDER,2023-03-06,Flood,1,0.0,0.0,0,0
ILLINOIS,ALEXANDER,2023-03-07,Flood,1,0.0,0.0,0,0
ILLINOIS,ALEXANDER,2023-03-08,Flood,1,0.0,0.0,0,0
ILLINOIS,ALEXANDER,2023-03-09,Flood,1,0.0,0.0,0,0
ILLINOIS,ALEXANDER,2023-03-10,Flood,1,0.0,0.0,0,0
ILLINOIS,ALEXANDER,2023-03-11,Flood,1,0.0,0.0,0,0
ILLINOIS,ALEXANDER,2023-03-12,Flood,1,0.0,0.0,0,0
ILLINOIS,ALEXANDER,2023-03-13,Flood,1,0.0,0.0,0,0
ILLINOIS,ALEXANDER,2023-03-14,Flood,1,0.0,0.0,0,0
ILLINOIS,ALEXANDER,2023-03-28,Flood,1,0.0,0.0,0,0
ILLINOIS,ALEXANDER,2023-03-29,Flood,1,0.0,0.0,0,0
ILLINOIS,ALEXANDER,2023-03-30,Flood,1,0.0,0.0,0,0
ILLINOIS,ALEXANDER,2023-03-31,Flood,1,0.0,0.0,0,0
ILLINOIS,ALEXANDER,2023-04-01,Flood,1,0.0,0.0,0,0
ILLINOIS,ALEXANDER,2023-04-02,Flood,1,0.0,0.0,0,0
ILLINOIS,ALEXANDER,2023-04-03,Flood,1,0.0,0.0,0,0
ILLINOIS,ALEXANDER,2023-04-04,Flood,1,0.0,0.0,0,0
ILLINOIS,ALEXANDER,2023-06-29,Excessive Heat,1,0.0,0.0,0,0
ILLINOIS,ALEXANDER,2023-06-30,Excessive Heat,1,0.0,0.0,0,0
ILLINOIS,ALEXANDER,2023-07-27,Excessive Heat,1,0.0,0.0,0,0
ILLINOIS,ALEXANDER,2023-07-28,Excessive Heat,1,0.0,0.0,0,0
ILLINOIS,ALEXANDER,2023-08-20,Excessive Heat,1,0.0,0.0,0,0
ILLINOIS,ALEXANDER,2023-08-21,Excessive Heat,1,0.0,0.0,0,0
ILLINOIS,ALEXANDER,2023-08-22,Excessive Heat,1,0.0,0.0,0,0
ILLINOIS,ALEXANDER,2023-08-23,Excessive Heat,1,0.0,0.0,0,0
ILLINOIS,ALEXANDER,2023-08-24,Excessive Heat,1,0.0,0.0,0,0
ILLINOIS,ALEXANDER,2023-08-25,Excessive Heat,1,0.0,0.0,0,0
ILLINOIS,ALEXANDER,2024-05-01,Flood,1,0.0,0.0,0,0
ILLINOIS,ALEXANDER,2024-05-02,Flood,1,0.0,0.0,0,0
ILLINOIS,ALEXANDER,2024-05-03,Flood,1,0.0,0.0,0,0
ILLINOIS,ALEXANDER,2024-05-04,Flood,1,0.0,0.0,0,0
ILLINOIS,ALEXANDER,2024-05-05,Flood,1,0.0,0.0,0,0
ILLINOIS,ALEXANDER,2024-05-06,Flood,1,0.0,0.0,0,0
ILLINOIS,ALEXANDER,2024-05-07,Flood,1,0.0,0.0,0,0
ILLINOIS,ALEXANDER,2024-05-08,Flood,1,0.0,0.0,0,0
ILLINOIS,ALEXANDER,2024-05-09,Flood,1,0.0,0.0,0,0
ILLINOIS,ALEXANDER,2024-05-10,Flood,1,0.0,0.0,0,0
ILLINOIS,ALEXANDER,2024-05-11,Flood,1,0.0,0.0,0,0
ILLINOIS,ALEXANDER,2024-05-12,Flood,1,0.0,0.0,0,0
ILLINOIS,ALEXANDER,2024-05-13,Flood,1,0.0,0.0,0,0
ILLINOIS,ALEXANDER,2024-05-14,Flood,1,0.0,0.0,0,0
ILLINOIS,ALEXANDER,2024-05-15,Flood,1,0.0,0.0,0,0
ILLINOIS,ALEXANDER,2024-05-16,Flood,1,0.0,0.0,0,0
ILLINOIS,ALEXANDER,2024-05-17,Flood,1,0.0,0.0,0,0
ILLINOIS,ALEXANDER,2024-05-18,Flood,1,0.0,0.0,0,0
ILLINOIS,ALEXANDER,2024-05-19,Flood,1,0.0,0.0,0,0
ILLINOIS,ALEXANDER,2024-05-20,Flood,1,0.0,0.0,0,0
ILLINOIS,ALEXANDER,2024-05-21,Flood,1,0.0,0.0,0,0
ILLINOIS,ALEXANDER,2024-06-25,Excessive Heat,1,0.0,0.0,0,0
ILLINOIS,ALEXANDER,2024-06-29,Excessive Heat,1,0.0,0.0,0,0
ILLINOIS,ALEXANDER,2024-07-03,Excessive Heat,1,0.0,0.0,0,0
ILLINOIS,ALEXANDER,2024-07-04,Excessive Heat,1,0.0,0.0,0,0
ILLINOIS,ALEXANDER,2024-07-05,Flood,1,0.0,0.0,0,0
ILLINOIS,ALEXANDER,2024-07-06,Flood,1,0.0,0.0,0,0
ILLINOIS,ALEXANDER,2024-07-07,Flood,1,0.0,0.0,0,0
ILLINOIS,ALEXANDER,2024-07-08,Flood,1,0.0,0.0,0,0
ILLINOIS,ALEXANDER,2024-07-09,Flood,1,0.0,0.0,0,0
ILLINOIS,ALEXANDER,2024-07-10,Flood,1,0.0,0.0,0,0
ILLINOIS,ALEXANDER,2024-07-11,Flood,1,0.0,0.0,0,0
ILLINOIS,ALEXANDER,2024-07-12,Flood,1,0.0,0.0,0,0
ILLINOIS,ALEXANDER,2024-07-13,Flood,1,0.0,0.0,0,0
ILLINOIS,ALEXANDER,2024-07-14,Flood,1,0.0,0.0,0,0
ILLINOIS,ALEXANDER,2024-07-15,Flood,1,0.0,0.0,0,0
ILLINOIS,ALEXANDER,2024-07-16,Flood,1,0.0,0.0,0,0
ILLINOIS,ALEXANDER,2024-07-17,Flood,1,0.0,0.0,0,0
ILLINOIS,ALEXANDER,2024-07-18,Flood,1,0.0,0.0,0,0
ILLINOIS,ALEXANDER,2024-07-19,Flood,1,0.0,0.0,0,0
ILLINOIS,ALEXANDER,2024-07-20,Flood,1,0.0,0.0,0,0
ILLINOIS,ALEXANDER,2024-07-21,Flood,1,0.0,0.0,0,0
ILLINOIS,ALEXANDER,2024-07-22,Flood,1,0.0,0.0,0,0
ILLINOIS,ALEXANDER,2024-07-29,Excessive Heat,1,0.0,0.0,0,0
ILLINOIS,ALEXANDER,2024-07-30,Excessive Heat,1,0.0,0.0,0,0
ILLINOIS,ALEXANDER,2024-07-31,Excessive Heat,1,0.0,0.0,0,0
ILLINOIS,ALEXANDER,2024-08-01,Excessive Heat,1,0.0,0.0,0,0
ILLINOIS,ALEXANDER,2025-02-16,Flood,1,0.0,0.0,0,0
ILLINOIS,ALEXANDER,2025-02-17,Flood,1,0.0,0.0,0,0
ILLINOIS,ALEXANDER,2025-02-18,Flood,1,0.0,0.0,0,0
ILLINOIS,ALEXANDER,2025-02-19,Flood,1,0.0,0.0,0,0
ILLINOIS,ALEXANDER,2025-02-20,Flood,1,0.0,0.0,0,0
ILLINOIS,ALEXANDER,2025-02-21,Flood,1,0.0,0.0,0,0
ILLINOIS,ALEXANDER,2025-02-22,Flood,1,0.0,0.0,0,0
ILLINOIS,ALEXANDER,2025-02-23,Flood,1,0.0,0.0,0,0
ILLINOIS,ALEXANDER,2025-02-24,Flood,1,0.0,0.0,0,0
ILLINOIS,ALEXANDER,2025-02-25,Flood,1,0.0,0.0,0,0
ILLINOIS,ALEXANDER,2025-02-26,Flood,1,0.0,0.0,0,0
ILLINOIS,ALEXANDER,2025-02-27,Flood,1,0.0,0.0,0,0
ILLINOIS,ALEXANDER,2025-02-28,Flood,1,0.0,0.0,0,0
ILLINOIS,ALEXANDER,2025-03-01,Flood,1,0.0,0.0,0,0
ILLINOIS,ALEXANDER,2025-07-16,Excessive Heat,1,0.0,0.0,0,0
ILLINOIS,ALEXANDER,2025-07-17,Excessive Heat,1,0.0,0.0,0,0
ILLINOIS,ALEXANDER,2025-07-18,Excessive Heat,1,0.0,0.0,0,0
ILLINOIS,ALEXANDER,2025-07-19,Excessive Heat,1,0.0,0.0,0,0
ILLINOIS,ALEXANDER,2025-07-20,Excessive Heat,1,0.0,0.0,0,0
ILLINOIS,ALEXANDER,2025-07-21,Excessive Heat,1,0.0,0.0,0,0
ILLINOIS,ALEXANDER,2025-07-22,Excessive Heat,1,0.0,0.0,0,0
ILLINOIS,ALEXANDER,2025-07-23,Excessive Heat,1,0.0,0.0,0,0
ILLINOIS,ALEXANDER,2025-07-24,Excessive Heat,1,0.0,0.0,0,0
ILLINOIS,ALEXANDER,2025-07-25,Excessive Heat,1,0.0,0.0,0,0
ILLINOIS,ALEXANDER,2025-07-26,Excessive Heat,1,0.0,0.0,0,0
ILLINOIS,ALEXANDER,2025-07-27,Excessive Heat,1,0.0,0.0,0,0
ILLINOIS,ALEXANDER,2025-07-28,Excessive Heat,1,0.0,0.0,0,0
ILLINOIS,ALEXANDER,2025-07-29,Excessive Heat,1,0.0,0.0,0,0
ILLINOIS,ALEXANDER,2025-07-30,Excessive Heat,1,0.0,0.0,0,0
ILLINOIS,ALEXANDER,2025-08-15,Excessive Heat,1,0.0,0.0,0,0
ILLINOIS,ALEXANDER,2025-08-16,Excessive Heat,1,0.0,0.0,0,0
ILLINOIS,ALEXANDER,2025-08-17,Excessive Heat,1,0.0,0.0,0,0
ILLINOIS,ALEXANDER,2025-08-18,Excessive Heat,1,0.0,0.0,0,0
ILLINOIS,ALEXANDER,2025-08-19,Excessive Heat,1,0.0,0.0,0,0
ILLINOIS,Alexander,2015-07-27,Excessive Heat,1,0.0,0.0,0,0
ILLINOIS,Alexander,2015-07-28,Excessive Heat,1,0.0,0.0,0,0
ILLINOIS,Alexander,2015-07-29,Excessive Heat,1,0.0,0.0,0,0
ILLINOIS,BOND,2010-07-14,Excessive Heat,1,0.0,0.0,0,0
ILLINOIS,BOND,2010-07-17,Excessive Heat,1,0.0,0.0,0,0
ILLINOIS,BOND,2010-07-22,Excessive Heat,1,0.0,0.0,0,0
ILLINOIS,BOND,2010-07-23,Excessive Heat,1,0.0,0.0,0,0
ILLINOIS,BOND,2010-07-24,Excessive Heat,1,0.0,0.0,0,0
ILLINOIS,BOND,2010-08-02,Excessive Heat,1,0.0,0.0,0,0
ILLINOIS,BOND,2010-08-03,Excessive Heat,1,0.0,0.0,0,0
ILLINOIS,BOND,2010-08-04,Excessive Heat,1,0.0,0.0,0,0
ILLINOIS,BOND,2010-08-08,Excessive Heat,1,0.0,0.0,0,0
ILLINOIS,BOND,2010-08-09,Excessive Heat,1,0.0,0.0,0,0
ILLINOIS,BOND,2010-08-10,Excessive Heat,1,0.0,0.0,0,0
ILLINOIS,BOND,2010-08-11,Excessive Heat,1,0.0,0.0,0,0
ILLINOIS,BOND,2010-08-12,Excessive Heat,1,0.0,0.0,0,0
ILLINOIS,BOND,2010-08-13,Excessive Heat,1,0.0,0.0,0,0
ILLINOIS,BOND,2010-08-14,Excessive Heat,1,0.0,0.0,0,0
ILLINOIS,BOND,2011-01-31,Winter Storm,1,0.0,0.0,0,0
ILLINOIS,BOND,2011-02-01,Winter Storm,1,0.0,0.0,0,0
ILLINOIS,BOND,2011-02-02,Winter Storm,1,0.0,0.0,0,0
ILLINOIS,BOND,2011-07-10,Excessive Heat,1,0.0,0.0,0,0
ILLINOIS,BOND,2011-07-11,Excessive Heat,1,0.0,0.0,0,0
ILLINOIS,BOND,2011-07-12,Excessive Heat,1,0.0,0.0,0,0
ILLINOIS,BOND,2011-07-17,Excessive Heat,1,0.0,0.0,0,0
ILLINOIS,BOND,2011-07-18,Excessive Heat,1,0.0,0.0,0,0
ILLINOIS,BOND,2011-07-19,Excessive Heat,1,0.0,0.0,0,0
ILLINOIS,BOND,2011-07-20,Excessive Heat,1,0.0,0.0,0,0
ILLINOIS,BOND,2011-07-21,Excessive Heat,1,0.0,0.0,0,0
ILLINOIS,BOND,2011-07-22,Excessive Heat,1,0.0,0.0,0,0
ILLINOIS,BOND,2011-07-23,Excessive Heat,1,0.0,0.0,0,0
ILLINOIS,BOND,2011-07-24,Excessive Heat,1,0.0,0.0,0,0
ILLINOIS,BOND,2011-07-25,Excessive Heat,1,0.0,0.0,0,0
ILLINOIS,BOND,2011-07-26,Excessive Heat,1,0.0,0.0,0,0
ILLINOIS,BOND,2011-07-27,Excessive Heat,1,0.0,0.0,0,0
ILLINOIS,BOND,2011-07-28,Excessive Heat,1,0.0,0.0,0,0
ILLINOIS,BOND,2011-07-29,Excessive Heat,1,0.0,0.0,0,0
ILLINOIS,BOND,2011-07-30,Excessive Heat,1,0.0,0.0,0,0
ILLINOIS,BOND,2011-07-31,Excessive Heat,1,0.0,0.0,0,0
ILLINOIS,BOND,2011-08-01,Excessive Heat,1,0.0,0.0,0,0
ILLINOIS,BOND,2011-08-02,Excessive Heat,1,0.0,0.0,0,0
ILLINOIS,BOND,2011-08-03,Excessive Heat,1,0.0,0.0,0,0
ILLINOIS,BOND,2012-06-27,Excessive Heat,1,0.0,0.0,0,0
ILLINOIS,BOND,2012-06-28,Excessive Heat,1,0.0,0.0,0,0
ILLINOIS,BOND,2012-06-29,Excessive Heat,1,0.0,0.0,0,0
ILLINOIS,BOND,2012-06-30,Excessive Heat,1,0.0,0.0,0,0
ILLINOIS,BOND,2012-07-01,Excessive Heat,1,0.0,0.0,0,0
ILLINOIS,BOND,2012-07-02,Excessive Heat,1,0.0,0.0,0,0
ILLINOIS,BOND,2012-07-03,Excessive Heat,1,0.0,0.0,0,0
ILLINOIS,BOND,2012-07-04,Excessive Heat,1,0.0,0.0,0,0
ILLINOIS,BOND,2012-07-05,Excessive Heat,1,0.0,0.0,0,0
ILLINOIS,BOND,2012-07-06,Excessive Heat,1,0.0,0.0,0,0
ILLINOIS,BOND,2012-07-07,Excessive Heat,1,0.0,0.0,0,0
ILLINOIS,BOND,2012-07-08,Excessive Heat,1,0.0,0.0,0,0
ILLINOIS,BOND,2012-07-16,Excessive Heat,1,0.0,0.0,0,0
ILLINOIS,BOND,2012-07-17,Excessive Heat,1,0.0,0.0,0,0
ILLINOIS,BOND,2012-07-18,Excessive Heat,1,0.0,0.0,0,0
ILLINOIS,BOND,2012-07-19,Excessive Heat,1,0.0,0.0,0,0
ILLINOIS,BOND,2012-07-22,Excessive Heat,1,0.0,0.0,0,0
ILLINOIS,BOND,2012-07-23,Excessive Heat,1,0.0,0.0,0,0
ILLINOIS,BOND,2012-07-24,Excessive Heat,1,0.0,0.0,0,0
ILLINOIS,BOND,2012-07-25,Excessive Heat,1,0.0,0.0,0,0
ILLINOIS,BOND,2012-07-26,Excessive Heat,1,0.0,0.0,0,0
ILLINOIS,BOND,2012-07-27,Excessive Heat,1,0.0,0.0,0,0
ILLINOIS,BOND,2013-02-21,Winter Storm,1,0.0,0.0,0,0
ILLINOIS,BOND,2014-01-05,Winter Storm,1,0.0,0.0,0,0
ILLINOIS,BOND,2014-03-01,Winter Storm,1,0.0,0.0,0,0
ILLINOIS,BOND,2014-03-02,Winter Storm,1,0.0,0.0,0,0
ILLINOIS,BOND,2014-08-20,Excessive Heat,1,0.0,0.0,0,0
ILLINOIS,BOND,2014-08-21,Excessive Heat,1,0.0,0.0,0,0
ILLINOIS,BOND,2014-08-22,Excessive Heat,1,0.0,0.0,0,0
ILLINOIS,BOND,2014-08-23,Excessive Heat,1,0.0,0.0,0,0
ILLINOIS,BOND,2014-08-24,Excessive Heat,1,0.0,0.0,0,0
ILLINOIS,BOND,2014-08-25,Excessive Heat,1,0.0,0.0,0,0
ILLINOIS,BOND,2014-08-26,Excessive Heat,1,0.0,0.0,0,0
ILLINOIS,BOND,2014-08-27,Excessive Heat,1,0.0,0.0,0,0
ILLINOIS,BOND,2015-07-12,Excessive Heat,1,0.0,0.0,0,0
ILLINOIS,BOND,2015-07-13,Excessive Heat,1,0.0,0.0,0,0
ILLINOIS,BOND,2015-07-14,Excessive Heat,1,0.0,0.0,0,0
ILLINOIS,BOND,2015-07-18,Excessive Heat,1,0.0,0.0,0,0
ILLINOIS,BOND,2015-07-19,Excessive Heat,1,0.0,0.0,0,0
ILLINOIS,BOND,2015-07-27,Excessive Heat,1,0.0,0.0,0,0
ILLINOIS,BOND,2015-07-28,Excessive Heat,1,0.0,0.0,0,0
ILLINOIS,BOND,2015-07-29,Excessive Heat,1,0.0,0.0,0,0
ILLINOIS,BOND,2016-07-18,Excessive Heat,1,0.0,0.0,0,0
ILLINOIS,BOND,2016-07-19,Excessive Heat,1,0.0,0.0,0,0
ILLINOIS,BOND,2016-07-20,Excessive Heat,1,0.0,0.0,0,0
ILLINOIS,BOND,2016-07-21,Excessive Heat,1,0.0,0.0,0,0
ILLINOIS,BOND,2016-07-22,Excessive Heat,1,0.0,0.0,0,0
ILLINOIS,BOND,2016-07-23,Excessive Heat,1,0.0,0.0,0,0
ILLINOIS,BOND,2016-07-24,Excessive Heat,1,0.0,0.0,0,0
ILLINOIS,BOND,2017-07-19,Excessive Heat,1,0.0,0.0,0,0
ILLINOIS,BOND,2017-07-20,Excessive Heat,1,0.0,0.0,0,0
ILLINOIS,BOND,2017-07-21,Excessive Heat,1,0.0,0.0,0,0
ILLINOIS,BOND,2017-07-22,Excessive Heat,1,0.0,0.0,0,0
ILLINOIS,BOND,2017-07-23,Excessive Heat,1,0.0,0.0,0,0
ILLINOIS,BOND,2018-06-28,Excessive Heat,1,0.0,0.0,0,0
ILLINOIS,BOND,2018-06-29,Excessive Heat,1,0.0,0.0,0,0
ILLINOIS,BOND,2018-06-30,Excessive Heat,1,0.0,0.0,0,0
ILLINOIS,BOND,2019-12-15,Winter Storm,1,0.0,0.0,0,0
ILLINOIS,BOND,2019-12-16,Winter Storm,1,0.0,0.0,0,0
ILLINOIS,BOND,2022-12-22,Winter Storm,1,0.0,0.0,0,0
ILLINOIS,BOND,2023-07-27,Excessive Heat,1,0.0,0.0,0,0
ILLINOIS,BOND,2023-07-28,Excessive Heat,1,0.0,0.0,0,0
ILLINOIS,BOND,2023-07-29,Excessive Heat,1,0.0,0.0,0,0
ILLINOIS,BOND,2023-08-20,Excessive Heat,1,0.0,0.0,0,0
ILLINOIS,BOND,2023-08-21,Excessive Heat,1,0.0,0.0,0,0
ILLINOIS,BOND,2023-08-22,Excessive Heat,1,0.0,0.0,0,0
ILLINOIS,BOND,2023-08-23,Excessive Heat,1,0.0,0.0,0,0
ILLINOIS,BOND,2023-08-24,Excessive Heat,1,0.0,0.0,0,0
ILLINOIS,BOND,2023-08-25,Excessive Heat,1,0.0,0.0,0,0
ILLINOIS,BOND,2025-01-05,Winter Storm,1,0.0,0.0,0,0
ILLINOIS,BOND,2025-01-06,Winter Storm,1,0.0,0.0,0,0
ILLINOIS,BOND,2025-11-29,Winter Storm,1,0.0,0.0,0,0
ILLINOIS,BOONE,2010-01-06,Winter Storm,1,0.0,0.0,0,0
ILLINOIS,BOONE,2010-01-07,Winter Storm,1,0.0,0.0,0,0
ILLINOIS,BOONE,2010-07-24,Flood,1,0.0,0.0,0,0
ILLINOIS,BOONE,2010-12-11,Winter Storm,1,0.0,0.0,0,0
ILLINOIS,BOONE,2010-12-12,Winter Storm,1,0.0,0.0,0,0
ILLINOIS,BOONE,2011-02-01,Blizzard,1,0.0,0.0,0,0
ILLINOIS,BOONE,2011-02-02,Blizzard,1,0.0,0.0,0,0
ILLINOIS,BOONE,2012-01-20,Winter Storm,1,0.0,0.0,0,0
ILLINOIS,BOONE,2012-07-04,Excessive Heat,1,0.0,0.0,0,0
ILLINOIS,BOONE,2012-07-05,Excessive Heat,1,0.0,0.0,0,0
ILLINOIS,BOONE,2012-07-06,Excessive Heat,1,0.0,0.0,0,0
ILLINOIS,BOONE,2012-07-07,Excessive Heat,1,0.0,0.0,0,0
ILLINOIS,BOONE,2013-03-05,Winter Storm,1,0.0,0.0,0,0
ILLINOIS,BOONE,2014-01-26,Winter Storm,1,0.0,0.0,0,0
ILLINOIS,BOONE,2014-01-27,Winter Storm,1,0.0,0.0,0,0
ILLINOIS,BOONE,2015-02-01,Blizzard,1,0.0,0.0,0,0
ILLINOIS,BOONE,2015-02-02,Blizzard,1,0.0,0.0,0,0
ILLINOIS,BOONE,2017-06-14,Flood,1,0.0,0.0,0,0
ILLINOIS,BOONE,2017-06-29,Flood,1,0.0,0.0,0,0
ILLINOIS,BOONE,2018-02-08,Winter Storm,1,0.0,0.0,0,0
ILLINOIS,BOONE,2018-02-09,Winter Storm,1,0.0,0.0,0,0
ILLINOIS,BOONE,2018-06-26,Flood,1,0.0,0.0,0,0
ILLINOIS,BOONE,2018-11-25,Winter Storm,1,0.0,0.0,0,0
ILLINOIS,BOONE,2018-11-26,Winter Storm,1,0.0,0.0,0,0
ILLINOIS,BOONE,2019-01-18,Winter Storm,1,0.0,0.0,0,0
ILLINOIS,BOONE,2019-01-19,Winter Storm,1,0.0,0.0,0,0
ILLINOIS,BOONE,2019-07-19,Excessive Heat,1,0.0,0.0,0,0
ILLINOIS,BOONE,2019-07-20,Excessive Heat,1,0.0,0.0,0,0
ILLINOIS,BOONE,2019-09-13,Flood,1,0.0,0.0,0,0
ILLINOIS,BOONE,2020-06-26,Flood,1,0.0,0.0,0,0
ILLINOIS,BOONE,2021-01-30,Winter Storm,1,0.0,0.0,0,0
ILLINOIS,BOONE,2021-01-31,Winter Storm,1,0.0,0.0,0,0
ILLINOIS,BOONE,2021-02-04,Winter Storm,1,0.0,0.0,0,0
ILLINOIS,BOONE,2021-02-05,Winter Storm,1,0.0,0.0,0,0
ILLINOIS,BOONE,2021-08-09,Flood,1,0.0,0.0,0,0
ILLINOIS,BOONE,2022-04-30,Flood,1,0.0,0.0,0,0
ILLINOIS,BOONE,2022-07-06,Flood,1,0.0,0.0,0,0
ILLINOIS,BOONE,2022-07-07,Flood,1,0.0,0.0,0,0
ILLINOIS,BOONE,2022-12-22,Winter Storm,1,0.0,0.0,0,0
ILLINOIS,BOONE,2022-12-23,Winter Storm,1,0.0,0.0,0,0
ILLINOIS,BOONE,2022-12-24,Winter Storm,1,0.0,0.0,0,0
ILLINOIS,BOONE,2023-01-28,Winter Storm,1,0.0,0.0,0,0
ILLINOIS,BOONE,2023-01-29,Winter Storm,1,0.0,0.0,0,0
ILLINOIS,BOONE,2023-03-09,Winter Storm,1,0.0,0.0,0,0
ILLINOIS,BOONE,2023-03-10,Winter Storm,1,0.0,0.0,0,0
ILLINOIS,BOONE,2023-07-26,Excessive Heat,1,0.0,0.0,0,0
ILLINOIS,BOONE,2023-07-27,Excessive Heat,1,0.0,0.0,0,0
ILLINOIS,BOONE,2023-07-28,Excessive Heat,1,0.0,0.0,0,0
ILLINOIS,BOONE,2023-08-23,Excessive Heat,1,0.0,0.0,0,0
ILLINOIS,BOONE,2023-08-24,Excessive Heat,1,0.0,0.0,0,0
ILLINOIS,BOONE,2024-01-12,Winter Storm,1,0.0,0.0,0,0
ILLINOIS,BOONE,2024-01-13,Winter Storm,1,0.0,0.0,0,0
ILLINOIS,BOONE,2024-03-22,Winter Storm,1,0.0,0.0,0,0
ILLINOIS,BOONE,2024-07-13,Flood,1,0.0,0.0,0,0
ILLINOIS,BOONE,2024-07-14,Flood,1,0.0,0.0,0,0
ILLINOIS,BOONE,2025-06-21,Excessive Heat,1,0.0,0.0,0,0
ILLINOIS,BOONE,2025-11-29,Winter Storm,1,0.0,0.0,0,0
ILLINOIS,BOONE,2025-11-30,Winter Storm,1,0.0,0.0,0,0
ILLINOIS,BOONE,2025-12-06,Winter Storm,1,0.0,0.0,0,0
ILLINOIS,BOONE,2025-12-07,Winter Storm,1,0.0,0.0,0,0
ILLINOIS,BROWN,2010-06-18,Excessive Heat,1,0.0,0.0,0,0
ILLINOIS,BROWN,2010-06-19,Excessive Heat,1,0.0,0.0,0,0
ILLINOIS,BROWN,2010-06-20,Excessive Heat,1,0.0,0.0,0,0
ILLINOIS,BROWN,2010-06-21,Excessive Heat,1,0.0,0.0,0,0
ILLINOIS,BROWN,2010-06-22,Excessive Heat,1,0.0,0.0,0,0
ILLINOIS,BROWN,2010-06-23,Excessive Heat,1,0.0,0.0,0,0
ILLINOIS,BROWN,2010-07-14,Excessive Heat,1,0.0,0.0,0,0
ILLINOIS,BROWN,2010-07-17,Excessive Heat,1,0.0,0.0,0,0
ILLINOIS,BROWN,2010-07-22,Excessive Heat,1,0.0,0.0,0,0
ILLINOIS,BROWN,2010-07-23,Excessive Heat,1,0.0,0.0,0,0
ILLINOIS,BROWN,2010-07-24,Excessive Heat,1,0.0,0.0,0,0
ILLINOIS,BROWN,2010-08-02,Excessive Heat,1,0.0,0.0,0,0
ILLINOIS,BROWN,2010-08-03,Excessive Heat,1,0.0,0.0,0,0
ILLINOIS,BROWN,2010-08-04,Excessive Heat,1,0.0,0.0,0,0
ILLINOIS,BROWN,2010-08-08,Excessive Heat,1,0.0,0.0,0,0
ILLINOIS,BROWN,2010-08-09,Excessive Heat,1,0.0,0.0,0,0
ILLINOIS,BROWN,2010-08-10,Excessive Heat,1,0.0,0.0,0,0
ILLINOIS,BROWN,2010-08-11,Excessive Heat,1,0.0,0.0,0,0
ILLINOIS,BROWN,2010-08-12,Excessive Heat,1,0.0,0.0,0,0
ILLINOIS,BROWN,2010-08-13,Excessive Heat,1,0.0,0.0,0,0
ILLINOIS,BROWN,2010-08-14,Excessive Heat,1,0.0,0.0,0,0
ILLINOIS,BROWN,2011-01-31,Winter Storm,1,0.0,0.0,0,0
ILLINOIS,BROWN,2011-02-01,Blizzard,1,0.0,0.0,0,0
ILLINOIS,BROWN,2011-02-01,Winter Storm,1,0.0,0.0,0,0
ILLINOIS,BROWN,2011-02-02,Blizzard,1,0.0,0.0,0,0
ILLINOIS,BROWN,2011-07-10,Excessive Heat,1,0.0,0.0,0,0
ILLINOIS,BROWN,2011-07-11,Excessive Heat,1,0.0,0.0,0,0
ILLINOIS,BROWN,2011-07-12,Excessive Heat,1,0.0,0.0,0,0
ILLINOIS,BROWN,2011-07-17,Excessive Heat,1,0.0,0.0,0,0
ILLINOIS,BROWN,2011-07-18,Excessive Heat,1,0.0,0.0,0,0
ILLINOIS,BROWN,2011-07-19,Excessive Heat,1,0.0,0.0,0,0
ILLINOIS,BROWN,2011-07-20,Excessive Heat,1,0.0,0.0,0,0
ILLINOIS,BROWN,2011-07-21,Excessive Heat,1,0.0,0.0,0,0
ILLINOIS,BROWN,2011-07-22,Excessive Heat,1,0.0,0.0,0,0
ILLINOIS,BROWN,2011-07-23,Excessive Heat,1,0.0,0.0,0,0
ILLINOIS,BROWN,2011-07-24,Excessive Heat,1,0.0,0.0,0,0
ILLINOIS,BROWN,2011-07-25,Excessive Heat,1,0.0,0.0,0,0
ILLINOIS,BROWN,2011-07-26,Excessive Heat,1,0.0,0.0,0,0
ILLINOIS,BROWN,2011-07-27,Excessive Heat,1,0.0,0.0,0,0
ILLINOIS,BROWN,2011-07-28,Excessive Heat,1,0.0,0.0,0,0
ILLINOIS,BROWN,2011-08-01,Excessive Heat,1,0.0,0.0,0,0
ILLINOIS,BROWN,2011-08-02,Excessive Heat,1,0.0,0.0,0,0
ILLINOIS,BROWN,2011-08-03,Excessive Heat,1,0.0,0.0,0,0
ILLINOIS,BROWN,2012-06-27,Excessive Heat,1,0.0,0.0,0,0
ILLINOIS,BROWN,2012-06-28,Excessive Heat,1,0.0,0.0,0,0
ILLINOIS,BROWN,2012-06-29,Excessive Heat,1,0.0,0.0,0,0
ILLINOIS,BROWN,2012-06-30,Excessive Heat,1,0.0,0.0,0,0
ILLINOIS,BROWN,2012-07-01,Excessive Heat,1,0.0,0.0,0,0
ILLINOIS,BROWN,2012-07-02,Excessive Heat,1,0.0,0.0,0,0
ILLINOIS,BROWN,2012-07-03,Excessive Heat,1,0.0,0.0,0,0
ILLINOIS,BROWN,2012-07-04,Excessive Heat,1,0.0,0.0,0,0
ILLINOIS,BROWN,2012-07-05,Excessive Heat,1,0.0,0.0,0,0
ILLINOIS,BROWN,2012-07-06,Excessive Heat,1,0.0,0.0,0,0
ILLINOIS,BROWN,2012-07-07,Excessive Heat,1,0.0,0.0,0,0
ILLINOIS,BROWN,2012-07-08,Excessive Heat,1,0.0,0.0,0,0
ILLINOIS,BROWN,2012-07-16,Excessive Heat,1,0.0,0.0,0,0
ILLINOIS,BROWN,2012-07-17,Excessive Heat,1,0.0,0.0,0,0
ILLINOIS,BROWN,2012-07-18,Excessive Heat,1,0.0,0.0,0,0
ILLINOIS,BROWN,2012-07-19,Excessive Heat,1,0.0,0.0,0,0
ILLINOIS,BROWN,2012-07-22,Excessive Heat,1,0.0,0.0,0,0
ILLINOIS,BROWN,2012-07-23,Excessive Heat,1,0.0,0.0,0,0
ILLINOIS,BROWN,2012-07-24,Excessive Heat,1,0.0,0.0,0,0
ILLINOIS,BROWN,2012-07-25,Excessive Heat,1,0.0,0.0,0,0
ILLINOIS,BROWN,2012-07-26,Excessive Heat,1,0.0,0.0,0,0
ILLINOIS,BROWN,2012-07-27,Excessive Heat,1,0.0,0.0,0,0
ILLINOIS,BROWN,2013-02-21,Winter Storm,1,0.0,0.0,0,0
ILLINOIS,BROWN,2013-02-22,Winter Storm,1,0.0,0.0,0,0
ILLINOIS,BROWN,2013-03-24,Blizzard,1,0.0,0.0,0,0
ILLINOIS,BROWN,2013-04-18,Flood,1,1000.0,5000.0,0,0
ILLINOIS,BROWN,2013-04-19,Flood,1,6000.0,15000.0,0,0
ILLINOIS,BROWN,2013-04-20,Flood,1,6000.0,15000.0,0,0
ILLINOIS,BROWN,2013-04-21,Flood,1,6000.0,15000.0,0,0
ILLINOIS,BROWN,2013-04-22,Flood,1,6000.0,15000.0,0,0
ILLINOIS,BROWN,2013-04-23,Flood,1,6000.0,15000.0,0,0
ILLINOIS,BROWN,2013-04-24,Flood,1,6000.0,15000.0,0,0
ILLINOIS,BROWN,2013-04-25,Flood,1,6000.0,15000.0,0,0
ILLINOIS,BROWN,2013-04-26,Flood,1,6000.0,15000.0,0,0
ILLINOIS,BROWN,2013-04-27,Flood,1,5000.0,10000.0,0,0
ILLINOIS,BROWN,2013-04-28,Flood,1,5000.0,10000.0,0,0
ILLINOIS,BROWN,2013-04-29,Flood,1,5000.0,10000.0,0,0
ILLINOIS,BROWN,2013-04-30,Flood,1,5000.0,10000.0,0,0
ILLINOIS,BROWN,2013-05-01,Flood,1,2000.0,10000.0,0,0
ILLINOIS,BROWN,2013-05-02,Flood,1,2000.0,10000.0,0,0
ILLINOIS,BROWN,2013-05-03,Flood,1,2000.0,10000.0,0,0
ILLINOIS,BROWN,2013-05-04,Flood,1,2000.0,10000.0,0,0
ILLINOIS,BROWN,2013-05-05,Flood,1,2000.0,10000.0,0,0
ILLINOIS,BROWN,2013-05-06,Flood,1,2000.0,10000.0,0,0
ILLINOIS,BROWN,2013-05-07,Flood,1,2000.0,10000.0,0,0
ILLINOIS,BROWN,2013-05-08,Flood,1,2000.0,10000.0,0,0
ILLINOIS,BROWN,2013-05-09,Flood,1,2000.0,10000.0,0,0
ILLINOIS,BROWN,2013-05-10,Flood,1,2000.0,10000.0,0,0
ILLINOIS,BROWN,2013-05-11,Flood,1,2000.0,10000.0,0,0
ILLINOIS,BROWN,2013-05-12,Flood,1,2000.0,10000.0,0,0
ILLINOIS,BROWN,2013-05-13,Flood,1,2000.0,10000.0,0,0
ILLINOIS,BROWN,2013-05-14,Flood,1,2000.0,10000.0,0,0
ILLINOIS,BROWN,2013-05-15,Flood,1,2000.0,10000.0,0,0
ILLINOIS,BROWN,2013-05-16,Flood,1,2000.0,10000.0,0,0
ILLINOIS,BROWN,2013-05-17,Flood,1,2000.0,10000.0,0,0
ILLINOIS,BROWN,2013-05-18,Flood,1,2000.0,10000.0,0,0
ILLINOIS,BROWN,2013-05-19,Flood,1,2000.0,10000.0,0,0
ILLINOIS,BROWN,2013-05-20,Flood,1,2000.0,10000.0,0,0
ILLINOIS,BROWN,2013-05-21,Flood,1,2000.0,10000.0,0,0
ILLINOIS,BROWN,2013-05-22,Flood,1,2000.0,10000.0,0,0
ILLINOIS,BROWN,2013-05-23,Flood,1,2000.0,10000.0,0,0
ILLINOIS,BROWN,2013-05-24,Flood,1,2000.0,10000.0,0,0
ILLINOIS,BROWN,2013-05-25,Flood,1,2000.0,10000.0,0,0
ILLINOIS,BROWN,2013-05-26,Flood,1,2000.0,10000.0,0,0
ILLINOIS,BROWN,2013-05-27,Flood,1,2000.0,10000.0,0,0
ILLINOIS,BROWN,2013-05-28,Flood,1,2000.0,10000.0,0,0
ILLINOIS,BROWN,2013-05-29,Flood,1,2000.0,10000.0,0,0
ILLINOIS,BROWN,2013-05-30,Flood,1,2000.0,10000.0,0,0
ILLINOIS,BROWN,2013-05-31,Flood,1,2000.0,10000.0,0,0
ILLINOIS,BROWN,2013-06-01,Flood,1,1000.0,5000.0,0,0
ILLINOIS,BROWN,2013-06-02,Flood,1,1000.0,5000.0,0,0
ILLINOIS,BROWN,2013-06-03,Flood,1,1000.0,5000.0,0,0
ILLINOIS,BROWN,2013-06-04,Flood,1,1000.0,5000.0,0,0
ILLINOIS,BROWN,2013-06-05,Flood,1,1000.0,5000.0,0,0
ILLINOIS,BROWN,2013-06-06,Flood,1,1000.0,5000.0,0,0
ILLINOIS,BROWN,2013-06-07,Flood,1,1000.0,5000.0,0,0
ILLINOIS,BROWN,2013-06-08,Flood,1,1000.0,5000.0,0,0
ILLINOIS,BROWN,2013-06-09,Flood,1,1000.0,5000.0,0,0
ILLINOIS,BROWN,2013-06-10,Flood,1,1000.0,5000.0,0,0
ILLINOIS,BROWN,2013-06-11,Flood,1,1000.0,5000.0,0,0
ILLINOIS,BROWN,2013-06-12,Flood,1,1000.0,5000.0,0,0
ILLINOIS,BROWN,2013-06-13,Flood,1,1000.0,5000.0,0,0
ILLINOIS,BROWN,2013-06-14,Flood,1,1000.0,5000.0,0,0
ILLINOIS,BROWN,2013-06-15,Flood,1,1000.0,5000.0,0,0
ILLINOIS,BROWN,2013-06-16,Flood,1,1000.0,5000.0,0,0
ILLINOIS,BROWN,2013-06-17,Flood,1,1000.0,5000.0,0,0
ILLINOIS,BROWN,2013-06-18,Flood,1,1000.0,5000.0,0,0
ILLINOIS,BROWN,2013-06-19,Flood,1,1000.0,5000.0,0,0
ILLINOIS,BROWN,2013-06-20,Flood,1,1000.0,5000.0,0,0
ILLINOIS,BROWN,2013-06-21,Flood,1,1000.0,5000.0,0,0
ILLINOIS,BROWN,2013-06-22,Flood,1,1000.0,5000.0,0,0
ILLINOIS,BROWN,2013-06-23,Flood,1,1000.0,5000.0,0,0
ILLINOIS,BROWN,2013-12-21,Winter Storm,1,0.0,0.0,0,0
ILLINOIS,BROWN,2013-12-22,Winter Storm,1,0.0,0.0,0,0
ILLINOIS,BROWN,2014-01-05,Winter Storm,1,0.0,0.0,0,0
ILLINOIS,BROWN,2014-02-04,Winter Storm,1,0.0,0.0,0,0
ILLINOIS,BROWN,2014-02-05,Winter Storm,1,0.0,0.0,0,0
ILLINOIS,BROWN,2014-08-20,Excessive Heat,1,0.0,0.0,0,0
ILLINOIS,BROWN,2014-08-21,Excessive Heat,1,0.0,0.0,0,0
ILLINOIS,BROWN,2014-08-22,Excessive Heat,1,0.0,0.0,0,0
ILLINOIS,BROWN,2014-08-23,Excessive Heat,1,0.0,0.0,0,0
ILLINOIS,BROWN,2014-08-24,Excessive Heat,1,0.0,0.0,0,0
ILLINOIS,BROWN,2014-08-25,Excessive Heat,1,0.0,0.0,0,0
ILLINOIS,BROWN,2014-08-26,Excessive Heat,1,0.0,0.0,0,0
ILLINOIS,BROWN,2014-08-27,Excessive Heat,1,0.0,0.0,0,0
ILLINOIS,BROWN,2015-07-12,Excessive Heat,1,0.0,0.0,0,0
ILLINOIS,BROWN,2015-07-13,Excessive Heat,1,0.0,0.0,0,0
ILLINOIS,BROWN,2015-07-17,Excessive Heat,1,0.0,0.0,0,0
ILLINOIS,BROWN,2015-07-18,Excessive Heat,1,0.0,0.0,0,0
ILLINOIS,BROWN,2015-07-27,Excessive Heat,1,0.0,0.0,0,0
ILLINOIS,BROWN,2015-07-28,Excessive Heat,1,0.0,0.0,0,0
ILLINOIS,BROWN,2015-07-29,Excessive Heat,1,0.0,0.0,0,0
ILLINOIS,BROWN,2016-07-18,Excessive Heat,1,0.0,0.0,0,0
ILLINOIS,BROWN,2016-07-19,Excessive Heat,1,0.0,0.0,0,0
ILLINOIS,BROWN,2016-07-20,Excessive Heat,1,0.0,0.0,0,0
ILLINOIS,BROWN,2016-07-21,Excessive Heat,1,0.0,0.0,0,0
ILLINOIS,BROWN,2016-07-22,Excessive Heat,1,0.0,0.0,0,0
ILLINOIS,BROWN,2016-07-23,Excessive Heat,1,0.0,0.0,0,0
ILLINOIS,BROWN,2016-07-24,Excessive Heat,1,0.0,0.0,0,0
ILLINOIS,BROWN,2017-07-19,Excessive Heat,1,0.0,0.0,0,0
ILLINOIS,BROWN,2017-07-20,Excessive Heat,1,0.0,0.0,0,0
ILLINOIS,BROWN,2017-07-21,Excessive Heat,1,0.0,0.0,0,0
ILLINOIS,BROWN,2017-07-22,Excessive Heat,1,0.0,0.0,0,0
ILLINOIS,BROWN,2017-07-23,Excessive Heat,1,0.0,0.0,0,0
ILLINOIS,BROWN,2018-11-25,Blizzard,1,0.0,0.0,0,0
ILLINOIS,BROWN,2018-11-26,Blizzard,1,0.0,0.0,0,0
ILLINOIS,BROWN,2022-12-22,Winter Storm,1,0.0,0.0,0,0
ILLINOIS,BROWN,2023-07-27,Excessive Heat,1,0.0,0.0,0,0
ILLINOIS,BROWN,2023-07-28,Excessive Heat,1,0.0,0.0,0,0
ILLINOIS,BROWN,2023-08-20,Excessive Heat,1,0.0,0.0,0,0
ILLINOIS,BROWN,2023-08-21,Excessive Heat,1,0.0,0.0,0,0
ILLINOIS,BROWN,2023-08-22,Excessive Heat,1,0.0,0.0,0,0
ILLINOIS,BROWN,2023-08-23,Excessive Heat,1,0.0,0.0,0,0
ILLINOIS,BROWN,2023-08-24,Excessive Heat,1,0.0,0.0,0,0
ILLINOIS,BROWN,2023-08-25,Excessive Heat,1,0.0,0.0,0,0
ILLINOIS,BROWN,2024-01-08,Winter Storm,1,0.0,0.0,0,0
ILLINOIS,BROWN,2024-01-09,Winter Storm,1,0.0,0.0,0,0
ILLINOIS,BROWN,2025-01-05,Winter Storm,1,0.0,0.0,0,0
ILLINOIS,BROWN,2025-01-06,Winter Storm,1,0.0,0.0,0,0
ILLINOIS,BROWN,2025-11-29,Winter Storm,1,0.0,0.0,0,0
ILLINOIS,BUREAU,2010-01-06,Winter Storm,1,0.0,0.0,0,0
ILLINOIS,BUREAU,2010-01-07,Winter Storm,1,0.0,0.0,0,0
ILLINOIS,BUREAU,2010-12-03,Winter Storm,1,0.0,0.0,0,0
ILLINOIS,BUREAU,2010-12-04,Winter Storm,1,0.0,0.0,0,0
ILLINOIS,BUREAU,2010-12-12,Blizzard,1,0.0,0.0,0,0
ILLINOIS,BUREAU,2011-02-01,Blizzard,1,0.0,0.0,0,0
ILLINOIS,BUREAU,2011-02-02,Blizzard,1,0.0,0.0,0,0
ILLINOIS,BUREAU,2012-01-12,Winter Storm,1,0.0,0.0,0,0
ILLINOIS,BUREAU,2012-07-04,Excessive Heat,1,0.0,0.0,0,0
ILLINOIS,BUREAU,2012-07-05,Excessive Heat,1,0.0,0.0,0,0
ILLINOIS,BUREAU,2012-07-06,Excessive Heat,1,0.0,0.0,0,0
ILLINOIS,BUREAU,2012-07-07,Excessive Heat,1,0.0,0.0,0,0
ILLINOIS,BUREAU,2012-12-20,Blizzard,1,0.0,0.0,0,0
ILLINOIS,BUREAU,2013-02-26,Winter Storm,1,0.0,0.0,0,0
ILLINOIS,BUREAU,2013-02-27,Winter Storm,1,0.0,0.0,0,0
ILLINOIS,BUREAU,2013-03-04,Winter Storm,1,0.0,0.0,0,0
ILLINOIS,BUREAU,2013-03-05,Winter Storm,1,0.0,0.0,0,0
ILLINOIS,BUREAU,2014-01-04,Winter Storm,1,0.0,0.0,0,0
ILLINOIS,BUREAU,2014-01-05,Winter Storm,1,0.0,0.0,0,0
ILLINOIS,BUREAU,2014-01-06,Winter Storm,1,0.0,0.0,0,0
ILLINOIS,BUREAU,2014-02-04,Winter Storm,1,0.0,0.0,0,0
ILLINOIS,BUREAU,2014-02-05,Winter Storm,1,0.0,0.0,0,0
ILLINOIS,BUREAU,2014-02-17,Winter Storm,1,0.0,0.0,0,0
ILLINOIS,BUREAU,2015-01-05,Winter Storm,1,0.0,0.0,0,0
ILLINOIS,BUREAU,2015-01-06,Winter Storm,1,0.0,0.0,0,0
ILLINOIS,BUREAU,2015-02-01,Winter Storm,1,0.0,0.0,0,0
ILLINOIS,BUREAU,2015-11-20,Winter Storm,1,0.0,0.0,0,0
ILLINOIS,BUREAU,2015-11-21,Winter Storm,1,0.0,0.0,0,0
ILLINOIS,BUREAU,2015-12-28,Winter Storm,1,0.0,0.0,0,0
ILLINOIS,BUREAU,2015-12-29,Winter Storm,1,0.0,0.0,0,0
ILLINOIS,BUREAU,2016-12-04,Winter Storm,1,0.0,0.0,0,0
ILLINOIS,BUREAU,2017-12-29,Winter Storm,1,0.0,0.0,0,0
ILLINOIS,BUREAU,2018-11-25,Blizzard,1,0.0,0.0,0,0
ILLINOIS,BUREAU,2018-11-26,Blizzard,1,0.0,0.0,0,0
ILLINOIS,BUREAU,2019-01-12,Winter Storm,1,0.0,0.0,0,0
ILLINOIS,BUREAU,2019-01-13,Winter Storm,1,0.0,0.0,0,0
ILLINOIS,BUREAU,2019-01-18,Winter Storm,1,0.0,0.0,0,0
ILLINOIS,BUREAU,2019-01-19,Winter Storm,1,0.0,0.0,0,0
ILLINOIS,BUREAU,2019-02-24,Flood,1,0.0,0.0,0,0
ILLINOIS,BUREAU,2019-02-25,Flood,1,0.0,0.0,0,0
ILLINOIS,BUREAU,2019-02-26,Flood,1,0.0,0.0,0,0
ILLINOIS,BUREAU,2019-02-27,Flood,1,0.0,0.0,0,0
ILLINOIS,BUREAU,2020-01-18,Winter Storm,1,0.0,0.0,0,0
ILLINOIS,BUREAU,2021-03-15,Winter Storm,1,0.0,0.0,0,0
ILLINOIS,BUREAU,2022-12-22,Winter Storm,1,0.0,0.0,0,0
ILLINOIS,BUREAU,2022-12-23,Winter Storm,1,0.0,0.0,0,0
ILLINOIS,BUREAU,2022-12-24,Winter Storm,1,0.0,0.0,0,0
ILLINOIS,BUREAU,2024-01-08,Winter Storm,1,0.0,0.0,0,0
ILLINOIS,BUREAU,2024-01-09,Winter Storm,1,0.0,0.0,0,0
ILLINOIS,BUREAU,2024-01-12,Winter Storm,1,0.0,0.0,0,0
ILLINOIS,BUREAU,2025-11-29,Winter Storm,1,0.0,0.0,0,0
ILLINOIS,BUREAU,2025-11-30,Winter Storm,1,0.0,0.0,0,0
ILLINOIS,CALHOUN,2010-06-14,Flood,1,0.0,0.0,0,0
ILLINOIS,CALHOUN,2010-06-15,Flood,1,0.0,0.0,0,0
ILLINOIS,CALHOUN,2010-06-16,Flood,1,0.0,0.0,0,0
ILLINOIS,CALHOUN,2010-06-17,Flood,1,0.0,0.0,0,0
ILLINOIS,CALHOUN,2010-06-18,Flood,1,0.0,0.0,0,0
ILLINOIS,CALHOUN,2010-06-19,Flood,1,0.0,0.0,0,0
ILLINOIS,CALHOUN,2010-06-20,Flood,1,0.0,0.0,0,0
ILLINOIS,CALHOUN,2010-06-21,Flood,1,0.0,0.0,0,0
ILLINOIS,CALHOUN,2010-06-22,Flood,1,0.0,0.0,0,0
ILLINOIS,CALHOUN,2010-06-23,Flood,1,0.0,0.0,0,0
ILLINOIS,CALHOUN,2010-06-24,Flood,1,0.0,0.0,0,0
ILLINOIS,CALHOUN,2010-06-25,Flood,1,0.0,0.0,0,0
ILLINOIS,CALHOUN,2010-06-26,Flood,1,0.0,0.0,0,0
ILLINOIS,CALHOUN,2010-06-27,Flood,1,0.0,0.0,0,0
ILLINOIS,CALHOUN,2010-06-28,Flood,1,0.0,0.0,0,0
ILLINOIS,CALHOUN,2010-06-29,Flood,1,0.0,0.0,0,0
ILLINOIS,CALHOUN,2010-06-30,Flood,1,0.0,0.0,0,0
ILLINOIS,CALHOUN,2010-07-14,Excessive Heat,1,0.0,0.0,0,0
ILLINOIS,CALHOUN,2010-07-17,Excessive Heat,1,0.0,0.0,0,0
ILLINOIS,CALHOUN,2010-07-22,Excessive Heat,1,0.0,0.0,0,0
ILLINOIS,CALHOUN,2010-07-23,Excessive Heat,1,0.0,0.0,0,0
ILLINOIS,CALHOUN,2010-07-24,Excessive Heat,1,0.0,0.0,0,0
ILLINOIS,CALHOUN,2010-08-02,Excessive Heat,1,0.0,0.0,0,0
ILLINOIS,CALHOUN,2010-08-03,Excessive Heat,1,0.0,0.0,0,0
ILLINOIS,CALHOUN,2010-08-04,Excessive Heat,1,0.0,0.0,0,0
ILLINOIS,CALHOUN,2010-08-08,Excessive Heat,1,0.0,0.0,0,0
ILLINOIS,CALHOUN,2010-08-09,Excessive Heat,1,0.0,0.0,0,0
ILLINOIS,CALHOUN,2010-08-10,Excessive Heat,1,0.0,0.0,0,0
ILLINOIS,CALHOUN,2010-08-11,Excessive Heat,1,0.0,0.0,0,0
ILLINOIS,CALHOUN,2010-08-12,Excessive Heat,1,0.0,0.0,0,0
ILLINOIS,CALHOUN,2010-08-13,Excessive Heat,1,0.0,0.0,0,0
ILLINOIS,CALHOUN,2010-08-14,Excessive Heat,1,0.0,0.0,0,0
ILLINOIS,CALHOUN,2011-01-31,Winter Storm,1,0.0,0.0,0,0
ILLINOIS,CALHOUN,2011-02-01,Blizzard,1,0.0,0.0,0,0
ILLINOIS,CALHOUN,2011-02-01,Winter Storm,1,0.0,0.0,0,0
ILLINOIS,CALHOUN,2011-02-02,Blizzard,1,0.0,0.0,0,0
ILLINOIS,CALHOUN,2011-07-10,Excessive Heat,1,0.0,0.0,0,0
ILLINOIS,CALHOUN,2011-07-11,Excessive Heat,1,0.0,0.0,0,0
ILLINOIS,CALHOUN,2011-07-12,Excessive Heat,1,0.0,0.0,0,0
ILLINOIS,CALHOUN,2011-07-17,Excessive Heat,1,0.0,0.0,0,0
ILLINOIS,CALHOUN,2011-07-18,Excessive Heat,1,0.0,0.0,0,0
ILLINOIS,CALHOUN,2011-07-19,Excessive Heat,1,0.0,0.0,0,0
ILLINOIS,CALHOUN,2011-07-20,Excessive Heat,1,0.0,0.0,0,0
ILLINOIS,CALHOUN,2011-07-21,Excessive Heat,1,0.0,0.0,0,0
ILLINOIS,CALHOUN,2011-07-22,Excessive Heat,1,0.0,0.0,0,0
ILLINOIS,CALHOUN,2011-07-23,Excessive Heat,1,0.0,0.0,0,0
ILLINOIS,CALHOUN,2011-07-24,Excessive Heat,1,0.0,0.0,0,0
ILLINOIS,CALHOUN,2011-07-25,Excessive Heat,1,0.0,0.0,0,0
ILLINOIS,CALHOUN,2011-07-26,Excessive Heat,1,0.0,0.0,0,0
ILLINOIS,CALHOUN,2011-07-27,Excessive Heat,1,0.0,0.0,0,0
ILLINOIS,CALHOUN,2011-07-28,Excessive Heat,1,0.0,0.0,0,0
ILLINOIS,CALHOUN,2011-07-29,Excessive Heat,1,0.0,0.0,0,0
ILLINOIS,CALHOUN,2011-07-30,Excessive Heat,1,0.0,0.0,0,0
ILLINOIS,CALHOUN,2011-07-31,Excessive Heat,1,0.0,0.0,0,0
ILLINOIS,CALHOUN,2011-08-01,Excessive Heat,1,0.0,0.0,0,0
ILLINOIS,CALHOUN,2011-08-02,Excessive Heat,1,0.0,0.0,0,0
ILLINOIS,CALHOUN,2011-08-03,Excessive Heat,1,0.0,0.0,0,0
ILLINOIS,CALHOUN,2012-06-27,Excessive Heat,1,0.0,0.0,0,0
ILLINOIS,CALHOUN,2012-06-28,Excessive Heat,1,0.0,0.0,0,0
ILLINOIS,CALHOUN,2012-06-29,Excessive Heat,1,0.0,0.0,0,0
ILLINOIS,CALHOUN,2012-06-30,Excessive Heat,1,0.0,0.0,0,0
ILLINOIS,CALHOUN,2012-07-01,Excessive Heat,1,0.0,0.0,0,0
ILLINOIS,CALHOUN,2012-07-02,Excessive Heat,1,0.0,0.0,0,0
ILLINOIS,CALHOUN,2012-07-03,Excessive Heat,1,0.0,0.0,0,0
ILLINOIS,CALHOUN,2012-07-04,Excessive Heat,1,0.0,0.0,0,0
ILLINOIS,CALHOUN,2012-07-05,Excessive Heat,1,0.0,0.0,0,0
ILLINOIS,CALHOUN,2012-07-06,Excessive Heat,1,0.0,0.0,0,0
ILLINOIS,CALHOUN,2012-07-07,Excessive Heat,1,0.0,0.0,0,0
ILLINOIS,CALHOUN,2012-07-08,Excessive Heat,1,0.0,0.0,0,0
ILLINOIS,CALHOUN,2012-07-16,Excessive Heat,1,0.0,0.0,0,0
ILLINOIS,CALHOUN,2012-07-17,Excessive Heat,1,0.0,0.0,0,0
ILLINOIS,CALHOUN,2012-07-18,Excessive Heat,1,0.0,0.0,0,0
ILLINOIS,CALHOUN,2012-07-19,Excessive Heat,1,0.0,0.0,0,0
ILLINOIS,CALHOUN,2012-07-22,Excessive Heat,1,0.0,0.0,0,0
ILLINOIS,CALHOUN,2012-07-23,Excessive Heat,1,0.0,0.0,0,0
ILLINOIS,CALHOUN,2012-07-24,Excessive Heat,1,0.0,0.0,0,0
ILLINOIS,CALHOUN,2012-07-25,Excessive Heat,1,0.0,0.0,0,0
ILLINOIS,CALHOUN,2012-07-26,Excessive Heat,1,0.0,0.0,0,0
ILLINOIS,CALHOUN,2012-07-27,Excessive Heat,1,0.0,0.0,0,0
ILLINOIS,CALHOUN,2013-02-21,Winter Storm,1,0.0,0.0,0,0
ILLINOIS,CALHOUN,2013-04-12,Flood,1,1000.0,1000.0,0,0
ILLINOIS,CALHOUN,2013-04-13,Flood,1,1000.0,1000.0,0,0
ILLINOIS,CALHOUN,2013-04-14,Flood,1,1000.0,1000.0,0,0
ILLINOIS,CALHOUN,2013-04-15,Flood,1,1000.0,1000.0,0,0
ILLINOIS,CALHOUN,2013-04-16,Flood,1,6000.0,21000.0,0,0
ILLINOIS,CALHOUN,2013-04-17,Flood,1,6000.0,21000.0,0,0
ILLINOIS,CALHOUN,2013-04-18,Flood,1,6000.0,21000.0,0,0
ILLINOIS,CALHOUN,2013-04-19,Flood,1,6000.0,21000.0,0,0
ILLINOIS,CALHOUN,2013-04-20,Flood,1,6000.0,21000.0,0,0
ILLINOIS,CALHOUN,2013-04-21,Flood,1,6000.0,21000.0,0,0
ILLINOIS,CALHOUN,2013-04-22,Flood,1,6000.0,21000.0,0,0
ILLINOIS,CALHOUN,2013-04-23,Flood,1,6000.0,21000.0,0,0
ILLINOIS,CALHOUN,2013-04-24,Flood,1,6000.0,21000.0,0,0
ILLINOIS,CALHOUN,2013-04-25,Flood,1,6000.0,21000.0,0,0
ILLINOIS,CALHOUN,2013-04-26,Flood,1,6000.0,21000.0,0,0
ILLINOIS,CALHOUN,2013-04-27,Flood,1,6000.0,21000.0,0,0
ILLINOIS,CALHOUN,2013-04-28,Flood,1,6000.0,21000.0,0,0
ILLINOIS,CALHOUN,2013-04-29,Flood,1,6000.0,21000.0,0,0
ILLINOIS,CALHOUN,2013-04-30,Flood,1,6000.0,21000.0,0,0
ILLINOIS,CALHOUN,2013-05-01,Flood,1,2000.0,10000.0,0,0
ILLINOIS,CALHOUN,2013-05-02,Flood,1,2000.0,10000.0,0,0
ILLINOIS,CALHOUN,2013-05-03,Flood,1,2000.0,10000.0,0,0
ILLINOIS,CALHOUN,2013-05-04,Flood,1,2000.0,10000.0,0,0
ILLINOIS,CALHOUN,2013-05-05,Flood,1,2000.0,10000.0,0,0
ILLINOIS,CALHOUN,2013-05-06,Flood,1,2000.0,10000.0,0,0
ILLINOIS,CALHOUN,2013-05-07,Flood,1,2000.0,10000.0,0,0
ILLINOIS,CALHOUN,2013-05-08,Flood,1,2000.0,10000.0,0,0
ILLINOIS,CALHOUN,2013-05-09,Flood,1,2000.0,10000.0,0,0
ILLINOIS,CALHOUN,2013-05-10,Flood,1,2000.0,10000.0,0,0
ILLINOIS,CALHOUN,2013-05-11,Flood,1,2000.0,10000.0,0,0
ILLINOIS,CALHOUN,2013-05-12,Flood,1,2000.0,10000.0,0,0
ILLINOIS,CALHOUN,2013-05-13,Flood,1,2000.0,10000.0,0,0
ILLINOIS,CALHOUN,2013-05-14,Flood,1,2000.0,10000.0,0,0
ILLINOIS,CALHOUN,2013-05-15,Flood,1,2000.0,10000.0,0,0
ILLINOIS,CALHOUN,2013-05-16,Flood,1,2000.0,10000.0,0,0
ILLINOIS,CALHOUN,2013-05-17,Flood,1,2000.0,10000.0,0,0
ILLINOIS,CALHOUN,2013-05-18,Flood,1,2000.0,10000.0,0,0
ILLINOIS,CALHOUN,2013-05-19,Flood,1,2000.0,10000.0,0,0
ILLINOIS,CALHOUN,2013-05-20,Flood,1,2000.0,10000.0,0,0
ILLINOIS,CALHOUN,2013-05-21,Flood,1,2000.0,10000.0,0,0
ILLINOIS,CALHOUN,2013-05-22,Flood,1,2000.0,10000.0,0,0
ILLINOIS,CALHOUN,2013-05-23,Flood,1,2000.0,10000.0,0,0
ILLINOIS,CALHOUN,2013-05-24,Flood,1,2000.0,10000.0,0,0
ILLINOIS,CALHOUN,2013-05-25,Flood,1,2000.0,10000.0,0,0
ILLINOIS,CALHOUN,2013-05-26,Flood,1,2000.0,10000.0,0,0
ILLINOIS,CALHOUN,2013-05-27,Flood,1,2000.0,10000.0,0,0
ILLINOIS,CALHOUN,2013-05-28,Flood,1,2000.0,10000.0,0,0
ILLINOIS,CALHOUN,2013-05-29,Flood,1,2000.0,10000.0,0,0
ILLINOIS,CALHOUN,2013-05-30,Flood,1,2000.0,10000.0,0,0
ILLINOIS,CALHOUN,2013-05-31,Flood,1,2000.0,10000.0,0,0
ILLINOIS,CALHOUN,2013-06-01,Flood,1,2000.0,8000.0,0,0
ILLINOIS,CALHOUN,2013-06-02,Flood,1,1000.0,3000.0,0,0
ILLINOIS,CALHOUN,2013-06-03,Flood,1,1000.0,3000.0,0,0
ILLINOIS,CALHOUN,2013-06-04,Flood,1,1000.0,3000.0,0,0
ILLINOIS,CALHOUN,2013-06-05,Flood,1,1000.0,3000.0,0,0
ILLINOIS,CALHOUN,2013-06-06,Flood,1,1000.0,3000.0,0,0
ILLINOIS,CALHOUN,2013-06-07,Flood,1,1000.0,3000.0,0,0
ILLINOIS,CALHOUN,2013-06-08,Flood,1,1000.0,3000.0,0,0
ILLINOIS,CALHOUN,2013-06-09,Flood,1,1000.0,3000.0,0,0
ILLINOIS,CALHOUN,2013-06-10,Flood,1,1000.0,3000.0,0,0
ILLINOIS,CALHOUN,2013-06-11,Flood,1,1000.0,3000.0,0,0
ILLINOIS,CALHOUN,2013-06-12,Flood,1,1000.0,3000.0,0,0
ILLINOIS,CALHOUN,2013-06-13,Flood,1,1000.0,3000.0,0,0
ILLINOIS,CALHOUN,2013-06-14,Flood,1,1000.0,3000.0,0,0
ILLINOIS,CALHOUN,2013-06-15,Flood,1,1000.0,3000.0,0,0
ILLINOIS,CALHOUN,2013-06-16,Flood,1,1000.0,3000.0,0,0
ILLINOIS,CALHOUN,2013-06-17,Flood,1,1000.0,3000.0,0,0
ILLINOIS,CALHOUN,2013-06-18,Flood,1,1000.0,3000.0,0,0
ILLINOIS,CALHOUN,2013-06-19,Flood,1,1000.0,3000.0,0,0
ILLINOIS,CALHOUN,2013-06-20,Flood,1,1000.0,3000.0,0,0
ILLINOIS,CALHOUN,2013-06-21,Flood,1,1000.0,3000.0,0,0
ILLINOIS,CALHOUN,2013-06-22,Flood,1,1000.0,3000.0,0,0
ILLINOIS,CALHOUN,2013-06-23,Flood,1,1000.0,3000.0,0,0
ILLINOIS,CALHOUN,2013-06-24,Flood,1,1000.0,3000.0,0,0
ILLINOIS,CALHOUN,2013-06-25,Flood,1,1000.0,3000.0,0,0
ILLINOIS,CALHOUN,2013-06-26,Flood,1,1000.0,3000.0,0,0
ILLINOIS,CALHOUN,2013-06-27,Flood,1,1000.0,3000.0,0,0
ILLINOIS,CALHOUN,2013-06-28,Flood,1,1000.0,3000.0,0,0
ILLINOIS,CALHOUN,2013-06-29,Flood,1,1000.0,3000.0,0,0
ILLINOIS,CALHOUN,2013-06-30,Flood,1,1000.0,3000.0,0,0
ILLINOIS,CALHOUN,2014-01-05,Winter Storm,1,0.0,0.0,0,0
ILLINOIS,CALHOUN,2014-02-04,Winter Storm,1,0.0,0.0,0,0
ILLINOIS,CALHOUN,2014-02-05,Winter Storm,1,0.0,0.0,0,0
ILLINOIS,CALHOUN,2014-08-20,Excessive Heat,1,0.0,0.0,0,0
ILLINOIS,CALHOUN,2014-08-21,Excessive Heat,1,0.0,0.0,0,0
ILLINOIS,CALHOUN,2014-08-22,Excessive Heat,1,0.0,0.0,0,0
ILLINOIS,CALHOUN,2014-08-23,Excessive Heat,1,0.0,0.0,0,0
ILLINOIS,CALHOUN,2014-08-24,Excessive Heat,1,0.0,0.0,0,0
ILLINOIS,CALHOUN,2014-08-25,Excessive Heat,1,0.0,0.0,0,0
ILLINOIS,CALHOUN,2014-08-26,Excessive Heat,1,0.0,0.0,0,0
ILLINOIS,CALHOUN,2014-08-27,Excessive Heat,1,0.0,0.0,0,0
ILLINOIS,CALHOUN,2015-07-12,Excessive Heat,1,0.0,0.0,0,0
ILLINOIS,CALHOUN,2015-07-13,Excessive Heat,1,0.0,0.0,0,0
ILLINOIS,CALHOUN,2015-07-14,Excessive Heat,1,0.0,0.0,0,0
ILLINOIS,CALHOUN,2015-07-17,Excessive Heat,1,0.0,0.0,0,0
ILLINOIS,CALHOUN,2015-07-18,Excessive Heat,1,0.0,0.0,0,0
ILLINOIS,CALHOUN,2015-07-19,Excessive Heat,1,0.0,0.0,0,0
ILLINOIS,CALHOUN,2015-07-27,Excessive Heat,1,0.0,0.0,0,0
ILLINOIS,CALHOUN,2015-07-28,Excessive Heat,1,0.0,0.0,0,0
ILLINOIS,CALHOUN,2015-07-29,Excessive Heat,1,0.0,0.0,0,0
ILLINOIS,CALHOUN,2016-07-18,Excessive Heat,1,0.0,0.0,0,0
ILLINOIS,CALHOUN,2016-07-19,Excessive Heat,1,0.0,0.0,0,0
ILLINOIS,CALHOUN,2016-07-20,Excessive Heat,1,0.0,0.0,0,0
ILLINOIS,CALHOUN,2016-07-21,Excessive Heat,1,0.0,0.0,0,0
ILLINOIS,CALHOUN,2016-07-22,Excessive Heat,1,0.0,0.0,0,0
ILLINOIS,CALHOUN,2016-07-23,Excessive Heat,1,0.0,0.0,0,0
ILLINOIS,CALHOUN,2016-07-24,Excessive Heat,1,0.0,0.0,0,0
ILLINOIS,CALHOUN,2017-07-19,Excessive Heat,1,0.0,0.0,0,0
ILLINOIS,CALHOUN,2017-07-20,Excessive Heat,1,0.0,0.0,0,0
ILLINOIS,CALHOUN,2017-07-21,Excessive Heat,1,0.0,0.0,0,0
ILLINOIS,CALHOUN,2017-07-22,Excessive Heat,1,0.0,0.0,0,0
ILLINOIS,CALHOUN,2017-07-23,Excessive Heat,1,0.0,0.0,0,0
ILLINOIS,CALHOUN,2018-06-28,Excessive Heat,1,0.0,0.0,0,0
ILLINOIS,CALHOUN,2018-06-29,Excessive Heat,1,0.0,0.0,0,0
ILLINOIS,CALHOUN,2018-06-30,Excessive Heat,1,0.0,0.0,0,0
ILLINOIS,CALHOUN,2019-12-15,Winter Storm,1,0.0,0.0,0,0
ILLINOIS,CALHOUN,2019-12-16,Winter Storm,1,0.0,0.0,0,0
ILLINOIS,CALHOUN,2022-12-22,Winter Storm,1,0.0,0.0,0,0
ILLINOIS,CALHOUN,2023-07-27,Excessive Heat,1,0.0,0.0,0,0
ILLINOIS,CALHOUN,2023-07-28,Excessive Heat,1,0.0,0.0,0,0
ILLINOIS,CALHOUN,2023-07-29,Excessive Heat,1,0.0,0.0,0,0
ILLINOIS,CALHOUN,2023-08-20,Excessive Heat,1,0.0,0.0,0,0
ILLINOIS,CALHOUN,2023-08-21,Excessive Heat,1,0.0,0.0,0,0
ILLINOIS,CALHOUN,2023-08-22,Excessive Heat,1,0.0,0.0,0,0
ILLINOIS,CALHOUN,2023-08-23,Excessive Heat,1,0.0,0.0,0,0
ILLINOIS,CALHOUN,2023-08-24,Excessive Heat,1,0.0,0.0,0,0
ILLINOIS,CALHOUN,2023-08-25,Excessive Heat,1,0.0,0.0,0,0
ILLINOIS,CALHOUN,2025-01-05,Winter Storm,1,0.0,0.0,0,0
ILLINOIS,CALHOUN,2025-01-06,Winter Storm,1,0.0,0.0,0,0
ILLINOIS,CALHOUN,2025-08-15,Excessive Heat,1,0.0,0.0,0,0
ILLINOIS,CALHOUN,2025-08-16,Excessive Heat,1,0.0,0.0,0,0
ILLINOIS,CALHOUN,2025-08-17,Excessive Heat,1,0.0,0.0,0,0
ILLINOIS,CALHOUN,2025-08-18,Excessive Heat,1,0.0,0.0,0,0
ILLINOIS,CALHOUN,2025-11-29,Winter Storm,1,0.0,0.0,0,0
ILLINOIS,CARROLL,2010-01-06,Winter Storm,1,0.0,0.0,0,0
ILLINOIS,CARROLL,2010-01-07,Winter Storm,1,0.0,0.0,0,0
ILLINOIS,CARROLL,2010-07-24,Flood,1,0.0,0.0,0,0
ILLINOIS,CARROLL,2010-12-03,Winter Storm,1,0.0,0.0,0,0
ILLINOIS,CARROLL,2010-12-04,Winter Storm,1,0.0,0.0,0,0
ILLINOIS,CARROLL,2011-02-01,Blizzard,1,0.0,0.0,0,0
ILLINOIS,CARROLL,2011-02-02,Blizzard,1,0.0,0.0,0,0
ILLINOIS,CARROLL,2011-04-18,Flood,1,250000.0,0.0,0,0
ILLINOIS,CARROLL,2011-04-19,Flood,1,250000.0,0.0,0,0
ILLINOIS,CARROLL,2011-04-20,Flood,1,250000.0,0.0,0,0
ILLINOIS,CARROLL,2011-04-21,Flood,1,250000.0,0.0,0,0
ILLINOIS,CARROLL,2011-04-22,Flood,1,250000.0,0.0,0,0
ILLINOIS,CARROLL,2011-04-23,Flood,1,250000.0,0.0,0,0
ILLINOIS,CARROLL,2011-04-24,Flood,1,250000.0,0.0,0,0
ILLINOIS,CARROLL,2012-01-12,Winter Storm,1,0.0,0.0,0,0
ILLINOIS,CARROLL,2012-01-13,Winter Storm,1,0.0,0.0,0,0
ILLINOIS,CARROLL,2012-07-04,Excessive Heat,1,0.0,0.0,0,0
ILLINOIS,CARROLL,2012-07-05,Excessive Heat,1,0.0,0.0,0,0
ILLINOIS,CARROLL,2012-07-06,Excessive Heat,1,0.0,0.0,0,0
ILLINOIS,CARROLL,2012-07-07,Excessive Heat,1,0.0,0.0,0,0
ILLINOIS,CARROLL,2012-12-19,Blizzard,1,0.0,0.0,0,0
ILLINOIS,CARROLL,2012-12-20,Blizzard,1,0.0,0.0,0,0
ILLINOIS,CARROLL,2013-01-30,Winter Storm,1,0.0,0.0,0,0
ILLINOIS,CARROLL,2013-02-26,Winter Storm,1,0.0,0.0,0,0
ILLINOIS,CARROLL,2013-02-27,Winter Storm,1,0.0,0.0,0,0
ILLINOIS,CARROLL,2013-03-04,Winter Storm,1,0.0,0.0,0,0
ILLINOIS,CARROLL,2013-03-05,Winter Storm,1,0.0,0.0,0,0
ILLINOIS,CARROLL,2013-12-21,Winter Storm,1,0.0,0.0,0,0
ILLINOIS,CARROLL,2013-12-22,Winter Storm,1,0.0,0.0,0,0
ILLINOIS,CARROLL,2014-02-17,Winter Storm,1,0.0,0.0,0,0
ILLINOIS,CARROLL,2015-02-01,Winter Storm,1,0.0,0.0,0,0
ILLINOIS,CARROLL,2015-11-20,Winter Storm,1,0.0,0.0,0,0
ILLINOIS,CARROLL,2015-11-21,Winter Storm,1,0.0,0.0,0,0
ILLINOIS,CARROLL,2015-12-28,Winter Storm,1,0.0,0.0,0,0
ILLINOIS,CARROLL,2015-12-29,Winter Storm,1,0.0,0.0,0,0
ILLINOIS,CARROLL,2016-06-15,Flood,1,0.0,0.0,0,0
ILLINOIS,CARROLL,2016-12-04,Winter Storm,1,0.0,0.0,0,0
ILLINOIS,CARROLL,2018-11-25,Blizzard,1,0.0,0.0,0,0
ILLINOIS,CARROLL,2018-11-26,Blizzard,1,0.0,0.0,0,0
ILLINOIS,CARROLL,2019-01-18,Winter Storm,1,0.0,0.0,0,0
ILLINOIS,CARROLL,2019-01-19,Winter Storm,1,0.0,0.0,0,0
ILLINOIS,CARROLL,2019-01-22,Winter Storm,1,0.0,0.0,0,0
ILLINOIS,CARROLL,2019-01-23,Winter Storm,1,0.0,0.0,0,0
ILLINOIS,CARROLL,2019-04-04,Flood,1,0.0,0.0,0,0
ILLINOIS,CARROLL,2019-04-05,Flood,1,0.0,0.0,0,0
ILLINOIS,CARROLL,2019-04-06,Flood,1,0.0,0.0,0,0
ILLINOIS,CARROLL,2019-04-07,Flood,1,0.0,0.0,0,0
ILLINOIS,CARROLL,2019-04-08,Flood,1,0.0,0.0,0,0
ILLINOIS,CARROLL,2019-04-09,Flood,1,0.0,0.0,0,0
ILLINOIS,CARROLL,2019-04-27,Flood,1,0.0,0.0,0,0
ILLINOIS,CARROLL,2019-04-28,Flood,1,0.0,0.0,0,0
ILLINOIS,CARROLL,2019-04-29,Flood,1,0.0,0.0,0,0
ILLINOIS,CARROLL,2019-04-30,Flood,1,0.0,0.0,0,0
ILLINOIS,CARROLL,2019-05-01,Flood,1,0.0,0.0,0,0
ILLINOIS,CARROLL,2019-05-02,Flood,1,0.0,0.0,0,0
ILLINOIS,CARROLL,2019-05-03,Flood,1,0.0,0.0,0,0
ILLINOIS,CARROLL,2019-10-02,Flood,1,0.0,0.0,0,0
ILLINOIS,CARROLL,2019-10-03,Flood,1,0.0,0.0,0,0
ILLINOIS,CARROLL,2020-01-10,Winter Storm,1,0.0,0.0,0,0
ILLINOIS,CARROLL,2020-01-11,Winter Storm,1,0.0,0.0,0,0
ILLINOIS,CARROLL,2020-01-17,Winter Storm,1,0.0,0.0,0,0
ILLINOIS,CARROLL,2020-01-18,Winter Storm,1,0.0,0.0,0,0
ILLINOIS,CARROLL,2020-12-29,Winter Storm,1,0.0,0.0,0,0
ILLINOIS,CARROLL,2020-12-30,Winter Storm,1,0.0,0.0,0,0
ILLINOIS,CARROLL,2021-01-25,Winter Storm,1,0.0,0.0,0,0
ILLINOIS,CARROLL,2021-01-26,Winter Storm,1,0.0,0.0,0,0
ILLINOIS,CARROLL,2021-01-30,Winter Storm,1,0.0,0.0,0,0
ILLINOIS,CARROLL,2021-01-31,Winter Storm,1,0.0,0.0,0,0
ILLINOIS,CARROLL,2021-02-04,Winter Storm,1,0.0,0.0,0,0
ILLINOIS,CARROLL,2022-12-22,Winter Storm,1,0.0,0.0,0,0
ILLINOIS,CARROLL,2022-12-23,Winter Storm,1,0.0,0.0,0,0
ILLINOIS,CARROLL,2022-12-24,Winter Storm,1,0.0,0.0,0,0
ILLINOIS,CARROLL,2023-02-16,Winter Storm,1,0.0,0.0,0,0
ILLINOIS,CARROLL,2023-03-09,Winter Storm,1,0.0,0.0,0,0
ILLINOIS,CARROLL,2023-03-10,Winter Storm,1,0.0,0.0,0,0
ILLINOIS,CARROLL,2023-03-25,Winter Storm,1,0.0,0.0,0,0
ILLINOIS,CARROLL,2023-04-25,Flood,1,0.0,0.0,0,0
ILLINOIS,CARROLL,2023-04-26,Flood,1,0.0,0.0,0,0
ILLINOIS,CARROLL,2023-04-27,Flood,1,0.0,0.0,0,0
ILLINOIS,CARROLL,2023-04-28,Flood,1,0.0,0.0,0,0
ILLINOIS,CARROLL,2023-04-29,Flood,1,0.0,0.0,0,0
ILLINOIS,CARROLL,2023-04-30,Flood,1,0.0,0.0,0,0
ILLINOIS,CARROLL,2024-01-08,Winter Storm,1,0.0,0.0,0,0
ILLINOIS,CARROLL,2024-01-09,Winter Storm,1,0.0,0.0,0,0
ILLINOIS,CARROLL,2024-01-12,Winter Storm,1,0.0,0.0,0,0
ILLINOIS,CARROLL,2024-07-07,Flood,1,0.0,0.0,0,0
ILLINOIS,CARROLL,2024-07-08,Flood,1,0.0,0.0,0,0
ILLINOIS,CARROLL,2024-07-09,Flood,1,0.0,0.0,0,0
ILLINOIS,CARROLL,2024-07-10,Flood,1,0.0,0.0,0,0
ILLINOIS,CARROLL,2025-02-12,Winter Storm,1,0.0,0.0,0,0
ILLINOIS,CARROLL,2025-02-13,Winter Storm,1,0.0,0.0,0,0
ILLINOIS,CARROLL,2025-11-29,Winter Storm,1,0.0,0.0,0,0
ILLINOIS,CARROLL,2025-11-30,Winter Storm,1,0.0,0.0,0,0
ILLINOIS,CASS,2010-08-03,Excessive Heat,1,0.0,0.0,0,0
ILLINOIS,CASS,2010-08-04,Excessive Heat,1,0.0,0.0,0,0
ILLINOIS,CASS,2010-08-09,Excessive Heat,1,0.0,0.0,0,0
ILLINOIS,CASS,2010-08-10,Excessive Heat,1,0.0,0.0,0,0
ILLINOIS,CASS,2010-08-11,Excessive Heat,1,0.0,0.0,0,0
ILLINOIS,CASS,2010-08-12,Excessive Heat,1,0.0,0.0,0,0
ILLINOIS,CASS,2010-08-13,Excessive Heat,1,0.0,0.0,0,0
ILLINOIS,CASS,2010-08-14,Excessive Heat,1,0.0,0.0,0,0
ILLINOIS,CASS,2011-02-01,Blizzard,1,100000.0,0.0,0,0
ILLINOIS,CASS,2011-02-02,Blizzard,1,100000.0,0.0,0,0
ILLINOIS,CASS,2011-08-01,Excessive Heat,1,0.0,0.0,0,0
ILLINOIS,CASS,2011-08-02,Excessive Heat,1,0.0,0.0,0,0
ILLINOIS,CASS,2012-06-29,Excessive Heat,1,0.0,0.0,0,0
ILLINOIS,CASS,2012-06-30,Excessive Heat,1,0.0,0.0,0,0
ILLINOIS,CASS,2012-07-01,Excessive Heat,1,0.0,0.0,0,0
ILLINOIS,CASS,2012-07-02,Excessive Heat,1,0.0,0.0,0,0
ILLINOIS,CASS,2012-07-03,Excessive Heat,1,0.0,0.0,0,0
ILLINOIS,CASS,2012-07-04,Excessive Heat,1,0.0,0.0,0,0
ILLINOIS,CASS,2012-07-05,Excessive Heat,1,0.0,0.0,0,0
ILLINOIS,CASS,2012-07-06,Excessive Heat,1,0.0,0.0,0,0
ILLINOIS,CASS,2012-07-07,Excessive Heat,1,0.0,0.0,0,0
ILLINOIS,CASS,2012-12-20,Blizzard,1,0.0,0.0,0,0
ILLINOIS,CASS,2013-04-18,Flood,1,0.0,0.0,0,0
ILLINOIS,CASS,2013-04-19,Flood,1,0.0,0.0,0,0
ILLINOIS,CASS,2013-04-20,Flood,1,0.0,0.0,0,0
ILLINOIS,CASS,2013-04-21,Flood,1,0.0,0.0,0,0
ILLINOIS,CASS,2013-04-22,Flood,1,0.0,0.0,0,0
ILLINOIS,CASS,2013-04-23,Flood,1,0.0,0.0,0,0
ILLINOIS,CASS,2013-04-24,Flood,1,0.0,0.0,0,0
ILLINOIS,CASS,2013-04-25,Flood,1,0.0,0.0,0,0
ILLINOIS,CASS,2013-04-26,Flood,1,0.0,0.0,0,0
ILLINOIS,CASS,2013-04-27,Flood,1,0.0,0.0,0,0
ILLINOIS,CASS,2013-04-28,Flood,1,0.0,0.0,0,0
ILLINOIS,CASS,2013-04-29,Flood,1,0.0,0.0,0,0
ILLINOIS,CASS,2013-04-30,Flood,1,0.0,0.0,0,0
ILLINOIS,CASS,2013-05-01,Flood,1,0.0,0.0,0,0
ILLINOIS,CASS,2013-05-02,Flood,1,0.0,0.0,0,0
ILLINOIS,CASS,2013-05-03,Flood,1,0.0,0.0,0,0
ILLINOIS,CASS,2013-05-04,Flood,1,0.0,0.0,0,0
ILLINOIS,CASS,2013-05-05,Flood,1,0.0,0.0,0,0
ILLINOIS,CASS,2013-05-06,Flood,1,0.0,0.0,0,0
ILLINOIS,CASS,2013-05-07,Flood,1,0.0,0.0,0,0
ILLINOIS,CASS,2013-05-08,Flood,1,0.0,0.0,0,0
ILLINOIS,CASS,2013-05-09,Flood,1,0.0,0.0,0,0
ILLINOIS,CASS,2013-05-10,Flood,1,0.0,0.0,0,0
ILLINOIS,CASS,2013-05-11,Flood,1,0.0,0.0,0,0
ILLINOIS,CASS,2013-05-12,Flood,1,0.0,0.0,0,0
ILLINOIS,CASS,2013-05-13,Flood,1,0.0,0.0,0,0
ILLINOIS,CASS,2013-05-14,Flood,1,0.0,0.0,0,0
ILLINOIS,CASS,2013-05-15,Flood,1,0.0,0.0,0,0
ILLINOIS,CASS,2013-05-16,Flood,1,0.0,0.0,0,0
ILLINOIS,CASS,2013-05-17,Flood,1,0.0,0.0,0,0
ILLINOIS,CASS,2013-05-18,Flood,1,0.0,0.0,0,0
ILLINOIS,CASS,2013-05-19,Flood,1,0.0,0.0,0,0
ILLINOIS,CASS,2013-05-20,Flood,1,0.0,0.0,0,0
ILLINOIS,CASS,2013-05-21,Flood,1,0.0,0.0,0,0
ILLINOIS,CASS,2013-05-22,Flood,1,0.0,0.0,0,0
ILLINOIS,CASS,2017-04-29,Flood,1,0.0,0.0,0,0
ILLINOIS,CASS,2017-04-30,Flood,1,0.0,0.0,0,0
ILLINOIS,CASS,2019-01-19,Winter Storm,1,0.0,0.0,0,0
ILLINOIS,CASS,2021-10-24,Flood,1,0.0,0.0,0,0
ILLINOIS,CASS,2022-02-01,Winter Storm,1,0.0,0.0,0,0
ILLINOIS,CASS,2022-02-02,Winter Storm,1,0.0,0.0,0,0
ILLINOIS,CASS,2022-02-03,Winter Storm,1,0.0,0.0,0,0
ILLINOIS,CASS,2022-12-22,Winter Storm,1,0.0,0.0,0,0
ILLINOIS,CASS,2022-12-23,Winter Storm,1,0.0,0.0,0,0
ILLINOIS,CASS,2023-07-27,Excessive Heat,1,0.0,0.0,0,0
ILLINOIS,CASS,2023-07-28,Excessive Heat,1,0.0,0.0,0,0
ILLINOIS,CASS,2023-08-20,Excessive Heat,1,0.0,0.0,0,0
ILLINOIS,CASS,2023-08-21,Excessive Heat,1,0.0,0.0,0,0
ILLINOIS,CASS,2023-08-22,Excessive Heat,1,0.0,0.0,0,0
ILLINOIS,CASS,2023-08-23,Excessive Heat,1,0.0,0.0,0,0
ILLINOIS,CASS,2023-08-24,Excessive Heat,1,0.0,0.0,0,0
ILLINOIS,CASS,2023-08-25,Excessive Heat,1,0.0,0.0,0,0
ILLINOIS,CASS,2024-08-27,Excessive Heat,1,0.0,0.0,0,0
ILLINOIS,CENTRAL COOK COUNTY,2021-01-25,Winter Storm,1,0.0,0.0,0,0
ILLINOIS,CENTRAL COOK COUNTY,2021-01-26,Winter Storm,1,0.0,0.0,0,0
ILLINOIS,CENTRAL COOK COUNTY,2021-01-30,Winter Storm,1,0.0,0.0,0,0
ILLINOIS,CENTRAL COOK COUNTY,2021-01-31,Winter Storm,1,0.0,0.0,0,0
ILLINOIS,CENTRAL COOK COUNTY,2021-02-15,Winter Storm,1,0.0,0.0,0,0
ILLINOIS,CENTRAL COOK COUNTY,2021-02-16,Winter Storm,1,0.0,0.0,0,0
ILLINOIS,CENTRAL COOK COUNTY,2022-02-01,Winter Storm,1,0.0,0.0,0,0
ILLINOIS,CENTRAL COOK COUNTY,2022-02-02,Winter Storm,1,0.0,0.0,0,0
ILLINOIS,CENTRAL COOK COUNTY,2022-06-13,Excessive Heat,1,0.0,0.0,0,0
ILLINOIS,CENTRAL COOK COUNTY,2022-06-14,Excessive Heat,1,0.0,0.0,0,0
ILLINOIS,CENTRAL COOK COUNTY,2022-06-15,Excessive Heat,1,0.0,0.0,0,0
ILLINOIS,CENTRAL COOK COUNTY,2022-12-22,Winter Storm,1,0.0,0.0,0,0
ILLINOIS,CENTRAL COOK COUNTY,2022-12-23,Winter Storm,1,0.0,0.0,0,0
ILLINOIS,CENTRAL COOK COUNTY,2022-12-24,Winter Storm,1,0.0,0.0,0,0
ILLINOIS,CENTRAL COOK COUNTY,2023-07-26,Excessive Heat,1,0.0,0.0,0,0
ILLINOIS,CENTRAL COOK COUNTY,2023-07-27,Excessive Heat,1,0.0,0.0,0,0
ILLINOIS,CENTRAL COOK COUNTY,2023-07-28,Excessive Heat,1,0.0,0.0,0,0
ILLINOIS,CENTRAL COOK COUNTY,2023-08-23,Excessive Heat,1,0.0,0.0,0,0
ILLINOIS,CENTRAL COOK COUNTY,2023-08-24,Excessive Heat,1,0.0,0.0,0,0
ILLINOIS,CENTRAL COOK COUNTY,2024-01-12,Winter Storm,1,0.0,0.0,0,0
ILLINOIS,CENTRAL COOK COUNTY,2024-01-13,Winter Storm,1,0.0,0.0,0,0
ILLINOIS,CENTRAL COOK COUNTY,2025-06-21,Excessive Heat,1,0.0,0.0,0,0
ILLINOIS,CENTRAL COOK COUNTY,2025-11-29,Winter Storm,1,0.0,0.0,0,0
ILLINOIS,CENTRAL COOK COUNTY,2025-11-30,Winter Storm,1,0.0,0.0,0,0
ILLINOIS,CHAMPAIGN,2010-01-06,Winter Storm,1,0.0,0.0,0,0
ILLINOIS,CHAMPAIGN,2010-01-07,Winter Storm,1,0.0,0.0,0,0
ILLINOIS,CHAMPAIGN,2010-08-03,Excessive Heat,1,0.0,0.0,0,0
ILLINOIS,CHAMPAIGN,2010-08-04,Excessive Heat,1,0.0,0.0,0,0
ILLINOIS,CHAMPAIGN,2010-08-11,Excessive Heat,1,0.0,0.0,0,0
ILLINOIS,CHAMPAIGN,2010-08-12,Excessive Heat,1,0.0,0.0,0,0
ILLINOIS,CHAMPAIGN,2010-08-13,Excessive Heat,1,0.0,0.0,0,0
ILLINOIS,CHAMPAIGN,2010-08-14,Excessive Heat,1,0.0,0.0,0,0
ILLINOIS,CHAMPAIGN,2010-12-12,Blizzard,1,0.0,0.0,0,0
ILLINOIS,CHAMPAIGN,2010-12-13,Blizzard,1,0.0,0.0,0,0
ILLINOIS,CHAMPAIGN,2011-02-01,Winter Storm,1,50000.0,0.0,0,0
ILLINOIS,CHAMPAIGN,2011-02-02,Winter Storm,1,50000.0,0.0,0,0
ILLINOIS,CHAMPAIGN,2012-06-29,Excessive Heat,1,0.0,0.0,0,0
ILLINOIS,CHAMPAIGN,2012-06-30,Excessive Heat,1,0.0,0.0,0,0
ILLINOIS,CHAMPAIGN,2012-07-01,Excessive Heat,1,0.0,0.0,0,0
ILLINOIS,CHAMPAIGN,2012-07-02,Excessive Heat,1,0.0,0.0,0,0
ILLINOIS,CHAMPAIGN,2012-07-03,Excessive Heat,1,0.0,0.0,0,0
ILLINOIS,CHAMPAIGN,2012-07-04,Excessive Heat,1,0.0,0.0,0,0
ILLINOIS,CHAMPAIGN,2012-07-05,Excessive Heat,1,0.0,0.0,0,0
ILLINOIS,CHAMPAIGN,2012-07-06,Excessive Heat,1,0.0,0.0,0,0
ILLINOIS,CHAMPAIGN,2012-07-07,Excessive Heat,1,0.0,0.0,0,0
ILLINOIS,CHAMPAIGN,2014-07-12,Flood,1,0.0,0.0,0,0
ILLINOIS,CHAMPAIGN,2016-02-24,Blizzard,1,0.0,0.0,0,0
ILLINOIS,CHAMPAIGN,2017-04-29,Flood,1,0.0,0.0,0,0
ILLINOIS,CHAMPAIGN,2017-04-30,Flood,1,0.0,0.0,0,0
ILLINOIS,CHAMPAIGN,2017-05-01,Flood,1,0.0,0.0,0,0
ILLINOIS,CHAMPAIGN,2017-05-04,Flood,1,0.0,0.0,0,0
ILLINOIS,CHAMPAIGN,2017-05-05,Flood,1,0.0,0.0,0,0
ILLINOIS,CHAMPAIGN,2018-02-21,Flood,1,1000000.0,0.0,0,0
ILLINOIS,CHAMPAIGN,2018-02-22,Flood,1,1000000.0,0.0,0,0
ILLINOIS,CHAMPAIGN,2018-02-23,Flood,1,1000000.0,0.0,0,0
ILLINOIS,CHAMPAIGN,2019-01-19,Winter Storm,1,0.0,0.0,0,0
ILLINOIS,CHAMPAIGN,2022-02-02,Winter Storm,1,0.0,0.0,0,0
ILLINOIS,CHAMPAIGN,2022-02-03,Winter Storm,1,0.0,0.0,0,0
ILLINOIS,CHAMPAIGN,2022-12-22,Winter Storm,1,0.0,0.0,0,0
ILLINOIS,CHAMPAIGN,2022-12-23,Winter Storm,1,0.0,0.0,0,0
ILLINOIS,CHAMPAIGN,2023-07-27,Excessive Heat,1,0.0,0.0,0,0
ILLINOIS,CHAMPAIGN,2023-07-28,Excessive Heat,1,0.0,0.0,0,0
ILLINOIS,CHAMPAIGN,2023-08-20,Excessive Heat,1,0.0,0.0,0,0
ILLINOIS,CHAMPAIGN,2023-08-21,Excessive Heat,1,0.0,0.0,0,0
ILLINOIS,CHAMPAIGN,2023-08-22,Excessive Heat,1,0.0,0.0,0,0
ILLINOIS,CHAMPAIGN,2023-08-23,Excessive Heat,1,0.0,0.0,0,0
ILLINOIS,CHAMPAIGN,2023-08-24,Excessive Heat,1,0.0,0.0,0,0
ILLINOIS,CHAMPAIGN,2023-08-25,Excessive Heat,1,0.0,0.0,0,0
ILLINOIS,CHAMPAIGN,2024-05-24,Flood,1,0.0,0.0,0,0
ILLINOIS,CHAMPAIGN,2024-08-27,Excessive Heat,1,0.0,0.0,0,0
ILLINOIS,CHRISTIAN,2010-08-03,Excessive Heat,1,0.0,0.0,0,0
ILLINOIS,CHRISTIAN,2010-08-04,Excessive Heat,1,0.0,0.0,0,0
ILLINOIS,CHRISTIAN,2010-08-09,Excessive Heat,1,0.0,0.0,0,0
ILLINOIS,CHRISTIAN,2010-08-10,Excessive Heat,1,0.0,0.0,0,0
ILLINOIS,CHRISTIAN,2010-08-11,Excessive Heat,1,0.0,0.0,0,0
ILLINOIS,CHRISTIAN,2010-08-12,Excessive Heat,1,0.0,0.0,0,0
ILLINOIS,CHRISTIAN,2010-08-13,Excessive Heat,1,0.0,0.0,0,0
ILLINOIS,CHRISTIAN,2010-08-14,Excessive Heat,1,0.0,0.0,0,0
ILLINOIS,CHRISTIAN,2011-02-01,Blizzard,1,260000.0,0.0,0,0
ILLINOIS,CHRISTIAN,2011-02-02,Blizzard,1,260000.0,0.0,0,0
ILLINOIS,CHRISTIAN,2012-06-29,Excessive Heat,1,0.0,0.0,0,0
ILLINOIS,CHRISTIAN,2012-06-30,Excessive Heat,1,0.0,0.0,0,0
ILLINOIS,CHRISTIAN,2012-07-01,Excessive Heat,1,0.0,0.0,0,0
ILLINOIS,CHRISTIAN,2012-07-02,Excessive Heat,1,0.0,0.0,0,0
ILLINOIS,CHRISTIAN,2012-07-03,Excessive Heat,1,0.0,0.0,0,0
ILLINOIS,CHRISTIAN,2012-07-04,Excessive Heat,1,0.0,0.0,0,0
ILLINOIS,CHRISTIAN,2012-07-05,Excessive Heat,1,0.0,0.0,0,0
ILLINOIS,CHRISTIAN,2012-07-06,Excessive Heat,1,0.0,0.0,0,0
ILLINOIS,CHRISTIAN,2012-07-07,Excessive Heat,1,0.0,0.0,0,0
ILLINOIS,CHRISTIAN,2012-12-20,Blizzard,1,0.0,0.0,0,0
ILLINOIS,CHRISTIAN,2015-12-27,Flood,1,2800000.0,0.0,0,4
ILLINOIS,CHRISTIAN,2015-12-28,Flood,1,2800000.0,0.0,0,4
ILLINOIS,CHRISTIAN,2015-12-29,Flood,1,2800000.0,0.0,0,4
ILLINOIS,CHRISTIAN,2015-12-30,Flood,1,2800000.0,0.0,0,4
ILLINOIS,CHRISTIAN,2015-12-31,Flood,1,2800000.0,0.0,0,4
ILLINOIS,CHRISTIAN,2017-04-29,Flood,1,0.0,0.0,0,0
ILLINOIS,CHRISTIAN,2017-04-30,Flood,1,0.0,0.0,0,0
ILLINOIS,CHRISTIAN,2017-05-01,Flood,1,0.0,0.0,0,0
ILLINOIS,CHRISTIAN,2017-05-02,Flood,1,0.0,0.0,0,0
ILLINOIS,CHRISTIAN,2017-05-04,Flood,1,0.0,0.0,0,0
ILLINOIS,CHRISTIAN,2017-05-05,Flood,1,0.0,0.0,0,0
ILLINOIS,CHRISTIAN,2018-06-11,Flood,1,0.0,0.0,0,0
ILLINOIS,CHRISTIAN,2022-02-02,Winter Storm,1,0.0,0.0,0,0
ILLINOIS,CHRISTIAN,2022-02-03,Winter Storm,1,0.0,0.0,0,0
ILLINOIS,CHRISTIAN,2022-12-22,Winter Storm,1,0.0,0.0,0,0
ILLINOIS,CHRISTIAN,2022-12-23,Winter Storm,1,0.0,0.0,0,0
ILLINOIS,CHRISTIAN,2023-07-27,Excessive Heat,1,0.0,0.0,0,0
ILLINOIS,CHRISTIAN,2023-07-28,Excessive Heat,1,0.0,0.0,0,0
ILLINOIS,CHRISTIAN,2023-08-20,Excessive Heat,1,0.0,0.0,0,0
ILLINOIS,CHRISTIAN,2023-08-21,Excessive Heat,1,0.0,0.0,0,0
ILLINOIS,CHRISTIAN,2023-08-22,Excessive Heat,1,0.0,0.0,0,0
ILLINOIS,CHRISTIAN,2023-08-23,Excessive Heat,1,0.0,0.0,0,0
ILLINOIS,CHRISTIAN,2023-08-24,Excessive Heat,1,0.0,0.0,0,0
ILLINOIS,CHRISTIAN,2023-08-25,Excessive Heat,1,0.0,0.0,0,0
ILLINOIS,CLARK,2010-08-03,Excessive Heat,1,0.0,0.0,0,0
ILLINOIS,CLARK,2010-08-04,Excessive Heat,1,0.0,0.0,0,0
ILLINOIS,CLARK,2010-08-09,Excessive Heat,1,0.0,0.0,0,0
ILLINOIS,CLARK,2010-08-10,Excessive Heat,1,0.0,0.0,0,0
ILLINOIS,CLARK,2010-08-11,Excessive Heat,1,0.0,0.0,0,0
ILLINOIS,CLARK,2010-08-12,Excessive Heat,1,0.0,0.0,0,0
ILLINOIS,CLARK,2010-08-13,Excessive Heat,1,0.0,0.0,0,0
ILLINOIS,CLARK,2010-08-14,Excessive Heat,1,0.0,0.0,0,0
ILLINOIS,CLARK,2011-02-01,Winter Storm,1,700000.0,0.0,0,0
ILLINOIS,CLARK,2011-02-02,Winter Storm,1,700000.0,0.0,0,0
ILLINOIS,CLARK,2012-06-29,Excessive Heat,1,0.0,0.0,0,0
ILLINOIS,CLARK,2012-06-30,Excessive Heat,1,0.0,0.0,0,0
ILLINOIS,CLARK,2012-07-01,Excessive Heat,1,0.0,0.0,0,0
ILLINOIS,CLARK,2012-07-02,Excessive Heat,1,0.0,0.0,0,0
ILLINOIS,CLARK,2012-07-03,Excessive Heat,1,0.0,0.0,0,0
ILLINOIS,CLARK,2012-07-04,Excessive Heat,1,0.0,0.0,0,0
ILLINOIS,CLARK,2012-07-05,Excessive Heat,1,0.0,0.0,0,0
ILLINOIS,CLARK,2012-07-06,Excessive Heat,1,0.0,0.0,0,0
ILLINOIS,CLARK,2012-07-07,Excessive Heat,1,0.0,0.0,0,0
ILLINOIS,CLARK,2015-06-19,Flood,1,0.0,0.0,0,0
ILLINOIS,CLARK,2015-06-20,Flood,1,0.0,0.0,0,0
ILLINOIS,CLARK,2017-04-29,Flood,1,0.0,0.0,0,0
ILLINOIS,CLARK,2017-04-30,Flood,1,0.0,0.0,0,0
ILLINOIS,CLARK,2017-05-01,Flood,1,0.0,0.0,0,0
ILLINOIS,CLARK,2017-05-04,Flood,1,0.0,0.0,0,0
ILLINOIS,CLARK,2017-05-05,Flood,1,0.0,0.0,0,0
ILLINOIS,CLARK,2017-05-06,Flood,1,0.0,0.0,0,0
ILLINOIS,CLARK,2020-01-11,Flood,1,0.0,0.0,0,0
ILLINOIS,CLARK,2020-01-12,Flood,1,0.0,0.0,0,0
ILLINOIS,CLARK,2022-02-02,Winter Storm,1,0.0,0.0,0,0
ILLINOIS,CLARK,2022-02-03,Winter Storm,1,0.0,0.0,0,0
ILLINOIS,CLARK,2023-07-27,Excessive Heat,1,0.0,0.0,0,0
ILLINOIS,CLARK,2023-07-28,Excessive Heat,1,0.0,0.0,0,0
ILLINOIS,CLARK,2023-08-20,Excessive Heat,1,0.0,0.0,0,0
ILLINOIS,CLARK,2023-08-21,Excessive Heat,1,0.0,0.0,0,0
ILLINOIS,CLARK,2023-08-22,Excessive Heat,1,0.0,0.0,0,0
ILLINOIS,CLARK,2023-08-23,Excessive Heat,1,0.0,0.0,0,0
ILLINOIS,CLARK,2023-08-24,Excessive Heat,1,0.0,0.0,0,0
ILLINOIS,CLARK,2023-08-25,Excessive Heat,1,0.0,0.0,0,0
ILLINOIS,CLAY,2010-08-03,Excessive Heat,1,0.0,0.0,0,0
ILLINOIS,CLAY,2010-08-04,Excessive Heat,1,0.0,0.0,0,0
ILLINOIS,CLAY,2010-08-09,Excessive Heat,1,0.0,0.0,0,0
ILLINOIS,CLAY,2010-08-10,Excessive Heat,1,0.0,0.0,0,0
ILLINOIS,CLAY,2010-08-11,Excessive Heat,1,0.0,0.0,0,0
ILLINOIS,CLAY,2010-08-12,Excessive Heat,1,0.0,0.0,0,0
ILLINOIS,CLAY,2010-08-13,Excessive Heat,1,0.0,0.0,0,0
ILLINOIS,CLAY,2010-08-14,Excessive Heat,1,0.0,0.0,0,0
ILLINOIS,CLAY,2012-06-29,Excessive Heat,1,0.0,0.0,0,0
ILLINOIS,CLAY,2012-06-30,Excessive Heat,1,0.0,0.0,0,0
ILLINOIS,CLAY,2012-07-01,Excessive Heat,1,0.0,0.0,0,0
ILLINOIS,CLAY,2012-07-02,Excessive Heat,1,0.0,0.0,0,0
ILLINOIS,CLAY,2012-07-03,Excessive Heat,1,0.0,0.0,0,0
ILLINOIS,CLAY,2012-07-04,Excessive Heat,1,0.0,0.0,0,0
ILLINOIS,CLAY,2012-07-05,Excessive Heat,1,0.0,0.0,0,0
ILLINOIS,CLAY,2012-07-06,Excessive Heat,1,0.0,0.0,0,0
ILLINOIS,CLAY,2012-07-07,Excessive Heat,1,0.0,0.0,0,0
ILLINOIS,CLAY,2013-06-23,Flood,1,0.0,0.0,0,0
ILLINOIS,CLAY,2013-06-24,Flood,1,0.0,0.0,0,0
ILLINOIS,CLAY,2013-12-05,Winter Storm,1,0.0,0.0,0,0
ILLINOIS,CLAY,2013-12-06,Winter Storm,1,0.0,0.0,0,0
ILLINOIS,CLAY,2015-06-19,Flood,1,0.0,0.0,0,0
ILLINOIS,CLAY,2015-06-20,Flood,1,0.0,0.0,0,0
ILLINOIS,CLAY,2017-04-29,Flood,1,0.0,0.0,0,0
ILLINOIS,CLAY,2017-04-30,Flood,1,0.0,0.0,0,0
ILLINOIS,CLAY,2017-05-01,Flood,1,0.0,0.0,0,0
ILLINOIS,CLAY,2017-05-04,Flood,1,0.0,0.0,0,0
ILLINOIS,CLAY,2017-05-05,Flood,1,0.0,0.0,0,0
ILLINOIS,CLAY,2017-05-11,Flood,1,0.0,0.0,0,0
ILLINOIS,CLAY,2018-06-12,Flood,1,0.0,0.0,0,0
ILLINOIS,CLAY,2019-07-18,Excessive Heat,1,0.0,0.0,0,1
ILLINOIS,CLAY,2019-07-19,Excessive Heat,1,0.0,0.0,0,1
ILLINOIS,CLAY,2019-07-20,Excessive Heat,1,0.0,0.0,0,1
ILLINOIS,CLAY,2019-07-21,Excessive Heat,1,0.0,0.0,0,1
ILLINOIS,CLAY,2023-07-27,Excessive Heat,1,0.0,0.0,0,0
ILLINOIS,CLAY,2023-07-28,Excessive Heat,1,0.0,0.0,0,0
ILLINOIS,CLAY,2023-08-20,Excessive Heat,1,0.0,0.0,0,0
ILLINOIS,CLAY,2023-08-21,Excessive Heat,1,0.0,0.0,0,0
ILLINOIS,CLAY,2023-08-22,Excessive Heat,1,0.0,0.0,0,0
ILLINOIS,CLAY,2023-08-23,Excessive Heat,1,0.0,0.0,0,0
ILLINOIS,CLAY,2023-08-24,Excessive Heat,1,0.0,0.0,0,0
ILLINOIS,CLAY,2023-08-25,Excessive Heat,1,0.0,0.0,0,0
ILLINOIS,CLINTON,2010-07-14,Excessive Heat,1,0.0,0.0,0,0
ILLINOIS,CLINTON,2010-07-17,Excessive Heat,1,0.0,0.0,0,0
ILLINOIS,CLINTON,2010-07-22,Excessive Heat,1,0.0,0.0,0,0
ILLINOIS,CLINTON,2010-07-23,Excessive Heat,1,0.0,0.0,0,0
ILLINOIS,CLINTON,2010-07-24,Excessive Heat,1,0.0,0.0,0,0
ILLINOIS,CLINTON,2010-08-02,Excessive Heat,1,0.0,0.0,0,0
ILLINOIS,CLINTON,2010-08-03,Excessive Heat,1,0.0,0.0,0,0
ILLINOIS,CLINTON,2010-08-04,Excessive Heat,1,0.0,0.0,0,0
ILLINOIS,CLINTON,2010-08-08,Excessive Heat,1,0.0,0.0,0,0
ILLINOIS,CLINTON,2010-08-09,Excessive Heat,1,0.0,0.0,0,0
ILLINOIS,CLINTON,2010-08-10,Excessive Heat,1,0.0,0.0,0,0
ILLINOIS,CLINTON,2010-08-11,Excessive Heat,1,0.0,0.0,0,0
ILLINOIS,CLINTON,2010-08-12,Excessive Heat,1,0.0,0.0,0,0
ILLINOIS,CLINTON,2010-08-13,Excessive Heat,1,0.0,0.0,0,0
ILLINOIS,CLINTON,2010-08-14,Excessive Heat,1,0.0,0.0,0,0
ILLINOIS,CLINTON,2011-01-31,Winter Storm,1,0.0,0.0,0,0
ILLINOIS,CLINTON,2011-02-01,Winter Storm,1,0.0,0.0,0,0
ILLINOIS,CLINTON,2011-02-02,Winter Storm,1,0.0,0.0,0,0
ILLINOIS,CLINTON,2011-07-10,Excessive Heat,1,0.0,0.0,0,0
ILLINOIS,CLINTON,2011-07-11,Excessive Heat,1,0.0,0.0,0,0
ILLINOIS,CLINTON,2011-07-12,Excessive Heat,1,0.0,0.0,0,0
ILLINOIS,CLINTON,2011-07-17,Excessive Heat,1,0.0,0.0,0,0
ILLINOIS,CLINTON,2011-07-18,Excessive Heat,1,0.0,0.0,0,0
ILLINOIS,CLINTON,2011-07-19,Excessive Heat,1,0.0,0.0,0,0
ILLINOIS,CLINTON,2011-07-20,Excessive Heat,1,0.0,0.0,0,0
ILLINOIS,CLINTON,2011-07-21,Excessive Heat,1,0.0,0.0,0,0
ILLINOIS,CLINTON,2011-07-22,Excessive Heat,1,0.0,0.0,0,0
ILLINOIS,CLINTON,2011-07-23,Excessive Heat,1,0.0,0.0,0,0
ILLINOIS,CLINTON,2011-07-24,Excessive Heat,1,0.0,0.0,0,0
ILLINOIS,CLINTON,2011-07-25,Excessive Heat,1,0.0,0.0,0,0
ILLINOIS,CLINTON,2011-07-26,Excessive Heat,1,0.0,0.0,0,0
ILLINOIS,CLINTON,2011-07-27,Excessive Heat,1,0.0,0.0,0,0
ILLINOIS,CLINTON,2011-07-28,Excessive Heat,1,0.0,0.0,0,0
ILLINOIS,CLINTON,2011-07-29,Excessive Heat,1,0.0,0.0,0,0
ILLINOIS,CLINTON,2011-07-30,Excessive Heat,1,0.0,0.0,0,0
ILLINOIS,CLINTON,2011-07-31,Excessive Heat,1,0.0,0.0,0,0
ILLINOIS,CLINTON,2011-08-01,Excessive Heat,1,0.0,0.0,0,0
ILLINOIS,CLINTON,2011-08-02,Excessive Heat,1,0.0,0.0,0,0
ILLINOIS,CLINTON,2011-08-03,Excessive Heat,1,0.0,0.0,0,0
ILLINOIS,CLINTON,2012-06-27,Excessive Heat,1,0.0,0.0,0,0
ILLINOIS,CLINTON,2012-06-28,Excessive Heat,1,0.0,0.0,0,0
ILLINOIS,CLINTON,2012-06-29,Excessive Heat,1,0.0,0.0,0,0
ILLINOIS,CLINTON,2012-06-30,Excessive Heat,1,0.0,0.0,0,0
ILLINOIS,CLINTON,2012-07-01,Excessive Heat,1,0.0,0.0,0,0
ILLINOIS,CLINTON,2012-07-02,Excessive Heat,1,0.0,0.0,0,0
ILLINOIS,CLINTON,2012-07-03,Excessive Heat,1,0.0,0.0,0,0
ILLINOIS,CLINTON,2012-07-04,Excessive Heat,1,0.0,0.0,0,0
ILLINOIS,CLINTON,2012-07-05,Excessive Heat,1,0.0,0.0,0,0
ILLINOIS,CLINTON,2012-07-06,Excessive Heat,1,0.0,0.0,0,0
ILLINOIS,CLINTON,2012-07-07,Excessive Heat,1,0.0,0.0,0,0
ILLINOIS,CLINTON,2012-07-08,Excessive Heat,1,0.0,0.0,0,0
ILLINOIS,CLINTON,2012-07-16,Excessive Heat,1,0.0,0.0,0,0
ILLINOIS,CLINTON,2012-07-17,Excessive Heat,1,0.0,0.0,0,0
ILLINOIS,CLINTON,2012-07-18,Excessive Heat,1,0.0,0.0,0,0
ILLINOIS,CLINTON,2012-07-19,Excessive Heat,1,0.0,0.0,0,0
ILLINOIS,CLINTON,2012-07-22,Excessive Heat,1,0.0,0.0,0,0
ILLINOIS,CLINTON,2012-07-23,Excessive Heat,1,0.0,0.0,0,0
ILLINOIS,CLINTON,2012-07-24,Excessive Heat,1,0.0,0.0,0,0
ILLINOIS,CLINTON,2012-07-25,Excessive Heat,1,0.0,0.0,0,0
ILLINOIS,CLINTON,2012-07-26,Excessive Heat,1,0.0,0.0,0,0
ILLINOIS,CLINTON,2012-07-27,Excessive Heat,1,0.0,0.0,0,0
ILLINOIS,CLINTON,2013-02-21,Winter Storm,1,0.0,0.0,0,0
ILLINOIS,CLINTON,2014-01-05,Winter Storm,1,0.0,0.0,0,0
ILLINOIS,CLINTON,2014-03-01,Winter Storm,1,0.0,0.0,0,0
ILLINOIS,CLINTON,2014-03-02,Winter Storm,1,0.0,0.0,0,0
ILLINOIS,CLINTON,2014-07-26,Excessive Heat,1,0.0,0.0,0,0
ILLINOIS,CLINTON,2014-08-20,Excessive Heat,1,0.0,0.0,0,0
ILLINOIS,CLINTON,2014-08-21,Excessive Heat,1,0.0,0.0,0,0
ILLINOIS,CLINTON,2014-08-22,Excessive Heat,1,0.0,0.0,0,0
ILLINOIS,CLINTON,2014-08-23,Excessive Heat,1,0.0,0.0,0,0
ILLINOIS,CLINTON,2014-08-24,Excessive Heat,1,0.0,0.0,0,0
ILLINOIS,CLINTON,2014-08-25,Excessive Heat,1,0.0,0.0,0,0
ILLINOIS,CLINTON,2014-08-26,Excessive Heat,1,0.0,0.0,0,0
ILLINOIS,CLINTON,2014-08-27,Excessive Heat,1,0.0,0.0,0,0
ILLINOIS,CLINTON,2015-05-11,Flood,1,0.0,0.0,0,1
ILLINOIS,CLINTON,2015-05-12,Flood,1,0.0,0.0,0,1
ILLINOIS,CLINTON,2015-07-12,Excessive Heat,1,0.0,0.0,0,0
ILLINOIS,CLINTON,2015-07-13,Excessive Heat,1,0.0,0.0,0,0
ILLINOIS,CLINTON,2015-07-14,Excessive Heat,1,0.0,0.0,0,0
ILLINOIS,CLINTON,2015-07-18,Excessive Heat,1,0.0,0.0,0,0
ILLINOIS,CLINTON,2015-07-19,Excessive Heat,1,0.0,0.0,0,0
ILLINOIS,CLINTON,2016-07-18,Excessive Heat,1,0.0,0.0,0,0
ILLINOIS,CLINTON,2016-07-19,Excessive Heat,1,0.0,0.0,0,0
ILLINOIS,CLINTON,2016-07-20,Excessive Heat,1,0.0,0.0,0,0
ILLINOIS,CLINTON,2016-07-21,Excessive Heat,1,0.0,0.0,0,0
ILLINOIS,CLINTON,2016-07-22,Excessive Heat,1,0.0,0.0,0,0
ILLINOIS,CLINTON,2016-07-23,Excessive Heat,1,0.0,0.0,0,0
ILLINOIS,CLINTON,2016-07-24,Excessive Heat,1,0.0,0.0,0,0
ILLINOIS,CLINTON,2017-07-19,Excessive Heat,1,0.0,0.0,0,0
ILLINOIS,CLINTON,2017-07-20,Excessive Heat,1,0.0,0.0,0,0
ILLINOIS,CLINTON,2017-07-21,Excessive Heat,1,0.0,0.0,0,0
ILLINOIS,CLINTON,2017-07-22,Excessive Heat,1,0.0,0.0,0,0
ILLINOIS,CLINTON,2017-07-23,Excessive Heat,1,0.0,0.0,0,0
ILLINOIS,CLINTON,2018-06-28,Excessive Heat,1,0.0,0.0,0,0
ILLINOIS,CLINTON,2018-06-29,Excessive Heat,1,0.0,0.0,0,0
ILLINOIS,CLINTON,2018-06-30,Excessive Heat,1,0.0,0.0,0,0
ILLINOIS,CLINTON,2019-12-15,Winter Storm,1,0.0,0.0,0,0
ILLINOIS,CLINTON,2019-12-16,Winter Storm,1,0.0,0.0,0,0
ILLINOIS,CLINTON,2022-12-22,Winter Storm,1,0.0,0.0,0,0
ILLINOIS,CLINTON,2023-07-27,Excessive Heat,1,0.0,0.0,0,0
ILLINOIS,CLINTON,2023-07-28,Excessive Heat,1,0.0,0.0,0,0
ILLINOIS,CLINTON,2023-07-29,Excessive Heat,1,0.0,0.0,0,0
ILLINOIS,CLINTON,2023-08-20,Excessive Heat,1,0.0,0.0,0,0
ILLINOIS,CLINTON,2023-08-21,Excessive Heat,1,0.0,0.0,0,0
ILLINOIS,CLINTON,2023-08-22,Excessive Heat,1,0.0,0.0,0,0
ILLINOIS,CLINTON,2023-08-23,Excessive Heat,1,0.0,0.0,0,0
ILLINOIS,CLINTON,2023-08-24,Excessive Heat,1,0.0,0.0,0,0
ILLINOIS,CLINTON,2023-08-25,Excessive Heat,1,0.0,0.0,0,0
ILLINOIS,CLINTON,2025-01-05,Winter Storm,1,0.0,0.0,0,0
ILLINOIS,CLINTON,2025-01-06,Winter Storm,1,0.0,0.0,0,0
ILLINOIS,CLINTON,2025-07-22,Excessive Heat,1,0.0,0.0,0,0
ILLINOIS,CLINTON,2025-07-23,Excessive Heat,1,0.0,0.0,0,0
ILLINOIS,CLINTON,2025-07-24,Excessive Heat,1,0.0,0.0,0,0
ILLINOIS,CLINTON,2025-07-25,Excessive Heat,1,0.0,0.0,0,0
ILLINOIS,CLINTON,2025-07-26,Excessive Heat,1,0.0,0.0,0,0
ILLINOIS,CLINTON,2025-07-27,Excessive Heat,1,0.0,0.0,0,0
ILLINOIS,CLINTON,2025-07-28,Excessive Heat,1,0.0,0.0,0,0
ILLINOIS,CLINTON,2025-07-29,Excessive Heat,1,0.0,0.0,0,0
ILLINOIS,CLINTON,2025-07-30,Excessive Heat,1,0.0,0.0,0,0
ILLINOIS,COLES,2010-08-03,Excessive Heat,1,0.0,0.0,0,0
ILLINOIS,COLES,2010-08-04,Excessive Heat,1,0.0,0.0,0,0
ILLINOIS,COLES,2010-08-09,Excessive Heat,1,0.0,0.0,0,0
ILLINOIS,COLES,2010-08-10,Excessive Heat,1,0.0,0.0,0,0
ILLINOIS,COLES,2010-08-11,Excessive Heat,1,0.0,0.0,0,0
ILLINOIS,COLES,2010-08-12,Excessive Heat,1,0.0,0.0,0,0
ILLINOIS,COLES,2010-08-13,Excessive Heat,1,0.0,0.0,0,0
ILLINOIS,COLES,2010-08-14,Excessive Heat,1,0.0,0.0,0,0
ILLINOIS,COLES,2011-02-01,Winter Storm,1,600000.0,0.0,0,0
ILLINOIS,COLES,2011-02-02,Winter Storm,1,600000.0,0.0,0,0
ILLINOIS,COLES,2012-06-29,Excessive Heat,1,0.0,0.0,0,0
ILLINOIS,COLES,2012-06-30,Excessive Heat,1,0.0,0.0,0,0
ILLINOIS,COLES,2012-07-01,Excessive Heat,1,0.0,0.0,0,0
ILLINOIS,COLES,2012-07-02,Excessive Heat,1,0.0,0.0,0,0
ILLINOIS,COLES,2012-07-03,Excessive Heat,1,0.0,0.0,0,0
ILLINOIS,COLES,2012-07-04,Excessive Heat,1,0.0,0.0,0,0
ILLINOIS,COLES,2012-07-05,Excessive Heat,1,0.0,0.0,0,0
ILLINOIS,COLES,2012-07-06,Excessive Heat,1,0.0,0.0,0,0
ILLINOIS,COLES,2012-07-07,Excessive Heat,1,0.0,0.0,0,0
ILLINOIS,COLES,2015-06-19,Flood,1,0.0,0.0,0,0
ILLINOIS,COLES,2015-06-20,Flood,1,0.0,0.0,0,0
ILLINOIS,COLES,2016-02-24,Blizzard,1,0.0,0.0,0,0
ILLINOIS,COLES,2017-04-29,Flood,1,0.0,0.0,0,0
ILLINOIS,COLES,2017-04-30,Flood,1,0.0,0.0,0,0
ILLINOIS,COLES,2017-05-01,Flood,1,0.0,0.0,0,0
ILLINOIS,COLES,2017-05-04,Flood,1,0.0,0.0,0,0
ILLINOIS,COLES,2017-05-05,Flood,1,0.0,0.0,0,0
ILLINOIS,COLES,2017-05-06,Flood,1,0.0,0.0,0,0
ILLINOIS,COLES,2018-04-03,Flood,1,0.0,0.0,0,0
ILLINOIS,COLES,2018-04-04,Flood,1,0.0,0.0,0,0
ILLINOIS,COLES,2020-01-11,Flood,1,0.0,0.0,0,0
ILLINOIS,COLES,2020-01-12,Flood,1,0.0,0.0,0,0
ILLINOIS,COLES,2021-06-27,Flood,1,0.0,0.0,0,0
ILLINOIS,COLES,2021-06-28,Flood,1,0.0,0.0,0,0
ILLINOIS,COLES,2022-02-02,Winter Storm,1,0.0,0.0,0,0
ILLINOIS,COLES,2022-02-03,Winter Storm,1,0.0,0.0,0,0
ILLINOIS,COLES,2022-12-22,Winter Storm,1,0.0,0.0,0,0
ILLINOIS,COLES,2022-12-23,Winter Storm,1,0.0,0.0,0,0
ILLINOIS,COLES,2023-07-27,Excessive Heat,1,0.0,0.0,0,0
ILLINOIS,COLES,2023-07-28,Excessive Heat,1,0.0,0.0,0,0
ILLINOIS,COLES,2023-08-20,Excessive Heat,1,0.0,0.0,0,0
ILLINOIS,COLES,2023-08-21,Excessive Heat,1,0.0,0.0,0,0
ILLINOIS,COLES,2023-08-22,Excessive Heat,1,0.0,0.0,0,0
ILLINOIS,COLES,2023-08-23,Excessive Heat,1,0.0,0.0,0,0
ILLINOIS,COLES,2023-08-24,Excessive Heat,1,0.0,0.0,0,0
ILLINOIS,COLES,2023-08-25,Excessive Heat,1,0.0,0.0,0,0
ILLINOIS,COOK,2010-01-07,Winter Storm,1,0.0,0.0,0,0
ILLINOIS,COOK,2010-01-08,Winter Storm,1,0.0,0.0,0,0
ILLINOIS,COOK,2010-02-09,Winter Storm,1,0.0,0.0,0,0
ILLINOIS,COOK,2010-02-10,Winter Storm,1,0.0,0.0,0,0
ILLINOIS,COOK,2010-06-02,Flood,1,0.0,0.0,0,0
ILLINOIS,COOK,2010-06-23,Flood,1,0.0,0.0,0,0
ILLINOIS,COOK,2010-07-24,Flood,1,0.0,0.0,0,0
ILLINOIS,COOK,2010-08-12,Excessive Heat,1,0.0,0.0,0,1
ILLINOIS,COOK,2010-11-22,Flood,1,0.0,0.0,0,0
ILLINOIS,COOK,2010-12-11,Winter Storm,1,0.0,0.0,0,0
ILLINOIS,COOK,2010-12-12,Winter Storm,1,0.0,0.0,0,0
ILLINOIS,COOK,2011-02-01,Blizzard,1,200000.0,0.0,0,1
ILLINOIS,COOK,2011-02-02,Blizzard,1,200000.0,0.0,0,1
ILLINOIS,COOK,2011-05-25,Flood,1,0.0,0.0,0,0
ILLINOIS,COOK,2011-05-26,Flood,1,0.0,0.0,0,0
ILLINOIS,COOK,2011-05-29,Flood,1,0.0,0.0,0,0
ILLINOIS,COOK,2011-06-09,Flood,1,0.0,0.0,0,0
ILLINOIS,COOK,2011-07-22,Flood,1,0.0,0.0,0,0
ILLINOIS,COOK,2012-01-12,Winter Storm,1,0.0,0.0,0,0
ILLINOIS,COOK,2012-01-13,Winter Storm,1,0.0,0.0,0,0
ILLINOIS,COOK,2012-01-20,Winter Storm,1,0.0,0.0,0,0
ILLINOIS,COOK,2012-07-04,Excessive Heat,1,750000.0,0.0,0,23
ILLINOIS,COOK,2012-07-05,Excessive Heat,1,750000.0,0.0,0,23
ILLINOIS,COOK,2012-07-06,Excessive Heat,1,750000.0,0.0,0,23
ILLINOIS,COOK,2012-07-07,Excessive Heat,1,750000.0,0.0,0,23
ILLINOIS,COOK,2012-07-18,Flood,1,0.0,0.0,0,0
ILLINOIS,COOK,2013-03-05,Winter Storm,1,0.0,0.0,0,0
ILLINOIS,COOK,2013-05-20,Flood,1,0.0,0.0,0,0
ILLINOIS,COOK,2013-05-21,Flood,1,0.0,0.0,0,0
ILLINOIS,COOK,2013-07-19,Excessive Heat,1,0.0,0.0,0,3
ILLINOIS,COOK,2013-09-18,Flood,1,0.0,0.0,0,0
ILLINOIS,COOK,2013-11-17,Flood,1,0.0,0.0,0,0
ILLINOIS,COOK,2014-05-11,Flood,1,100000.0,0.0,0,0
ILLINOIS,COOK,2014-05-20,Flood,1,0.0,0.0,0,0
ILLINOIS,COOK,2014-06-21,Flood,1,0.0,0.0,0,0
ILLINOIS,COOK,2014-07-01,Flood,1,0.0,0.0,0,0
ILLINOIS,COOK,2014-07-12,Flood,1,0.0,0.0,0,0
ILLINOIS,COOK,2014-08-04,Flood,1,0.0,0.0,0,0
ILLINOIS,COOK,2016-07-07,Flood,1,0.0,0.0,0,0
ILLINOIS,COOK,2017-07-12,Flood,1,0.0,0.0,0,0
ILLINOIS,COOK,2017-07-21,Flood,1,0.0,0.0,0,0
ILLINOIS,COOK,2017-07-23,Flood,1,0.0,0.0,0,0
ILLINOIS,COOK,2017-10-14,Flood,1,0.0,0.0,0,0
ILLINOIS,COOK,2017-10-15,Flood,1,0.0,0.0,0,0
ILLINOIS,COOK,2018-02-08,Winter Storm,1,0.0,0.0,0,0
ILLINOIS,COOK,2018-02-09,Winter Storm,1,0.0,0.0,0,0
ILLINOIS,COOK,2018-05-02,Flood,1,0.0,0.0,0,0
ILLINOIS,COOK,2018-05-03,Flood,1,0.0,0.0,0,0
ILLINOIS,COOK,2018-05-21,Flood,1,0.0,0.0,0,0
ILLINOIS,COOK,2018-05-30,Flood,1,0.0,0.0,0,0
ILLINOIS,COOK,2018-06-16,Excessive Heat,1,0.0,0.0,0,0
ILLINOIS,COOK,2018-06-17,Excessive Heat,1,0.0,0.0,0,0
ILLINOIS,COOK,2018-06-18,Excessive Heat,1,0.0,0.0,0,0
ILLINOIS,COOK,2018-06-22,Flood,1,0.0,0.0,0,0
ILLINOIS,COOK,2018-06-29,Excessive Heat,1,0.0,0.0,0,0
ILLINOIS,COOK,2018-06-30,Excessive Heat,1,0.0,0.0,0,0
ILLINOIS,COOK,2018-07-01,Excessive Heat,1,0.0,0.0,0,0
ILLINOIS,COOK,2018-09-02,Flood,1,0.0,0.0,0,0
ILLINOIS,COOK,2018-09-03,Flood,1,0.0,0.0,0,0
ILLINOIS,COOK,2018-11-25,Winter Storm,1,0.0,0.0,0,0
ILLINOIS,COOK,2018-11-26,Winter Storm,1,0.0,0.0,0,0
ILLINOIS,COOK,2019-01-18,Winter Storm,1,0.0,0.0,0,0
ILLINOIS,COOK,2019-01-19,Winter Storm,1,0.0,0.0,0,0
ILLINOIS,COOK,2019-04-14,Winter Storm,1,0.0,0.0,0,0
ILLINOIS,COOK,2019-05-01,Flood,1,0.0,0.0,0,0
ILLINOIS,COOK,2019-05-27,Flood,1,0.0,0.0,0,0
ILLINOIS,COOK,2019-06-01,Flood,1,0.0,0.0,0,0
ILLINOIS,COOK,2019-06-05,Flood,1,0.0,0.0,0,0
ILLINOIS,COOK,2019-07-02,Flood,1,0.0,0.0,0,0
ILLINOIS,COOK,2019-07-13,Flood,1,0.0,0.0,0,0
ILLINOIS,COOK,2019-07-18,Excessive Heat,1,0.0,0.0,0,0
ILLINOIS,COOK,2019-07-18,Flood,1,0.0,0.0,0,0
ILLINOIS,COOK,2019-07-19,Excessive Heat,1,0.0,0.0,0,0
ILLINOIS,COOK,2019-07-20,Excessive Heat,1,0.0,0.0,0,0
ILLINOIS,COOK,2019-08-18,Flood,1,0.0,0.0,0,0
ILLINOIS,COOK,2019-09-13,Flood,1,0.0,0.0,0,0
ILLINOIS,COOK,2019-10-02,Flood,1,0.0,0.0,0,0
ILLINOIS,COOK,2019-10-03,Flood,1,0.0,0.0,0,0
ILLINOIS,COOK,2019-10-26,Flood,1,0.0,0.0,0,0
ILLINOIS,COOK,2019-10-27,Flood,1,0.0,0.0,0,0
ILLINOIS,COOK,2020-04-29,Flood,1,0.0,0.0,0,0
ILLINOIS,COOK,2020-04-30,Flood,1,0.0,0.0,0,0
ILLINOIS,COOK,2020-05-15,Flood,1,0.0,0.0,0,0
ILLINOIS,COOK,2020-05-17,Flood,1,0.0,0.0,0,0
ILLINOIS,COOK,2020-05-18,Flood,1,0.0,0.0,0,0
ILLINOIS,COOK,2020-05-19,Flood,1,0.0,0.0,0,0
ILLINOIS,COOK,2020-05-20,Flood,1,0.0,0.0,0,0
ILLINOIS,COOK,2020-06-21,Flood,1,0.0,0.0,0,0
ILLINOIS,COOK,2020-06-26,Flood,1,0.0,0.0,0,0
ILLINOIS,COOK,2020-08-02,Flood,1,0.0,0.0,0,0
ILLINOIS,COOK,2020-10-22,Flood,1,0.0,0.0,0,0
ILLINOIS,COOK,2021-06-12,Flood,1,0.0,0.0,0,0
ILLINOIS,COOK,2021-06-20,Flood,1,0.0,0.0,0,0
ILLINOIS,COOK,2021-06-21,Flood,1,0.0,0.0,0,0
ILLINOIS,COOK,2021-08-10,Flood,1,0.0,0.0,0,0
ILLINOIS,COOK,2021-08-24,Flood,1,0.0,0.0,0,0
ILLINOIS,COOK,2021-10-11,Flood,1,0.0,0.0,0,0
ILLINOIS,COOK,2021-10-24,Flood,1,0.0,0.0,0,0
ILLINOIS,COOK,2021-10-25,Flood,1,0.0,0.0,0,0
ILLINOIS,COOK,2022-04-30,Flood,1,0.0,0.0,0,0
ILLINOIS,COOK,2022-05-03,Flood,1,0.0,0.0,0,0
ILLINOIS,COOK,2022-06-13,Flood,1,0.0,0.0,0,0
ILLINOIS,COOK,2022-07-23,Flood,1,0.0,0.0,0,0
ILLINOIS,COOK,2022-09-11,Flood,1,0.0,0.0,0,0
ILLINOIS,COOK,2023-03-31,Flood,1,0.0,0.0,0,0
ILLINOIS,COOK,2023-04-04,Flood,1,0.0,0.0,0,0
ILLINOIS,COOK,2023-07-11,Flood,1,0.0,0.0,0,0
ILLINOIS,COOK,2023-09-17,Flood,1,0.0,0.0,0,0
ILLINOIS,COOK,2023-09-18,Flood,1,0.0,0.0,0,0
ILLINOIS,COOK,2023-09-26,Flood,1,0.0,0.0,0,0
ILLINOIS,COOK,2024-02-27,Flood,1,0.0,0.0,0,0
ILLINOIS,COOK,2024-03-14,Flood,1,0.0,0.0,0,0
ILLINOIS,COOK,2024-05-02,Flood,1,0.0,0.0,0,0
ILLINOIS,COOK,2024-05-07,Flood,1,0.0,0.0,0,0
ILLINOIS,COOK,2024-05-13,Flood,1,0.0,0.0,0,0
ILLINOIS,COOK,2024-05-26,Flood,1,0.0,0.0,0,0
ILLINOIS,COOK,2024-06-06,Flood,1,0.0,0.0,0,0
ILLINOIS,COOK,2024-07-13,Flood,1,0.0,0.0,0,0
ILLINOIS,COOK,2024-07-14,Flood,1,0.0,0.0,0,0
ILLINOIS,COOK,2024-07-23,Flood,1,0.0,0.0,0,0
ILLINOIS,COOK,2024-09-24,Flood,1,0.0,0.0,0,0
ILLINOIS,COOK,2025-01-31,Flood,1,0.0,0.0,0,0
ILLINOIS,COOK,2025-04-02,Flood,1,0.0,0.0,0,0
ILLINOIS,COOK,2025-06-18,Flood,1,0.0,0.0,0,0
ILLINOIS,COOK,2025-07-06,Flood,1,0.0,0.0,0,0
ILLINOIS,COOK,2025-07-08,Flood,1,0.0,0.0,0,0
ILLINOIS,COOK,2025-07-11,Flood,1,0.0,0.0,0,0
ILLINOIS,COOK,2025-07-24,Flood,1,0.0,0.0,0,0
ILLINOIS,COOK,2025-07-25,Flood,1,0.0,0.0,0,0
ILLINOIS,COOK,2025-07-28,Flood,1,0.0,0.0,0,0
ILLINOIS,COOK,2025-08-11,Flood,1,0.0,0.0,0,0
ILLINOIS,COOK,2025-08-12,Flood,1,0.0,0.0,0,0
ILLINOIS,CRAWFORD,2010-08-03,Excessive Heat,1,0.0,0.0,0,0
ILLINOIS,CRAWFORD,2010-08-04,Excessive Heat,1,0.0,0.0,0,0
ILLINOIS,CRAWFORD,2010-08-09,Excessive Heat,1,0.0,0.0,0,0
ILLINOIS,CRAWFORD,2010-08-10,Excessive Heat,1,0.0,0.0,0,0
ILLINOIS,CRAWFORD,2010-08-11,Excessive Heat,1,0.0,0.0,0,0
ILLINOIS,CRAWFORD,2010-08-12,Excessive Heat,1,0.0,0.0,0,0
ILLINOIS,CRAWFORD,2010-08-13,Excessive Heat,1,0.0,0.0,0,0
ILLINOIS,CRAWFORD,2010-08-14,Excessive Heat,1,0.0,0.0,0,0
ILLINOIS,CRAWFORD,2011-07-23,Excessive Heat,1,0.0,0.0,0,1
ILLINOIS,CRAWFORD,2011-07-24,Excessive Heat,1,0.0,0.0,0,1
ILLINOIS,CRAWFORD,2012-06-29,Excessive Heat,1,0.0,0.0,0,0
ILLINOIS,CRAWFORD,2012-06-30,Excessive Heat,1,0.0,0.0,0,0
ILLINOIS,CRAWFORD,2012-07-01,Excessive Heat,1,0.0,0.0,0,0
ILLINOIS,CRAWFORD,2012-07-02,Excessive Heat,1,0.0,0.0,0,0
ILLINOIS,CRAWFORD,2012-07-03,Excessive Heat,1,0.0,0.0,0,0
ILLINOIS,CRAWFORD,2012-07-04,Excessive Heat,1,0.0,0.0,0,0
ILLINOIS,CRAWFORD,2012-07-05,Excessive Heat,1,0.0,0.0,0,0
ILLINOIS,CRAWFORD,2012-07-06,Excessive Heat,1,0.0,0.0,0,0
ILLINOIS,CRAWFORD,2012-07-07,Excessive Heat,1,0.0,0.0,0,0
ILLINOIS,CRAWFORD,2013-12-05,Winter Storm,1,0.0,0.0,0,0
ILLINOIS,CRAWFORD,2013-12-06,Winter Storm,1,0.0,0.0,0,0
ILLINOIS,CRAWFORD,2015-06-19,Flood,1,0.0,0.0,0,0
ILLINOIS,CRAWFORD,2015-06-20,Flood,1,0.0,0.0,0,0
ILLINOIS,CRAWFORD,2017-04-29,Flood,1,0.0,0.0,0,0
ILLINOIS,CRAWFORD,2017-04-30,Flood,1,0.0,0.0,0,0
ILLINOIS,CRAWFORD,2017-05-01,Flood,1,0.0,0.0,0,0
ILLINOIS,CRAWFORD,2017-05-04,Flood,1,0.0,0.0,0,0
ILLINOIS,CRAWFORD,2017-05-05,Flood,1,0.0,0.0,0,0
ILLINOIS,CRAWFORD,2017-05-06,Flood,1,0.0,0.0,0,0
ILLINOIS,CRAWFORD,2017-05-07,Flood,1,0.0,0.0,0,0
ILLINOIS,CRAWFORD,2017-05-08,Flood,1,0.0,0.0,0,0
ILLINOIS,CRAWFORD,2017-05-11,Flood,1,0.0,0.0,0,0
ILLINOIS,CRAWFORD,2021-08-09,Flood,1,0.0,0.0,0,0
ILLINOIS,CRAWFORD,2023-07-27,Excessive Heat,1,0.0,0.0,0,0
ILLINOIS,CRAWFORD,2023-07-28,Excessive Heat,1,0.0,0.0,0,0
ILLINOIS,CRAWFORD,2023-08-20,Excessive Heat,1,0.0,0.0,0,0
ILLINOIS,CRAWFORD,2023-08-21,Excessive Heat,1,0.0,0.0,0,0
ILLINOIS,CRAWFORD,2023-08-22,Excessive Heat,1,0.0,0.0,0,0
ILLINOIS,CRAWFORD,2023-08-23,Excessive Heat,1,0.0,0.0,0,0
ILLINOIS,CRAWFORD,2023-08-24,Excessive Heat,1,0.0,0.0,0,0
ILLINOIS,CRAWFORD,2023-08-25,Excessive Heat,1,0.0,0.0,0,0
ILLINOIS,CUMBERLAND,2010-08-03,Excessive Heat,1,0.0,0.0,0,0
ILLINOIS,CUMBERLAND,2010-08-04,Excessive Heat,1,0.0,0.0,0,0
ILLINOIS,CUMBERLAND,2010-08-09,Excessive Heat,1,0.0,0.0,0,0
ILLINOIS,CUMBERLAND,2010-08-10,Excessive Heat,1,0.0,0.0,0,0
ILLINOIS,CUMBERLAND,2010-08-11,Excessive Heat,1,0.0,0.0,0,0
ILLINOIS,CUMBERLAND,2010-08-12,Excessive Heat,1,0.0,0.0,0,0
ILLINOIS,CUMBERLAND,2010-08-13,Excessive Heat,1,0.0,0.0,0,0
ILLINOIS,CUMBERLAND,2010-08-14,Excessive Heat,1,0.0,0.0,0,0
ILLINOIS,CUMBERLAND,2011-02-01,Winter Storm,1,1000000.0,0.0,0,0
ILLINOIS,CUMBERLAND,2011-02-02,Winter Storm,1,1000000.0,0.0,0,0
ILLINOIS,CUMBERLAND,2011-07-30,Flood,1,0.0,0.0,0,0
ILLINOIS,CUMBERLAND,2012-06-29,Excessive Heat,1,0.0,0.0,0,0
ILLINOIS,CUMBERLAND,2012-06-30,Excessive Heat,1,0.0,0.0,0,0
ILLINOIS,CUMBERLAND,2012-07-01,Excessive Heat,1,0.0,0.0,0,0
ILLINOIS,CUMBERLAND,2012-07-02,Excessive Heat,1,0.0,0.0,0,0
ILLINOIS,CUMBERLAND,2012-07-03,Excessive Heat,1,0.0,0.0,0,0
ILLINOIS,CUMBERLAND,2012-07-04,Excessive Heat,1,0.0,0.0,0,0
ILLINOIS,CUMBERLAND,2012-07-05,Excessive Heat,1,0.0,0.0,0,0
ILLINOIS,CUMBERLAND,2012-07-06,Excessive Heat,1,0.0,0.0,0,0
ILLINOIS,CUMBERLAND,2012-07-07,Excessive Heat,1,0.0,0.0,0,0
ILLINOIS,CUMBERLAND,2015-06-19,Flood,1,0.0,0.0,0,0
ILLINOIS,CUMBERLAND,2015-06-20,Flood,1,0.0,0.0,0,0
ILLINOIS,CUMBERLAND,2016-02-24,Blizzard,1,0.0,0.0,0,0
ILLINOIS,CUMBERLAND,2017-04-29,Flood,1,0.0,0.0,0,0
ILLINOIS,CUMBERLAND,2017-04-30,Flood,1,0.0,0.0,0,0
ILLINOIS,CUMBERLAND,2017-05-01,Flood,1,0.0,0.0,0,0
ILLINOIS,CUMBERLAND,2017-05-02,Flood,1,0.0,0.0,0,0
ILLINOIS,CUMBERLAND,2017-05-03,Flood,1,0.0,0.0,0,0
ILLINOIS,CUMBERLAND,2017-05-04,Flood,1,0.0,0.0,0,0
ILLINOIS,CUMBERLAND,2017-05-05,Flood,1,0.0,0.0,0,0
ILLINOIS,CUMBERLAND,2017-05-06,Flood,1,0.0,0.0,0,0
ILLINOIS,CUMBERLAND,2020-01-11,Flood,1,0.0,0.0,0,0
ILLINOIS,CUMBERLAND,2020-01-12,Flood,1,0.0,0.0,0,0
ILLINOIS,CUMBERLAND,2022-02-02,Winter Storm,1,0.0,0.0,0,0
ILLINOIS,CUMBERLAND,2022-02-03,Winter Storm,1,0.0,0.0,0,0
ILLINOIS,CUMBERLAND,2023-07-27,Excessive Heat,1,0.0,0.0,0,0
ILLINOIS,CUMBERLAND,2023-07-28,Excessive Heat,1,0.0,0.0,0,0
ILLINOIS,CUMBERLAND,2023-08-20,Excessive Heat,1,0.0,0.0,0,0
ILLINOIS,CUMBERLAND,2023-08-21,Excessive Heat,1,0.0,0.0,0,0
ILLINOIS,CUMBERLAND,2023-08-22,Excessive Heat,1,0.0,0.0,0,0
ILLINOIS,CUMBERLAND,2023-08-23,Excessive Heat,1,0.0,0.0,0,0
ILLINOIS,CUMBERLAND,2023-08-24,Excessive Heat,1,0.0,0.0,0,0
ILLINOIS,CUMBERLAND,2023-08-25,Excessive Heat,1,0.0,0.0,0,0
ILLINOIS,DE KALB,2010-07-24,Flood,1,0.0,0.0,0,0
ILLINOIS,DE KALB,2010-12-11,Winter Storm,1,0.0,0.0,0,0
ILLINOIS,DE KALB,2010-12-12,Winter Storm,1,0.0,0.0,0,0
ILLINOIS,DE KALB,2011-02-01,Blizzard,1,0.0,0.0,0,0
ILLINOIS,DE KALB,2011-02-02,Blizzard,1,0.0,0.0,0,0
ILLINOIS,DE KALB,2011-05-13,Flood,1,0.0,0.0,0,0
ILLINOIS,DE KALB,2012-01-20,Winter Storm,1,0.0,0.0,0,0
ILLINOIS,DE KALB,2012-07-04,Excessive Heat,1,0.0,0.0,0,0
ILLINOIS,DE KALB,2012-07-05,Excessive Heat,1,0.0,0.0,0,0
ILLINOIS,DE KALB,2012-07-06,Excessive Heat,1,0.0,0.0,0,0
ILLINOIS,DE KALB,2012-07-07,Excessive Heat,1,0.0,0.0,0,0
ILLINOIS,DE KALB,2013-03-05,Winter Storm,1,0.0,0.0,0,0
ILLINOIS,DE KALB,2014-01-26,Winter Storm,1,0.0,0.0,0,0
ILLINOIS,DE KALB,2014-01-27,Winter Storm,1,0.0,0.0,0,0
ILLINOIS,DE KALB,2015-02-01,Blizzard,1,0.0,0.0,0,0
ILLINOIS,DE KALB,2015-02-02,Blizzard,1,0.0,0.0,0,0
ILLINOIS,DE KALB,2017-07-19,Flood,1,0.0,0.0,0,0
ILLINOIS,DE KALB,2017-10-14,Flood,1,0.0,0.0,0,0
ILLINOIS,DE KALB,2017-10-15,Flood,1,0.0,0.0,0,0
ILLINOIS,DE KALB,2018-02-08,Winter Storm,1,0.0,0.0,0,0
ILLINOIS,DE KALB,2018-02-09,Winter Storm,1,0.0,0.0,0,0
ILLINOIS,DE KALB,2018-11-25,Winter Storm,1,0.0,0.0,0,0
ILLINOIS,DE KALB,2018-11-26,Winter Storm,1,0.0,0.0,0,0
ILLINOIS,DE KALB,2019-01-18,Winter Storm,1,0.0,0.0,0,0
ILLINOIS,DE KALB,2019-01-19,Winter Storm,1,0.0,0.0,0,0
ILLINOIS,DE KALB,2019-04-14,Winter Storm,1,0.0,0.0,0,0
ILLINOIS,DE KALB,2019-07-19,Excessive Heat,1,0.0,0.0,0,0
ILLINOIS,DE KALB,2019-07-20,Excessive Heat,1,0.0,0.0,0,0
ILLINOIS,DE KALB,2021-01-25,Winter Storm,1,0.0,0.0,0,0
ILLINOIS,DE KALB,2021-01-26,Winter Storm,1,0.0,0.0,0,0
ILLINOIS,DE KALB,2021-01-30,Winter Storm,1,0.0,0.0,0,0
ILLINOIS,DE KALB,2021-01-31,Winter Storm,1,0.0,0.0,0,0
ILLINOIS,DE KALB,2021-02-04,Winter Storm,1,0.0,0.0,0,0
ILLINOIS,DE KALB,2021-02-05,Winter Storm,1,0.0,0.0,0,0
ILLINOIS,DE KALB,2022-07-06,Flood,1,0.0,0.0,0,0
ILLINOIS,DE KALB,2022-07-07,Flood,1,0.0,0.0,0,0
ILLINOIS,DE KALB,2022-08-28,Flood,1,0.0,0.0,0,0
ILLINOIS,DE KALB,2022-12-22,Winter Storm,1,0.0,0.0,0,0
ILLINOIS,DE KALB,2022-12-23,Winter Storm,1,0.0,0.0,0,0
ILLINOIS,DE KALB,2022-12-24,Winter Storm,1,0.0,0.0,0,0
ILLINOIS,DE KALB,2023-01-28,Winter Storm,1,0.0,0.0,0,0
ILLINOIS,DE KALB,2023-01-29,Winter Storm,1,0.0,0.0,0,0
ILLINOIS,DE KALB,2023-07-26,Excessive Heat,1,0.0,0.0,0,0
ILLINOIS,DE KALB,2023-07-27,Excessive Heat,1,0.0,0.0,0,0
ILLINOIS,DE KALB,2023-07-28,Excessive Heat,1,0.0,0.0,0,0
ILLINOIS,DE KALB,2023-08-23,Excessive Heat,1,0.0,0.0,0,0
ILLINOIS,DE KALB,2023-08-24,Excessive Heat,1,0.0,0.0,0,0
ILLINOIS,DE KALB,2024-01-08,Winter Storm,1,0.0,0.0,0,0
ILLINOIS,DE KALB,2024-01-09,Winter Storm,1,0.0,0.0,0,0
ILLINOIS,DE KALB,2024-01-12,Winter Storm,1,0.0,0.0,0,0
ILLINOIS,DE KALB,2024-01-13,Winter Storm,1,0.0,0.0,0,0
ILLINOIS,DE KALB,2024-07-14,Flood,1,0.0,0.0,0,0
ILLINOIS,DE KALB,2025-06-21,Excessive Heat,1,0.0,0.0,0,0
ILLINOIS,DE KALB,2025-11-28,Winter Storm,1,0.0,0.0,0,0
ILLINOIS,DE KALB,2025-11-29,Winter Storm,1,0.0,0.0,0,0
ILLINOIS,DE KALB,2025-11-30,Winter Storm,1,0.0,0.0,0,0
ILLINOIS,DE KALB,2025-12-06,Winter Storm,1,0.0,0.0,0,0
ILLINOIS,DE KALB,2025-12-07,Winter Storm,1,0.0,0.0,0,0
ILLINOIS,DE WITT,2010-01-06,Winter Storm,1,0.0,0.0,0,0
ILLINOIS,DE WITT,2010-01-07,Winter Storm,1,0.0,0.0,0,0
ILLINOIS,DE WITT,2010-08-03,Excessive Heat,1,0.0,0.0,0,0
ILLINOIS,DE WITT,2010-08-04,Excessive Heat,1,0.0,0.0,0,0
ILLINOIS,DE WITT,2010-08-11,Excessive Heat,1,0.0,0.0,0,0
ILLINOIS,DE WITT,2010-08-12,Excessive Heat,1,0.0,0.0,0,0
ILLINOIS,DE WITT,2010-08-13,Excessive Heat,1,0.0,0.0,0,0
ILLINOIS,DE WITT,2010-08-14,Excessive Heat,1,0.0,0.0,0,0
ILLINOIS,DE WITT,2010-12-12,Blizzard,1,0.0,0.0,0,0
ILLINOIS,DE WITT,2010-12-13,Blizzard,1,0.0,0.0,0,0
ILLINOIS,DE WITT,2011-02-01,Blizzard,1,0.0,0.0,0,0
ILLINOIS,DE WITT,2011-02-02,Blizzard,1,0.0,0.0,0,0
ILLINOIS,DE WITT,2012-06-29,Excessive Heat,1,0.0,0.0,0,0
ILLINOIS,DE WITT,2012-06-30,Excessive Heat,1,0.0,0.0,0,0
ILLINOIS,DE WITT,2012-07-01,Excessive Heat,1,0.0,0.0,0,0
ILLINOIS,DE WITT,2012-07-02,Excessive Heat,1,0.0,0.0,0,0
ILLINOIS,DE WITT,2012-07-03,Excessive Heat,1,0.0,0.0,0,0
ILLINOIS,DE WITT,2012-07-04,Excessive Heat,1,0.0,0.0,0,0
ILLINOIS,DE WITT,2012-07-05,Excessive Heat,1,0.0,0.0,0,0
ILLINOIS,DE WITT,2012-07-06,Excessive Heat,1,0.0,0.0,0,0
ILLINOIS,DE WITT,2012-07-07,Excessive Heat,1,0.0,0.0,0,0
ILLINOIS,DE WITT,2012-12-20,Blizzard,1,0.0,0.0,0,0
ILLINOIS,DE WITT,2014-02-01,Winter Storm,1,0.0,0.0,0,0
ILLINOIS,DE WITT,2016-02-24,Winter Storm,1,0.0,0.0,0,0
ILLINOIS,DE WITT,2019-01-19,Winter Storm,1,0.0,0.0,0,0
ILLINOIS,DE WITT,2019-05-01,Flood,1,0.0,0.0,0,0
ILLINOIS,DE WITT,2022-02-01,Winter Storm,1,0.0,0.0,0,0
ILLINOIS,DE WITT,2022-02-02,Winter Storm,1,0.0,0.0,0,0
ILLINOIS,DE WITT,2022-02-03,Winter Storm,1,0.0,0.0,0,0
ILLINOIS,DE WITT,2022-12-22,Winter Storm,1,0.0,0.0,0,0
ILLINOIS,DE WITT,2022-12-23,Winter Storm,1,0.0,0.0,0,0
ILLINOIS,DE WITT,2023-07-27,Excessive Heat,1,0.0,0.0,0,0
ILLINOIS,DE WITT,2023-07-28,Excessive Heat,1,0.0,0.0,0,0
ILLINOIS,DE WITT,2023-08-20,Excessive Heat,1,0.0,0.0,0,0
ILLINOIS,DE WITT,2023-08-21,Excessive Heat,1,0.0,0.0,0,0
ILLINOIS,DE WITT,2023-08-22,Excessive Heat,1,0.0,0.0,0,0
ILLINOIS,DE WITT,2023-08-23,Excessive Heat,1,0.0,0.0,0,0
ILLINOIS,DE WITT,2023-08-24,Excessive Heat,1,0.0,0.0,0,0
ILLINOIS,DE WITT,2023-08-25,Excessive Heat,1,0.0,0.0,0,0
ILLINOIS,DE WITT,2024-08-27,Excessive Heat,1,0.0,0.0,0,0
ILLINOIS,DOUGLAS,2010-08-03,Excessive Heat,1,0.0,0.0,0,0
ILLINOIS,DOUGLAS,2010-08-04,Excessive Heat,1,0.0,0.0,0,0
ILLINOIS,DOUGLAS,2010-08-09,Excessive Heat,1,0.0,0.0,0,0
ILLINOIS,DOUGLAS,2010-08-10,Excessive Heat,1,0.0,0.0,0,0
ILLINOIS,DOUGLAS,2010-08-11,Excessive Heat,1,0.0,0.0,0,0
ILLINOIS,DOUGLAS,2010-08-12,Excessive Heat,1,0.0,0.0,0,0
ILLINOIS,DOUGLAS,2010-08-13,Excessive Heat,1,0.0,0.0,0,0
ILLINOIS,DOUGLAS,2010-08-14,Excessive Heat,1,0.0,0.0,0,0
ILLINOIS,DOUGLAS,2011-02-01,Winter Storm,1,350000.0,0.0,0,0
ILLINOIS,DOUGLAS,2011-02-02,Winter Storm,1,350000.0,0.0,0,0
ILLINOIS,DOUGLAS,2012-06-29,Excessive Heat,1,0.0,0.0,0,0
ILLINOIS,DOUGLAS,2012-06-30,Excessive Heat,1,0.0,0.0,0,0
ILLINOIS,DOUGLAS,2012-07-01,Excessive Heat,1,0.0,0.0,0,0
ILLINOIS,DOUGLAS,2012-07-02,Excessive Heat,1,0.0,0.0,0,0
ILLINOIS,DOUGLAS,2012-07-03,Excessive Heat,1,0.0,0.0,0,0
ILLINOIS,DOUGLAS,2012-07-04,Excessive Heat,1,0.0,0.0,0,0
ILLINOIS,DOUGLAS,2012-07-05,Excessive Heat,1,0.0,0.0,0,0
ILLINOIS,DOUGLAS,2012-07-06,Excessive Heat,1,0.0,0.0,0,0
ILLINOIS,DOUGLAS,2012-07-07,Excessive Heat,1,0.0,0.0,0,0
ILLINOIS,DOUGLAS,2015-06-19,Flood,1,0.0,0.0,0,0
ILLINOIS,DOUGLAS,2015-06-20,Flood,1,0.0,0.0,0,0
ILLINOIS,DOUGLAS,2015-12-27,Flood,1,2200000.0,0.0,0,0
ILLINOIS,DOUGLAS,2015-12-28,Flood,1,2200000.0,0.0,0,0
ILLINOIS,DOUGLAS,2015-12-29,Flood,1,2200000.0,0.0,0,0
ILLINOIS,DOUGLAS,2015-12-30,Flood,1,2200000.0,0.0,0,0
ILLINOIS,DOUGLAS,2015-12-31,Flood,1,2200000.0,0.0,0,0
ILLINOIS,DOUGLAS,2016-02-24,Blizzard,1,0.0,0.0,0,0
ILLINOIS,DOUGLAS,2017-04-29,Flood,1,0.0,0.0,0,0
ILLINOIS,DOUGLAS,2017-04-30,Flood,1,0.0,0.0,0,0
ILLINOIS,DOUGLAS,2017-05-01,Flood,1,0.0,0.0,0,0
ILLINOIS,DOUGLAS,2017-05-02,Flood,1,0.0,0.0,0,0
ILLINOIS,DOUGLAS,2017-05-04,Flood,1,0.0,0.0,0,0
ILLINOIS,DOUGLAS,2017-05-05,Flood,1,0.0,0.0,0,0
ILLINOIS,DOUGLAS,2017-05-06,Flood,1,0.0,0.0,0,0
ILLINOIS,DOUGLAS,2020-01-11,Flood,1,0.0,0.0,0,0
ILLINOIS,DOUGLAS,2020-01-12,Flood,1,0.0,0.0,0,0
ILLINOIS,DOUGLAS,2022-02-02,Winter Storm,1,0.0,0.0,0,0
ILLINOIS,DOUGLAS,2022-02-03,Winter Storm,1,0.0,0.0,0,0
ILLINOIS,DOUGLAS,2022-12-22,Winter Storm,1,0.0,0.0,0,0
ILLINOIS,DOUGLAS,2022-12-23,Winter Storm,1,0.0,0.0,0,0
ILLINOIS,DOUGLAS,2023-07-27,Excessive Heat,1,0.0,0.0,0,0
ILLINOIS,DOUGLAS,2023-07-28,Excessive Heat,1,0.0,0.0,0,0
ILLINOIS,DOUGLAS,2023-08-20,Excessive Heat,1,0.0,0.0,0,0
ILLINOIS,DOUGLAS,2023-08-21,Excessive Heat,1,0.0,0.0,0,0
ILLINOIS,DOUGLAS,2023-08-22,Excessive Heat,1,0.0,0.0,0,0
ILLINOIS,DOUGLAS,2023-08-23,Excessive Heat,1,0.0,0.0,0,0
ILLINOIS,DOUGLAS,2023-08-24,Excessive Heat,1,0.0,0.0,0,0
ILLINOIS,DOUGLAS,2023-08-25,Excessive Heat,1,0.0,0.0,0,0
ILLINOIS,DU PAGE,2010-01-07,Winter Storm,1,0.0,0.0,0,0
ILLINOIS,DU PAGE,2010-01-08,Winter Storm,1,0.0,0.0,0,0
ILLINOIS,DU PAGE,2010-02-08,Winter Storm,1,0.0,0.0,0,0
ILLINOIS,DU PAGE,2010-02-09,Winter Storm,1,0.0,0.0,0,0
ILLINOIS,DU PAGE,2010-02-10,Winter Storm,1,0.0,0.0,0,0
ILLINOIS,DU PAGE,2010-06-23,Flood,1,0.0,0.0,0,0
ILLINOIS,DU PAGE,2010-07-24,Flood,1,0.0,0.0,0,0
ILLINOIS,DU PAGE,2010-07-25,Flood,1,0.0,0.0,0,0
ILLINOIS,DU PAGE,2010-12-11,Winter Storm,1,0.0,0.0,0,0
ILLINOIS,DU PAGE,2010-12-12,Winter Storm,1,0.0,0.0,0,0
ILLINOIS,DU PAGE,2011-02-01,Blizzard,1,75000.0,0.0,0,0
ILLINOIS,DU PAGE,2011-02-02,Blizzard,1,75000.0,0.0,0,0
ILLINOIS,DU PAGE,2011-03-04,Flood,1,0.0,0.0,0,0
ILLINOIS,DU PAGE,2011-03-05,Flood,1,0.0,0.0,0,0
ILLINOIS,DU PAGE,2011-05-25,Flood,1,0.0,0.0,0,0
ILLINOIS,DU PAGE,2011-06-09,Flood,1,0.0,0.0,0,0
ILLINOIS,DU PAGE,2012-01-12,Winter Storm,1,0.0,0.0,0,0
ILLINOIS,DU PAGE,2012-01-13,Winter Storm,1,0.0,0.0,0,0
ILLINOIS,DU PAGE,2012-01-20,Winter Storm,1,0.0,0.0,0,0
ILLINOIS,DU PAGE,2012-07-04,Excessive Heat,1,0.0,0.0,0,0
ILLINOIS,DU PAGE,2012-07-05,Excessive Heat,1,0.0,0.0,0,0
ILLINOIS,DU PAGE,2012-07-06,Excessive Heat,1,0.0,0.0,0,0
ILLINOIS,DU PAGE,2012-07-07,Excessive Heat,1,0.0,0.0,0,0
ILLINOIS,DU PAGE,2012-08-26,Flood,1,0.0,0.0,0,0
ILLINOIS,DU PAGE,2012-08-27,Flood,1,0.0,0.0,0,0
ILLINOIS,DU PAGE,2013-03-05,Winter Storm,1,0.0,0.0,0,0
ILLINOIS,DU PAGE,2014-08-01,Flood,1,0.0,0.0,0,0
ILLINOIS,DU PAGE,2017-07-23,Flood,1,0.0,0.0,0,0
ILLINOIS,DU PAGE,2017-10-14,Flood,1,0.0,0.0,0,0
ILLINOIS,DU PAGE,2017-10-15,Flood,1,0.0,0.0,0,0
ILLINOIS,DU PAGE,2018-02-08,Winter Storm,1,0.0,0.0,0,0
ILLINOIS,DU PAGE,2018-02-09,Winter Storm,1,0.0,0.0,0,0
ILLINOIS,DU PAGE,2018-05-02,Flood,1,0.0,0.0,0,0
ILLINOIS,DU PAGE,2018-05-03,Flood,1,0.0,0.0,0,0
ILLINOIS,DU PAGE,2018-06-22,Flood,1,0.0,0.0,0,0
ILLINOIS,DU PAGE,2018-06-29,Excessive Heat,1,0.0,0.0,0,0
ILLINOIS,DU PAGE,2018-08-07,Flood,1,0.0,0.0,0,0
ILLINOIS,DU PAGE,2018-11-25,Winter Storm,1,0.0,0.0,0,0
ILLINOIS,DU PAGE,2018-11-26,Winter Storm,1,0.0,0.0,0,0
ILLINOIS,DU PAGE,2019-01-18,Winter Storm,1,0.0,0.0,0,0
ILLINOIS,DU PAGE,2019-01-19,Winter Storm,1,0.0,0.0,0,0
ILLINOIS,DU PAGE,2019-04-14,Winter Storm,1,0.0,0.0,0,0
ILLINOIS,DU PAGE,2019-05-01,Flood,1,0.0,0.0,0,0
ILLINOIS,DU PAGE,2019-05-02,Flood,1,0.0,0.0,0,0
ILLINOIS,DU PAGE,2019-05-27,Flood,1,0.0,0.0,0,0
ILLINOIS,DU PAGE,2019-07-02,Flood,1,0.0,0.0,0,0
ILLINOIS,DU PAGE,2019-07-19,Excessive Heat,1,0.0,0.0,0,0
ILLINOIS,DU PAGE,2019-07-20,Excessive Heat,1,0.0,0.0,0,0
ILLINOIS,DU PAGE,2019-10-26,Flood,1,0.0,0.0,0,0
ILLINOIS,DU PAGE,2019-10-27,Flood,1,0.0,0.0,0,0
ILLINOIS,DU PAGE,2020-04-30,Flood,1,0.0,0.0,0,0
ILLINOIS,DU PAGE,2020-05-15,Flood,1,0.0,0.0,0,1
ILLINOIS,DU PAGE,2020-05-17,Flood,1,0.0,0.0,0,0
ILLINOIS,DU PAGE,2020-05-18,Flood,1,0.0,0.0,0,0
ILLINOIS,DU PAGE,2020-05-19,Flood,1,0.0,0.0,0,0
ILLINOIS,DU PAGE,2020-06-22,Flood,1,0.0,0.0,0,0
ILLINOIS,DU PAGE,2020-10-22,Flood,1,0.0,0.0,0,0
ILLINOIS,DU PAGE,2021-01-25,Winter Storm,1,0.0,0.0,0,0
ILLINOIS,DU PAGE,2021-01-26,Winter Storm,1,0.0,0.0,0,0
ILLINOIS,DU PAGE,2021-01-30,Winter Storm,1,0.0,0.0,0,0
ILLINOIS,DU PAGE,2021-01-31,Winter Storm,1,0.0,0.0,0,0
ILLINOIS,DU PAGE,2021-02-15,Winter Storm,1,0.0,0.0,0,0
ILLINOIS,DU PAGE,2021-02-16,Winter Storm,1,0.0,0.0,0,0
ILLINOIS,DU PAGE,2021-06-20,Flood,1,0.0,0.0,0,0
ILLINOIS,DU PAGE,2021-06-21,Flood,1,0.0,0.0,0,0
ILLINOIS,DU PAGE,2021-06-26,Flood,1,0.0,0.0,0,0
ILLINOIS,DU PAGE,2021-08-25,Flood,1,0.0,0.0,0,0
ILLINOIS,DU PAGE,2022-02-02,Winter Storm,1,0.0,0.0,0,0
ILLINOIS,DU PAGE,2022-04-30,Flood,1,0.0,0.0,0,0
ILLINOIS,DU PAGE,2022-05-03,Flood,1,0.0,0.0,0,0
ILLINOIS,DU PAGE,2022-07-23,Flood,1,0.0,0.0,0,0
ILLINOIS,DU PAGE,2022-09-11,Flood,1,0.0,0.0,0,0
ILLINOIS,DU PAGE,2022-12-22,Winter Storm,1,0.0,0.0,0,0
ILLINOIS,DU PAGE,2022-12-23,Winter Storm,1,0.0,0.0,0,0
ILLINOIS,DU PAGE,2022-12-24,Winter Storm,1,0.0,0.0,0,0
ILLINOIS,DU PAGE,2023-03-31,Flood,1,0.0,0.0,0,0
ILLINOIS,DU PAGE,2023-07-26,Excessive Heat,1,0.0,0.0,0,0
ILLINOIS,DU PAGE,2023-07-27,Excessive Heat,1,0.0,0.0,0,0
ILLINOIS,DU PAGE,2023-07-28,Excessive Heat,1,0.0,0.0,0,0
ILLINOIS,DU PAGE,2023-08-23,Excessive Heat,1,0.0,0.0,0,0
ILLINOIS,DU PAGE,2023-08-24,Excessive Heat,1,0.0,0.0,0,0
ILLINOIS,DU PAGE,2024-01-08,Winter Storm,1,0.0,0.0,0,0
ILLINOIS,DU PAGE,2024-01-09,Winter Storm,1,0.0,0.0,0,0
ILLINOIS,DU PAGE,2024-01-12,Winter Storm,1,0.0,0.0,0,0
ILLINOIS,DU PAGE,2024-01-13,Winter Storm,1,0.0,0.0,0,0
ILLINOIS,DU PAGE,2024-07-13,Flood,1,0.0,0.0,0,0
ILLINOIS,DU PAGE,2024-07-14,Flood,1,0.0,0.0,0,0
ILLINOIS,DU PAGE,2025-01-31,Flood,1,0.0,0.0,0,0
ILLINOIS,DU PAGE,2025-06-18,Flood,1,0.0,0.0,0,0
ILLINOIS,DU PAGE,2025-06-21,Excessive Heat,1,0.0,0.0,0,0
ILLINOIS,DU PAGE,2025-07-24,Flood,1,0.0,0.0,0,0
ILLINOIS,DU PAGE,2025-07-25,Flood,1,0.0,0.0,0,0
ILLINOIS,DU PAGE,2025-07-27,Flood,1,0.0,0.0,0,0
ILLINOIS,DU PAGE,2025-08-12,Flood,1,0.0,0.0,0,0
ILLINOIS,DU PAGE,2025-11-29,Winter Storm,1,0.0,0.0,0,0
ILLINOIS,DU PAGE,2025-11-30,Winter Storm,1,0.0,0.0,0,0
ILLINOIS,EASTERN WILL COUNTY,2021-01-30,Winter Storm,1,0.0,0.0,0,0
ILLINOIS,EASTERN WILL COUNTY,2021-01-31,Winter Storm,1,0.0,0.0,0,0
ILLINOIS,EASTERN WILL COUNTY,2021-02-15,Winter Storm,1,0.0,0.0,0,0
ILLINOIS,EASTERN WILL COUNTY,2021-02-16,Winter Storm,1,0.0,0.0,0,0
ILLINOIS,EASTERN WILL COUNTY,2022-02-01,Winter Storm,1,0.0,0.0,0,0
ILLINOIS,EASTERN WILL COUNTY,2022-02-02,Winter Storm,1,0.0,0.0,0,0
ILLINOIS,EASTERN WILL COUNTY,2022-02-17,Winter Storm,1,0.0,0.0,0,0
ILLINOIS,EASTERN WILL COUNTY,2022-12-22,Winter Storm,1,0.0,0.0,0,0
ILLINOIS,EASTERN WILL COUNTY,2022-12-23,Winter Storm,1,0.0,0.0,0,0
ILLINOIS,EASTERN WILL COUNTY,2022-12-24,Winter Storm,1,0.0,0.0,0,0
ILLINOIS,EASTERN WILL COUNTY,2023-07-26,Excessive Heat,1,0.0,0.0,0,0
ILLINOIS,EASTERN WILL COUNTY,2023-07-27,Excessive Heat,1,0.0,0.0,0,0
ILLINOIS,EASTERN WILL COUNTY,2023-07-28,Excessive Heat,1,0.0,0.0,0,0
ILLINOIS,EASTERN WILL COUNTY,2023-08-23,Excessive Heat,1,0.0,0.0,0,0
ILLINOIS,EASTERN WILL COUNTY,2023-08-24,Excessive Heat,1,0.0,0.0,0,0
ILLINOIS,EASTERN WILL COUNTY,2024-01-12,Winter Storm,1,0.0,0.0,0,0
ILLINOIS,EASTERN WILL COUNTY,2025-06-21,Excessive Heat,1,0.0,0.0,0,0
ILLINOIS,EASTERN WILL COUNTY,2025-11-09,Winter Storm,1,0.0,0.0,0,0
ILLINOIS,EASTERN WILL COUNTY,2025-11-10,Winter Storm,1,0.0,0.0,0,0
ILLINOIS,EASTERN WILL COUNTY,2025-11-29,Winter Storm,1,0.0,0.0,0,0
ILLINOIS,EASTERN WILL COUNTY,2025-11-30,Winter Storm,1,0.0,0.0,0,0
ILLINOIS,EDGAR,2010-08-03,Excessive Heat,1,0.0,0.0,0,0
ILLINOIS,EDGAR,2010-08-04,Excessive Heat,1,0.0,0.0,0,0
ILLINOIS,EDGAR,2010-08-09,Excessive Heat,1,0.0,0.0,0,0
ILLINOIS,EDGAR,2010-08-10,Excessive Heat,1,0.0,0.0,0,0
ILLINOIS,EDGAR,2010-08-11,Excessive Heat,1,0.0,0.0,0,0
ILLINOIS,EDGAR,2010-08-12,Excessive Heat,1,0.0,0.0,0,0
ILLINOIS,EDGAR,2010-08-13,Excessive Heat,1,0.0,0.0,0,0
ILLINOIS,EDGAR,2010-08-14,Excessive Heat,1,0.0,0.0,0,0
ILLINOIS,EDGAR,2011-02-01,Winter Storm,1,850000.0,0.0,0,0
ILLINOIS,EDGAR,2011-02-02,Winter Storm,1,850000.0,0.0,0,0
ILLINOIS,EDGAR,2012-06-29,Excessive Heat,1,0.0,0.0,0,0
ILLINOIS,EDGAR,2012-06-30,Excessive Heat,1,0.0,0.0,0,0
ILLINOIS,EDGAR,2012-07-01,Excessive Heat,1,0.0,0.0,0,0
ILLINOIS,EDGAR,2012-07-02,Excessive Heat,1,0.0,0.0,0,0
ILLINOIS,EDGAR,2012-07-03,Excessive Heat,1,0.0,0.0,0,0
ILLINOIS,EDGAR,2012-07-04,Excessive Heat,1,0.0,0.0,0,0
ILLINOIS,EDGAR,2012-07-05,Excessive Heat,1,0.0,0.0,0,0
ILLINOIS,EDGAR,2012-07-06,Excessive Heat,1,0.0,0.0,0,0
ILLINOIS,EDGAR,2012-07-07,Excessive Heat,1,0.0,0.0,0,0
ILLINOIS,EDGAR,2015-06-19,Flood,1,0.0,0.0,0,0
ILLINOIS,EDGAR,2015-06-20,Flood,1,0.0,0.0,0,0
ILLINOIS,EDGAR,2016-02-24,Blizzard,1,0.0,0.0,0,0
ILLINOIS,EDGAR,2017-04-29,Flood,1,0.0,0.0,0,0
ILLINOIS,EDGAR,2017-04-30,Flood,1,0.0,0.0,0,0
ILLINOIS,EDGAR,2017-05-01,Flood,1,0.0,0.0,0,0
ILLINOIS,EDGAR,2017-05-04,Flood,1,0.0,0.0,0,0
ILLINOIS,EDGAR,2017-05-05,Flood,1,0.0,0.0,0,0
ILLINOIS,EDGAR,2017-05-06,Flood,1,0.0,0.0,0,0
ILLINOIS,EDGAR,2022-02-02,Winter Storm,1,0.0,0.0,0,0
ILLINOIS,EDGAR,2022-02-03,Winter Storm,1,0.0,0.0,0,0
ILLINOIS,EDGAR,2022-12-22,Winter Storm,1,0.0,0.0,0,0
ILLINOIS,EDGAR,2022-12-23,Winter Storm,1,0.0,0.0,0,0
ILLINOIS,EDGAR,2023-07-27,Excessive Heat,1,0.0,0.0,0,0
ILLINOIS,EDGAR,2023-07-28,Excessive Heat,1,0.0,0.0,0,0
ILLINOIS,EDGAR,2023-08-20,Excessive Heat,1,0.0,0.0,0,0
ILLINOIS,EDGAR,2023-08-21,Excessive Heat,1,0.0,0.0,0,0
ILLINOIS,EDGAR,2023-08-22,Excessive Heat,1,0.0,0.0,0,0
ILLINOIS,EDGAR,2023-08-23,Excessive Heat,1,0.0,0.0,0,0
ILLINOIS,EDGAR,2023-08-24,Excessive Heat,1,0.0,0.0,0,0
ILLINOIS,EDGAR,2023-08-25,Excessive Heat,1,0.0,0.0,0,0
ILLINOIS,EDWARDS,2010-08-03,Excessive Heat,1,0.0,0.0,0,0
ILLINOIS,EDWARDS,2010-08-04,Excessive Heat,1,0.0,0.0,0,0
ILLINOIS,EDWARDS,2010-08-09,Excessive Heat,1,0.0,0.0,0,0
ILLINOIS,EDWARDS,2010-08-10,Excessive Heat,1,0.0,0.0,0,0
ILLINOIS,EDWARDS,2010-08-11,Excessive Heat,1,0.0,0.0,0,0
ILLINOIS,EDWARDS,2010-08-12,Excessive Heat,1,0.0,0.0,0,0
ILLINOIS,EDWARDS,2010-08-13,Excessive Heat,1,0.0,0.0,0,0
ILLINOIS,EDWARDS,2010-08-14,Excessive Heat,1,0.0,0.0,0,0
ILLINOIS,EDWARDS,2010-08-15,Excessive Heat,1,0.0,0.0,0,0
ILLINOIS,EDWARDS,2011-01-20,Winter Storm,1,0.0,0.0,0,0
ILLINOIS,EDWARDS,2011-04-24,Flood,1,0.0,0.0,0,0
ILLINOIS,EDWARDS,2011-04-25,Flood,1,0.0,0.0,0,0
ILLINOIS,EDWARDS,2011-04-26,Flood,1,0.0,0.0,0,0
ILLINOIS,EDWARDS,2011-04-27,Flood,1,0.0,0.0,0,0
ILLINOIS,EDWARDS,2011-04-28,Flood,1,0.0,0.0,0,0
ILLINOIS,EDWARDS,2011-04-29,Flood,1,0.0,0.0,0,0
ILLINOIS,EDWARDS,2011-04-30,Flood,1,0.0,0.0,0,0
ILLINOIS,EDWARDS,2011-05-01,Flood,1,30000.0,0.0,0,0
ILLINOIS,EDWARDS,2011-05-02,Flood,1,30000.0,0.0,0,0
ILLINOIS,EDWARDS,2011-05-03,Flood,1,30000.0,0.0,0,0
ILLINOIS,EDWARDS,2011-05-04,Flood,1,30000.0,0.0,0,0
ILLINOIS,EDWARDS,2011-05-05,Flood,1,30000.0,0.0,0,0
ILLINOIS,EDWARDS,2011-05-06,Flood,1,30000.0,0.0,0,0
ILLINOIS,EDWARDS,2011-05-07,Flood,1,30000.0,0.0,0,0
ILLINOIS,EDWARDS,2011-05-08,Flood,1,30000.0,0.0,0,0
ILLINOIS,EDWARDS,2011-05-09,Flood,1,30000.0,0.0,0,0
ILLINOIS,EDWARDS,2011-05-10,Flood,1,30000.0,0.0,0,0
ILLINOIS,EDWARDS,2011-07-11,Excessive Heat,1,0.0,0.0,0,0
ILLINOIS,EDWARDS,2011-07-12,Excessive Heat,1,0.0,0.0,0,0
ILLINOIS,EDWARDS,2011-07-19,Excessive Heat,1,0.0,0.0,0,0
ILLINOIS,EDWARDS,2011-07-20,Excessive Heat,1,0.0,0.0,0,0
ILLINOIS,EDWARDS,2011-07-21,Excessive Heat,1,0.0,0.0,0,0
ILLINOIS,EDWARDS,2011-07-22,Excessive Heat,1,0.0,0.0,0,0
ILLINOIS,EDWARDS,2011-07-23,Excessive Heat,1,0.0,0.0,0,0
ILLINOIS,EDWARDS,2011-07-24,Excessive Heat,1,0.0,0.0,0,0
ILLINOIS,EDWARDS,2012-07-01,Excessive Heat,1,0.0,0.0,0,0
ILLINOIS,EDWARDS,2012-07-02,Excessive Heat,1,0.0,0.0,0,0
ILLINOIS,EDWARDS,2012-07-03,Excessive Heat,1,0.0,0.0,0,0
ILLINOIS,EDWARDS,2012-07-04,Excessive Heat,1,0.0,0.0,0,0
ILLINOIS,EDWARDS,2012-07-05,Excessive Heat,1,0.0,0.0,0,0
ILLINOIS,EDWARDS,2012-07-06,Excessive Heat,1,0.0,0.0,0,0
ILLINOIS,EDWARDS,2012-07-07,Excessive Heat,1,0.0,0.0,0,0
ILLINOIS,EDWARDS,2012-07-08,Excessive Heat,1,0.0,0.0,0,0
ILLINOIS,EDWARDS,2012-12-26,Winter Storm,1,0.0,0.0,0,0
ILLINOIS,EDWARDS,2012-12-28,Winter Storm,1,0.0,0.0,0,0
ILLINOIS,EDWARDS,2012-12-29,Winter Storm,1,0.0,0.0,0,0
ILLINOIS,EDWARDS,2013-12-05,Winter Storm,1,0.0,0.0,0,0
ILLINOIS,EDWARDS,2013-12-06,Winter Storm,1,0.0,0.0,0,0
ILLINOIS,EDWARDS,2013-12-22,Flood,1,0.0,0.0,0,0
ILLINOIS,EDWARDS,2014-02-04,Winter Storm,1,0.0,0.0,0,0
ILLINOIS,EDWARDS,2014-02-05,Winter Storm,1,0.0,0.0,0,0
ILLINOIS,EDWARDS,2014-03-02,Winter Storm,1,0.0,0.0,0,0
ILLINOIS,EDWARDS,2014-03-03,Winter Storm,1,0.0,0.0,0,0
ILLINOIS,EDWARDS,2015-02-20,Winter Storm,1,0.0,0.0,0,0
ILLINOIS,EDWARDS,2015-02-21,Winter Storm,1,0.0,0.0,0,0
ILLINOIS,EDWARDS,2015-03-04,Winter Storm,1,0.0,0.0,0,0
ILLINOIS,EDWARDS,2016-07-25,Flood,1,0.0,0.0,0,0
ILLINOIS,EDWARDS,2017-07-19,Excessive Heat,1,0.0,0.0,0,0
ILLINOIS,EDWARDS,2017-07-20,Excessive Heat,1,0.0,0.0,0,0
ILLINOIS,EDWARDS,2017-07-21,Excessive Heat,1,0.0,0.0,0,0
ILLINOIS,EDWARDS,2017-07-22,Excessive Heat,1,0.0,0.0,0,0
ILLINOIS,EDWARDS,2018-01-11,Winter Storm,1,0.0,0.0,0,0
ILLINOIS,EDWARDS,2018-01-12,Winter Storm,1,0.0,0.0,0,0
ILLINOIS,EDWARDS,2018-07-05,Excessive Heat,1,0.0,0.0,0,0
ILLINOIS,EDWARDS,2019-02-07,Flood,1,0.0,0.0,0,0
ILLINOIS,EDWARDS,2019-07-18,Excessive Heat,1,0.0,0.0,0,0
ILLINOIS,EDWARDS,2019-07-19,Excessive Heat,1,0.0,0.0,0,0
ILLINOIS,EDWARDS,2019-07-20,Excessive Heat,1,0.0,0.0,0,0
ILLINOIS,EDWARDS,2019-07-21,Excessive Heat,1,0.0,0.0,0,0
ILLINOIS,EDWARDS,2019-11-30,Flood,1,0.0,0.0,0,0
ILLINOIS,EDWARDS,2021-02-14,Winter Storm,1,0.0,0.0,0,0
ILLINOIS,EDWARDS,2021-02-15,Winter Storm,1,0.0,0.0,0,0
ILLINOIS,EDWARDS,2022-02-02,Winter Storm,1,0.0,0.0,0,0
ILLINOIS,EDWARDS,2022-02-03,Winter Storm,1,0.0,0.0,0,0
ILLINOIS,EDWARDS,2022-06-13,Excessive Heat,1,0.0,0.0,0,0
ILLINOIS,EDWARDS,2022-06-14,Excessive Heat,1,0.0,0.0,0,0
ILLINOIS,EDWARDS,2022-06-15,Excessive Heat,1,0.0,0.0,0,0
ILLINOIS,EDWARDS,2022-06-16,Excessive Heat,1,0.0,0.0,0,0
ILLINOIS,EDWARDS,2022-07-04,Excessive Heat,1,0.0,0.0,0,0
ILLINOIS,EDWARDS,2022-07-05,Excessive Heat,1,0.0,0.0,0,0
ILLINOIS,EDWARDS,2022-07-06,Excessive Heat,1,0.0,0.0,0,0
ILLINOIS,EDWARDS,2022-07-20,Excessive Heat,1,0.0,0.0,0,0
ILLINOIS,EDWARDS,2022-07-22,Excessive Heat,1,0.0,0.0,0,0
ILLINOIS,EDWARDS,2022-07-23,Excessive Heat,1,0.0,0.0,0,0
ILLINOIS,EDWARDS,2022-07-24,Excessive Heat,1,0.0,0.0,0,0
ILLINOIS,EDWARDS,2023-06-30,Excessive Heat,1,0.0,0.0,0,0
ILLINOIS,EDWARDS,2023-07-27,Excessive Heat,1,0.0,0.0,0,0
ILLINOIS,EDWARDS,2023-07-28,Excessive Heat,1,0.0,0.0,0,0
ILLINOIS,EDWARDS,2023-08-20,Excessive Heat,1,0.0,0.0,0,0
ILLINOIS,EDWARDS,2023-08-21,Excessive Heat,1,0.0,0.0,0,0
ILLINOIS,EDWARDS,2023-08-22,Excessive Heat,1,0.0,0.0,0,0
ILLINOIS,EDWARDS,2023-08-23,Excessive Heat,1,0.0,0.0,0,0
ILLINOIS,EDWARDS,2023-08-24,Excessive Heat,1,0.0,0.0,0,0
ILLINOIS,EDWARDS,2023-08-25,Excessive Heat,1,0.0,0.0,0,0
ILLINOIS,EDWARDS,2025-01-05,Winter Storm,1,0.0,0.0,0,0
ILLINOIS,EDWARDS,2025-01-06,Winter Storm,1,0.0,0.0,0,0
ILLINOIS,EFFINGHAM,2010-08-03,Excessive Heat,1,0.0,0.0,0,0
ILLINOIS,EFFINGHAM,2010-08-04,Excessive Heat,1,0.0,0.0,0,0
ILLINOIS,EFFINGHAM,2010-08-09,Excessive Heat,1,0.0,0.0,0,0
ILLINOIS,EFFINGHAM,2010-08-10,Excessive Heat,1,0.0,0.0,0,0
ILLINOIS,EFFINGHAM,2010-08-11,Excessive Heat,1,0.0,0.0,0,0
ILLINOIS,EFFINGHAM,2010-08-12,Excessive Heat,1,0.0,0.0,0,0
ILLINOIS,EFFINGHAM,2010-08-13,Excessive Heat,1,0.0,0.0,0,0
ILLINOIS,EFFINGHAM,2010-08-14,Excessive Heat,1,0.0,0.0,0,0
ILLINOIS,EFFINGHAM,2011-02-01,Winter Storm,1,900000.0,0.0,0,0
ILLINOIS,EFFINGHAM,2011-02-02,Winter Storm,1,900000.0,0.0,0,0
ILLINOIS,EFFINGHAM,2012-06-29,Excessive Heat,1,0.0,0.0,0,0
ILLINOIS,EFFINGHAM,2012-06-30,Excessive Heat,1,0.0,0.0,0,0
ILLINOIS,EFFINGHAM,2012-07-01,Excessive Heat,1,0.0,0.0,0,0
ILLINOIS,EFFINGHAM,2012-07-02,Excessive Heat,1,0.0,0.0,0,0
ILLINOIS,EFFINGHAM,2012-07-03,Excessive Heat,1,0.0,0.0,0,0
ILLINOIS,EFFINGHAM,2012-07-04,Excessive Heat,1,0.0,0.0,0,0
ILLINOIS,EFFINGHAM,2012-07-05,Excessive Heat,1,0.0,0.0,0,0
ILLINOIS,EFFINGHAM,2012-07-06,Excessive Heat,1,0.0,0.0,0,0
ILLINOIS,EFFINGHAM,2012-07-07,Excessive Heat,1,0.0,0.0,0,0
ILLINOIS,EFFINGHAM,2015-06-08,Flood,1,0.0,0.0,0,0
ILLINOIS,EFFINGHAM,2015-06-19,Flood,1,0.0,0.0,0,0
ILLINOIS,EFFINGHAM,2015-06-20,Flood,1,0.0,0.0,0,0
ILLINOIS,EFFINGHAM,2015-12-27,Flood,1,300000.0,0.0,0,0
ILLINOIS,EFFINGHAM,2015-12-28,Flood,1,300000.0,0.0,0,0
ILLINOIS,EFFINGHAM,2015-12-29,Flood,1,300000.0,0.0,0,0
ILLINOIS,EFFINGHAM,2015-12-30,Flood,1,300000.0,0.0,0,0
ILLINOIS,EFFINGHAM,2015-12-31,Flood,1,300000.0,0.0,0,0
ILLINOIS,EFFINGHAM,2017-04-29,Flood,1,0.0,0.0,0,0
ILLINOIS,EFFINGHAM,2017-04-30,Flood,1,0.0,0.0,0,0
ILLINOIS,EFFINGHAM,2017-05-01,Flood,1,0.0,0.0,0,0
ILLINOIS,EFFINGHAM,2017-05-04,Flood,1,0.0,0.0,0,0
ILLINOIS,EFFINGHAM,2017-05-05,Flood,1,0.0,0.0,0,0
ILLINOIS,EFFINGHAM,2017-05-11,Flood,1,0.0,0.0,0,0
ILLINOIS,EFFINGHAM,2018-06-12,Flood,1,0.0,0.0,0,0
ILLINOIS,EFFINGHAM,2020-01-11,Flood,1,0.0,0.0,0,0
ILLINOIS,EFFINGHAM,2020-01-12,Flood,1,0.0,0.0,0,0
ILLINOIS,EFFINGHAM,2022-02-02,Winter Storm,1,0.0,0.0,0,0
ILLINOIS,EFFINGHAM,2022-02-03,Winter Storm,1,0.0,0.0,0,0
ILLINOIS,EFFINGHAM,2023-07-27,Excessive Heat,1,0.0,0.0,0,0
ILLINOIS,EFFINGHAM,2023-07-28,Excessive Heat,1,0.0,0.0,0,0
ILLINOIS,EFFINGHAM,2023-08-20,Excessive Heat,1,0.0,0.0,0,0
ILLINOIS,EFFINGHAM,2023-08-21,Excessive Heat,1,0.0,0.0,0,0
ILLINOIS,EFFINGHAM,2023-08-22,Excessive Heat,1,0.0,0.0,0,0
ILLINOIS,EFFINGHAM,2023-08-23,Excessive Heat,1,0.0,0.0,0,0
ILLINOIS,EFFINGHAM,2023-08-24,Excessive Heat,1,0.0,0.0,0,0
ILLINOIS,EFFINGHAM,2023-08-25,Excessive Heat,1,0.0,0.0,0,0
ILLINOIS,Edwards,2015-07-28,Excessive Heat,1,0.0,0.0,0,0
ILLINOIS,Edwards,2015-07-29,Excessive Heat,1,0.0,0.0,0,0
ILLINOIS,FAYETTE,2010-07-14,Excessive Heat,1,0.0,0.0,0,0
ILLINOIS,FAYETTE,2010-07-17,Excessive Heat,1,0.0,0.0,0,0
ILLINOIS,FAYETTE,2010-07-22,Excessive Heat,1,0.0,0.0,0,0
ILLINOIS,FAYETTE,2010-07-23,Excessive Heat,1,0.0,0.0,0,0
ILLINOIS,FAYETTE,2010-07-24,Excessive Heat,1,0.0,0.0,0,0
ILLINOIS,FAYETTE,2010-08-02,Excessive Heat,1,0.0,0.0,0,0
ILLINOIS,FAYETTE,2010-08-03,Excessive Heat,1,0.0,0.0,0,0
ILLINOIS,FAYETTE,2010-08-04,Excessive Heat,1,0.0,0.0,0,0
ILLINOIS,FAYETTE,2010-08-08,Excessive Heat,1,0.0,0.0,0,0
ILLINOIS,FAYETTE,2010-08-09,Excessive Heat,1,0.0,0.0,0,0
ILLINOIS,FAYETTE,2010-08-10,Excessive Heat,1,0.0,0.0,0,0
ILLINOIS,FAYETTE,2010-08-11,Excessive Heat,1,0.0,0.0,0,0
ILLINOIS,FAYETTE,2010-08-12,Excessive Heat,1,0.0,0.0,0,0
ILLINOIS,FAYETTE,2010-08-13,Excessive Heat,1,0.0,0.0,0,0
ILLINOIS,FAYETTE,2010-08-14,Excessive Heat,1,0.0,0.0,0,0
ILLINOIS,FAYETTE,2011-01-31,Winter Storm,1,0.0,0.0,0,0
ILLINOIS,FAYETTE,2011-02-01,Winter Storm,1,0.0,0.0,0,0
ILLINOIS,FAYETTE,2011-02-02,Winter Storm,1,0.0,0.0,0,0
ILLINOIS,FAYETTE,2011-07-10,Excessive Heat,1,0.0,0.0,0,0
ILLINOIS,FAYETTE,2011-07-11,Excessive Heat,1,0.0,0.0,0,0
ILLINOIS,FAYETTE,2011-07-12,Excessive Heat,1,0.0,0.0,0,0
ILLINOIS,FAYETTE,2011-07-17,Excessive Heat,1,0.0,0.0,0,0
ILLINOIS,FAYETTE,2011-07-18,Excessive Heat,1,0.0,0.0,0,0
ILLINOIS,FAYETTE,2011-07-19,Excessive Heat,1,0.0,0.0,0,0
ILLINOIS,FAYETTE,2011-07-20,Excessive Heat,1,0.0,0.0,0,0
ILLINOIS,FAYETTE,2011-07-21,Excessive Heat,1,0.0,0.0,0,0
ILLINOIS,FAYETTE,2011-07-22,Excessive Heat,1,0.0,0.0,0,0
ILLINOIS,FAYETTE,2011-07-23,Excessive Heat,1,0.0,0.0,0,0
ILLINOIS,FAYETTE,2011-07-24,Excessive Heat,1,0.0,0.0,0,0
ILLINOIS,FAYETTE,2011-07-25,Excessive Heat,1,0.0,0.0,0,0
ILLINOIS,FAYETTE,2011-07-26,Excessive Heat,1,0.0,0.0,0,0
ILLINOIS,FAYETTE,2011-07-27,Excessive Heat,1,0.0,0.0,0,0
ILLINOIS,FAYETTE,2011-07-28,Excessive Heat,1,0.0,0.0,0,0
ILLINOIS,FAYETTE,2011-07-29,Excessive Heat,1,0.0,0.0,0,0
ILLINOIS,FAYETTE,2011-07-30,Excessive Heat,1,0.0,0.0,0,0
ILLINOIS,FAYETTE,2011-07-31,Excessive Heat,1,0.0,0.0,0,0
ILLINOIS,FAYETTE,2011-08-01,Excessive Heat,1,0.0,0.0,0,0
ILLINOIS,FAYETTE,2011-08-02,Excessive Heat,1,0.0,0.0,0,0
ILLINOIS,FAYETTE,2011-08-03,Excessive Heat,1,0.0,0.0,0,0
ILLINOIS,FAYETTE,2012-06-27,Excessive Heat,1,0.0,0.0,0,0
ILLINOIS,FAYETTE,2012-06-28,Excessive Heat,1,0.0,0.0,0,0
ILLINOIS,FAYETTE,2012-06-29,Excessive Heat,1,0.0,0.0,0,0
ILLINOIS,FAYETTE,2012-06-30,Excessive Heat,1,0.0,0.0,0,0
ILLINOIS,FAYETTE,2012-07-01,Excessive Heat,1,0.0,0.0,0,0
ILLINOIS,FAYETTE,2012-07-02,Excessive Heat,1,0.0,0.0,0,0
ILLINOIS,FAYETTE,2012-07-03,Excessive Heat,1,0.0,0.0,0,0
ILLINOIS,FAYETTE,2012-07-04,Excessive Heat,1,0.0,0.0,0,0
ILLINOIS,FAYETTE,2012-07-05,Excessive Heat,1,0.0,0.0,0,0
ILLINOIS,FAYETTE,2012-07-06,Excessive Heat,1,0.0,0.0,0,0
ILLINOIS,FAYETTE,2012-07-07,Excessive Heat,1,0.0,0.0,0,0
ILLINOIS,FAYETTE,2012-07-08,Excessive Heat,1,0.0,0.0,0,0
ILLINOIS,FAYETTE,2012-07-16,Excessive Heat,1,0.0,0.0,0,0
ILLINOIS,FAYETTE,2012-07-17,Excessive Heat,1,0.0,0.0,0,0
ILLINOIS,FAYETTE,2012-07-18,Excessive Heat,1,0.0,0.0,0,0
ILLINOIS,FAYETTE,2012-07-19,Excessive Heat,1,0.0,0.0,0,0
ILLINOIS,FAYETTE,2012-07-22,Excessive Heat,1,0.0,0.0,0,0
ILLINOIS,FAYETTE,2012-07-23,Excessive Heat,1,0.0,0.0,0,0
ILLINOIS,FAYETTE,2012-07-24,Excessive Heat,1,0.0,0.0,0,0
ILLINOIS,FAYETTE,2012-07-25,Excessive Heat,1,0.0,0.0,0,0
ILLINOIS,FAYETTE,2012-07-26,Excessive Heat,1,0.0,0.0,0,0
ILLINOIS,FAYETTE,2012-07-27,Excessive Heat,1,0.0,0.0,0,0
ILLINOIS,FAYETTE,2013-02-21,Winter Storm,1,0.0,0.0,0,0
ILLINOIS,FAYETTE,2013-04-18,Flood,1,5000.0,20000.0,0,0
ILLINOIS,FAYETTE,2013-04-19,Flood,1,5000.0,20000.0,0,0
ILLINOIS,FAYETTE,2013-04-20,Flood,1,5000.0,20000.0,0,0
ILLINOIS,FAYETTE,2013-04-21,Flood,1,5000.0,20000.0,0,0
ILLINOIS,FAYETTE,2013-04-22,Flood,1,5000.0,20000.0,0,0
ILLINOIS,FAYETTE,2013-04-23,Flood,1,5000.0,20000.0,0,0
ILLINOIS,FAYETTE,2013-04-24,Flood,1,5000.0,20000.0,0,0
ILLINOIS,FAYETTE,2013-04-25,Flood,1,5000.0,20000.0,0,0
ILLINOIS,FAYETTE,2013-04-26,Flood,1,5000.0,20000.0,0,0
ILLINOIS,FAYETTE,2013-04-27,Flood,1,5000.0,20000.0,0,0
ILLINOIS,FAYETTE,2013-04-28,Flood,1,5000.0,20000.0,0,0
ILLINOIS,FAYETTE,2013-04-29,Flood,1,5000.0,20000.0,0,0
ILLINOIS,FAYETTE,2013-04-30,Flood,1,5000.0,20000.0,0,0
ILLINOIS,FAYETTE,2014-01-05,Winter Storm,1,0.0,0.0,0,0
ILLINOIS,FAYETTE,2014-03-01,Winter Storm,1,0.0,0.0,0,0
ILLINOIS,FAYETTE,2014-03-02,Winter Storm,1,0.0,0.0,0,0
ILLINOIS,FAYETTE,2014-08-20,Excessive Heat,1,0.0,0.0,0,0
ILLINOIS,FAYETTE,2014-08-21,Excessive Heat,1,0.0,0.0,0,0
ILLINOIS,FAYETTE,2014-08-22,Excessive Heat,1,0.0,0.0,0,0
ILLINOIS,FAYETTE,2014-08-23,Excessive Heat,1,0.0,0.0,0,0
ILLINOIS,FAYETTE,2014-08-24,Excessive Heat,1,0.0,0.0,0,0
ILLINOIS,FAYETTE,2014-08-25,Excessive Heat,1,0.0,0.0,0,0
ILLINOIS,FAYETTE,2014-08-26,Excessive Heat,1,0.0,0.0,0,0
ILLINOIS,FAYETTE,2014-08-27,Excessive Heat,1,0.0,0.0,0,0
ILLINOIS,FAYETTE,2015-07-12,Excessive Heat,1,0.0,0.0,0,0
ILLINOIS,FAYETTE,2015-07-13,Excessive Heat,1,0.0,0.0,0,0
ILLINOIS,FAYETTE,2015-07-14,Excessive Heat,1,0.0,0.0,0,0
ILLINOIS,FAYETTE,2015-07-18,Excessive Heat,1,0.0,0.0,0,0
ILLINOIS,FAYETTE,2015-07-19,Excessive Heat,1,0.0,0.0,0,0
ILLINOIS,FAYETTE,2015-07-27,Excessive Heat,1,0.0,0.0,0,0
ILLINOIS,FAYETTE,2015-07-28,Excessive Heat,1,0.0,0.0,0,0
ILLINOIS,FAYETTE,2015-07-29,Excessive Heat,1,0.0,0.0,0,0
ILLINOIS,FAYETTE,2016-07-18,Excessive Heat,1,0.0,0.0,0,0
ILLINOIS,FAYETTE,2016-07-19,Excessive Heat,1,0.0,0.0,0,0
ILLINOIS,FAYETTE,2016-07-20,Excessive Heat,1,0.0,0.0,0,0
ILLINOIS,FAYETTE,2016-07-21,Excessive Heat,1,0.0,0.0,0,0
ILLINOIS,FAYETTE,2016-07-22,Excessive Heat,1,0.0,0.0,0,0
ILLINOIS,FAYETTE,2016-07-23,Excessive Heat,1,0.0,0.0,0,0
ILLINOIS,FAYETTE,2016-07-24,Excessive Heat,1,0.0,0.0,0,0
ILLINOIS,FAYETTE,2017-07-19,Excessive Heat,1,0.0,0.0,0,0
ILLINOIS,FAYETTE,2017-07-20,Excessive Heat,1,0.0,0.0,0,0
ILLINOIS,FAYETTE,2017-07-21,Excessive Heat,1,0.0,0.0,0,0
ILLINOIS,FAYETTE,2017-07-22,Excessive Heat,1,0.0,0.0,0,0
ILLINOIS,FAYETTE,2017-07-23,Excessive Heat,1,0.0,0.0,0,0
ILLINOIS,FAYETTE,2018-06-28,Excessive Heat,1,0.0,0.0,0,0
ILLINOIS,FAYETTE,2018-06-29,Excessive Heat,1,0.0,0.0,0,0
ILLINOIS,FAYETTE,2018-06-30,Excessive Heat,1,0.0,0.0,0,0
ILLINOIS,FAYETTE,2022-12-22,Winter Storm,1,0.0,0.0,0,0
ILLINOIS,FAYETTE,2023-07-27,Excessive Heat,1,0.0,0.0,0,0
ILLINOIS,FAYETTE,2023-07-28,Excessive Heat,1,0.0,0.0,0,0
ILLINOIS,FAYETTE,2023-08-20,Excessive Heat,1,0.0,0.0,0,0
ILLINOIS,FAYETTE,2023-08-21,Excessive Heat,1,0.0,0.0,0,0
ILLINOIS,FAYETTE,2023-08-22,Excessive Heat,1,0.0,0.0,0,0
ILLINOIS,FAYETTE,2023-08-23,Excessive Heat,1,0.0,0.0,0,0
ILLINOIS,FAYETTE,2023-08-24,Excessive Heat,1,0.0,0.0,0,0
ILLINOIS,FAYETTE,2023-08-25,Excessive Heat,1,0.0,0.0,0,0
ILLINOIS,FAYETTE,2025-01-05,Winter Storm,1,0.0,0.0,0,0
ILLINOIS,FAYETTE,2025-01-06,Winter Storm,1,0.0,0.0,0,0
ILLINOIS,FAYETTE,2025-11-29,Winter Storm,1,0.0,0.0,0,0
ILLINOIS,FORD,2010-12-03,Winter Storm,1,0.0,0.0,0,0
ILLINOIS,FORD,2010-12-04,Winter Storm,1,0.0,0.0,0,0
ILLINOIS,FORD,2010-12-11,Winter Storm,1,0.0,0.0,0,0
ILLINOIS,FORD,2010-12-12,Winter Storm,1,0.0,0.0,0,0
ILLINOIS,FORD,2011-02-01,Blizzard,1,0.0,0.0,0,0
ILLINOIS,FORD,2011-02-02,Blizzard,1,0.0,0.0,0,0
ILLINOIS,FORD,2011-04-22,Flood,1,0.0,0.0,0,0
ILLINOIS,FORD,2012-07-04,Excessive Heat,1,0.0,0.0,0,0
ILLINOIS,FORD,2012-07-05,Excessive Heat,1,0.0,0.0,0,0
ILLINOIS,FORD,2012-07-06,Excessive Heat,1,0.0,0.0,0,0
ILLINOIS,FORD,2012-07-07,Excessive Heat,1,0.0,0.0,0,0
ILLINOIS,FORD,2013-03-24,Winter Storm,1,0.0,0.0,0,0
ILLINOIS,FORD,2013-03-25,Winter Storm,1,0.0,0.0,0,0
ILLINOIS,FORD,2013-06-22,Flood,1,0.0,0.0,0,0
ILLINOIS,FORD,2017-11-18,Flood,1,0.0,0.0,0,0
ILLINOIS,FORD,2018-03-24,Winter Storm,1,0.0,0.0,0,0
ILLINOIS,FORD,2018-06-10,Flood,1,0.0,0.0,0,0
ILLINOIS,FORD,2018-08-06,Flood,1,0.0,0.0,0,0
ILLINOIS,FORD,2019-01-12,Winter Storm,1,0.0,0.0,0,0
ILLINOIS,FORD,2019-01-13,Winter Storm,1,0.0,0.0,0,0
ILLINOIS,FORD,2020-06-22,Flood,1,0.0,0.0,0,0
ILLINOIS,FORD,2021-02-15,Winter Storm,1,0.0,0.0,0,0
ILLINOIS,FORD,2021-02-16,Winter Storm,1,0.0,0.0,0,0
ILLINOIS,FORD,2021-08-12,Flood,1,0.0,0.0,0,0
ILLINOIS,FORD,2021-08-13,Flood,1,0.0,0.0,0,0
ILLINOIS,FORD,2021-10-24,Flood,1,0.0,0.0,0,0
ILLINOIS,FORD,2021-10-25,Flood,1,0.0,0.0,0,0
ILLINOIS,FORD,2022-02-01,Winter Storm,1,0.0,0.0,0,0
ILLINOIS,FORD,2022-02-02,Winter Storm,1,0.0,0.0,0,0
ILLINOIS,FORD,2022-02-03,Winter Storm,1,0.0,0.0,0,0
ILLINOIS,FORD,2022-02-17,Winter Storm,1,0.0,0.0,0,0
ILLINOIS,FORD,2022-12-22,Winter Storm,1,0.0,0.0,0,0
ILLINOIS,FORD,2022-12-23,Winter Storm,1,0.0,0.0,0,0
ILLINOIS,FORD,2022-12-24,Winter Storm,1,0.0,0.0,0,0
ILLINOIS,FORD,2023-02-22,Flood,1,0.0,0.0,0,0
ILLINOIS,FORD,2023-02-23,Flood,1,0.0,0.0,0,0
ILLINOIS,FORD,2023-07-26,Excessive Heat,1,0.0,0.0,0,0
ILLINOIS,FORD,2023-07-27,Excessive Heat,1,0.0,0.0,0,0
ILLINOIS,FORD,2023-07-28,Excessive Heat,1,0.0,0.0,0,0
ILLINOIS,FORD,2023-08-23,Excessive Heat,1,0.0,0.0,0,0
ILLINOIS,FORD,2023-08-24,Excessive Heat,1,0.0,0.0,0,0
ILLINOIS,FORD,2024-08-16,Flood,1,0.0,0.0,0,0
ILLINOIS,FORD,2025-06-18,Flood,1,0.0,0.0,0,0
ILLINOIS,FORD,2025-06-21,Excessive Heat,1,0.0,0.0,0,0
ILLINOIS,FORD,2025-06-29,Flood,1,0.0,0.0,0,0
ILLINOIS,FORD,2025-12-13,Winter Storm,1,0.0,0.0,0,0
ILLINOIS,FRANKLIN,2010-01-01,Flood,1,0.0,0.0,0,0
ILLINOIS,FRANKLIN,2010-01-02,Flood,1,0.0,0.0,0,0
ILLINOIS,FRANKLIN,2010-03-21,Flood,1,0.0,0.0,0,0
ILLINOIS,FRANKLIN,2010-03-22,Flood,1,0.0,0.0,0,0
ILLINOIS,FRANKLIN,2010-03-23,Flood,1,0.0,0.0,0,0
ILLINOIS,FRANKLIN,2010-03-24,Flood,1,0.0,0.0,0,0
ILLINOIS,FRANKLIN,2010-03-25,Flood,1,0.0,0.0,0,0
ILLINOIS,FRANKLIN,2010-03-26,Flood,1,0.0,0.0,0,0
ILLINOIS,FRANKLIN,2010-03-27,Flood,1,0.0,0.0,0,0
ILLINOIS,FRANKLIN,2010-03-28,Flood,1,0.0,0.0,0,0
ILLINOIS,FRANKLIN,2010-03-29,Flood,1,0.0,0.0,0,0
ILLINOIS,FRANKLIN,2010-03-30,Flood,1,0.0,0.0,0,0
ILLINOIS,FRANKLIN,2010-08-03,Excessive Heat,1,0.0,0.0,0,0
ILLINOIS,FRANKLIN,2010-08-04,Excessive Heat,1,0.0,0.0,0,0
ILLINOIS,FRANKLIN,2010-08-09,Excessive Heat,1,0.0,0.0,0,0
ILLINOIS,FRANKLIN,2010-08-10,Excessive Heat,1,0.0,0.0,0,0
ILLINOIS,FRANKLIN,2010-08-11,Excessive Heat,1,0.0,0.0,0,0
ILLINOIS,FRANKLIN,2010-08-12,Excessive Heat,1,0.0,0.0,0,0
ILLINOIS,FRANKLIN,2010-08-13,Excessive Heat,1,0.0,0.0,0,0
ILLINOIS,FRANKLIN,2010-08-14,Excessive Heat,1,0.0,0.0,0,0
ILLINOIS,FRANKLIN,2010-08-15,Excessive Heat,1,0.0,0.0,0,0
ILLINOIS,FRANKLIN,2011-03-16,Flood,1,0.0,0.0,0,0
ILLINOIS,FRANKLIN,2011-03-17,Flood,1,0.0,0.0,0,0
ILLINOIS,FRANKLIN,2011-03-18,Flood,1,0.0,0.0,0,0
ILLINOIS,FRANKLIN,2011-03-19,Flood,1,0.0,0.0,0,0
ILLINOIS,FRANKLIN,2011-04-24,Flood,1,0.0,0.0,0,0
ILLINOIS,FRANKLIN,2011-04-25,Flood,1,0.0,0.0,0,0
ILLINOIS,FRANKLIN,2011-04-26,Flood,1,0.0,0.0,0,0
ILLINOIS,FRANKLIN,2011-04-27,Flood,1,0.0,0.0,0,0
ILLINOIS,FRANKLIN,2011-04-28,Flood,1,0.0,0.0,0,0
ILLINOIS,FRANKLIN,2011-04-29,Flood,1,0.0,0.0,0,0
ILLINOIS,FRANKLIN,2011-04-30,Flood,1,0.0,0.0,0,0
ILLINOIS,FRANKLIN,2011-05-01,Flood,1,530000.0,0.0,1,0
ILLINOIS,FRANKLIN,2011-05-02,Flood,1,530000.0,0.0,1,0
ILLINOIS,FRANKLIN,2011-05-03,Flood,1,530000.0,0.0,1,0
ILLINOIS,FRANKLIN,2011-05-04,Flood,1,530000.0,0.0,1,0
ILLINOIS,FRANKLIN,2011-05-05,Flood,1,530000.0,0.0,1,0
ILLINOIS,FRANKLIN,2011-05-06,Flood,1,530000.0,0.0,1,0
ILLINOIS,FRANKLIN,2011-05-07,Flood,1,530000.0,0.0,1,0
ILLINOIS,FRANKLIN,2011-05-08,Flood,1,530000.0,0.0,1,0
ILLINOIS,FRANKLIN,2011-05-09,Flood,1,530000.0,0.0,1,0
ILLINOIS,FRANKLIN,2011-05-10,Flood,1,530000.0,0.0,1,0
ILLINOIS,FRANKLIN,2011-05-11,Flood,1,500000.0,0.0,1,0
ILLINOIS,FRANKLIN,2011-05-12,Flood,1,500000.0,0.0,1,0
ILLINOIS,FRANKLIN,2011-05-13,Flood,1,500000.0,0.0,1,0
ILLINOIS,FRANKLIN,2011-05-14,Flood,1,500000.0,0.0,1,0
ILLINOIS,FRANKLIN,2011-05-15,Flood,1,500000.0,0.0,1,0
ILLINOIS,FRANKLIN,2011-05-16,Flood,1,500000.0,0.0,1,0
ILLINOIS,FRANKLIN,2011-05-17,Flood,1,500000.0,0.0,1,0
ILLINOIS,FRANKLIN,2011-05-18,Flood,1,500000.0,0.0,1,0
ILLINOIS,FRANKLIN,2011-05-19,Flood,1,500000.0,0.0,1,0
ILLINOIS,FRANKLIN,2011-05-20,Flood,1,500000.0,0.0,1,0
ILLINOIS,FRANKLIN,2011-05-21,Flood,1,500000.0,0.0,1,0
ILLINOIS,FRANKLIN,2011-05-22,Flood,1,500000.0,0.0,1,0
ILLINOIS,FRANKLIN,2011-05-23,Flood,1,500000.0,0.0,1,0
ILLINOIS,FRANKLIN,2011-05-24,Flood,1,500000.0,0.0,1,0
ILLINOIS,FRANKLIN,2011-05-25,Flood,1,500000.0,0.0,1,0
ILLINOIS,FRANKLIN,2011-05-26,Flood,1,500000.0,0.0,1,0
ILLINOIS,FRANKLIN,2011-06-26,Flood,1,0.0,0.0,0,0
ILLINOIS,FRANKLIN,2011-06-27,Flood,1,0.0,0.0,0,0
ILLINOIS,FRANKLIN,2011-06-28,Flood,1,0.0,0.0,0,0
ILLINOIS,FRANKLIN,2011-06-29,Flood,1,0.0,0.0,0,0
ILLINOIS,FRANKLIN,2011-06-30,Flood,1,0.0,0.0,0,0
ILLINOIS,FRANKLIN,2011-07-01,Flood,1,0.0,0.0,0,0
ILLINOIS,FRANKLIN,2011-07-02,Flood,1,0.0,0.0,0,0
ILLINOIS,FRANKLIN,2011-07-03,Flood,1,0.0,0.0,0,0
ILLINOIS,FRANKLIN,2011-07-04,Flood,1,0.0,0.0,0,0
ILLINOIS,FRANKLIN,2011-07-05,Flood,1,0.0,0.0,0,0
ILLINOIS,FRANKLIN,2011-07-06,Flood,1,0.0,0.0,0,0
ILLINOIS,FRANKLIN,2011-07-07,Flood,1,0.0,0.0,0,0
ILLINOIS,FRANKLIN,2011-07-08,Flood,1,0.0,0.0,0,0
ILLINOIS,FRANKLIN,2011-07-09,Flood,1,0.0,0.0,0,0
ILLINOIS,FRANKLIN,2011-07-10,Excessive Heat,1,0.0,0.0,0,0
ILLINOIS,FRANKLIN,2011-07-10,Flood,1,0.0,0.0,0,0
ILLINOIS,FRANKLIN,2011-07-11,Excessive Heat,1,0.0,0.0,0,0
ILLINOIS,FRANKLIN,2011-07-11,Flood,1,0.0,0.0,0,0
ILLINOIS,FRANKLIN,2011-07-12,Excessive Heat,1,0.0,0.0,0,0
ILLINOIS,FRANKLIN,2011-07-12,Flood,1,0.0,0.0,0,0
ILLINOIS,FRANKLIN,2011-07-13,Flood,1,0.0,0.0,0,0
ILLINOIS,FRANKLIN,2011-07-14,Flood,1,0.0,0.0,0,0
ILLINOIS,FRANKLIN,2011-07-15,Flood,1,0.0,0.0,0,0
ILLINOIS,FRANKLIN,2011-07-19,Excessive Heat,1,0.0,0.0,0,0
ILLINOIS,FRANKLIN,2011-07-20,Excessive Heat,1,0.0,0.0,0,0
ILLINOIS,FRANKLIN,2011-07-21,Excessive Heat,1,0.0,0.0,0,0
ILLINOIS,FRANKLIN,2011-07-22,Excessive Heat,1,0.0,0.0,0,0
ILLINOIS,FRANKLIN,2011-07-23,Excessive Heat,1,0.0,0.0,0,0
ILLINOIS,FRANKLIN,2011-07-24,Excessive Heat,1,0.0,0.0,0,0
ILLINOIS,FRANKLIN,2011-08-03,Excessive Heat,1,0.0,0.0,0,0
ILLINOIS,FRANKLIN,2011-11-30,Flood,1,0.0,0.0,0,0
ILLINOIS,FRANKLIN,2011-12-01,Flood,1,1000.0,0.0,0,0
ILLINOIS,FRANKLIN,2011-12-02,Flood,1,1000.0,0.0,0,0
ILLINOIS,FRANKLIN,2011-12-03,Flood,1,1000.0,0.0,0,0
ILLINOIS,FRANKLIN,2011-12-04,Flood,1,1000.0,0.0,0,0
ILLINOIS,FRANKLIN,2011-12-05,Flood,1,1000.0,0.0,0,0
ILLINOIS,FRANKLIN,2011-12-06,Flood,1,1000.0,0.0,0,0
ILLINOIS,FRANKLIN,2011-12-07,Flood,1,1000.0,0.0,0,0
ILLINOIS,FRANKLIN,2011-12-08,Flood,1,1000.0,0.0,0,0
ILLINOIS,FRANKLIN,2011-12-09,Flood,1,1000.0,0.0,0,0
ILLINOIS,FRANKLIN,2011-12-10,Flood,1,1000.0,0.0,0,0
ILLINOIS,FRANKLIN,2011-12-11,Flood,1,1000.0,0.0,0,0
ILLINOIS,FRANKLIN,2012-07-01,Excessive Heat,1,0.0,0.0,0,0
ILLINOIS,FRANKLIN,2012-07-02,Excessive Heat,1,0.0,0.0,0,0
ILLINOIS,FRANKLIN,2012-07-03,Excessive Heat,1,0.0,0.0,0,0
ILLINOIS,FRANKLIN,2012-07-04,Excessive Heat,1,0.0,0.0,0,0
ILLINOIS,FRANKLIN,2012-07-05,Excessive Heat,1,0.0,0.0,0,0
ILLINOIS,FRANKLIN,2012-07-06,Excessive Heat,1,0.0,0.0,0,0
ILLINOIS,FRANKLIN,2012-07-07,Excessive Heat,1,0.0,0.0,0,0
ILLINOIS,FRANKLIN,2012-07-08,Excessive Heat,1,0.0,0.0,0,0
ILLINOIS,FRANKLIN,2012-12-26,Winter Storm,1,0.0,0.0,0,0
ILLINOIS,FRANKLIN,2012-12-28,Winter Storm,1,0.0,0.0,0,0
ILLINOIS,FRANKLIN,2012-12-29,Winter Storm,1,0.0,0.0,0,0
ILLINOIS,FRANKLIN,2013-02-21,Winter Storm,1,0.0,0.0,0,0
ILLINOIS,FRANKLIN,2013-03-19,Flood,1,0.0,0.0,0,0
ILLINOIS,FRANKLIN,2013-03-20,Flood,1,0.0,0.0,0,0
ILLINOIS,FRANKLIN,2013-03-21,Flood,1,0.0,0.0,0,0
ILLINOIS,FRANKLIN,2013-03-22,Flood,1,0.0,0.0,0,0
ILLINOIS,FRANKLIN,2013-03-23,Flood,1,0.0,0.0,0,0
ILLINOIS,FRANKLIN,2013-06-03,Flood,1,0.0,10000.0,0,0
ILLINOIS,FRANKLIN,2013-06-04,Flood,1,0.0,10000.0,0,0
ILLINOIS,FRANKLIN,2013-06-05,Flood,1,0.0,10000.0,0,0
ILLINOIS,FRANKLIN,2013-06-06,Flood,1,0.0,10000.0,0,0
ILLINOIS,FRANKLIN,2013-06-07,Flood,1,0.0,10000.0,0,0
ILLINOIS,FRANKLIN,2013-06-08,Flood,1,0.0,10000.0,0,0
ILLINOIS,FRANKLIN,2013-06-09,Flood,1,0.0,10000.0,0,0
ILLINOIS,FRANKLIN,2013-06-10,Flood,1,0.0,10000.0,0,0
ILLINOIS,FRANKLIN,2013-06-11,Flood,1,0.0,10000.0,0,0
ILLINOIS,FRANKLIN,2013-06-12,Flood,1,0.0,10000.0,0,0
ILLINOIS,FRANKLIN,2013-06-13,Flood,1,0.0,10000.0,0,0
ILLINOIS,FRANKLIN,2013-06-14,Flood,1,0.0,10000.0,0,0
ILLINOIS,FRANKLIN,2013-06-15,Flood,1,0.0,10000.0,0,0
ILLINOIS,FRANKLIN,2013-06-16,Flood,1,0.0,10000.0,0,0
ILLINOIS,FRANKLIN,2013-12-05,Winter Storm,1,0.0,0.0,0,0
ILLINOIS,FRANKLIN,2013-12-06,Winter Storm,1,0.0,0.0,0,0
ILLINOIS,FRANKLIN,2013-12-24,Flood,1,0.0,0.0,0,0
ILLINOIS,FRANKLIN,2013-12-25,Flood,1,0.0,0.0,0,0
ILLINOIS,FRANKLIN,2013-12-26,Flood,1,0.0,0.0,0,0
ILLINOIS,FRANKLIN,2013-12-27,Flood,1,0.0,0.0,0,0
ILLINOIS,FRANKLIN,2013-12-28,Flood,1,0.0,0.0,0,0
ILLINOIS,FRANKLIN,2014-01-05,Winter Storm,1,0.0,0.0,0,0
ILLINOIS,FRANKLIN,2014-02-04,Winter Storm,1,0.0,0.0,0,0
ILLINOIS,FRANKLIN,2014-03-02,Winter Storm,1,0.0,0.0,0,0
ILLINOIS,FRANKLIN,2014-03-03,Winter Storm,1,0.0,0.0,0,0
ILLINOIS,FRANKLIN,2014-04-04,Flood,1,0.0,0.0,0,0
ILLINOIS,FRANKLIN,2014-04-05,Flood,1,0.0,0.0,0,0
ILLINOIS,FRANKLIN,2014-04-06,Flood,1,0.0,0.0,0,0
ILLINOIS,FRANKLIN,2014-04-07,Flood,1,0.0,0.0,0,0
ILLINOIS,FRANKLIN,2014-04-08,Flood,1,0.0,0.0,0,0
ILLINOIS,FRANKLIN,2014-04-09,Flood,1,0.0,0.0,0,0
ILLINOIS,FRANKLIN,2014-04-10,Flood,1,0.0,0.0,0,0
ILLINOIS,FRANKLIN,2015-02-20,Winter Storm,1,20000.0,0.0,0,0
ILLINOIS,FRANKLIN,2015-02-21,Winter Storm,1,20000.0,0.0,0,0
ILLINOIS,FRANKLIN,2015-03-04,Winter Storm,1,0.0,0.0,0,0
ILLINOIS,FRANKLIN,2015-03-14,Flood,1,0.0,0.0,0,0
ILLINOIS,FRANKLIN,2015-03-15,Flood,1,0.0,0.0,0,0
ILLINOIS,FRANKLIN,2015-03-16,Flood,1,0.0,0.0,0,0
ILLINOIS,FRANKLIN,2015-03-17,Flood,1,0.0,0.0,0,0
ILLINOIS,FRANKLIN,2015-03-18,Flood,1,0.0,0.0,0,0
ILLINOIS,FRANKLIN,2015-03-19,Flood,1,0.0,0.0,0,0
ILLINOIS,FRANKLIN,2015-06-20,Flood,1,0.0,0.0,0,0
ILLINOIS,FRANKLIN,2015-06-21,Flood,1,0.0,0.0,0,0
ILLINOIS,FRANKLIN,2015-06-22,Flood,1,0.0,0.0,0,0
ILLINOIS,FRANKLIN,2015-06-23,Flood,1,0.0,0.0,0,0
ILLINOIS,FRANKLIN,2015-06-24,Flood,1,0.0,0.0,0,0
ILLINOIS,FRANKLIN,2015-06-25,Flood,1,0.0,0.0,0,0
ILLINOIS,FRANKLIN,2015-06-26,Flood,1,0.0,0.0,0,0
ILLINOIS,FRANKLIN,2015-06-27,Flood,1,0.0,0.0,0,0
ILLINOIS,FRANKLIN,2015-06-28,Flood,1,0.0,0.0,0,0
ILLINOIS,FRANKLIN,2015-06-29,Flood,1,0.0,0.0,0,0
ILLINOIS,FRANKLIN,2015-12-29,Flood,1,0.0,0.0,0,0
ILLINOIS,FRANKLIN,2015-12-30,Flood,1,0.0,0.0,0,0
ILLINOIS,FRANKLIN,2015-12-31,Flood,1,0.0,0.0,0,0
ILLINOIS,FRANKLIN,2016-01-01,Flood,1,0.0,0.0,0,0
ILLINOIS,FRANKLIN,2016-01-02,Flood,1,0.0,0.0,0,0
ILLINOIS,FRANKLIN,2016-01-03,Flood,1,0.0,0.0,0,0
ILLINOIS,FRANKLIN,2016-01-04,Flood,1,0.0,0.0,0,0
ILLINOIS,FRANKLIN,2016-01-05,Flood,1,0.0,0.0,0,0
ILLINOIS,FRANKLIN,2016-01-06,Flood,1,0.0,0.0,0,0
ILLINOIS,FRANKLIN,2016-01-07,Flood,1,0.0,0.0,0,0
ILLINOIS,FRANKLIN,2016-01-08,Flood,1,0.0,0.0,0,0
ILLINOIS,FRANKLIN,2016-08-03,Flood,1,0.0,0.0,0,0
ILLINOIS,FRANKLIN,2016-08-17,Flood,1,0.0,0.0,0,0
ILLINOIS,FRANKLIN,2016-08-18,Flood,1,0.0,0.0,0,0
ILLINOIS,FRANKLIN,2016-08-19,Flood,1,0.0,0.0,0,0
ILLINOIS,FRANKLIN,2016-08-20,Flood,1,0.0,0.0,0,0
ILLINOIS,FRANKLIN,2016-08-21,Flood,1,0.0,0.0,0,0
ILLINOIS,FRANKLIN,2017-04-29,Flood,1,40000.0,0.0,0,0
ILLINOIS,FRANKLIN,2017-04-30,Flood,1,0.0,0.0,0,0
ILLINOIS,FRANKLIN,2017-05-01,Flood,1,70000.0,0.0,0,0
ILLINOIS,FRANKLIN,2017-05-02,Flood,1,70000.0,0.0,0,0
ILLINOIS,FRANKLIN,2017-05-03,Flood,1,70000.0,0.0,0,0
ILLINOIS,FRANKLIN,2017-05-04,Flood,1,70000.0,0.0,0,0
ILLINOIS,FRANKLIN,2017-05-05,Flood,1,70000.0,0.0,0,0
ILLINOIS,FRANKLIN,2017-05-06,Flood,1,70000.0,0.0,0,0
ILLINOIS,FRANKLIN,2017-05-07,Flood,1,70000.0,0.0,0,0
ILLINOIS,FRANKLIN,2017-05-08,Flood,1,70000.0,0.0,0,0
ILLINOIS,FRANKLIN,2017-05-09,Flood,1,70000.0,0.0,0,0
ILLINOIS,FRANKLIN,2017-05-10,Flood,1,70000.0,0.0,0,0
ILLINOIS,FRANKLIN,2017-05-11,Flood,1,70000.0,0.0,0,0
ILLINOIS,FRANKLIN,2017-05-12,Flood,1,70000.0,0.0,0,0
ILLINOIS,FRANKLIN,2017-05-13,Flood,1,70000.0,0.0,0,0
ILLINOIS,FRANKLIN,2017-05-14,Flood,1,70000.0,0.0,0,0
ILLINOIS,FRANKLIN,2017-05-15,Flood,1,70000.0,0.0,0,0
ILLINOIS,FRANKLIN,2017-05-16,Flood,1,70000.0,0.0,0,0
ILLINOIS,FRANKLIN,2017-05-17,Flood,1,70000.0,0.0,0,0
ILLINOIS,FRANKLIN,2017-06-23,Flood,1,40000.0,0.0,0,0
ILLINOIS,FRANKLIN,2017-07-06,Flood,1,0.0,0.0,0,0
ILLINOIS,FRANKLIN,2017-07-19,Excessive Heat,1,0.0,0.0,0,0
ILLINOIS,FRANKLIN,2017-07-20,Excessive Heat,1,0.0,0.0,0,0
ILLINOIS,FRANKLIN,2017-07-21,Excessive Heat,1,0.0,0.0,0,0
ILLINOIS,FRANKLIN,2017-07-22,Excessive Heat,1,0.0,0.0,0,0
ILLINOIS,FRANKLIN,2018-01-11,Winter Storm,1,0.0,0.0,0,0
ILLINOIS,FRANKLIN,2018-01-12,Winter Storm,1,0.0,0.0,0,0
ILLINOIS,FRANKLIN,2018-02-25,Flood,1,0.0,0.0,0,0
ILLINOIS,FRANKLIN,2018-02-26,Flood,1,0.0,0.0,0,0
ILLINOIS,FRANKLIN,2018-02-27,Flood,1,0.0,0.0,0,0
ILLINOIS,FRANKLIN,2018-02-28,Flood,1,0.0,0.0,0,0
ILLINOIS,FRANKLIN,2018-03-01,Flood,1,0.0,0.0,0,0
ILLINOIS,FRANKLIN,2018-03-02,Flood,1,0.0,0.0,0,0
ILLINOIS,FRANKLIN,2018-03-03,Flood,1,0.0,0.0,0,0
ILLINOIS,FRANKLIN,2018-03-04,Flood,1,0.0,0.0,0,0
ILLINOIS,FRANKLIN,2018-03-29,Flood,1,0.0,0.0,0,0
ILLINOIS,FRANKLIN,2018-03-30,Flood,1,0.0,0.0,0,0
ILLINOIS,FRANKLIN,2018-03-31,Flood,1,0.0,0.0,0,0
ILLINOIS,FRANKLIN,2018-04-01,Flood,1,0.0,0.0,0,0
ILLINOIS,FRANKLIN,2018-04-02,Flood,1,0.0,0.0,0,0
ILLINOIS,FRANKLIN,2018-04-03,Flood,1,0.0,0.0,0,0
ILLINOIS,FRANKLIN,2018-04-04,Flood,1,0.0,0.0,0,0
ILLINOIS,FRANKLIN,2018-04-05,Flood,1,0.0,0.0,0,0
ILLINOIS,FRANKLIN,2018-04-06,Flood,1,0.0,0.0,0,0
ILLINOIS,FRANKLIN,2018-04-07,Flood,1,0.0,0.0,0,0
ILLINOIS,FRANKLIN,2018-04-08,Flood,1,0.0,0.0,0,0
ILLINOIS,FRANKLIN,2018-07-05,Excessive Heat,1,0.0,0.0,0,0
ILLINOIS,FRANKLIN,2018-07-14,Excessive Heat,1,0.0,0.0,0,0
ILLINOIS,FRANKLIN,2018-11-14,Winter Storm,1,0.0,0.0,0,0
ILLINOIS,FRANKLIN,2018-11-15,Winter Storm,1,0.0,0.0,0,0
ILLINOIS,FRANKLIN,2019-02-08,Flood,1,0.0,0.0,0,0
ILLINOIS,FRANKLIN,2019-02-09,Flood,1,0.0,0.0,0,0
ILLINOIS,FRANKLIN,2019-02-10,Flood,1,0.0,0.0,0,0
ILLINOIS,FRANKLIN,2019-02-11,Flood,1,0.0,0.0,0,0
ILLINOIS,FRANKLIN,2019-02-12,Flood,1,0.0,0.0,0,0
ILLINOIS,FRANKLIN,2019-02-13,Flood,1,0.0,0.0,0,0
ILLINOIS,FRANKLIN,2019-02-14,Flood,1,0.0,0.0,0,0
ILLINOIS,FRANKLIN,2019-02-15,Flood,1,0.0,0.0,0,0
ILLINOIS,FRANKLIN,2019-02-16,Flood,1,0.0,0.0,0,0
ILLINOIS,FRANKLIN,2019-02-17,Flood,1,0.0,0.0,0,0
ILLINOIS,FRANKLIN,2019-02-18,Flood,1,0.0,0.0,0,0
ILLINOIS,FRANKLIN,2019-02-19,Flood,1,0.0,0.0,0,0
ILLINOIS,FRANKLIN,2019-04-25,Flood,1,0.0,0.0,0,0
ILLINOIS,FRANKLIN,2019-04-27,Flood,1,0.0,0.0,0,0
ILLINOIS,FRANKLIN,2019-04-28,Flood,1,0.0,0.0,0,0
ILLINOIS,FRANKLIN,2019-04-29,Flood,1,0.0,0.0,0,0
ILLINOIS,FRANKLIN,2019-04-30,Flood,1,0.0,0.0,0,0
ILLINOIS,FRANKLIN,2019-05-01,Flood,1,0.0,0.0,0,0
ILLINOIS,FRANKLIN,2019-05-02,Flood,1,0.0,0.0,0,0
ILLINOIS,FRANKLIN,2019-05-03,Flood,1,0.0,0.0,0,0
ILLINOIS,FRANKLIN,2019-05-04,Flood,1,0.0,0.0,0,0
ILLINOIS,FRANKLIN,2019-05-05,Flood,1,0.0,0.0,0,0
ILLINOIS,FRANKLIN,2019-05-06,Flood,1,0.0,0.0,0,0
ILLINOIS,FRANKLIN,2019-05-07,Flood,1,0.0,0.0,0,0
ILLINOIS,FRANKLIN,2019-05-08,Flood,1,0.0,0.0,0,0
ILLINOIS,FRANKLIN,2019-05-09,Flood,1,0.0,0.0,0,0
ILLINOIS,FRANKLIN,2019-05-10,Flood,1,0.0,0.0,0,0
ILLINOIS,FRANKLIN,2019-05-21,Flood,1,0.0,0.0,0,0
ILLINOIS,FRANKLIN,2019-07-18,Excessive Heat,1,0.0,0.0,0,0
ILLINOIS,FRANKLIN,2019-07-19,Excessive Heat,1,0.0,0.0,0,0
ILLINOIS,FRANKLIN,2019-07-20,Excessive Heat,1,0.0,0.0,0,0
ILLINOIS,FRANKLIN,2019-07-21,Excessive Heat,1,0.0,0.0,0,0
ILLINOIS,FRANKLIN,2020-01-12,Flood,1,0.0,0.0,0,0
ILLINOIS,FRANKLIN,2020-01-13,Flood,1,0.0,0.0,0,0
ILLINOIS,FRANKLIN,2020-01-14,Flood,1,0.0,0.0,0,0
ILLINOIS,FRANKLIN,2020-01-15,Flood,1,0.0,0.0,0,0
ILLINOIS,FRANKLIN,2020-01-16,Flood,1,0.0,0.0,0,0
ILLINOIS,FRANKLIN,2020-01-17,Flood,1,0.0,0.0,0,0
ILLINOIS,FRANKLIN,2020-01-18,Flood,1,0.0,0.0,0,0
ILLINOIS,FRANKLIN,2020-03-21,Flood,1,0.0,0.0,0,0
ILLINOIS,FRANKLIN,2020-03-22,Flood,1,0.0,0.0,0,0
ILLINOIS,FRANKLIN,2020-03-23,Flood,1,0.0,0.0,0,0
ILLINOIS,FRANKLIN,2020-03-24,Flood,1,0.0,0.0,0,0
ILLINOIS,FRANKLIN,2020-03-25,Flood,1,0.0,0.0,0,0
ILLINOIS,FRANKLIN,2020-03-26,Flood,1,0.0,0.0,0,0
ILLINOIS,FRANKLIN,2020-03-27,Flood,1,0.0,0.0,0,0
ILLINOIS,FRANKLIN,2020-03-28,Flood,1,0.0,0.0,0,0
ILLINOIS,FRANKLIN,2020-03-29,Flood,1,0.0,0.0,0,0
ILLINOIS,FRANKLIN,2020-03-30,Flood,1,0.0,0.0,0,0
ILLINOIS,FRANKLIN,2020-03-31,Flood,1,0.0,0.0,0,0
ILLINOIS,FRANKLIN,2020-05-25,Flood,1,0.0,0.0,0,0
ILLINOIS,FRANKLIN,2021-02-14,Winter Storm,1,0.0,0.0,0,0
ILLINOIS,FRANKLIN,2021-02-15,Winter Storm,1,0.0,0.0,0,0
ILLINOIS,FRANKLIN,2021-03-11,Flood,1,0.0,0.0,0,0
ILLINOIS,FRANKLIN,2021-03-18,Flood,1,0.0,0.0,0,0
ILLINOIS,FRANKLIN,2021-03-19,Flood,1,0.0,0.0,0,0
ILLINOIS,FRANKLIN,2021-03-20,Flood,1,0.0,0.0,0,0
ILLINOIS,FRANKLIN,2021-03-21,Flood,1,0.0,0.0,0,0
ILLINOIS,FRANKLIN,2021-03-22,Flood,1,0.0,0.0,0,0
ILLINOIS,FRANKLIN,2021-03-23,Flood,1,0.0,0.0,0,0
ILLINOIS,FRANKLIN,2021-03-24,Flood,1,0.0,0.0,0,0
ILLINOIS,FRANKLIN,2021-03-25,Flood,1,0.0,0.0,0,0
ILLINOIS,FRANKLIN,2021-03-26,Flood,1,0.0,0.0,0,0
ILLINOIS,FRANKLIN,2022-02-02,Winter Storm,1,0.0,0.0,0,0
ILLINOIS,FRANKLIN,2022-02-03,Winter Storm,1,0.0,0.0,0,0
ILLINOIS,FRANKLIN,2022-02-20,Flood,1,0.0,0.0,0,0
ILLINOIS,FRANKLIN,2022-02-21,Flood,1,0.0,0.0,0,0
ILLINOIS,FRANKLIN,2022-02-22,Flood,1,0.0,0.0,0,0
ILLINOIS,FRANKLIN,2022-02-23,Flood,1,0.0,0.0,0,0
ILLINOIS,FRANKLIN,2022-02-23,Winter Storm,1,5000.0,0.0,0,0
ILLINOIS,FRANKLIN,2022-02-24,Winter Storm,1,5000.0,0.0,0,0
ILLINOIS,FRANKLIN,2022-06-12,Excessive Heat,1,0.0,0.0,0,0
ILLINOIS,FRANKLIN,2022-06-13,Excessive Heat,1,0.0,0.0,0,0
ILLINOIS,FRANKLIN,2022-06-14,Excessive Heat,1,0.0,0.0,0,0
ILLINOIS,FRANKLIN,2022-06-15,Excessive Heat,1,0.0,0.0,0,0
ILLINOIS,FRANKLIN,2022-06-16,Excessive Heat,1,0.0,0.0,0,0
ILLINOIS,FRANKLIN,2022-07-04,Excessive Heat,1,0.0,0.0,0,0
ILLINOIS,FRANKLIN,2022-07-05,Excessive Heat,1,0.0,0.0,0,0
ILLINOIS,FRANKLIN,2022-07-06,Excessive Heat,1,0.0,0.0,0,0
ILLINOIS,FRANKLIN,2022-07-07,Excessive Heat,1,0.0,0.0,0,0
ILLINOIS,FRANKLIN,2022-07-08,Excessive Heat,1,0.0,0.0,0,0
ILLINOIS,FRANKLIN,2022-07-20,Excessive Heat,1,0.0,0.0,0,0
ILLINOIS,FRANKLIN,2022-07-22,Excessive Heat,1,0.0,0.0,0,0
ILLINOIS,FRANKLIN,2022-07-23,Excessive Heat,1,0.0,0.0,0,0
ILLINOIS,FRANKLIN,2022-07-24,Excessive Heat,1,0.0,0.0,0,0
ILLINOIS,FRANKLIN,2023-01-18,Flood,1,0.0,0.0,0,0
ILLINOIS,FRANKLIN,2023-02-08,Flood,1,0.0,0.0,0,0
ILLINOIS,FRANKLIN,2023-03-03,Flood,1,0.0,0.0,0,0
ILLINOIS,FRANKLIN,2023-03-04,Flood,1,0.0,0.0,0,0
ILLINOIS,FRANKLIN,2023-03-05,Flood,1,0.0,0.0,0,0
ILLINOIS,FRANKLIN,2023-03-06,Flood,1,0.0,0.0,0,0
ILLINOIS,FRANKLIN,2023-03-07,Flood,1,0.0,0.0,0,0
ILLINOIS,FRANKLIN,2023-03-08,Flood,1,0.0,0.0,0,0
ILLINOIS,FRANKLIN,2023-03-25,Flood,1,0.0,0.0,0,0
ILLINOIS,FRANKLIN,2023-03-26,Flood,1,0.0,0.0,0,0
ILLINOIS,FRANKLIN,2023-03-27,Flood,1,0.0,0.0,0,0
ILLINOIS,FRANKLIN,2023-03-28,Flood,1,0.0,0.0,0,0
ILLINOIS,FRANKLIN,2023-03-29,Flood,1,0.0,0.0,0,0
ILLINOIS,FRANKLIN,2023-03-30,Flood,1,0.0,0.0,0,0
ILLINOIS,FRANKLIN,2023-03-31,Flood,1,0.0,0.0,0,0
ILLINOIS,FRANKLIN,2023-06-30,Excessive Heat,1,0.0,0.0,0,0
ILLINOIS,FRANKLIN,2023-07-27,Excessive Heat,1,0.0,0.0,0,0
ILLINOIS,FRANKLIN,2023-07-28,Excessive Heat,1,0.0,0.0,0,0
ILLINOIS,FRANKLIN,2023-08-20,Excessive Heat,1,0.0,0.0,0,0
ILLINOIS,FRANKLIN,2023-08-21,Excessive Heat,1,0.0,0.0,0,0
ILLINOIS,FRANKLIN,2023-08-22,Excessive Heat,1,0.0,0.0,0,0
ILLINOIS,FRANKLIN,2023-08-23,Excessive Heat,1,0.0,0.0,0,0
ILLINOIS,FRANKLIN,2023-08-24,Excessive Heat,1,0.0,0.0,0,0
ILLINOIS,FRANKLIN,2023-08-25,Excessive Heat,1,0.0,0.0,0,0
ILLINOIS,FRANKLIN,2024-06-25,Excessive Heat,1,0.0,0.0,0,0
ILLINOIS,FRANKLIN,2024-07-16,Flood,1,0.0,0.0,0,0
ILLINOIS,FRANKLIN,2024-07-17,Flood,1,0.0,0.0,0,0
ILLINOIS,FRANKLIN,2024-07-29,Excessive Heat,1,0.0,0.0,0,0
ILLINOIS,FRANKLIN,2024-07-30,Excessive Heat,1,0.0,0.0,0,0
ILLINOIS,FRANKLIN,2024-07-31,Excessive Heat,1,0.0,0.0,0,0
ILLINOIS,FRANKLIN,2024-08-01,Excessive Heat,1,0.0,0.0,0,0
ILLINOIS,FRANKLIN,2025-01-05,Winter Storm,1,70000.0,0.0,0,0
ILLINOIS,FRANKLIN,2025-01-06,Winter Storm,1,70000.0,0.0,0,0
ILLINOIS,FRANKLIN,2025-02-18,Flood,1,0.0,0.0,0,0
ILLINOIS,FRANKLIN,2025-02-19,Flood,1,0.0,0.0,0,0
ILLINOIS,FRANKLIN,2025-07-17,Flood,1,0.0,0.0,0,0
ILLINOIS,FRANKLIN,2025-07-22,Excessive Heat,1,0.0,0.0,0,0
ILLINOIS,FRANKLIN,2025-07-23,Excessive Heat,1,0.0,0.0,0,0
ILLINOIS,FRANKLIN,2025-07-24,Excessive Heat,1,0.0,0.0,0,0
ILLINOIS,FRANKLIN,2025-07-25,Excessive Heat,1,0.0,0.0,0,0
ILLINOIS,FRANKLIN,2025-07-26,Excessive Heat,1,0.0,0.0,0,0
ILLINOIS,FRANKLIN,2025-07-27,Excessive Heat,1,0.0,0.0,0,0
ILLINOIS,FRANKLIN,2025-07-28,Excessive Heat,1,0.0,0.0,0,0
ILLINOIS,FRANKLIN,2025-07-29,Excessive Heat,1,0.0,0.0,0,0
ILLINOIS,FRANKLIN,2025-07-30,Excessive Heat,1,0.0,0.0,0,0
ILLINOIS,FULTON,2010-01-06,Winter Storm,1,0.0,0.0,0,0
ILLINOIS,FULTON,2010-01-07,Winter Storm,1,0.0,0.0,0,0
ILLINOIS,FULTON,2010-02-08,Winter Storm,1,0.0,0.0,0,0
ILLINOIS,FULTON,2010-02-09,Winter Storm,1,0.0,0.0,0,0
ILLINOIS,FULTON,2010-02-21,Winter Storm,1,0.0,0.0,0,0
ILLINOIS,FULTON,2010-02-22,Winter Storm,1,0.0,0.0,0,0
ILLINOIS,FULTON,2010-08-11,Excessive Heat,1,0.0,0.0,0,0
ILLINOIS,FULTON,2010-08-12,Excessive Heat,1,0.0,0.0,0,0
ILLINOIS,FULTON,2010-08-13,Excessive Heat,1,0.0,0.0,0,0
ILLINOIS,FULTON,2010-12-12,Blizzard,1,0.0,0.0,0,0
ILLINOIS,FULTON,2010-12-13,Blizzard,1,0.0,0.0,0,0
ILLINOIS,FULTON,2011-02-01,Blizzard,1,200000.0,0.0,0,0
ILLINOIS,FULTON,2011-02-02,Blizzard,1,200000.0,0.0,0,0
ILLINOIS,FULTON,2011-08-02,Excessive Heat,1,0.0,0.0,0,0
ILLINOIS,FULTON,2012-06-29,Excessive Heat,1,0.0,0.0,0,0
ILLINOIS,FULTON,2012-06-30,Excessive Heat,1,0.0,0.0,0,0
ILLINOIS,FULTON,2012-07-01,Excessive Heat,1,0.0,0.0,0,0
ILLINOIS,FULTON,2012-07-02,Excessive Heat,1,0.0,0.0,0,0
ILLINOIS,FULTON,2012-07-03,Excessive Heat,1,0.0,0.0,0,0
ILLINOIS,FULTON,2012-07-04,Excessive Heat,1,0.0,0.0,0,0
ILLINOIS,FULTON,2012-07-05,Excessive Heat,1,0.0,0.0,0,0
ILLINOIS,FULTON,2012-07-06,Excessive Heat,1,0.0,0.0,0,0
ILLINOIS,FULTON,2012-07-07,Excessive Heat,1,0.0,0.0,0,0
ILLINOIS,FULTON,2012-12-20,Blizzard,1,0.0,0.0,0,0
ILLINOIS,FULTON,2013-04-18,Flood,1,6600000.0,0.0,0,0
ILLINOIS,FULTON,2013-04-19,Flood,1,6600000.0,0.0,0,0
ILLINOIS,FULTON,2013-04-20,Flood,1,6600000.0,0.0,0,0
ILLINOIS,FULTON,2013-04-21,Flood,1,6600000.0,0.0,0,0
ILLINOIS,FULTON,2013-04-22,Flood,1,6600000.0,0.0,0,0
ILLINOIS,FULTON,2013-04-23,Flood,1,6600000.0,0.0,0,0
ILLINOIS,FULTON,2013-04-24,Flood,1,6600000.0,0.0,0,0
ILLINOIS,FULTON,2013-04-25,Flood,1,6600000.0,0.0,0,0
ILLINOIS,FULTON,2013-04-26,Flood,1,3600000.0,0.0,0,0
ILLINOIS,FULTON,2013-04-27,Flood,1,3600000.0,0.0,0,0
ILLINOIS,FULTON,2013-04-28,Flood,1,3600000.0,0.0,0,0
ILLINOIS,FULTON,2013-04-29,Flood,1,3600000.0,0.0,0,0
ILLINOIS,FULTON,2013-04-30,Flood,1,3600000.0,0.0,0,0
ILLINOIS,FULTON,2013-05-01,Flood,1,0.0,0.0,0,0
ILLINOIS,FULTON,2013-05-02,Flood,1,0.0,0.0,0,0
ILLINOIS,FULTON,2013-05-03,Flood,1,0.0,0.0,0,0
ILLINOIS,FULTON,2013-05-04,Flood,1,0.0,0.0,0,0
ILLINOIS,FULTON,2013-05-05,Flood,1,0.0,0.0,0,0
ILLINOIS,FULTON,2013-05-06,Flood,1,0.0,0.0,0,0
ILLINOIS,FULTON,2013-05-07,Flood,1,0.0,0.0,0,0
ILLINOIS,FULTON,2013-05-08,Flood,1,0.0,0.0,0,0
ILLINOIS,FULTON,2013-05-09,Flood,1,0.0,0.0,0,0
ILLINOIS,FULTON,2013-05-10,Flood,1,0.0,0.0,0,0
ILLINOIS,FULTON,2013-05-11,Flood,1,0.0,0.0,0,0
ILLINOIS,FULTON,2013-05-12,Flood,1,0.0,0.0,0,0
ILLINOIS,FULTON,2013-05-13,Flood,1,0.0,0.0,0,0
ILLINOIS,FULTON,2013-05-14,Flood,1,0.0,0.0,0,0
ILLINOIS,FULTON,2013-05-15,Flood,1,0.0,0.0,0,0
ILLINOIS,FULTON,2013-05-16,Flood,1,0.0,0.0,0,0
ILLINOIS,FULTON,2013-05-17,Flood,1,0.0,0.0,0,0
ILLINOIS,FULTON,2013-05-18,Flood,1,0.0,0.0,0,0
ILLINOIS,FULTON,2013-05-19,Flood,1,0.0,0.0,0,0
ILLINOIS,FULTON,2017-04-29,Flood,1,0.0,0.0,0,0
ILLINOIS,FULTON,2017-04-30,Flood,1,0.0,0.0,0,0
ILLINOIS,FULTON,2018-11-25,Blizzard,1,0.0,0.0,0,0
ILLINOIS,FULTON,2018-11-26,Blizzard,1,0.0,0.0,0,0
ILLINOIS,FULTON,2019-01-18,Winter Storm,1,0.0,0.0,0,0
ILLINOIS,FULTON,2019-01-19,Winter Storm,1,0.0,0.0,0,0
ILLINOIS,FULTON,2022-02-01,Winter Storm,1,0.0,0.0,0,0
ILLINOIS,FULTON,2022-02-02,Winter Storm,1,0.0,0.0,0,0
ILLINOIS,FULTON,2022-02-03,Winter Storm,1,0.0,0.0,0,0
ILLINOIS,FULTON,2022-12-22,Winter Storm,1,0.0,0.0,0,0
ILLINOIS,FULTON,2022-12-23,Winter Storm,1,0.0,0.0,0,0
ILLINOIS,FULTON,2023-07-27,Excessive Heat,1,0.0,0.0,0,0
ILLINOIS,FULTON,2023-07-28,Excessive Heat,1,0.0,0.0,0,0
ILLINOIS,FULTON,2023-08-11,Flood,1,0.0,0.0,0,0
ILLINOIS,FULTON,2023-08-20,Excessive Heat,1,0.0,0.0,0,0
ILLINOIS,FULTON,2023-08-21,Excessive Heat,1,0.0,0.0,0,0
ILLINOIS,FULTON,2023-08-22,Excessive Heat,1,0.0,0.0,0,0
ILLINOIS,FULTON,2023-08-23,Excessive Heat,1,0.0,0.0,0,0
ILLINOIS,FULTON,2023-08-24,Excessive Heat,1,0.0,0.0,0,0
ILLINOIS,FULTON,2023-08-25,Excessive Heat,1,0.0,0.0,0,0
ILLINOIS,FULTON,2024-08-27,Excessive Heat,1,0.0,0.0,0,0
ILLINOIS,Franklin,2015-07-28,Excessive Heat,1,0.0,0.0,0,0
ILLINOIS,Franklin,2015-07-29,Excessive Heat,1,0.0,0.0,0,0
ILLINOIS,GALLATIN,2010-01-28,Flood,1,0.0,0.0,0,0
ILLINOIS,GALLATIN,2010-01-29,Flood,1,0.0,0.0,0,0
ILLINOIS,GALLATIN,2010-01-30,Flood,1,0.0,0.0,0,0
ILLINOIS,GALLATIN,2010-01-31,Flood,1,0.0,0.0,0,0
ILLINOIS,GALLATIN,2010-02-01,Flood,1,0.0,0.0,0,0
ILLINOIS,GALLATIN,2010-02-02,Flood,1,0.0,0.0,0,0
ILLINOIS,GALLATIN,2010-02-03,Flood,1,0.0,0.0,0,0
ILLINOIS,GALLATIN,2010-02-04,Flood,1,0.0,0.0,0,0
ILLINOIS,GALLATIN,2010-02-05,Flood,1,0.0,0.0,0,0
ILLINOIS,GALLATIN,2010-03-18,Flood,1,0.0,0.0,0,0
ILLINOIS,GALLATIN,2010-03-19,Flood,1,0.0,0.0,0,0
ILLINOIS,GALLATIN,2010-03-20,Flood,1,0.0,0.0,0,0
ILLINOIS,GALLATIN,2010-03-21,Flood,1,0.0,0.0,0,0
ILLINOIS,GALLATIN,2010-03-22,Flood,1,0.0,0.0,0,0
ILLINOIS,GALLATIN,2010-03-23,Flood,1,0.0,0.0,0,0
ILLINOIS,GALLATIN,2010-03-24,Flood,1,0.0,0.0,0,0
ILLINOIS,GALLATIN,2010-03-25,Flood,1,0.0,0.0,0,0
ILLINOIS,GALLATIN,2010-03-26,Flood,1,0.0,0.0,0,0
ILLINOIS,GALLATIN,2010-05-05,Flood,1,0.0,0.0,0,0
ILLINOIS,GALLATIN,2010-05-06,Flood,1,0.0,0.0,0,0
ILLINOIS,GALLATIN,2010-05-07,Flood,1,0.0,0.0,0,0
ILLINOIS,GALLATIN,2010-05-08,Flood,1,0.0,0.0,0,0
ILLINOIS,GALLATIN,2010-05-09,Flood,1,0.0,0.0,0,0
ILLINOIS,GALLATIN,2010-05-10,Flood,1,0.0,0.0,0,0
ILLINOIS,GALLATIN,2010-05-11,Flood,1,0.0,0.0,0,0
ILLINOIS,GALLATIN,2010-05-12,Flood,1,0.0,0.0,0,0
ILLINOIS,GALLATIN,2010-08-03,Excessive Heat,1,0.0,0.0,0,0
ILLINOIS,GALLATIN,2010-08-04,Excessive Heat,1,0.0,0.0,0,0
ILLINOIS,GALLATIN,2010-08-09,Excessive Heat,1,0.0,0.0,0,0
ILLINOIS,GALLATIN,2010-08-10,Excessive Heat,1,0.0,0.0,0,0
ILLINOIS,GALLATIN,2010-08-11,Excessive Heat,1,0.0,0.0,0,0
ILLINOIS,GALLATIN,2010-08-12,Excessive Heat,1,0.0,0.0,0,0
ILLINOIS,GALLATIN,2010-08-13,Excessive Heat,1,0.0,0.0,0,0
ILLINOIS,GALLATIN,2010-08-14,Excessive Heat,1,0.0,0.0,0,0
ILLINOIS,GALLATIN,2010-08-15,Excessive Heat,1,0.0,0.0,0,0
ILLINOIS,GALLATIN,2011-03-01,Flood,1,50000.0,0.0,0,0
ILLINOIS,GALLATIN,2011-03-02,Flood,1,50000.0,0.0,0,0
ILLINOIS,GALLATIN,2011-03-03,Flood,1,50000.0,0.0,0,0
ILLINOIS,GALLATIN,2011-03-04,Flood,1,50000.0,0.0,0,0
ILLINOIS,GALLATIN,2011-03-05,Flood,1,50000.0,0.0,0,0
ILLINOIS,GALLATIN,2011-03-06,Flood,1,50000.0,0.0,0,0
ILLINOIS,GALLATIN,2011-03-07,Flood,1,50000.0,0.0,0,0
ILLINOIS,GALLATIN,2011-03-08,Flood,1,50000.0,0.0,0,0
ILLINOIS,GALLATIN,2011-03-09,Flood,1,50000.0,0.0,0,0
ILLINOIS,GALLATIN,2011-03-10,Flood,1,50000.0,0.0,0,0
ILLINOIS,GALLATIN,2011-03-11,Flood,1,50000.0,0.0,0,0
ILLINOIS,GALLATIN,2011-03-12,Flood,1,50000.0,0.0,0,0
ILLINOIS,GALLATIN,2011-03-13,Flood,1,50000.0,0.0,0,0
ILLINOIS,GALLATIN,2011-03-14,Flood,1,50000.0,0.0,0,0
ILLINOIS,GALLATIN,2011-03-15,Flood,1,50000.0,0.0,0,0
ILLINOIS,GALLATIN,2011-03-16,Flood,1,50000.0,0.0,0,0
ILLINOIS,GALLATIN,2011-03-17,Flood,1,50000.0,0.0,0,0
ILLINOIS,GALLATIN,2011-03-18,Flood,1,50000.0,0.0,0,0
ILLINOIS,GALLATIN,2011-03-19,Flood,1,50000.0,0.0,0,0
ILLINOIS,GALLATIN,2011-03-20,Flood,1,50000.0,0.0,0,0
ILLINOIS,GALLATIN,2011-03-21,Flood,1,50000.0,0.0,0,0
ILLINOIS,GALLATIN,2011-03-22,Flood,1,50000.0,0.0,0,0
ILLINOIS,GALLATIN,2011-03-23,Flood,1,50000.0,0.0,0,0
ILLINOIS,GALLATIN,2011-03-24,Flood,1,50000.0,0.0,0,0
ILLINOIS,GALLATIN,2011-03-25,Flood,1,50000.0,0.0,0,0
ILLINOIS,GALLATIN,2011-03-26,Flood,1,50000.0,0.0,0,0
ILLINOIS,GALLATIN,2011-03-27,Flood,1,50000.0,0.0,0,0
ILLINOIS,GALLATIN,2011-03-28,Flood,1,50000.0,0.0,0,0
ILLINOIS,GALLATIN,2011-03-29,Flood,1,50000.0,0.0,0,0
ILLINOIS,GALLATIN,2011-03-30,Flood,1,50000.0,0.0,0,0
ILLINOIS,GALLATIN,2011-04-11,Flood,1,200000.0,0.0,0,0
ILLINOIS,GALLATIN,2011-04-12,Flood,1,200000.0,0.0,0,0
ILLINOIS,GALLATIN,2011-04-13,Flood,1,200000.0,0.0,0,0
ILLINOIS,GALLATIN,2011-04-14,Flood,1,200000.0,0.0,0,0
ILLINOIS,GALLATIN,2011-04-15,Flood,1,200000.0,0.0,0,0
ILLINOIS,GALLATIN,2011-04-16,Flood,1,200000.0,0.0,0,0
ILLINOIS,GALLATIN,2011-04-17,Flood,1,200000.0,0.0,0,0
ILLINOIS,GALLATIN,2011-04-18,Flood,1,200000.0,0.0,0,0
ILLINOIS,GALLATIN,2011-04-19,Flood,1,200000.0,0.0,0,0
ILLINOIS,GALLATIN,2011-04-20,Flood,1,200000.0,0.0,0,0
ILLINOIS,GALLATIN,2011-04-21,Flood,1,200000.0,0.0,0,0
ILLINOIS,GALLATIN,2011-04-22,Flood,1,200000.0,0.0,0,0
ILLINOIS,GALLATIN,2011-04-23,Flood,1,200000.0,0.0,0,0
ILLINOIS,GALLATIN,2011-04-24,Flood,1,200000.0,0.0,0,0
ILLINOIS,GALLATIN,2011-04-25,Flood,1,200000.0,0.0,0,0
ILLINOIS,GALLATIN,2011-04-26,Flood,1,200000.0,0.0,0,0
ILLINOIS,GALLATIN,2011-04-27,Flood,1,200000.0,0.0,0,0
ILLINOIS,GALLATIN,2011-04-28,Flood,1,200000.0,0.0,0,0
ILLINOIS,GALLATIN,2011-04-29,Flood,1,200000.0,0.0,0,0
ILLINOIS,GALLATIN,2011-04-30,Flood,1,200000.0,0.0,0,0
ILLINOIS,GALLATIN,2011-05-01,Flood,1,430000.0,0.0,0,0
ILLINOIS,GALLATIN,2011-05-02,Flood,1,430000.0,0.0,0,0
ILLINOIS,GALLATIN,2011-05-03,Flood,1,430000.0,0.0,0,0
ILLINOIS,GALLATIN,2011-05-04,Flood,1,430000.0,0.0,0,0
ILLINOIS,GALLATIN,2011-05-05,Flood,1,430000.0,0.0,0,0
ILLINOIS,GALLATIN,2011-05-06,Flood,1,430000.0,0.0,0,0
ILLINOIS,GALLATIN,2011-05-07,Flood,1,430000.0,0.0,0,0
ILLINOIS,GALLATIN,2011-05-08,Flood,1,430000.0,0.0,0,0
ILLINOIS,GALLATIN,2011-05-09,Flood,1,430000.0,0.0,0,0
ILLINOIS,GALLATIN,2011-05-10,Flood,1,430000.0,0.0,0,0
ILLINOIS,GALLATIN,2011-05-11,Flood,1,400000.0,0.0,0,0
ILLINOIS,GALLATIN,2011-05-12,Flood,1,400000.0,0.0,0,0
ILLINOIS,GALLATIN,2011-05-13,Flood,1,400000.0,0.0,0,0
ILLINOIS,GALLATIN,2011-05-14,Flood,1,400000.0,0.0,0,0
ILLINOIS,GALLATIN,2011-05-15,Flood,1,400000.0,0.0,0,0
ILLINOIS,GALLATIN,2011-05-16,Flood,1,400000.0,0.0,0,0
ILLINOIS,GALLATIN,2011-05-17,Flood,1,400000.0,0.0,0,0
ILLINOIS,GALLATIN,2011-05-18,Flood,1,400000.0,0.0,0,0
ILLINOIS,GALLATIN,2011-05-19,Flood,1,400000.0,0.0,0,0
ILLINOIS,GALLATIN,2011-05-20,Flood,1,400000.0,0.0,0,0
ILLINOIS,GALLATIN,2011-05-21,Flood,1,400000.0,0.0,0,0
ILLINOIS,GALLATIN,2011-05-22,Flood,1,400000.0,0.0,0,0
ILLINOIS,GALLATIN,2011-05-23,Flood,1,400000.0,0.0,0,0
ILLINOIS,GALLATIN,2011-05-24,Flood,1,400000.0,0.0,0,0
ILLINOIS,GALLATIN,2011-05-25,Flood,1,400000.0,0.0,0,0
ILLINOIS,GALLATIN,2011-05-26,Flood,1,400000.0,0.0,0,0
ILLINOIS,GALLATIN,2011-05-27,Flood,1,400000.0,0.0,0,0
ILLINOIS,GALLATIN,2011-05-28,Flood,1,400000.0,0.0,0,0
ILLINOIS,GALLATIN,2011-05-29,Flood,1,400000.0,0.0,0,0
ILLINOIS,GALLATIN,2011-05-30,Flood,1,400000.0,0.0,0,0
ILLINOIS,GALLATIN,2011-05-31,Flood,1,400000.0,0.0,0,0
ILLINOIS,GALLATIN,2011-06-01,Flood,1,0.0,0.0,0,0
ILLINOIS,GALLATIN,2011-07-10,Excessive Heat,1,0.0,0.0,0,0
ILLINOIS,GALLATIN,2011-07-11,Excessive Heat,1,0.0,0.0,0,0
ILLINOIS,GALLATIN,2011-07-12,Excessive Heat,1,0.0,0.0,0,0
ILLINOIS,GALLATIN,2011-07-19,Excessive Heat,1,0.0,0.0,0,0
ILLINOIS,GALLATIN,2011-07-20,Excessive Heat,1,0.0,0.0,0,0
ILLINOIS,GALLATIN,2011-07-21,Excessive Heat,1,0.0,0.0,0,0
ILLINOIS,GALLATIN,2011-07-22,Excessive Heat,1,0.0,0.0,0,0
ILLINOIS,GALLATIN,2011-07-23,Excessive Heat,1,0.0,0.0,0,0
ILLINOIS,GALLATIN,2011-07-24,Excessive Heat,1,0.0,0.0,0,0
ILLINOIS,GALLATIN,2011-08-03,Excessive Heat,1,0.0,0.0,0,0
ILLINOIS,GALLATIN,2011-11-28,Flood,1,0.0,0.0,0,0
ILLINOIS,GALLATIN,2011-11-29,Flood,1,0.0,0.0,0,0
ILLINOIS,GALLATIN,2011-11-30,Flood,1,0.0,0.0,0,0
ILLINOIS,GALLATIN,2011-12-01,Flood,1,1000.0,0.0,0,0
ILLINOIS,GALLATIN,2011-12-02,Flood,1,1000.0,0.0,0,0
ILLINOIS,GALLATIN,2011-12-03,Flood,1,1000.0,0.0,0,0
ILLINOIS,GALLATIN,2011-12-04,Flood,1,1000.0,0.0,0,0
ILLINOIS,GALLATIN,2011-12-05,Flood,1,1000.0,0.0,0,0
ILLINOIS,GALLATIN,2011-12-06,Flood,1,1000.0,0.0,0,0
ILLINOIS,GALLATIN,2011-12-07,Flood,1,1000.0,0.0,0,0
ILLINOIS,GALLATIN,2011-12-08,Flood,1,1000.0,0.0,0,0
ILLINOIS,GALLATIN,2011-12-09,Flood,1,1000.0,0.0,0,0
ILLINOIS,GALLATIN,2011-12-10,Flood,1,1000.0,0.0,0,0
ILLINOIS,GALLATIN,2011-12-11,Flood,1,1000.0,0.0,0,0
ILLINOIS,GALLATIN,2011-12-12,Flood,1,1000.0,0.0,0,0
ILLINOIS,GALLATIN,2011-12-13,Flood,1,1000.0,0.0,0,0
ILLINOIS,GALLATIN,2011-12-14,Flood,1,1000.0,0.0,0,0
ILLINOIS,GALLATIN,2011-12-15,Flood,1,1000.0,0.0,0,0
ILLINOIS,GALLATIN,2011-12-16,Flood,1,1000.0,0.0,0,0
ILLINOIS,GALLATIN,2011-12-17,Flood,1,1000.0,0.0,0,0
ILLINOIS,GALLATIN,2011-12-18,Flood,1,1000.0,0.0,0,0
ILLINOIS,GALLATIN,2011-12-19,Flood,1,1000.0,0.0,0,0
ILLINOIS,GALLATIN,2011-12-29,Flood,1,0.0,0.0,0,0
ILLINOIS,GALLATIN,2011-12-30,Flood,1,0.0,0.0,0,0
ILLINOIS,GALLATIN,2011-12-31,Flood,1,0.0,0.0,0,0
ILLINOIS,GALLATIN,2012-01-01,Flood,1,0.0,0.0,0,0
ILLINOIS,GALLATIN,2012-01-02,Flood,1,0.0,0.0,0,0
ILLINOIS,GALLATIN,2012-01-03,Flood,1,0.0,0.0,0,0
ILLINOIS,GALLATIN,2012-01-04,Flood,1,0.0,0.0,0,0
ILLINOIS,GALLATIN,2012-01-26,Flood,1,0.0,0.0,0,0
ILLINOIS,GALLATIN,2012-01-27,Flood,1,0.0,0.0,0,0
ILLINOIS,GALLATIN,2012-01-28,Flood,1,0.0,0.0,0,0
ILLINOIS,GALLATIN,2012-01-29,Flood,1,0.0,0.0,0,0
ILLINOIS,GALLATIN,2012-01-30,Flood,1,0.0,0.0,0,0
ILLINOIS,GALLATIN,2012-01-31,Flood,1,0.0,0.0,0,0
ILLINOIS,GALLATIN,2012-02-01,Flood,1,0.0,0.0,0,0
ILLINOIS,GALLATIN,2012-02-02,Flood,1,0.0,0.0,0,0
ILLINOIS,GALLATIN,2012-02-03,Flood,1,0.0,0.0,0,0
ILLINOIS,GALLATIN,2012-02-04,Flood,1,0.0,0.0,0,0
ILLINOIS,GALLATIN,2012-02-05,Flood,1,0.0,0.0,0,0
ILLINOIS,GALLATIN,2012-02-06,Flood,1,0.0,0.0,0,0
ILLINOIS,GALLATIN,2012-02-07,Flood,1,0.0,0.0,0,0
ILLINOIS,GALLATIN,2012-02-08,Flood,1,0.0,0.0,0,0
ILLINOIS,GALLATIN,2012-07-01,Excessive Heat,1,0.0,0.0,0,0
ILLINOIS,GALLATIN,2012-07-02,Excessive Heat,1,0.0,0.0,0,0
ILLINOIS,GALLATIN,2012-07-03,Excessive Heat,1,0.0,0.0,0,0
ILLINOIS,GALLATIN,2012-07-04,Excessive Heat,1,0.0,0.0,0,0
ILLINOIS,GALLATIN,2012-07-05,Excessive Heat,1,0.0,0.0,0,0
ILLINOIS,GALLATIN,2012-07-06,Excessive Heat,1,0.0,0.0,0,0
ILLINOIS,GALLATIN,2012-07-07,Excessive Heat,1,0.0,0.0,0,0
ILLINOIS,GALLATIN,2012-07-08,Excessive Heat,1,0.0,0.0,0,0
ILLINOIS,GALLATIN,2012-12-26,Winter Storm,1,0.0,0.0,0,0
ILLINOIS,GALLATIN,2012-12-28,Winter Storm,1,0.0,0.0,0,0
ILLINOIS,GALLATIN,2012-12-29,Winter Storm,1,0.0,0.0,0,0
ILLINOIS,GALLATIN,2013-01-17,Flood,1,0.0,0.0,0,0
ILLINOIS,GALLATIN,2013-01-18,Flood,1,0.0,0.0,0,0
ILLINOIS,GALLATIN,2013-01-19,Flood,1,0.0,0.0,0,0
ILLINOIS,GALLATIN,2013-01-20,Flood,1,0.0,0.0,0,0
ILLINOIS,GALLATIN,2013-01-21,Flood,1,0.0,0.0,0,0
ILLINOIS,GALLATIN,2013-01-22,Flood,1,0.0,0.0,0,0
ILLINOIS,GALLATIN,2013-01-23,Flood,1,0.0,0.0,0,0
ILLINOIS,GALLATIN,2013-01-24,Flood,1,0.0,0.0,0,0
ILLINOIS,GALLATIN,2013-01-25,Flood,1,0.0,0.0,0,0
ILLINOIS,GALLATIN,2013-01-26,Flood,1,0.0,0.0,0,0
ILLINOIS,GALLATIN,2013-02-04,Flood,1,0.0,0.0,0,0
ILLINOIS,GALLATIN,2013-02-05,Flood,1,0.0,0.0,0,0
ILLINOIS,GALLATIN,2013-02-06,Flood,1,0.0,0.0,0,0
ILLINOIS,GALLATIN,2013-02-07,Flood,1,0.0,0.0,0,0
ILLINOIS,GALLATIN,2013-02-08,Flood,1,0.0,0.0,0,0
ILLINOIS,GALLATIN,2013-02-09,Flood,1,0.0,0.0,0,0
ILLINOIS,GALLATIN,2013-02-10,Flood,1,0.0,0.0,0,0
ILLINOIS,GALLATIN,2013-02-21,Winter Storm,1,0.0,0.0,0,0
ILLINOIS,GALLATIN,2013-03-21,Flood,1,0.0,0.0,0,0
ILLINOIS,GALLATIN,2013-03-22,Flood,1,0.0,0.0,0,0
ILLINOIS,GALLATIN,2013-03-23,Flood,1,0.0,0.0,0,0
ILLINOIS,GALLATIN,2013-03-24,Flood,1,0.0,0.0,0,0
ILLINOIS,GALLATIN,2013-03-25,Flood,1,0.0,0.0,0,0
ILLINOIS,GALLATIN,2013-03-26,Flood,1,0.0,0.0,0,0
ILLINOIS,GALLATIN,2013-12-05,Winter Storm,1,0.0,0.0,0,0
ILLINOIS,GALLATIN,2013-12-06,Winter Storm,1,0.0,0.0,0,0
ILLINOIS,GALLATIN,2013-12-21,Flood,1,0.0,0.0,0,0
ILLINOIS,GALLATIN,2013-12-24,Flood,1,1000.0,0.0,0,0
ILLINOIS,GALLATIN,2013-12-25,Flood,1,1000.0,0.0,0,0
ILLINOIS,GALLATIN,2013-12-26,Flood,1,1000.0,0.0,0,0
ILLINOIS,GALLATIN,2013-12-27,Flood,1,1000.0,0.0,0,0
ILLINOIS,GALLATIN,2013-12-28,Flood,1,1000.0,0.0,0,0
ILLINOIS,GALLATIN,2013-12-29,Flood,1,1000.0,0.0,0,0
ILLINOIS,GALLATIN,2013-12-30,Flood,1,1000.0,0.0,0,0
ILLINOIS,GALLATIN,2013-12-31,Flood,1,1000.0,0.0,0,0
ILLINOIS,GALLATIN,2014-01-01,Flood,1,0.0,0.0,0,0
ILLINOIS,GALLATIN,2014-01-02,Flood,1,0.0,0.0,0,0
ILLINOIS,GALLATIN,2014-01-03,Flood,1,0.0,0.0,0,0
ILLINOIS,GALLATIN,2014-01-04,Flood,1,0.0,0.0,0,0
ILLINOIS,GALLATIN,2014-01-05,Flood,1,0.0,0.0,0,0
ILLINOIS,GALLATIN,2014-01-06,Flood,1,0.0,0.0,0,0
ILLINOIS,GALLATIN,2014-02-04,Winter Storm,1,0.0,0.0,0,0
ILLINOIS,GALLATIN,2014-02-09,Flood,1,1000.0,0.0,0,0
ILLINOIS,GALLATIN,2014-02-10,Flood,1,1000.0,0.0,0,0
ILLINOIS,GALLATIN,2014-02-11,Flood,1,1000.0,0.0,0,0
ILLINOIS,GALLATIN,2014-02-12,Flood,1,1000.0,0.0,0,0
ILLINOIS,GALLATIN,2014-02-24,Flood,1,0.0,0.0,0,0
ILLINOIS,GALLATIN,2014-02-25,Flood,1,0.0,0.0,0,0
ILLINOIS,GALLATIN,2014-02-26,Flood,1,0.0,0.0,0,0
ILLINOIS,GALLATIN,2014-02-27,Flood,1,0.0,0.0,0,0
ILLINOIS,GALLATIN,2014-02-28,Flood,1,0.0,0.0,0,0
ILLINOIS,GALLATIN,2014-03-01,Flood,1,0.0,0.0,0,0
ILLINOIS,GALLATIN,2014-03-02,Flood,1,0.0,0.0,0,0
ILLINOIS,GALLATIN,2014-03-02,Winter Storm,1,0.0,0.0,0,0
ILLINOIS,GALLATIN,2014-03-03,Flood,1,0.0,0.0,0,0
ILLINOIS,GALLATIN,2014-03-03,Winter Storm,1,0.0,0.0,0,0
ILLINOIS,GALLATIN,2014-03-04,Flood,1,0.0,0.0,0,0
ILLINOIS,GALLATIN,2014-04-05,Flood,1,0.0,10000.0,0,0
ILLINOIS,GALLATIN,2014-04-06,Flood,1,0.0,10000.0,0,0
ILLINOIS,GALLATIN,2014-04-07,Flood,1,0.0,10000.0,0,0
ILLINOIS,GALLATIN,2014-04-08,Flood,1,0.0,10000.0,0,0
ILLINOIS,GALLATIN,2014-04-09,Flood,1,0.0,10000.0,0,0
ILLINOIS,GALLATIN,2014-04-10,Flood,1,0.0,10000.0,0,0
ILLINOIS,GALLATIN,2014-04-11,Flood,1,0.0,10000.0,0,0
ILLINOIS,GALLATIN,2014-04-12,Flood,1,0.0,10000.0,0,0
ILLINOIS,GALLATIN,2014-04-13,Flood,1,0.0,10000.0,0,0
ILLINOIS,GALLATIN,2014-04-14,Flood,1,0.0,10000.0,0,0
ILLINOIS,GALLATIN,2014-04-15,Flood,1,0.0,10000.0,0,0
ILLINOIS,GALLATIN,2014-04-16,Flood,1,0.0,10000.0,0,0
ILLINOIS,GALLATIN,2014-04-17,Flood,1,0.0,10000.0,0,0
ILLINOIS,GALLATIN,2014-05-05,Flood,1,0.0,0.0,0,0
ILLINOIS,GALLATIN,2014-05-06,Flood,1,0.0,0.0,0,0
ILLINOIS,GALLATIN,2015-02-20,Winter Storm,1,0.0,0.0,0,0
ILLINOIS,GALLATIN,2015-02-21,Winter Storm,1,0.0,0.0,0,0
ILLINOIS,GALLATIN,2015-03-04,Winter Storm,1,0.0,0.0,0,0
ILLINOIS,GALLATIN,2015-03-07,Flood,1,0.0,0.0,0,0
ILLINOIS,GALLATIN,2015-03-08,Flood,1,0.0,0.0,0,0
ILLINOIS,GALLATIN,2015-03-09,Flood,1,0.0,0.0,0,0
ILLINOIS,GALLATIN,2015-03-10,Flood,1,0.0,0.0,0,0
ILLINOIS,GALLATIN,2015-03-11,Flood,1,0.0,0.0,0,0
ILLINOIS,GALLATIN,2015-03-12,Flood,1,0.0,0.0,0,0
ILLINOIS,GALLATIN,2015-03-13,Flood,1,0.0,0.0,0,0
ILLINOIS,GALLATIN,2015-03-14,Flood,1,0.0,0.0,0,0
ILLINOIS,GALLATIN,2015-03-15,Flood,1,0.0,0.0,0,0
ILLINOIS,GALLATIN,2015-03-16,Flood,1,0.0,0.0,0,0
ILLINOIS,GALLATIN,2015-03-17,Flood,1,0.0,0.0,0,0
ILLINOIS,GALLATIN,2015-03-18,Flood,1,0.0,0.0,0,0
ILLINOIS,GALLATIN,2015-03-19,Flood,1,0.0,0.0,0,0
ILLINOIS,GALLATIN,2015-03-20,Flood,1,0.0,0.0,0,0
ILLINOIS,GALLATIN,2015-03-21,Flood,1,0.0,0.0,0,0
ILLINOIS,GALLATIN,2015-03-22,Flood,1,0.0,0.0,0,0
ILLINOIS,GALLATIN,2015-03-23,Flood,1,0.0,0.0,0,0
ILLINOIS,GALLATIN,2015-03-24,Flood,1,0.0,0.0,0,0
ILLINOIS,GALLATIN,2015-03-25,Flood,1,0.0,0.0,0,0
ILLINOIS,GALLATIN,2015-03-26,Flood,1,0.0,0.0,0,0
ILLINOIS,GALLATIN,2015-03-27,Flood,1,0.0,0.0,0,0
ILLINOIS,GALLATIN,2015-03-28,Flood,1,0.0,0.0,0,0
ILLINOIS,GALLATIN,2015-03-29,Flood,1,0.0,0.0,0,0
ILLINOIS,GALLATIN,2015-03-30,Flood,1,0.0,0.0,0,0
ILLINOIS,GALLATIN,2015-04-05,Flood,1,0.0,0.0,0,0
ILLINOIS,GALLATIN,2015-04-06,Flood,1,0.0,0.0,0,0
ILLINOIS,GALLATIN,2015-04-07,Flood,1,0.0,0.0,0,0
ILLINOIS,GALLATIN,2015-04-08,Flood,1,0.0,0.0,0,0
ILLINOIS,GALLATIN,2015-04-09,Flood,1,0.0,0.0,0,0
ILLINOIS,GALLATIN,2015-04-10,Flood,1,0.0,0.0,0,0
ILLINOIS,GALLATIN,2015-04-11,Flood,1,0.0,0.0,0,0
ILLINOIS,GALLATIN,2015-04-12,Flood,1,0.0,0.0,0,0
ILLINOIS,GALLATIN,2015-04-13,Flood,1,0.0,0.0,0,0
ILLINOIS,GALLATIN,2015-04-14,Flood,1,0.0,0.0,0,0
ILLINOIS,GALLATIN,2015-04-15,Flood,1,0.0,0.0,0,0
ILLINOIS,GALLATIN,2015-04-16,Flood,1,0.0,0.0,0,0
ILLINOIS,GALLATIN,2015-04-17,Flood,1,0.0,0.0,0,0
ILLINOIS,GALLATIN,2015-04-18,Flood,1,0.0,0.0,0,0
ILLINOIS,GALLATIN,2015-04-19,Flood,1,0.0,0.0,0,0
ILLINOIS,GALLATIN,2015-04-20,Flood,1,0.0,0.0,0,0
ILLINOIS,GALLATIN,2015-04-21,Flood,1,0.0,0.0,0,0
ILLINOIS,GALLATIN,2015-04-22,Flood,1,0.0,0.0,0,0
ILLINOIS,GALLATIN,2015-04-23,Flood,1,0.0,0.0,0,0
ILLINOIS,GALLATIN,2015-04-24,Flood,1,0.0,0.0,0,0
ILLINOIS,GALLATIN,2015-04-25,Flood,1,0.0,0.0,0,0
ILLINOIS,GALLATIN,2015-04-26,Flood,1,0.0,0.0,0,0
ILLINOIS,GALLATIN,2015-04-27,Flood,1,0.0,0.0,0,0
ILLINOIS,GALLATIN,2015-04-28,Flood,1,0.0,0.0,0,0
ILLINOIS,GALLATIN,2015-07-03,Flood,1,0.0,5000.0,0,0
ILLINOIS,GALLATIN,2015-07-04,Flood,1,0.0,5000.0,0,0
ILLINOIS,GALLATIN,2015-07-05,Flood,1,0.0,5000.0,0,0
ILLINOIS,GALLATIN,2015-07-06,Flood,1,0.0,5000.0,0,0
ILLINOIS,GALLATIN,2015-07-07,Flood,1,0.0,5000.0,0,0
ILLINOIS,GALLATIN,2015-07-08,Flood,1,0.0,5000.0,0,0
ILLINOIS,GALLATIN,2015-07-09,Flood,1,0.0,5000.0,0,0
ILLINOIS,GALLATIN,2015-07-10,Flood,1,0.0,5000.0,0,0
ILLINOIS,GALLATIN,2015-07-11,Flood,1,0.0,5000.0,0,0
ILLINOIS,GALLATIN,2015-07-12,Flood,1,0.0,5000.0,0,0
ILLINOIS,GALLATIN,2015-07-13,Flood,1,0.0,5000.0,0,0
ILLINOIS,GALLATIN,2015-07-14,Flood,1,0.0,5000.0,0,0
ILLINOIS,GALLATIN,2015-07-15,Flood,1,0.0,5000.0,0,0
ILLINOIS,GALLATIN,2015-07-16,Flood,1,0.0,5000.0,0,0
ILLINOIS,GALLATIN,2015-07-17,Flood,1,0.0,5000.0,0,0
ILLINOIS,GALLATIN,2015-07-18,Flood,1,0.0,5000.0,0,0
ILLINOIS,GALLATIN,2015-07-19,Flood,1,0.0,5000.0,0,0
ILLINOIS,GALLATIN,2015-07-20,Flood,1,0.0,5000.0,0,0
ILLINOIS,GALLATIN,2015-07-21,Flood,1,0.0,5000.0,0,0
ILLINOIS,GALLATIN,2015-07-22,Flood,1,0.0,5000.0,0,0
ILLINOIS,GALLATIN,2015-07-23,Flood,1,0.0,5000.0,0,0
ILLINOIS,GALLATIN,2015-07-24,Flood,1,0.0,5000.0,0,0
ILLINOIS,GALLATIN,2015-12-28,Flood,1,0.0,0.0,0,0
ILLINOIS,GALLATIN,2015-12-29,Flood,1,0.0,0.0,0,0
ILLINOIS,GALLATIN,2015-12-30,Flood,1,0.0,0.0,0,0
ILLINOIS,GALLATIN,2015-12-31,Flood,1,0.0,0.0,0,0
ILLINOIS,GALLATIN,2016-01-01,Flood,1,25000.0,0.0,0,0
ILLINOIS,GALLATIN,2016-01-02,Flood,1,25000.0,0.0,0,0
ILLINOIS,GALLATIN,2016-01-03,Flood,1,25000.0,0.0,0,0
ILLINOIS,GALLATIN,2016-01-04,Flood,1,25000.0,0.0,0,0
ILLINOIS,GALLATIN,2016-01-05,Flood,1,25000.0,0.0,0,0
ILLINOIS,GALLATIN,2016-01-06,Flood,1,25000.0,0.0,0,0
ILLINOIS,GALLATIN,2016-01-07,Flood,1,25000.0,0.0,0,0
ILLINOIS,GALLATIN,2016-01-08,Flood,1,25000.0,0.0,0,0
ILLINOIS,GALLATIN,2016-01-09,Flood,1,25000.0,0.0,0,0
ILLINOIS,GALLATIN,2016-01-10,Flood,1,25000.0,0.0,0,0
ILLINOIS,GALLATIN,2016-01-11,Flood,1,25000.0,0.0,0,0
ILLINOIS,GALLATIN,2016-01-22,Winter Storm,1,0.0,0.0,0,0
ILLINOIS,GALLATIN,2016-02-07,Flood,1,0.0,0.0,0,0
ILLINOIS,GALLATIN,2016-02-08,Flood,1,0.0,0.0,0,0
ILLINOIS,GALLATIN,2016-02-09,Flood,1,0.0,0.0,0,0
ILLINOIS,GALLATIN,2016-02-10,Flood,1,0.0,0.0,0,0
ILLINOIS,GALLATIN,2016-02-26,Flood,1,0.0,0.0,0,0
ILLINOIS,GALLATIN,2016-02-27,Flood,1,0.0,0.0,0,0
ILLINOIS,GALLATIN,2016-02-28,Flood,1,0.0,0.0,0,0
ILLINOIS,GALLATIN,2016-02-29,Flood,1,0.0,0.0,0,0
ILLINOIS,GALLATIN,2016-03-01,Flood,1,1000.0,0.0,0,0
ILLINOIS,GALLATIN,2016-03-02,Flood,1,1000.0,0.0,0,0
ILLINOIS,GALLATIN,2016-03-03,Flood,1,1000.0,0.0,0,0
ILLINOIS,GALLATIN,2016-03-04,Flood,1,1000.0,0.0,0,0
ILLINOIS,GALLATIN,2016-03-05,Flood,1,1000.0,0.0,0,0
ILLINOIS,GALLATIN,2016-03-06,Flood,1,1000.0,0.0,0,0
ILLINOIS,GALLATIN,2016-07-25,Flood,1,0.0,0.0,0,0
ILLINOIS,GALLATIN,2016-08-03,Flood,1,0.0,0.0,0,0
ILLINOIS,GALLATIN,2017-01-19,Flood,1,0.0,0.0,0,0
ILLINOIS,GALLATIN,2017-01-20,Flood,1,0.0,0.0,0,0
ILLINOIS,GALLATIN,2017-01-21,Flood,1,0.0,0.0,0,0
ILLINOIS,GALLATIN,2017-01-22,Flood,1,0.0,0.0,0,0
ILLINOIS,GALLATIN,2017-01-23,Flood,1,0.0,0.0,0,0
ILLINOIS,GALLATIN,2017-01-24,Flood,1,0.0,0.0,0,0
ILLINOIS,GALLATIN,2017-01-25,Flood,1,0.0,0.0,0,0
ILLINOIS,GALLATIN,2017-01-26,Flood,1,0.0,0.0,0,0
ILLINOIS,GALLATIN,2017-01-27,Flood,1,0.0,0.0,0,0
ILLINOIS,GALLATIN,2017-01-28,Flood,1,0.0,0.0,0,0
ILLINOIS,GALLATIN,2017-01-29,Flood,1,0.0,0.0,0,0
ILLINOIS,GALLATIN,2017-01-30,Flood,1,0.0,0.0,0,0
ILLINOIS,GALLATIN,2017-01-31,Flood,1,0.0,0.0,0,0
ILLINOIS,GALLATIN,2017-02-01,Flood,1,0.0,0.0,0,0
ILLINOIS,GALLATIN,2017-03-05,Flood,1,0.0,0.0,0,0
ILLINOIS,GALLATIN,2017-03-06,Flood,1,0.0,0.0,0,0
ILLINOIS,GALLATIN,2017-03-07,Flood,1,0.0,0.0,0,0
ILLINOIS,GALLATIN,2017-03-08,Flood,1,0.0,0.0,0,0
ILLINOIS,GALLATIN,2017-03-09,Flood,1,0.0,0.0,0,0
ILLINOIS,GALLATIN,2017-05-02,Flood,1,0.0,0.0,0,0
ILLINOIS,GALLATIN,2017-05-03,Flood,1,0.0,0.0,0,0
ILLINOIS,GALLATIN,2017-05-04,Flood,1,0.0,0.0,0,0
ILLINOIS,GALLATIN,2017-05-05,Flood,1,0.0,0.0,0,0
ILLINOIS,GALLATIN,2017-05-06,Flood,1,0.0,0.0,0,0
ILLINOIS,GALLATIN,2017-05-07,Flood,1,0.0,0.0,0,0
ILLINOIS,GALLATIN,2017-05-08,Flood,1,0.0,0.0,0,0
ILLINOIS,GALLATIN,2017-05-09,Flood,1,0.0,0.0,0,0
ILLINOIS,GALLATIN,2017-05-10,Flood,1,0.0,0.0,0,0
ILLINOIS,GALLATIN,2017-05-11,Flood,1,0.0,0.0,0,0
ILLINOIS,GALLATIN,2017-05-12,Flood,1,0.0,0.0,0,0
ILLINOIS,GALLATIN,2017-05-13,Flood,1,0.0,0.0,0,0
ILLINOIS,GALLATIN,2017-05-14,Flood,1,0.0,0.0,0,0
ILLINOIS,GALLATIN,2017-05-15,Flood,1,0.0,0.0,0,0
ILLINOIS,GALLATIN,2017-05-16,Flood,1,0.0,0.0,0,0
ILLINOIS,GALLATIN,2017-05-17,Flood,1,0.0,0.0,0,0
ILLINOIS,GALLATIN,2017-05-18,Flood,1,0.0,0.0,0,0
ILLINOIS,GALLATIN,2017-05-19,Flood,1,0.0,0.0,0,0
ILLINOIS,GALLATIN,2017-05-20,Flood,1,0.0,0.0,0,0
ILLINOIS,GALLATIN,2017-07-19,Excessive Heat,1,0.0,0.0,0,0
ILLINOIS,GALLATIN,2017-07-20,Excessive Heat,1,0.0,0.0,0,0
ILLINOIS,GALLATIN,2017-07-21,Excessive Heat,1,0.0,0.0,0,0
ILLINOIS,GALLATIN,2017-07-22,Excessive Heat,1,0.0,0.0,0,0
ILLINOIS,GALLATIN,2018-01-12,Winter Storm,1,0.0,0.0,0,0
ILLINOIS,GALLATIN,2018-02-16,Flood,1,0.0,0.0,0,0
ILLINOIS,GALLATIN,2018-02-17,Flood,1,0.0,0.0,0,0
ILLINOIS,GALLATIN,2018-02-18,Flood,1,0.0,0.0,0,0
ILLINOIS,GALLATIN,2018-02-19,Flood,1,0.0,0.0,0,0
ILLINOIS,GALLATIN,2018-02-20,Flood,1,0.0,0.0,0,0
ILLINOIS,GALLATIN,2018-02-21,Flood,1,0.0,0.0,0,0
ILLINOIS,GALLATIN,2018-02-22,Flood,1,0.0,0.0,0,0
ILLINOIS,GALLATIN,2018-02-23,Flood,1,0.0,0.0,0,0
ILLINOIS,GALLATIN,2018-02-24,Flood,1,0.0,0.0,0,0
ILLINOIS,GALLATIN,2018-02-25,Flood,1,0.0,0.0,0,0
ILLINOIS,GALLATIN,2018-02-26,Flood,1,0.0,0.0,0,0
ILLINOIS,GALLATIN,2018-02-27,Flood,1,0.0,0.0,0,0
ILLINOIS,GALLATIN,2018-02-28,Flood,1,0.0,0.0,0,0
ILLINOIS,GALLATIN,2018-03-01,Flood,1,300000.0,0.0,0,0
ILLINOIS,GALLATIN,2018-03-02,Flood,1,300000.0,0.0,0,0
ILLINOIS,GALLATIN,2018-03-03,Flood,1,300000.0,0.0,0,0
ILLINOIS,GALLATIN,2018-03-04,Flood,1,300000.0,0.0,0,0
ILLINOIS,GALLATIN,2018-03-05,Flood,1,300000.0,0.0,0,0
ILLINOIS,GALLATIN,2018-03-06,Flood,1,300000.0,0.0,0,0
ILLINOIS,GALLATIN,2018-03-07,Flood,1,300000.0,0.0,0,0
ILLINOIS,GALLATIN,2018-03-08,Flood,1,300000.0,0.0,0,0
ILLINOIS,GALLATIN,2018-03-09,Flood,1,300000.0,0.0,0,0
ILLINOIS,GALLATIN,2018-03-10,Flood,1,300000.0,0.0,0,0
ILLINOIS,GALLATIN,2018-03-11,Flood,1,300000.0,0.0,0,0
ILLINOIS,GALLATIN,2018-03-12,Flood,1,300000.0,0.0,0,0
ILLINOIS,GALLATIN,2018-03-13,Flood,1,300000.0,0.0,0,0
ILLINOIS,GALLATIN,2018-03-14,Flood,1,300000.0,0.0,0,0
ILLINOIS,GALLATIN,2018-03-15,Flood,1,300000.0,0.0,0,0
ILLINOIS,GALLATIN,2018-03-16,Flood,1,300000.0,0.0,0,0
ILLINOIS,GALLATIN,2018-03-31,Flood,1,0.0,0.0,0,0
ILLINOIS,GALLATIN,2018-04-01,Flood,1,3000.0,0.0,0,0
ILLINOIS,GALLATIN,2018-04-02,Flood,1,3000.0,0.0,0,0
ILLINOIS,GALLATIN,2018-04-03,Flood,1,3000.0,0.0,0,0
ILLINOIS,GALLATIN,2018-04-04,Flood,1,3000.0,0.0,0,0
ILLINOIS,GALLATIN,2018-04-05,Flood,1,3000.0,0.0,0,0
ILLINOIS,GALLATIN,2018-04-06,Flood,1,3000.0,0.0,0,0
ILLINOIS,GALLATIN,2018-04-07,Flood,1,3000.0,0.0,0,0
ILLINOIS,GALLATIN,2018-04-08,Flood,1,3000.0,0.0,0,0
ILLINOIS,GALLATIN,2018-04-09,Flood,1,3000.0,0.0,0,0
ILLINOIS,GALLATIN,2018-04-10,Flood,1,3000.0,0.0,0,0
ILLINOIS,GALLATIN,2018-04-11,Flood,1,3000.0,0.0,0,0
ILLINOIS,GALLATIN,2018-04-12,Flood,1,3000.0,0.0,0,0
ILLINOIS,GALLATIN,2018-04-13,Flood,1,3000.0,0.0,0,0
ILLINOIS,GALLATIN,2018-04-14,Flood,1,3000.0,0.0,0,0
ILLINOIS,GALLATIN,2018-04-15,Flood,1,3000.0,0.0,0,0
ILLINOIS,GALLATIN,2018-04-16,Flood,1,3000.0,0.0,0,0
ILLINOIS,GALLATIN,2018-04-17,Flood,1,3000.0,0.0,0,0
ILLINOIS,GALLATIN,2018-04-18,Flood,1,3000.0,0.0,0,0
ILLINOIS,GALLATIN,2018-04-19,Flood,1,3000.0,0.0,0,0
ILLINOIS,GALLATIN,2018-04-20,Flood,1,3000.0,0.0,0,0
ILLINOIS,GALLATIN,2018-04-21,Flood,1,3000.0,0.0,0,0
ILLINOIS,GALLATIN,2018-04-22,Flood,1,3000.0,0.0,0,0
ILLINOIS,GALLATIN,2018-04-23,Flood,1,3000.0,0.0,0,0
ILLINOIS,GALLATIN,2018-04-24,Flood,1,3000.0,0.0,0,0
ILLINOIS,GALLATIN,2018-04-25,Flood,1,3000.0,0.0,0,0
ILLINOIS,GALLATIN,2018-04-26,Flood,1,3000.0,0.0,0,0
ILLINOIS,GALLATIN,2018-04-27,Flood,1,3000.0,0.0,0,0
ILLINOIS,GALLATIN,2018-04-28,Flood,1,3000.0,0.0,0,0
ILLINOIS,GALLATIN,2018-07-05,Excessive Heat,1,0.0,0.0,0,0
ILLINOIS,GALLATIN,2018-07-14,Excessive Heat,1,0.0,0.0,0,0
ILLINOIS,GALLATIN,2018-09-14,Flood,1,0.0,15000.0,0,0
ILLINOIS,GALLATIN,2018-09-15,Flood,1,0.0,15000.0,0,0
ILLINOIS,GALLATIN,2018-09-16,Flood,1,0.0,15000.0,0,0
ILLINOIS,GALLATIN,2018-09-17,Flood,1,0.0,15000.0,0,0
ILLINOIS,GALLATIN,2018-09-18,Flood,1,0.0,15000.0,0,0
ILLINOIS,GALLATIN,2018-12-23,Flood,1,0.0,0.0,0,0
ILLINOIS,GALLATIN,2018-12-24,Flood,1,0.0,0.0,0,0
ILLINOIS,GALLATIN,2018-12-25,Flood,1,0.0,0.0,0,0
ILLINOIS,GALLATIN,2018-12-26,Flood,1,0.0,0.0,0,0
ILLINOIS,GALLATIN,2018-12-27,Flood,1,0.0,0.0,0,0
ILLINOIS,GALLATIN,2018-12-28,Flood,1,0.0,0.0,0,0
ILLINOIS,GALLATIN,2018-12-29,Flood,1,0.0,0.0,0,0
ILLINOIS,GALLATIN,2018-12-30,Flood,1,0.0,0.0,0,0
ILLINOIS,GALLATIN,2018-12-31,Flood,1,0.0,0.0,0,0
ILLINOIS,GALLATIN,2019-01-01,Flood,1,0.0,0.0,0,0
ILLINOIS,GALLATIN,2019-01-02,Flood,1,0.0,0.0,0,0
ILLINOIS,GALLATIN,2019-01-03,Flood,1,0.0,0.0,0,0
ILLINOIS,GALLATIN,2019-01-04,Flood,1,0.0,0.0,0,0
ILLINOIS,GALLATIN,2019-01-05,Flood,1,0.0,0.0,0,0
ILLINOIS,GALLATIN,2019-01-06,Flood,1,0.0,0.0,0,0
ILLINOIS,GALLATIN,2019-01-07,Flood,1,0.0,0.0,0,0
ILLINOIS,GALLATIN,2019-01-08,Flood,1,0.0,0.0,0,0
ILLINOIS,GALLATIN,2019-01-09,Flood,1,0.0,0.0,0,0
ILLINOIS,GALLATIN,2019-01-10,Flood,1,0.0,0.0,0,0
ILLINOIS,GALLATIN,2019-01-11,Flood,1,0.0,0.0,0,0
ILLINOIS,GALLATIN,2019-01-12,Flood,1,0.0,0.0,0,0
ILLINOIS,GALLATIN,2019-01-24,Flood,1,0.0,0.0,0,0
ILLINOIS,GALLATIN,2019-01-25,Flood,1,0.0,0.0,0,0
ILLINOIS,GALLATIN,2019-01-26,Flood,1,0.0,0.0,0,0
ILLINOIS,GALLATIN,2019-01-27,Flood,1,0.0,0.0,0,0
ILLINOIS,GALLATIN,2019-01-28,Flood,1,0.0,0.0,0,0
ILLINOIS,GALLATIN,2019-01-29,Flood,1,0.0,0.0,0,0
ILLINOIS,GALLATIN,2019-01-30,Flood,1,0.0,0.0,0,0
ILLINOIS,GALLATIN,2019-01-31,Flood,1,0.0,0.0,0,0
ILLINOIS,GALLATIN,2019-02-01,Flood,1,0.0,0.0,0,0
ILLINOIS,GALLATIN,2019-02-02,Flood,1,0.0,0.0,0,0
ILLINOIS,GALLATIN,2019-02-03,Flood,1,0.0,0.0,0,0
ILLINOIS,GALLATIN,2019-02-04,Flood,1,0.0,0.0,0,0
ILLINOIS,GALLATIN,2019-02-09,Flood,1,20000.0,0.0,0,0
ILLINOIS,GALLATIN,2019-02-10,Flood,1,20000.0,0.0,0,0
ILLINOIS,GALLATIN,2019-02-11,Flood,1,20000.0,0.0,0,0
ILLINOIS,GALLATIN,2019-02-12,Flood,1,20000.0,0.0,0,0
ILLINOIS,GALLATIN,2019-02-13,Flood,1,20000.0,0.0,0,0
ILLINOIS,GALLATIN,2019-02-14,Flood,1,20000.0,0.0,0,0
ILLINOIS,GALLATIN,2019-02-15,Flood,1,20000.0,0.0,0,0
ILLINOIS,GALLATIN,2019-02-16,Flood,1,20000.0,0.0,0,0
ILLINOIS,GALLATIN,2019-02-17,Flood,1,20000.0,0.0,0,0
ILLINOIS,GALLATIN,2019-02-18,Flood,1,20000.0,0.0,0,0
ILLINOIS,GALLATIN,2019-02-19,Flood,1,20000.0,0.0,0,0
ILLINOIS,GALLATIN,2019-02-20,Flood,1,20000.0,0.0,0,0
ILLINOIS,GALLATIN,2019-02-21,Flood,1,20000.0,0.0,0,0
ILLINOIS,GALLATIN,2019-02-22,Flood,1,20000.0,0.0,0,0
ILLINOIS,GALLATIN,2019-02-23,Flood,1,20000.0,0.0,0,0
ILLINOIS,GALLATIN,2019-02-24,Flood,1,20000.0,0.0,0,0
ILLINOIS,GALLATIN,2019-02-25,Flood,1,20000.0,0.0,0,0
ILLINOIS,GALLATIN,2019-02-26,Flood,1,20000.0,0.0,0,0
ILLINOIS,GALLATIN,2019-02-27,Flood,1,20000.0,0.0,0,0
ILLINOIS,GALLATIN,2019-02-28,Flood,1,20000.0,0.0,0,0
ILLINOIS,GALLATIN,2019-03-01,Flood,1,0.0,0.0,0,0
ILLINOIS,GALLATIN,2019-03-02,Flood,1,0.0,0.0,0,0
ILLINOIS,GALLATIN,2019-03-03,Flood,1,0.0,0.0,0,0
ILLINOIS,GALLATIN,2019-03-04,Flood,1,0.0,0.0,0,0
ILLINOIS,GALLATIN,2019-03-05,Flood,1,0.0,0.0,0,0
ILLINOIS,GALLATIN,2019-03-06,Flood,1,0.0,0.0,0,0
ILLINOIS,GALLATIN,2019-03-07,Flood,1,0.0,0.0,0,0
ILLINOIS,GALLATIN,2019-03-08,Flood,1,0.0,0.0,0,0
ILLINOIS,GALLATIN,2019-03-09,Flood,1,0.0,0.0,0,0
ILLINOIS,GALLATIN,2019-03-10,Flood,1,0.0,0.0,0,0
ILLINOIS,GALLATIN,2019-03-11,Flood,1,0.0,0.0,0,0
ILLINOIS,GALLATIN,2019-03-12,Flood,1,0.0,0.0,0,0
ILLINOIS,GALLATIN,2019-03-13,Flood,1,0.0,0.0,0,0
ILLINOIS,GALLATIN,2019-03-14,Flood,1,0.0,0.0,0,0
ILLINOIS,GALLATIN,2019-03-15,Flood,1,0.0,0.0,0,0
ILLINOIS,GALLATIN,2019-03-16,Flood,1,0.0,0.0,0,0
ILLINOIS,GALLATIN,2019-03-17,Flood,1,0.0,0.0,0,0
ILLINOIS,GALLATIN,2019-03-18,Flood,1,0.0,0.0,0,0
ILLINOIS,GALLATIN,2019-03-19,Flood,1,0.0,0.0,0,0
ILLINOIS,GALLATIN,2019-03-20,Flood,1,0.0,0.0,0,0
ILLINOIS,GALLATIN,2019-03-21,Flood,1,0.0,0.0,0,0
ILLINOIS,GALLATIN,2019-04-21,Flood,1,0.0,0.0,0,0
ILLINOIS,GALLATIN,2019-04-22,Flood,1,0.0,0.0,0,0
ILLINOIS,GALLATIN,2019-04-23,Flood,1,0.0,0.0,0,0
ILLINOIS,GALLATIN,2019-04-24,Flood,1,0.0,0.0,0,0
ILLINOIS,GALLATIN,2019-04-25,Flood,1,0.0,0.0,0,0
ILLINOIS,GALLATIN,2019-04-26,Flood,1,0.0,0.0,0,0
ILLINOIS,GALLATIN,2019-04-27,Flood,1,0.0,0.0,0,0
ILLINOIS,GALLATIN,2019-04-28,Flood,1,0.0,0.0,0,0
ILLINOIS,GALLATIN,2019-04-29,Flood,1,0.0,0.0,0,0
ILLINOIS,GALLATIN,2019-04-30,Flood,1,0.0,0.0,0,0
ILLINOIS,GALLATIN,2019-05-01,Flood,1,0.0,0.0,0,0
ILLINOIS,GALLATIN,2019-05-02,Flood,1,0.0,0.0,0,0
ILLINOIS,GALLATIN,2019-05-03,Flood,1,0.0,0.0,0,0
ILLINOIS,GALLATIN,2019-05-04,Flood,1,0.0,0.0,0,0
ILLINOIS,GALLATIN,2019-05-05,Flood,1,0.0,0.0,0,0
ILLINOIS,GALLATIN,2019-05-06,Flood,1,0.0,0.0,0,0
ILLINOIS,GALLATIN,2019-05-07,Flood,1,0.0,0.0,0,0
ILLINOIS,GALLATIN,2019-05-08,Flood,1,0.0,0.0,0,0
ILLINOIS,GALLATIN,2019-05-09,Flood,1,0.0,0.0,0,0
ILLINOIS,GALLATIN,2019-06-20,Flood,1,0.0,0.0,0,0
ILLINOIS,GALLATIN,2019-06-21,Flood,1,0.0,0.0,0,0
ILLINOIS,GALLATIN,2019-06-22,Flood,1,0.0,0.0,0,0
ILLINOIS,GALLATIN,2019-06-23,Flood,1,0.0,0.0,0,0
ILLINOIS,GALLATIN,2019-06-24,Flood,1,0.0,0.0,0,0
ILLINOIS,GALLATIN,2019-06-25,Flood,1,0.0,0.0,0,0
ILLINOIS,GALLATIN,2019-06-26,Flood,1,0.0,0.0,0,0
ILLINOIS,GALLATIN,2019-06-27,Flood,1,0.0,0.0,0,0
ILLINOIS,GALLATIN,2019-06-28,Flood,1,0.0,0.0,0,0
ILLINOIS,GALLATIN,2019-06-29,Flood,1,0.0,0.0,0,0
ILLINOIS,GALLATIN,2019-06-30,Flood,1,0.0,0.0,0,0
ILLINOIS,GALLATIN,2019-07-01,Flood,1,0.0,0.0,0,0
ILLINOIS,GALLATIN,2019-07-02,Flood,1,0.0,0.0,0,0
ILLINOIS,GALLATIN,2019-07-18,Excessive Heat,1,0.0,0.0,0,0
ILLINOIS,GALLATIN,2019-07-19,Excessive Heat,1,0.0,0.0,0,0
ILLINOIS,GALLATIN,2019-07-20,Excessive Heat,1,0.0,0.0,0,0
ILLINOIS,GALLATIN,2019-07-21,Excessive Heat,1,0.0,0.0,0,0
ILLINOIS,GALLATIN,2019-12-20,Flood,1,0.0,0.0,0,0
ILLINOIS,GALLATIN,2019-12-21,Flood,1,0.0,0.0,0,0
ILLINOIS,GALLATIN,2019-12-22,Flood,1,0.0,0.0,0,0
ILLINOIS,GALLATIN,2019-12-23,Flood,1,0.0,0.0,0,0
ILLINOIS,GALLATIN,2019-12-24,Flood,1,0.0,0.0,0,0
ILLINOIS,GALLATIN,2019-12-25,Flood,1,0.0,0.0,0,0
ILLINOIS,GALLATIN,2020-01-13,Flood,1,0.0,0.0,0,0
ILLINOIS,GALLATIN,2020-01-14,Flood,1,0.0,0.0,0,0
ILLINOIS,GALLATIN,2020-01-15,Flood,1,0.0,0.0,0,0
ILLINOIS,GALLATIN,2020-01-16,Flood,1,0.0,0.0,0,0
ILLINOIS,GALLATIN,2020-01-17,Flood,1,0.0,0.0,0,0
ILLINOIS,GALLATIN,2020-01-18,Flood,1,0.0,0.0,0,0
ILLINOIS,GALLATIN,2020-01-19,Flood,1,0.0,0.0,0,0
ILLINOIS,GALLATIN,2020-01-20,Flood,1,0.0,0.0,0,0
ILLINOIS,GALLATIN,2020-01-21,Flood,1,0.0,0.0,0,0
ILLINOIS,GALLATIN,2020-01-22,Flood,1,0.0,0.0,0,0
ILLINOIS,GALLATIN,2020-01-23,Flood,1,0.0,0.0,0,0
ILLINOIS,GALLATIN,2020-01-24,Flood,1,0.0,0.0,0,0
ILLINOIS,GALLATIN,2020-01-25,Flood,1,0.0,0.0,0,0
ILLINOIS,GALLATIN,2020-02-11,Flood,1,0.0,0.0,0,0
ILLINOIS,GALLATIN,2020-02-12,Flood,1,0.0,0.0,0,0
ILLINOIS,GALLATIN,2020-02-13,Flood,1,0.0,0.0,0,0
ILLINOIS,GALLATIN,2020-02-14,Flood,1,0.0,0.0,0,0
ILLINOIS,GALLATIN,2020-02-15,Flood,1,0.0,0.0,0,0
ILLINOIS,GALLATIN,2020-02-16,Flood,1,0.0,0.0,0,0
ILLINOIS,GALLATIN,2020-02-17,Flood,1,0.0,0.0,0,0
ILLINOIS,GALLATIN,2020-02-18,Flood,1,0.0,0.0,0,0
ILLINOIS,GALLATIN,2020-02-19,Flood,1,0.0,0.0,0,0
ILLINOIS,GALLATIN,2020-02-20,Flood,1,0.0,0.0,0,0
ILLINOIS,GALLATIN,2020-02-21,Flood,1,0.0,0.0,0,0
ILLINOIS,GALLATIN,2020-02-22,Flood,1,0.0,0.0,0,0
ILLINOIS,GALLATIN,2020-02-23,Flood,1,0.0,0.0,0,0
ILLINOIS,GALLATIN,2020-02-24,Flood,1,0.0,0.0,0,0
ILLINOIS,GALLATIN,2020-02-25,Flood,1,0.0,0.0,0,0
ILLINOIS,GALLATIN,2020-02-26,Flood,1,0.0,0.0,0,0
ILLINOIS,GALLATIN,2020-02-27,Flood,1,0.0,0.0,0,0
ILLINOIS,GALLATIN,2020-03-19,Flood,1,0.0,0.0,0,0
ILLINOIS,GALLATIN,2020-03-20,Flood,1,0.0,0.0,0,0
ILLINOIS,GALLATIN,2020-03-21,Flood,1,0.0,0.0,0,0
ILLINOIS,GALLATIN,2020-03-22,Flood,1,0.0,0.0,0,0
ILLINOIS,GALLATIN,2020-03-23,Flood,1,0.0,0.0,0,0
ILLINOIS,GALLATIN,2020-03-24,Flood,1,0.0,0.0,0,0
ILLINOIS,GALLATIN,2020-03-25,Flood,1,0.0,0.0,0,0
ILLINOIS,GALLATIN,2020-03-26,Flood,1,0.0,0.0,0,0
ILLINOIS,GALLATIN,2020-03-27,Flood,1,0.0,0.0,0,0
ILLINOIS,GALLATIN,2020-03-28,Flood,1,0.0,0.0,0,0
ILLINOIS,GALLATIN,2020-03-29,Flood,1,0.0,0.0,0,0
ILLINOIS,GALLATIN,2020-03-30,Flood,1,0.0,0.0,0,0
ILLINOIS,GALLATIN,2020-03-31,Flood,1,0.0,0.0,0,0
ILLINOIS,GALLATIN,2020-04-01,Flood,1,0.0,0.0,0,0
ILLINOIS,GALLATIN,2020-04-02,Flood,1,0.0,0.0,0,0
ILLINOIS,GALLATIN,2020-04-03,Flood,1,0.0,0.0,0,0
ILLINOIS,GALLATIN,2020-04-04,Flood,1,0.0,0.0,0,0
ILLINOIS,GALLATIN,2020-04-05,Flood,1,0.0,0.0,0,0
ILLINOIS,GALLATIN,2020-04-06,Flood,1,0.0,0.0,0,0
ILLINOIS,GALLATIN,2020-04-07,Flood,1,0.0,0.0,0,0
ILLINOIS,GALLATIN,2020-04-08,Flood,1,0.0,0.0,0,0
ILLINOIS,GALLATIN,2020-05-01,Flood,1,0.0,20000.0,0,0
ILLINOIS,GALLATIN,2020-05-02,Flood,1,0.0,20000.0,0,0
ILLINOIS,GALLATIN,2020-05-03,Flood,1,0.0,20000.0,0,0
ILLINOIS,GALLATIN,2020-05-04,Flood,1,0.0,20000.0,0,0
ILLINOIS,GALLATIN,2020-05-05,Flood,1,0.0,20000.0,0,0
ILLINOIS,GALLATIN,2020-05-06,Flood,1,0.0,20000.0,0,0
ILLINOIS,GALLATIN,2020-05-07,Flood,1,0.0,20000.0,0,0
ILLINOIS,GALLATIN,2020-05-08,Flood,1,0.0,20000.0,0,0
ILLINOIS,GALLATIN,2020-05-09,Flood,1,0.0,20000.0,0,0
ILLINOIS,GALLATIN,2020-05-10,Flood,1,0.0,20000.0,0,0
ILLINOIS,GALLATIN,2020-05-11,Flood,1,0.0,20000.0,0,0
ILLINOIS,GALLATIN,2020-05-23,Flood,1,0.0,20000.0,0,0
ILLINOIS,GALLATIN,2020-05-24,Flood,1,0.0,20000.0,0,0
ILLINOIS,GALLATIN,2020-05-25,Flood,1,0.0,20000.0,0,0
ILLINOIS,GALLATIN,2020-05-26,Flood,1,0.0,20000.0,0,0
ILLINOIS,GALLATIN,2020-05-27,Flood,1,0.0,20000.0,0,0
ILLINOIS,GALLATIN,2020-05-28,Flood,1,0.0,20000.0,0,0
ILLINOIS,GALLATIN,2020-05-29,Flood,1,0.0,20000.0,0,0
ILLINOIS,GALLATIN,2020-05-30,Flood,1,0.0,20000.0,0,0
ILLINOIS,GALLATIN,2020-05-31,Flood,1,0.0,20000.0,0,0
ILLINOIS,GALLATIN,2020-06-01,Flood,1,0.0,10000.0,0,0
ILLINOIS,GALLATIN,2021-02-10,Winter Storm,1,20000.0,0.0,0,0
ILLINOIS,GALLATIN,2021-02-14,Winter Storm,1,0.0,0.0,0,0
ILLINOIS,GALLATIN,2021-02-15,Winter Storm,1,0.0,0.0,0,0
ILLINOIS,GALLATIN,2021-03-01,Flood,1,4000.0,0.0,0,0
ILLINOIS,GALLATIN,2021-03-02,Flood,1,4000.0,0.0,0,0
ILLINOIS,GALLATIN,2021-03-03,Flood,1,4000.0,0.0,0,0
ILLINOIS,GALLATIN,2021-03-04,Flood,1,4000.0,0.0,0,0
ILLINOIS,GALLATIN,2021-03-05,Flood,1,4000.0,0.0,0,0
ILLINOIS,GALLATIN,2021-03-06,Flood,1,4000.0,0.0,0,0
ILLINOIS,GALLATIN,2021-03-07,Flood,1,4000.0,0.0,0,0
ILLINOIS,GALLATIN,2021-03-08,Flood,1,4000.0,0.0,0,0
ILLINOIS,GALLATIN,2021-03-09,Flood,1,4000.0,0.0,0,0
ILLINOIS,GALLATIN,2021-03-10,Flood,1,4000.0,0.0,0,0
ILLINOIS,GALLATIN,2021-03-11,Flood,1,4000.0,0.0,0,0
ILLINOIS,GALLATIN,2021-03-12,Flood,1,4000.0,0.0,0,0
ILLINOIS,GALLATIN,2021-03-13,Flood,1,4000.0,0.0,0,0
ILLINOIS,GALLATIN,2021-03-14,Flood,1,4000.0,0.0,0,0
ILLINOIS,GALLATIN,2021-03-15,Flood,1,4000.0,0.0,0,0
ILLINOIS,GALLATIN,2021-03-16,Flood,1,4000.0,0.0,0,0
ILLINOIS,GALLATIN,2022-01-04,Flood,1,0.0,0.0,0,0
ILLINOIS,GALLATIN,2022-01-05,Flood,1,0.0,0.0,0,0
ILLINOIS,GALLATIN,2022-01-06,Flood,1,0.0,0.0,0,0
ILLINOIS,GALLATIN,2022-01-07,Flood,1,0.0,0.0,0,0
ILLINOIS,GALLATIN,2022-01-08,Flood,1,0.0,0.0,0,0
ILLINOIS,GALLATIN,2022-01-09,Flood,1,0.0,0.0,0,0
ILLINOIS,GALLATIN,2022-01-10,Flood,1,0.0,0.0,0,0
ILLINOIS,GALLATIN,2022-01-11,Flood,1,0.0,0.0,0,0
ILLINOIS,GALLATIN,2022-01-12,Flood,1,0.0,0.0,0,0
ILLINOIS,GALLATIN,2022-01-13,Flood,1,0.0,0.0,0,0
ILLINOIS,GALLATIN,2022-01-14,Flood,1,0.0,0.0,0,0
ILLINOIS,GALLATIN,2022-01-15,Flood,1,0.0,0.0,0,0
ILLINOIS,GALLATIN,2022-01-16,Flood,1,0.0,0.0,0,0
ILLINOIS,GALLATIN,2022-01-17,Flood,1,0.0,0.0,0,0
ILLINOIS,GALLATIN,2022-02-02,Winter Storm,1,0.0,0.0,0,0
ILLINOIS,GALLATIN,2022-02-03,Winter Storm,1,0.0,0.0,0,0
ILLINOIS,GALLATIN,2022-02-08,Flood,1,0.0,0.0,0,0
ILLINOIS,GALLATIN,2022-02-09,Flood,1,0.0,0.0,0,0
ILLINOIS,GALLATIN,2022-02-10,Flood,1,0.0,0.0,0,0
ILLINOIS,GALLATIN,2022-02-11,Flood,1,0.0,0.0,0,0
ILLINOIS,GALLATIN,2022-02-12,Flood,1,0.0,0.0,0,0
ILLINOIS,GALLATIN,2022-02-13,Flood,1,0.0,0.0,0,0
ILLINOIS,GALLATIN,2022-02-20,Flood,1,0.0,0.0,0,0
ILLINOIS,GALLATIN,2022-02-21,Flood,1,0.0,0.0,0,0
ILLINOIS,GALLATIN,2022-02-22,Flood,1,0.0,0.0,0,0
ILLINOIS,GALLATIN,2022-02-23,Flood,1,0.0,0.0,0,0
ILLINOIS,GALLATIN,2022-02-24,Flood,1,0.0,0.0,0,0
ILLINOIS,GALLATIN,2022-02-25,Flood,1,0.0,0.0,0,0
ILLINOIS,GALLATIN,2022-02-26,Flood,1,0.0,0.0,0,0
ILLINOIS,GALLATIN,2022-02-27,Flood,1,0.0,0.0,0,0
ILLINOIS,GALLATIN,2022-02-28,Flood,1,0.0,0.0,0,0
ILLINOIS,GALLATIN,2022-03-01,Flood,1,0.0,0.0,0,0
ILLINOIS,GALLATIN,2022-03-02,Flood,1,0.0,0.0,0,0
ILLINOIS,GALLATIN,2022-03-03,Flood,1,0.0,0.0,0,0
ILLINOIS,GALLATIN,2022-03-04,Flood,1,0.0,0.0,0,0
ILLINOIS,GALLATIN,2022-03-05,Flood,1,0.0,0.0,0,0
ILLINOIS,GALLATIN,2022-03-06,Flood,1,0.0,0.0,0,0
ILLINOIS,GALLATIN,2022-03-07,Flood,1,0.0,0.0,0,0
ILLINOIS,GALLATIN,2022-03-08,Flood,1,0.0,0.0,0,0
ILLINOIS,GALLATIN,2022-03-09,Flood,1,0.0,0.0,0,0
ILLINOIS,GALLATIN,2022-03-10,Flood,1,0.0,0.0,0,0
ILLINOIS,GALLATIN,2022-03-11,Flood,1,0.0,0.0,0,0
ILLINOIS,GALLATIN,2022-03-12,Flood,1,0.0,0.0,0,0
ILLINOIS,GALLATIN,2022-03-13,Flood,1,0.0,0.0,0,0
ILLINOIS,GALLATIN,2022-03-14,Flood,1,0.0,0.0,0,0
ILLINOIS,GALLATIN,2022-03-15,Flood,1,0.0,0.0,0,0
ILLINOIS,GALLATIN,2022-03-16,Flood,1,0.0,0.0,0,0
ILLINOIS,GALLATIN,2022-03-17,Flood,1,0.0,0.0,0,0
ILLINOIS,GALLATIN,2022-03-18,Flood,1,0.0,0.0,0,0
ILLINOIS,GALLATIN,2022-03-19,Flood,1,0.0,0.0,0,0
ILLINOIS,GALLATIN,2022-03-20,Flood,1,0.0,0.0,0,0
ILLINOIS,GALLATIN,2022-05-12,Flood,1,0.0,0.0,0,0
ILLINOIS,GALLATIN,2022-05-13,Flood,1,0.0,0.0,0,0
ILLINOIS,GALLATIN,2022-05-14,Flood,1,0.0,0.0,0,0
ILLINOIS,GALLATIN,2022-05-15,Flood,1,0.0,0.0,0,0
ILLINOIS,GALLATIN,2022-06-13,Excessive Heat,1,0.0,0.0,0,0
ILLINOIS,GALLATIN,2022-06-14,Excessive Heat,1,0.0,0.0,0,0
ILLINOIS,GALLATIN,2022-06-15,Excessive Heat,1,0.0,0.0,0,0
ILLINOIS,GALLATIN,2022-06-16,Excessive Heat,1,0.0,0.0,0,0
ILLINOIS,GALLATIN,2022-07-04,Excessive Heat,1,0.0,0.0,0,0
ILLINOIS,GALLATIN,2022-07-05,Excessive Heat,1,0.0,0.0,0,0
ILLINOIS,GALLATIN,2022-07-06,Excessive Heat,1,0.0,0.0,0,0
ILLINOIS,GALLATIN,2022-07-07,Excessive Heat,1,0.0,0.0,0,0
ILLINOIS,GALLATIN,2022-07-08,Excessive Heat,1,0.0,0.0,0,0
ILLINOIS,GALLATIN,2022-07-20,Excessive Heat,1,0.0,0.0,0,0
ILLINOIS,GALLATIN,2022-07-22,Excessive Heat,1,0.0,0.0,0,0
ILLINOIS,GALLATIN,2022-07-23,Excessive Heat,1,0.0,0.0,0,0
ILLINOIS,GALLATIN,2022-07-24,Excessive Heat,1,0.0,0.0,0,0
ILLINOIS,GALLATIN,2023-01-30,Winter Storm,1,0.0,0.0,0,0
ILLINOIS,GALLATIN,2023-01-31,Winter Storm,1,0.0,0.0,0,0
ILLINOIS,GALLATIN,2023-02-21,Flood,1,0.0,0.0,0,0
ILLINOIS,GALLATIN,2023-02-22,Flood,1,0.0,0.0,0,0
ILLINOIS,GALLATIN,2023-02-23,Flood,1,0.0,0.0,0,0
ILLINOIS,GALLATIN,2023-02-24,Flood,1,0.0,0.0,0,0
ILLINOIS,GALLATIN,2023-03-01,Flood,1,0.0,0.0,0,0
ILLINOIS,GALLATIN,2023-03-02,Flood,1,0.0,0.0,0,0
ILLINOIS,GALLATIN,2023-03-03,Flood,1,0.0,0.0,0,0
ILLINOIS,GALLATIN,2023-03-04,Flood,1,0.0,0.0,0,0
ILLINOIS,GALLATIN,2023-03-05,Flood,1,0.0,0.0,0,0
ILLINOIS,GALLATIN,2023-03-06,Flood,1,0.0,0.0,0,0
ILLINOIS,GALLATIN,2023-03-07,Flood,1,0.0,0.0,0,0
ILLINOIS,GALLATIN,2023-03-08,Flood,1,0.0,0.0,0,0
ILLINOIS,GALLATIN,2023-03-09,Flood,1,0.0,0.0,0,0
ILLINOIS,GALLATIN,2023-03-10,Flood,1,0.0,0.0,0,0
ILLINOIS,GALLATIN,2023-03-11,Flood,1,0.0,0.0,0,0
ILLINOIS,GALLATIN,2023-03-12,Flood,1,0.0,0.0,0,0
ILLINOIS,GALLATIN,2023-03-27,Flood,1,0.0,0.0,0,0
ILLINOIS,GALLATIN,2023-03-28,Flood,1,0.0,0.0,0,0
ILLINOIS,GALLATIN,2023-03-29,Flood,1,0.0,0.0,0,0
ILLINOIS,GALLATIN,2023-03-30,Flood,1,0.0,0.0,0,0
ILLINOIS,GALLATIN,2023-03-31,Flood,1,0.0,0.0,0,0
ILLINOIS,GALLATIN,2023-04-01,Flood,1,0.0,0.0,0,0
ILLINOIS,GALLATIN,2023-04-02,Flood,1,0.0,0.0,0,0
ILLINOIS,GALLATIN,2023-04-03,Flood,1,0.0,0.0,0,0
ILLINOIS,GALLATIN,2023-04-04,Flood,1,0.0,0.0,0,0
ILLINOIS,GALLATIN,2023-04-05,Flood,1,0.0,0.0,0,0
ILLINOIS,GALLATIN,2023-04-06,Flood,1,0.0,0.0,0,0
ILLINOIS,GALLATIN,2023-04-07,Flood,1,0.0,0.0,0,0
ILLINOIS,GALLATIN,2023-04-08,Flood,1,0.0,0.0,0,0
ILLINOIS,GALLATIN,2023-04-09,Flood,1,0.0,0.0,0,0
ILLINOIS,GALLATIN,2023-06-30,Excessive Heat,1,0.0,0.0,0,0
ILLINOIS,GALLATIN,2023-07-27,Excessive Heat,1,0.0,0.0,0,0
ILLINOIS,GALLATIN,2023-07-28,Excessive Heat,1,0.0,0.0,0,0
ILLINOIS,GALLATIN,2023-08-20,Excessive Heat,1,0.0,0.0,0,0
ILLINOIS,GALLATIN,2023-08-21,Excessive Heat,1,0.0,0.0,0,0
ILLINOIS,GALLATIN,2023-08-22,Excessive Heat,1,0.0,0.0,0,0
ILLINOIS,GALLATIN,2023-08-23,Excessive Heat,1,0.0,0.0,0,0
ILLINOIS,GALLATIN,2023-08-24,Excessive Heat,1,0.0,0.0,0,0
ILLINOIS,GALLATIN,2023-08-25,Excessive Heat,1,0.0,0.0,0,0
ILLINOIS,GALLATIN,2024-01-30,Flood,1,0.0,0.0,0,0
ILLINOIS,GALLATIN,2024-01-31,Flood,1,0.0,0.0,0,0
ILLINOIS,GALLATIN,2024-02-01,Flood,1,0.0,0.0,0,0
ILLINOIS,GALLATIN,2024-02-02,Flood,1,0.0,0.0,0,0
ILLINOIS,GALLATIN,2024-02-03,Flood,1,0.0,0.0,0,0
ILLINOIS,GALLATIN,2024-02-04,Flood,1,0.0,0.0,0,0
ILLINOIS,GALLATIN,2024-02-05,Flood,1,0.0,0.0,0,0
ILLINOIS,GALLATIN,2024-02-06,Flood,1,0.0,0.0,0,0
ILLINOIS,GALLATIN,2024-02-07,Flood,1,0.0,0.0,0,0
ILLINOIS,GALLATIN,2024-04-07,Flood,1,0.0,0.0,0,0
ILLINOIS,GALLATIN,2024-04-08,Flood,1,0.0,0.0,0,0
ILLINOIS,GALLATIN,2024-04-09,Flood,1,0.0,0.0,0,0
ILLINOIS,GALLATIN,2024-04-10,Flood,1,0.0,0.0,0,0
ILLINOIS,GALLATIN,2024-04-11,Flood,1,0.0,0.0,0,0
ILLINOIS,GALLATIN,2024-04-12,Flood,1,0.0,0.0,0,0
ILLINOIS,GALLATIN,2024-04-13,Flood,1,0.0,0.0,0,0
ILLINOIS,GALLATIN,2024-04-14,Flood,1,0.0,0.0,0,0
ILLINOIS,GALLATIN,2024-04-15,Flood,1,0.0,0.0,0,0
ILLINOIS,GALLATIN,2024-04-16,Flood,1,0.0,0.0,0,0
ILLINOIS,GALLATIN,2024-04-17,Flood,1,0.0,0.0,0,0
ILLINOIS,GALLATIN,2024-04-18,Flood,1,0.0,0.0,0,0
ILLINOIS,GALLATIN,2024-04-19,Flood,1,0.0,0.0,0,0
ILLINOIS,GALLATIN,2024-04-20,Flood,1,0.0,0.0,0,0
ILLINOIS,GALLATIN,2024-04-21,Flood,1,0.0,0.0,0,0
ILLINOIS,GALLATIN,2024-04-22,Flood,1,0.0,0.0,0,0
ILLINOIS,GALLATIN,2024-04-23,Flood,1,0.0,0.0,0,0
ILLINOIS,GALLATIN,2024-04-24,Flood,1,0.0,0.0,0,0
ILLINOIS,GALLATIN,2024-04-25,Flood,1,0.0,0.0,0,0
ILLINOIS,GALLATIN,2024-07-29,Excessive Heat,1,0.0,0.0,0,0
ILLINOIS,GALLATIN,2024-07-30,Excessive Heat,1,0.0,0.0,0,0
ILLINOIS,GALLATIN,2024-07-31,Excessive Heat,1,0.0,0.0,0,0
ILLINOIS,GALLATIN,2024-08-01,Excessive Heat,1,0.0,0.0,0,0
ILLINOIS,GALLATIN,2025-02-10,Flood,1,5000.0,0.0,0,0
ILLINOIS,GALLATIN,2025-02-11,Flood,1,5000.0,0.0,0,0
ILLINOIS,GALLATIN,2025-02-12,Flood,1,5000.0,0.0,0,0
ILLINOIS,GALLATIN,2025-02-13,Flood,1,5000.0,0.0,0,0
ILLINOIS,GALLATIN,2025-02-14,Flood,1,5000.0,0.0,0,0
ILLINOIS,GALLATIN,2025-02-15,Flood,1,5000.0,0.0,0,0
ILLINOIS,GALLATIN,2025-02-16,Flood,1,5000.0,0.0,0,0
ILLINOIS,GALLATIN,2025-02-17,Flood,1,5000.0,0.0,0,0
ILLINOIS,GALLATIN,2025-02-18,Flood,1,5000.0,0.0,0,0
ILLINOIS,GALLATIN,2025-02-19,Flood,1,5000.0,0.0,0,0
ILLINOIS,GALLATIN,2025-02-20,Flood,1,5000.0,0.0,0,0
ILLINOIS,GALLATIN,2025-02-21,Flood,1,5000.0,0.0,0,0
ILLINOIS,GALLATIN,2025-02-22,Flood,1,5000.0,0.0,0,0
ILLINOIS,GALLATIN,2025-02-23,Flood,1,5000.0,0.0,0,0
ILLINOIS,GALLATIN,2025-02-24,Flood,1,5000.0,0.0,0,0
ILLINOIS,GALLATIN,2025-02-25,Flood,1,5000.0,0.0,0,0
ILLINOIS,GALLATIN,2025-02-26,Flood,1,5000.0,0.0,0,0
ILLINOIS,GALLATIN,2025-02-27,Flood,1,5000.0,0.0,0,0
ILLINOIS,GALLATIN,2025-02-28,Flood,1,5000.0,0.0,0,0
ILLINOIS,GALLATIN,2025-03-01,Flood,1,0.0,0.0,0,0
ILLINOIS,GALLATIN,2025-07-23,Excessive Heat,1,0.0,0.0,0,0
ILLINOIS,GALLATIN,2025-07-24,Excessive Heat,1,0.0,0.0,0,0
ILLINOIS,GALLATIN,2025-07-25,Excessive Heat,1,0.0,0.0,0,0
ILLINOIS,GALLATIN,2025-07-26,Excessive Heat,1,0.0,0.0,0,0
ILLINOIS,GALLATIN,2025-07-27,Excessive Heat,1,0.0,0.0,0,0
ILLINOIS,GALLATIN,2025-07-28,Excessive Heat,1,0.0,0.0,0,0
ILLINOIS,GALLATIN,2025-07-29,Excessive Heat,1,0.0,0.0,0,0
ILLINOIS,GALLATIN,2025-07-30,Excessive Heat,1,0.0,0.0,0,0
ILLINOIS,GREENE,2010-07-14,Excessive Heat,1,0.0,0.0,0,0
ILLINOIS,GREENE,2010-07-17,Excessive Heat,1,0.0,0.0,0,0
ILLINOIS,GREENE,2010-07-22,Excessive Heat,1,0.0,0.0,0,0
ILLINOIS,GREENE,2010-07-23,Excessive Heat,1,0.0,0.0,0,0
ILLINOIS,GREENE,2010-07-24,Excessive Heat,1,0.0,0.0,0,0
ILLINOIS,GREENE,2010-08-02,Excessive Heat,1,0.0,0.0,0,0
ILLINOIS,GREENE,2010-08-03,Excessive Heat,1,0.0,0.0,0,0
ILLINOIS,GREENE,2010-08-04,Excessive Heat,1,0.0,0.0,0,0
ILLINOIS,GREENE,2010-08-08,Excessive Heat,1,0.0,0.0,0,0
ILLINOIS,GREENE,2010-08-09,Excessive Heat,1,0.0,0.0,0,0
ILLINOIS,GREENE,2010-08-10,Excessive Heat,1,0.0,0.0,0,0
ILLINOIS,GREENE,2010-08-11,Excessive Heat,1,0.0,0.0,0,0
ILLINOIS,GREENE,2010-08-12,Excessive Heat,1,0.0,0.0,0,0
ILLINOIS,GREENE,2010-08-13,Excessive Heat,1,0.0,0.0,0,0
ILLINOIS,GREENE,2010-08-14,Excessive Heat,1,0.0,0.0,0,0
ILLINOIS,GREENE,2011-07-10,Excessive Heat,1,0.0,0.0,0,0
ILLINOIS,GREENE,2011-07-11,Excessive Heat,1,0.0,0.0,0,0
ILLINOIS,GREENE,2011-07-12,Excessive Heat,1,0.0,0.0,0,0
ILLINOIS,GREENE,2011-07-17,Excessive Heat,1,0.0,0.0,0,0
ILLINOIS,GREENE,2011-07-18,Excessive Heat,1,0.0,0.0,0,0
ILLINOIS,GREENE,2011-07-19,Excessive Heat,1,0.0,0.0,0,0
ILLINOIS,GREENE,2011-07-20,Excessive Heat,1,0.0,0.0,0,0
ILLINOIS,GREENE,2011-07-21,Excessive Heat,1,0.0,0.0,0,0
ILLINOIS,GREENE,2011-07-22,Excessive Heat,1,0.0,0.0,0,0
ILLINOIS,GREENE,2011-07-23,Excessive Heat,1,0.0,0.0,0,0
ILLINOIS,GREENE,2011-07-24,Excessive Heat,1,0.0,0.0,0,0
ILLINOIS,GREENE,2011-07-25,Excessive Heat,1,0.0,0.0,0,0
ILLINOIS,GREENE,2011-07-26,Excessive Heat,1,0.0,0.0,0,0
ILLINOIS,GREENE,2011-07-27,Excessive Heat,1,0.0,0.0,0,0
ILLINOIS,GREENE,2011-07-28,Excessive Heat,1,0.0,0.0,0,0
ILLINOIS,GREENE,2011-07-29,Excessive Heat,1,0.0,0.0,0,0
ILLINOIS,GREENE,2011-07-30,Excessive Heat,1,0.0,0.0,0,0
ILLINOIS,GREENE,2011-07-31,Excessive Heat,1,0.0,0.0,0,0
ILLINOIS,GREENE,2011-08-01,Excessive Heat,1,0.0,0.0,0,0
ILLINOIS,GREENE,2011-08-02,Excessive Heat,1,0.0,0.0,0,0
ILLINOIS,GREENE,2011-08-03,Excessive Heat,1,0.0,0.0,0,0
ILLINOIS,GREENE,2012-06-27,Excessive Heat,1,0.0,0.0,0,0
ILLINOIS,GREENE,2012-06-28,Excessive Heat,1,0.0,0.0,0,0
ILLINOIS,GREENE,2012-06-29,Excessive Heat,1,0.0,0.0,0,0
ILLINOIS,GREENE,2012-06-30,Excessive Heat,1,0.0,0.0,0,0
ILLINOIS,GREENE,2012-07-01,Excessive Heat,1,0.0,0.0,0,0
ILLINOIS,GREENE,2012-07-02,Excessive Heat,1,0.0,0.0,0,0
ILLINOIS,GREENE,2012-07-03,Excessive Heat,1,0.0,0.0,0,0
ILLINOIS,GREENE,2012-07-04,Excessive Heat,1,0.0,0.0,0,0
ILLINOIS,GREENE,2012-07-05,Excessive Heat,1,0.0,0.0,0,0
ILLINOIS,GREENE,2012-07-06,Excessive Heat,1,0.0,0.0,0,0
ILLINOIS,GREENE,2012-07-07,Excessive Heat,1,0.0,0.0,0,0
ILLINOIS,GREENE,2012-07-08,Excessive Heat,1,0.0,0.0,0,0
ILLINOIS,GREENE,2012-07-16,Excessive Heat,1,0.0,0.0,0,0
ILLINOIS,GREENE,2012-07-17,Excessive Heat,1,0.0,0.0,0,0
ILLINOIS,GREENE,2012-07-18,Excessive Heat,1,0.0,0.0,0,0
ILLINOIS,GREENE,2012-07-19,Excessive Heat,1,0.0,0.0,0,0
ILLINOIS,GREENE,2012-07-22,Excessive Heat,1,0.0,0.0,0,0
ILLINOIS,GREENE,2012-07-23,Excessive Heat,1,0.0,0.0,0,0
ILLINOIS,GREENE,2012-07-24,Excessive Heat,1,0.0,0.0,0,0
ILLINOIS,GREENE,2012-07-25,Excessive Heat,1,0.0,0.0,0,0
ILLINOIS,GREENE,2012-07-26,Excessive Heat,1,0.0,0.0,0,0
ILLINOIS,GREENE,2012-07-27,Excessive Heat,1,0.0,0.0,0,0
ILLINOIS,GREENE,2013-02-21,Winter Storm,1,0.0,0.0,0,0
ILLINOIS,GREENE,2013-04-19,Flood,1,5000.0,20000.0,0,0
ILLINOIS,GREENE,2013-04-20,Flood,1,5000.0,20000.0,0,0
ILLINOIS,GREENE,2013-04-21,Flood,1,5000.0,20000.0,0,0
ILLINOIS,GREENE,2013-04-22,Flood,1,5000.0,20000.0,0,0
ILLINOIS,GREENE,2013-04-23,Flood,1,5000.0,20000.0,0,0
ILLINOIS,GREENE,2013-04-24,Flood,1,5000.0,20000.0,0,0
ILLINOIS,GREENE,2013-04-25,Flood,1,5000.0,20000.0,0,0
ILLINOIS,GREENE,2013-04-26,Flood,1,5000.0,20000.0,0,0
ILLINOIS,GREENE,2013-04-27,Flood,1,5000.0,20000.0,0,0
ILLINOIS,GREENE,2013-04-28,Flood,1,5000.0,20000.0,0,0
ILLINOIS,GREENE,2013-04-29,Flood,1,5000.0,20000.0,0,0
ILLINOIS,GREENE,2013-04-30,Flood,1,5000.0,20000.0,0,0
ILLINOIS,GREENE,2013-05-01,Flood,1,2000.0,10000.0,0,0
ILLINOIS,GREENE,2013-05-02,Flood,1,2000.0,10000.0,0,0
ILLINOIS,GREENE,2013-05-03,Flood,1,2000.0,10000.0,0,0
ILLINOIS,GREENE,2013-05-04,Flood,1,2000.0,10000.0,0,0
ILLINOIS,GREENE,2013-05-05,Flood,1,2000.0,10000.0,0,0
ILLINOIS,GREENE,2013-05-06,Flood,1,2000.0,10000.0,0,0
ILLINOIS,GREENE,2013-05-07,Flood,1,2000.0,10000.0,0,0
ILLINOIS,GREENE,2013-05-08,Flood,1,2000.0,10000.0,0,0
ILLINOIS,GREENE,2013-05-09,Flood,1,2000.0,10000.0,0,0
ILLINOIS,GREENE,2013-05-10,Flood,1,2000.0,10000.0,0,0
ILLINOIS,GREENE,2013-05-11,Flood,1,2000.0,10000.0,0,0
ILLINOIS,GREENE,2013-05-12,Flood,1,2000.0,10000.0,0,0
ILLINOIS,GREENE,2013-05-13,Flood,1,2000.0,10000.0,0,0
ILLINOIS,GREENE,2013-05-14,Flood,1,2000.0,10000.0,0,0
ILLINOIS,GREENE,2013-05-15,Flood,1,2000.0,10000.0,0,0
ILLINOIS,GREENE,2013-05-16,Flood,1,2000.0,10000.0,0,0
ILLINOIS,GREENE,2013-05-17,Flood,1,2000.0,10000.0,0,0
ILLINOIS,GREENE,2013-05-18,Flood,1,2000.0,10000.0,0,0
ILLINOIS,GREENE,2013-05-19,Flood,1,2000.0,10000.0,0,0
ILLINOIS,GREENE,2013-05-20,Flood,1,2000.0,10000.0,0,0
ILLINOIS,GREENE,2013-05-21,Flood,1,2000.0,10000.0,0,0
ILLINOIS,GREENE,2013-05-22,Flood,1,2000.0,10000.0,0,0
ILLINOIS,GREENE,2013-05-23,Flood,1,2000.0,10000.0,0,0
ILLINOIS,GREENE,2013-05-24,Flood,1,2000.0,10000.0,0,0
ILLINOIS,GREENE,2013-05-25,Flood,1,2000.0,10000.0,0,0
ILLINOIS,GREENE,2013-05-26,Flood,1,2000.0,10000.0,0,0
ILLINOIS,GREENE,2013-05-27,Flood,1,2000.0,10000.0,0,0
ILLINOIS,GREENE,2013-05-28,Flood,1,2000.0,10000.0,0,0
ILLINOIS,GREENE,2013-05-29,Flood,1,2000.0,10000.0,0,0
ILLINOIS,GREENE,2013-05-30,Flood,1,2000.0,10000.0,0,0
ILLINOIS,GREENE,2013-05-31,Flood,1,2000.0,10000.0,0,0
ILLINOIS,GREENE,2013-06-01,Flood,1,1000.0,5000.0,0,0
ILLINOIS,GREENE,2013-06-02,Flood,1,1000.0,5000.0,0,0
ILLINOIS,GREENE,2013-06-03,Flood,1,1000.0,5000.0,0,0
ILLINOIS,GREENE,2013-06-04,Flood,1,1000.0,5000.0,0,0
ILLINOIS,GREENE,2013-06-05,Flood,1,1000.0,5000.0,0,0
ILLINOIS,GREENE,2013-06-06,Flood,1,1000.0,5000.0,0,0
ILLINOIS,GREENE,2013-06-07,Flood,1,1000.0,5000.0,0,0
ILLINOIS,GREENE,2013-06-08,Flood,1,1000.0,5000.0,0,0
ILLINOIS,GREENE,2013-06-09,Flood,1,1000.0,5000.0,0,0
ILLINOIS,GREENE,2013-06-10,Flood,1,1000.0,5000.0,0,0
ILLINOIS,GREENE,2013-06-11,Flood,1,1000.0,5000.0,0,0
ILLINOIS,GREENE,2013-06-12,Flood,1,1000.0,5000.0,0,0
ILLINOIS,GREENE,2013-06-13,Flood,1,1000.0,5000.0,0,0
ILLINOIS,GREENE,2013-06-14,Flood,1,1000.0,5000.0,0,0
ILLINOIS,GREENE,2013-06-15,Flood,1,1000.0,5000.0,0,0
ILLINOIS,GREENE,2013-06-16,Flood,1,1000.0,5000.0,0,0
ILLINOIS,GREENE,2013-06-17,Flood,1,1000.0,5000.0,0,0
ILLINOIS,GREENE,2013-06-18,Flood,1,1000.0,5000.0,0,0
ILLINOIS,GREENE,2013-06-19,Flood,1,1000.0,5000.0,0,0
ILLINOIS,GREENE,2013-06-20,Flood,1,1000.0,5000.0,0,0
ILLINOIS,GREENE,2013-06-21,Flood,1,1000.0,5000.0,0,0
ILLINOIS,GREENE,2013-06-22,Flood,1,1000.0,5000.0,0,0
ILLINOIS,GREENE,2013-06-23,Flood,1,1000.0,5000.0,0,0
ILLINOIS,GREENE,2013-06-24,Flood,1,1000.0,5000.0,0,0
ILLINOIS,GREENE,2013-06-25,Flood,1,1000.0,5000.0,0,0
ILLINOIS,GREENE,2013-06-26,Flood,1,1000.0,5000.0,0,0
ILLINOIS,GREENE,2013-06-27,Flood,1,1000.0,5000.0,0,0
ILLINOIS,GREENE,2013-06-28,Flood,1,1000.0,5000.0,0,0
ILLINOIS,GREENE,2013-06-29,Flood,1,1000.0,5000.0,0,0
ILLINOIS,GREENE,2013-06-30,Flood,1,1000.0,5000.0,0,0
ILLINOIS,GREENE,2014-01-05,Winter Storm,1,0.0,0.0,0,0
ILLINOIS,GREENE,2014-02-04,Winter Storm,1,0.0,0.0,0,0
ILLINOIS,GREENE,2014-02-05,Winter Storm,1,0.0,0.0,0,0
ILLINOIS,GREENE,2014-08-20,Excessive Heat,1,0.0,0.0,0,0
ILLINOIS,GREENE,2014-08-21,Excessive Heat,1,0.0,0.0,0,0
ILLINOIS,GREENE,2014-08-22,Excessive Heat,1,0.0,0.0,0,0
ILLINOIS,GREENE,2014-08-23,Excessive Heat,1,0.0,0.0,0,0
ILLINOIS,GREENE,2014-08-24,Excessive Heat,1,0.0,0.0,0,0
ILLINOIS,GREENE,2014-08-25,Excessive Heat,1,0.0,0.0,0,0
ILLINOIS,GREENE,2014-08-26,Excessive Heat,1,0.0,0.0,0,0
ILLINOIS,GREENE,2014-08-27,Excessive Heat,1,0.0,0.0,0,0
ILLINOIS,GREENE,2015-02-20,Winter Storm,1,0.0,0.0,0,0
ILLINOIS,GREENE,2015-02-21,Winter Storm,1,0.0,0.0,0,0
ILLINOIS,GREENE,2015-07-12,Excessive Heat,1,0.0,0.0,0,0
ILLINOIS,GREENE,2015-07-13,Excessive Heat,1,0.0,0.0,0,0
ILLINOIS,GREENE,2015-07-17,Excessive Heat,1,0.0,0.0,0,0
ILLINOIS,GREENE,2015-07-18,Excessive Heat,1,0.0,0.0,0,0
ILLINOIS,GREENE,2015-07-19,Excessive Heat,1,0.0,0.0,0,0
ILLINOIS,GREENE,2015-07-27,Excessive Heat,1,0.0,0.0,0,0
ILLINOIS,GREENE,2015-07-28,Excessive Heat,1,0.0,0.0,0,0
ILLINOIS,GREENE,2015-07-29,Excessive Heat,1,0.0,0.0,0,0
ILLINOIS,GREENE,2016-07-18,Excessive Heat,1,0.0,0.0,0,0
ILLINOIS,GREENE,2016-07-19,Excessive Heat,1,0.0,0.0,0,0
ILLINOIS,GREENE,2016-07-20,Excessive Heat,1,0.0,0.0,0,0
ILLINOIS,GREENE,2016-07-21,Excessive Heat,1,0.0,0.0,0,0
ILLINOIS,GREENE,2016-07-22,Excessive Heat,1,0.0,0.0,0,0
ILLINOIS,GREENE,2016-07-23,Excessive Heat,1,0.0,0.0,0,0
ILLINOIS,GREENE,2016-07-24,Excessive Heat,1,0.0,0.0,0,0
ILLINOIS,GREENE,2017-07-19,Excessive Heat,1,0.0,0.0,0,0
ILLINOIS,GREENE,2017-07-20,Excessive Heat,1,0.0,0.0,0,0
ILLINOIS,GREENE,2017-07-21,Excessive Heat,1,0.0,0.0,0,0
ILLINOIS,GREENE,2017-07-22,Excessive Heat,1,0.0,0.0,0,0
ILLINOIS,GREENE,2017-07-23,Excessive Heat,1,0.0,0.0,0,0
ILLINOIS,GREENE,2018-06-28,Excessive Heat,1,0.0,0.0,0,0
ILLINOIS,GREENE,2018-06-29,Excessive Heat,1,0.0,0.0,0,0
ILLINOIS,GREENE,2018-06-30,Excessive Heat,1,0.0,0.0,0,0
ILLINOIS,GREENE,2019-12-15,Winter Storm,1,0.0,0.0,0,0
ILLINOIS,GREENE,2019-12-16,Winter Storm,1,0.0,0.0,0,0
ILLINOIS,GREENE,2022-12-22,Winter Storm,1,0.0,0.0,0,0
ILLINOIS,GREENE,2023-07-27,Excessive Heat,1,0.0,0.0,0,0
ILLINOIS,GREENE,2023-07-28,Excessive Heat,1,0.0,0.0,0,0
ILLINOIS,GREENE,2023-08-20,Excessive Heat,1,0.0,0.0,0,0
ILLINOIS,GREENE,2023-08-21,Excessive Heat,1,0.0,0.0,0,0
ILLINOIS,GREENE,2023-08-22,Excessive Heat,1,0.0,0.0,0,0
ILLINOIS,GREENE,2023-08-23,Excessive Heat,1,0.0,0.0,0,0
ILLINOIS,GREENE,2023-08-24,Excessive Heat,1,0.0,0.0,0,0
ILLINOIS,GREENE,2023-08-25,Excessive Heat,1,0.0,0.0,0,0
ILLINOIS,GREENE,2025-01-05,Winter Storm,1,0.0,0.0,0,0
ILLINOIS,GREENE,2025-01-06,Winter Storm,1,0.0,0.0,0,0
ILLINOIS,GREENE,2025-11-29,Winter Storm,1,0.0,0.0,0,0
ILLINOIS,GRUNDY,2010-12-11,Winter Storm,1,0.0,0.0,0,0
ILLINOIS,GRUNDY,2010-12-12,Winter Storm,1,0.0,0.0,0,0
ILLINOIS,GRUNDY,2011-02-01,Blizzard,1,0.0,0.0,0,0
ILLINOIS,GRUNDY,2011-02-02,Blizzard,1,0.0,0.0,0,0
ILLINOIS,GRUNDY,2011-05-28,Flood,1,0.0,0.0,0,0
ILLINOIS,GRUNDY,2012-01-20,Winter Storm,1,0.0,0.0,0,0
ILLINOIS,GRUNDY,2012-07-04,Excessive Heat,1,0.0,0.0,0,0
ILLINOIS,GRUNDY,2012-07-05,Excessive Heat,1,0.0,0.0,0,0
ILLINOIS,GRUNDY,2012-07-06,Excessive Heat,1,0.0,0.0,0,0
ILLINOIS,GRUNDY,2012-07-07,Excessive Heat,1,0.0,0.0,0,0
ILLINOIS,GRUNDY,2013-03-05,Winter Storm,1,0.0,0.0,0,0
ILLINOIS,GRUNDY,2013-03-06,Winter Storm,1,0.0,0.0,0,0
ILLINOIS,GRUNDY,2014-01-26,Winter Storm,1,0.0,0.0,0,0
ILLINOIS,GRUNDY,2014-01-27,Winter Storm,1,0.0,0.0,0,0
ILLINOIS,GRUNDY,2018-02-08,Winter Storm,1,0.0,0.0,0,0
ILLINOIS,GRUNDY,2018-02-09,Winter Storm,1,0.0,0.0,0,0
ILLINOIS,GRUNDY,2018-02-19,Flood,1,0.0,0.0,0,0
ILLINOIS,GRUNDY,2018-02-20,Flood,1,0.0,0.0,0,0
ILLINOIS,GRUNDY,2018-02-21,Flood,1,0.0,0.0,0,0
ILLINOIS,GRUNDY,2018-02-22,Flood,1,0.0,0.0,0,0
ILLINOIS,GRUNDY,2018-02-23,Flood,1,0.0,0.0,0,0
ILLINOIS,GRUNDY,2018-02-24,Flood,1,0.0,0.0,0,0
ILLINOIS,GRUNDY,2018-02-25,Flood,1,0.0,0.0,0,0
ILLINOIS,GRUNDY,2018-02-26,Flood,1,0.0,0.0,0,0
ILLINOIS,GRUNDY,2018-02-27,Flood,1,0.0,0.0,0,0
ILLINOIS,GRUNDY,2018-02-28,Flood,1,0.0,0.0,0,0
ILLINOIS,GRUNDY,2019-05-01,Flood,1,0.0,0.0,0,0
ILLINOIS,GRUNDY,2019-05-02,Flood,1,0.0,0.0,0,0
ILLINOIS,GRUNDY,2019-05-03,Flood,1,0.0,0.0,0,0
ILLINOIS,GRUNDY,2019-05-04,Flood,1,0.0,0.0,0,0
ILLINOIS,GRUNDY,2019-07-19,Excessive Heat,1,0.0,0.0,0,0
ILLINOIS,GRUNDY,2019-07-20,Excessive Heat,1,0.0,0.0,0,0
ILLINOIS,GRUNDY,2019-09-28,Flood,1,0.0,0.0,0,0
ILLINOIS,GRUNDY,2019-09-29,Flood,1,0.0,0.0,0,0
ILLINOIS,GRUNDY,2020-05-17,Flood,1,0.0,0.0,0,0
ILLINOIS,GRUNDY,2020-05-18,Flood,1,0.0,0.0,0,0
ILLINOIS,GRUNDY,2020-05-19,Flood,1,0.0,0.0,0,0
ILLINOIS,GRUNDY,2021-01-30,Winter Storm,1,0.0,0.0,0,0
ILLINOIS,GRUNDY,2021-01-31,Winter Storm,1,0.0,0.0,0,0
ILLINOIS,GRUNDY,2021-07-12,Flood,1,0.0,0.0,0,0
ILLINOIS,GRUNDY,2021-07-13,Flood,1,0.0,0.0,0,0
ILLINOIS,GRUNDY,2022-02-01,Winter Storm,1,0.0,0.0,0,0
ILLINOIS,GRUNDY,2022-02-02,Winter Storm,1,0.0,0.0,0,0
ILLINOIS,GRUNDY,2022-02-17,Winter Storm,1,0.0,0.0,0,0
ILLINOIS,GRUNDY,2022-12-22,Winter Storm,1,0.0,0.0,0,0
ILLINOIS,GRUNDY,2022-12-23,Winter Storm,1,0.0,0.0,0,0
ILLINOIS,GRUNDY,2022-12-24,Winter Storm,1,0.0,0.0,0,0
ILLINOIS,GRUNDY,2023-07-26,Excessive Heat,1,0.0,0.0,0,0
ILLINOIS,GRUNDY,2023-07-27,Excessive Heat,1,0.0,0.0,0,0
ILLINOIS,GRUNDY,2023-07-28,Excessive Heat,1,0.0,0.0,0,0
ILLINOIS,GRUNDY,2023-08-23,Excessive Heat,1,0.0,0.0,0,0
ILLINOIS,GRUNDY,2024-01-12,Winter Storm,1,0.0,0.0,0,0
ILLINOIS,GRUNDY,2024-01-15,Flood,1,0.0,0.0,0,0
ILLINOIS,GRUNDY,2024-01-16,Flood,1,0.0,0.0,0,0
ILLINOIS,GRUNDY,2024-01-17,Flood,1,0.0,0.0,0,0
ILLINOIS,GRUNDY,2024-01-18,Flood,1,0.0,0.0,0,0
ILLINOIS,GRUNDY,2024-01-19,Flood,1,0.0,0.0,0,0
ILLINOIS,GRUNDY,2024-01-20,Flood,1,0.0,0.0,0,0
ILLINOIS,GRUNDY,2024-01-21,Flood,1,0.0,0.0,0,0
ILLINOIS,GRUNDY,2024-01-22,Flood,1,0.0,0.0,0,0
ILLINOIS,GRUNDY,2024-01-23,Flood,1,0.0,0.0,0,0
ILLINOIS,GRUNDY,2024-01-24,Flood,1,0.0,0.0,0,0
ILLINOIS,GRUNDY,2024-01-25,Flood,1,0.0,0.0,0,0
ILLINOIS,GRUNDY,2024-01-26,Flood,1,0.0,0.0,0,0
ILLINOIS,GRUNDY,2024-01-27,Flood,1,0.0,0.0,0,0
ILLINOIS,GRUNDY,2025-06-21,Excessive Heat,1,0.0,0.0,0,0
ILLINOIS,GRUNDY,2025-11-28,Winter Storm,1,0.0,0.0,0,0
ILLINOIS,GRUNDY,2025-11-29,Winter Storm,1,0.0,0.0,0,0
ILLINOIS,GRUNDY,2025-11-30,Winter Storm,1,0.0,0.0,0,0
ILLINOIS,Gallatin,2015-07-27,Excessive Heat,1,0.0,0.0,0,0
ILLINOIS,Gallatin,2015-07-28,Excessive Heat,1,0.0,0.0,0,0
ILLINOIS,Gallatin,2015-07-29,Excessive Heat,1,0.0,0.0,0,0
ILLINOIS,HAMILTON,2010-08-03,Excessive Heat,1,0.0,0.0,0,0
ILLINOIS,HAMILTON,2010-08-04,Excessive Heat,1,0.0,0.0,0,0
ILLINOIS,HAMILTON,2010-08-09,Excessive Heat,1,0.0,0.0,0,0
ILLINOIS,HAMILTON,2010-08-10,Excessive Heat,1,0.0,0.0,0,0
ILLINOIS,HAMILTON,2010-08-11,Excessive Heat,1,0.0,0.0,0,0
ILLINOIS,HAMILTON,2010-08-12,Excessive Heat,1,0.0,0.0,0,0
ILLINOIS,HAMILTON,2010-08-13,Excessive Heat,1,0.0,0.0,0,0
ILLINOIS,HAMILTON,2010-08-14,Excessive Heat,1,0.0,0.0,0,0
ILLINOIS,HAMILTON,2010-08-15,Excessive Heat,1,0.0,0.0,0,0
ILLINOIS,HAMILTON,2011-01-20,Winter Storm,1,0.0,0.0,0,0
ILLINOIS,HAMILTON,2011-04-24,Flood,1,0.0,0.0,0,0
ILLINOIS,HAMILTON,2011-04-25,Flood,1,0.0,0.0,0,0
ILLINOIS,HAMILTON,2011-04-26,Flood,1,0.0,0.0,0,0
ILLINOIS,HAMILTON,2011-04-27,Flood,1,0.0,0.0,0,0
ILLINOIS,HAMILTON,2011-04-28,Flood,1,0.0,0.0,0,0
ILLINOIS,HAMILTON,2011-04-29,Flood,1,0.0,0.0,0,0
ILLINOIS,HAMILTON,2011-04-30,Flood,1,0.0,0.0,0,0
ILLINOIS,HAMILTON,2011-05-01,Flood,1,30000.0,0.0,0,0
ILLINOIS,HAMILTON,2011-05-02,Flood,1,30000.0,0.0,0,0
ILLINOIS,HAMILTON,2011-05-03,Flood,1,30000.0,0.0,0,0
ILLINOIS,HAMILTON,2011-05-04,Flood,1,30000.0,0.0,0,0
ILLINOIS,HAMILTON,2011-05-05,Flood,1,30000.0,0.0,0,0
ILLINOIS,HAMILTON,2011-05-06,Flood,1,30000.0,0.0,0,0
ILLINOIS,HAMILTON,2011-05-07,Flood,1,30000.0,0.0,0,0
ILLINOIS,HAMILTON,2011-05-08,Flood,1,30000.0,0.0,0,0
ILLINOIS,HAMILTON,2011-05-09,Flood,1,30000.0,0.0,0,0
ILLINOIS,HAMILTON,2011-05-10,Flood,1,30000.0,0.0,0,0
ILLINOIS,HAMILTON,2011-07-10,Excessive Heat,1,0.0,0.0,0,0
ILLINOIS,HAMILTON,2011-07-11,Excessive Heat,1,0.0,0.0,0,0
ILLINOIS,HAMILTON,2011-07-12,Excessive Heat,1,0.0,0.0,0,0
ILLINOIS,HAMILTON,2011-07-19,Excessive Heat,1,0.0,0.0,0,0
ILLINOIS,HAMILTON,2011-07-20,Excessive Heat,1,0.0,0.0,0,0
ILLINOIS,HAMILTON,2011-07-21,Excessive Heat,1,0.0,0.0,0,0
ILLINOIS,HAMILTON,2011-07-22,Excessive Heat,1,0.0,0.0,0,0
ILLINOIS,HAMILTON,2011-07-23,Excessive Heat,1,0.0,0.0,0,0
ILLINOIS,HAMILTON,2011-07-24,Excessive Heat,1,0.0,0.0,0,0
ILLINOIS,HAMILTON,2011-08-03,Excessive Heat,1,0.0,0.0,0,0
ILLINOIS,HAMILTON,2012-07-01,Excessive Heat,1,0.0,0.0,0,0
ILLINOIS,HAMILTON,2012-07-02,Excessive Heat,1,0.0,0.0,0,0
ILLINOIS,HAMILTON,2012-07-03,Excessive Heat,1,0.0,0.0,0,0
ILLINOIS,HAMILTON,2012-07-04,Excessive Heat,1,0.0,0.0,0,0
ILLINOIS,HAMILTON,2012-07-05,Excessive Heat,1,0.0,0.0,0,0
ILLINOIS,HAMILTON,2012-07-06,Excessive Heat,1,0.0,0.0,0,0
ILLINOIS,HAMILTON,2012-07-07,Excessive Heat,1,0.0,0.0,0,0
ILLINOIS,HAMILTON,2012-07-08,Excessive Heat,1,0.0,0.0,0,0
ILLINOIS,HAMILTON,2012-12-26,Winter Storm,1,0.0,0.0,0,0
ILLINOIS,HAMILTON,2012-12-28,Winter Storm,1,0.0,0.0,0,0
ILLINOIS,HAMILTON,2012-12-29,Winter Storm,1,0.0,0.0,0,0
ILLINOIS,HAMILTON,2013-12-05,Winter Storm,1,0.0,0.0,0,0
ILLINOIS,HAMILTON,2013-12-06,Winter Storm,1,0.0,0.0,0,0
ILLINOIS,HAMILTON,2013-12-21,Flood,1,0.0,0.0,0,0
ILLINOIS,HAMILTON,2013-12-22,Flood,1,0.0,0.0,0,0
ILLINOIS,HAMILTON,2014-01-05,Winter Storm,1,0.0,0.0,0,0
ILLINOIS,HAMILTON,2014-02-04,Winter Storm,1,0.0,0.0,0,0
ILLINOIS,HAMILTON,2014-03-02,Winter Storm,1,0.0,0.0,0,0
ILLINOIS,HAMILTON,2014-03-03,Winter Storm,1,0.0,0.0,0,0
ILLINOIS,HAMILTON,2014-08-17,Flood,1,0.0,0.0,0,0
ILLINOIS,HAMILTON,2015-02-20,Winter Storm,1,0.0,0.0,0,0
ILLINOIS,HAMILTON,2015-02-21,Winter Storm,1,0.0,0.0,0,0
ILLINOIS,HAMILTON,2015-03-04,Winter Storm,1,0.0,0.0,0,0
ILLINOIS,HAMILTON,2015-12-28,Flood,1,0.0,0.0,0,0
ILLINOIS,HAMILTON,2015-12-29,Flood,1,0.0,0.0,0,0
ILLINOIS,HAMILTON,2016-08-13,Flood,1,0.0,0.0,0,0
ILLINOIS,HAMILTON,2016-08-15,Flood,1,0.0,0.0,0,0
ILLINOIS,HAMILTON,2016-08-16,Flood,1,0.0,0.0,0,0
ILLINOIS,HAMILTON,2016-09-16,Flood,1,0.0,0.0,0,0
ILLINOIS,HAMILTON,2017-07-19,Excessive Heat,1,0.0,0.0,0,0
ILLINOIS,HAMILTON,2017-07-20,Excessive Heat,1,0.0,0.0,0,0
ILLINOIS,HAMILTON,2017-07-21,Excessive Heat,1,0.0,0.0,0,0
ILLINOIS,HAMILTON,2017-07-22,Excessive Heat,1,0.0,0.0,0,0
ILLINOIS,HAMILTON,2018-01-11,Winter Storm,1,0.0,0.0,0,0
ILLINOIS,HAMILTON,2018-01-12,Winter Storm,1,0.0,0.0,0,0
ILLINOIS,HAMILTON,2018-07-05,Excessive Heat,1,0.0,0.0,0,0
ILLINOIS,HAMILTON,2018-07-14,Excessive Heat,1,0.0,0.0,0,0
ILLINOIS,HAMILTON,2019-07-18,Excessive Heat,1,0.0,0.0,0,0
ILLINOIS,HAMILTON,2019-07-19,Excessive Heat,1,0.0,0.0,0,0
ILLINOIS,HAMILTON,2019-07-20,Excessive Heat,1,0.0,0.0,0,0
ILLINOIS,HAMILTON,2019-07-21,Excessive Heat,1,0.0,0.0,0,0
ILLINOIS,HAMILTON,2021-02-14,Winter Storm,1,0.0,0.0,0,0
ILLINOIS,HAMILTON,2021-02-15,Winter Storm,1,0.0,0.0,0,0
ILLINOIS,HAMILTON,2022-02-02,Winter Storm,1,0.0,0.0,0,0
ILLINOIS,HAMILTON,2022-02-03,Winter Storm,1,0.0,0.0,0,0
ILLINOIS,HAMILTON,2022-06-13,Excessive Heat,1,0.0,0.0,0,0
ILLINOIS,HAMILTON,2022-06-14,Excessive Heat,1,0.0,0.0,0,0
ILLINOIS,HAMILTON,2022-06-15,Excessive Heat,1,0.0,0.0,0,0
ILLINOIS,HAMILTON,2022-06-16,Excessive Heat,1,0.0,0.0,0,0
ILLINOIS,HAMILTON,2022-07-04,Excessive Heat,1,0.0,0.0,0,0
ILLINOIS,HAMILTON,2022-07-05,Excessive Heat,1,0.0,0.0,0,0
ILLINOIS,HAMILTON,2022-07-06,Excessive Heat,1,0.0,0.0,0,0
ILLINOIS,HAMILTON,2022-07-07,Excessive Heat,1,0.0,0.0,0,0
ILLINOIS,HAMILTON,2022-07-08,Excessive Heat,1,0.0,0.0,0,0
ILLINOIS,HAMILTON,2022-07-20,Excessive Heat,1,0.0,0.0,0,0
ILLINOIS,HAMILTON,2022-07-22,Excessive Heat,1,0.0,0.0,0,0
ILLINOIS,HAMILTON,2022-07-23,Excessive Heat,1,0.0,0.0,0,0
ILLINOIS,HAMILTON,2022-07-24,Excessive Heat,1,0.0,0.0,0,0
ILLINOIS,HAMILTON,2023-01-18,Flood,1,0.0,0.0,0,0
ILLINOIS,HAMILTON,2023-06-30,Excessive Heat,1,0.0,0.0,0,0
ILLINOIS,HAMILTON,2023-07-27,Excessive Heat,1,0.0,0.0,0,0
ILLINOIS,HAMILTON,2023-07-28,Excessive Heat,1,0.0,0.0,0,0
ILLINOIS,HAMILTON,2023-08-20,Excessive Heat,1,0.0,0.0,0,0
ILLINOIS,HAMILTON,2023-08-21,Excessive Heat,1,0.0,0.0,0,0
ILLINOIS,HAMILTON,2023-08-22,Excessive Heat,1,0.0,0.0,0,0
ILLINOIS,HAMILTON,2023-08-23,Excessive Heat,1,0.0,0.0,0,0
ILLINOIS,HAMILTON,2023-08-24,Excessive Heat,1,0.0,0.0,0,0
ILLINOIS,HAMILTON,2023-08-25,Excessive Heat,1,0.0,0.0,0,0
ILLINOIS,HAMILTON,2024-06-25,Excessive Heat,1,0.0,0.0,0,0
ILLINOIS,HAMILTON,2024-07-30,Excessive Heat,1,0.0,0.0,0,0
ILLINOIS,HAMILTON,2024-07-31,Excessive Heat,1,0.0,0.0,0,0
ILLINOIS,HAMILTON,2024-12-29,Flood,1,0.0,0.0,0,0
ILLINOIS,HAMILTON,2025-01-05,Winter Storm,1,10000.0,0.0,0,0
ILLINOIS,HAMILTON,2025-01-06,Winter Storm,1,10000.0,0.0,0,0
ILLINOIS,HAMILTON,2025-07-19,Flood,1,10000.0,0.0,0,0
ILLINOIS,HAMILTON,2025-07-23,Excessive Heat,1,0.0,0.0,0,0
ILLINOIS,HAMILTON,2025-07-24,Excessive Heat,1,0.0,0.0,0,0
ILLINOIS,HAMILTON,2025-07-25,Excessive Heat,1,0.0,0.0,0,0
ILLINOIS,HAMILTON,2025-08-04,Flood,1,0.0,0.0,0,0
ILLINOIS,HANCOCK,2010-01-06,Winter Storm,1,0.0,0.0,0,0
ILLINOIS,HANCOCK,2010-01-07,Winter Storm,1,0.0,0.0,0,0
ILLINOIS,HANCOCK,2010-02-21,Winter Storm,1,0.0,0.0,0,0
ILLINOIS,HANCOCK,2010-02-22,Winter Storm,1,0.0,0.0,0,0
ILLINOIS,HANCOCK,2010-05-13,Flood,1,250000.0,0.0,0,0
ILLINOIS,HANCOCK,2010-05-14,Flood,1,250000.0,0.0,0,0
ILLINOIS,HANCOCK,2010-05-15,Flood,1,250000.0,0.0,0,0
ILLINOIS,HANCOCK,2010-05-16,Flood,1,250000.0,0.0,0,0
ILLINOIS,HANCOCK,2010-06-14,Flood,1,250000.0,0.0,0,0
ILLINOIS,HANCOCK,2010-06-15,Flood,1,250000.0,0.0,0,0
ILLINOIS,HANCOCK,2010-06-16,Flood,1,250000.0,0.0,0,0
ILLINOIS,HANCOCK,2010-06-17,Flood,1,250000.0,0.0,0,0
ILLINOIS,HANCOCK,2010-06-22,Flood,1,500000.0,0.0,0,0
ILLINOIS,HANCOCK,2010-06-23,Flood,1,500000.0,0.0,0,0
ILLINOIS,HANCOCK,2010-06-24,Flood,1,500000.0,0.0,0,0
ILLINOIS,HANCOCK,2010-06-25,Flood,1,500000.0,0.0,0,0
ILLINOIS,HANCOCK,2010-06-26,Flood,1,500000.0,0.0,0,0
ILLINOIS,HANCOCK,2010-06-27,Flood,1,250000.0,0.0,0,0
ILLINOIS,HANCOCK,2010-06-28,Flood,1,250000.0,0.0,0,0
ILLINOIS,HANCOCK,2010-07-20,Flood,1,150000.0,0.0,0,0
ILLINOIS,HANCOCK,2010-07-21,Flood,1,150000.0,0.0,0,0
ILLINOIS,HANCOCK,2010-07-22,Flood,1,150000.0,0.0,0,0
ILLINOIS,HANCOCK,2010-07-23,Flood,1,150000.0,0.0,0,0
ILLINOIS,HANCOCK,2010-07-25,Flood,1,125000.0,0.0,0,0
ILLINOIS,HANCOCK,2010-07-26,Flood,1,125000.0,0.0,0,0
ILLINOIS,HANCOCK,2010-07-27,Flood,1,125000.0,0.0,0,0
ILLINOIS,HANCOCK,2010-07-28,Flood,1,125000.0,0.0,0,0
ILLINOIS,HANCOCK,2010-07-29,Flood,1,125000.0,0.0,0,0
ILLINOIS,HANCOCK,2010-07-30,Flood,1,125000.0,0.0,0,0
ILLINOIS,HANCOCK,2010-07-31,Flood,1,125000.0,0.0,0,0
ILLINOIS,HANCOCK,2011-02-01,Blizzard,1,0.0,0.0,0,0
ILLINOIS,HANCOCK,2011-02-02,Blizzard,1,0.0,0.0,0,0
ILLINOIS,HANCOCK,2011-06-15,Flood,1,125000.0,0.0,0,0
ILLINOIS,HANCOCK,2011-06-16,Flood,1,125000.0,0.0,0,0
ILLINOIS,HANCOCK,2012-07-04,Excessive Heat,1,0.0,0.0,0,0
ILLINOIS,HANCOCK,2012-07-05,Excessive Heat,1,0.0,0.0,0,0
ILLINOIS,HANCOCK,2012-07-06,Excessive Heat,1,0.0,0.0,0,0
ILLINOIS,HANCOCK,2012-07-07,Excessive Heat,1,0.0,0.0,0,0
ILLINOIS,HANCOCK,2012-12-20,Blizzard,1,0.0,0.0,0,0
ILLINOIS,HANCOCK,2013-02-21,Winter Storm,1,0.0,0.0,0,0
ILLINOIS,HANCOCK,2013-02-22,Winter Storm,1,0.0,0.0,0,0
ILLINOIS,HANCOCK,2013-02-26,Winter Storm,1,0.0,0.0,0,0
ILLINOIS,HANCOCK,2013-02-27,Winter Storm,1,0.0,0.0,0,0
ILLINOIS,HANCOCK,2013-04-17,Flood,1,250000.0,0.0,0,0
ILLINOIS,HANCOCK,2013-04-18,Flood,1,250000.0,0.0,0,0
ILLINOIS,HANCOCK,2013-04-19,Flood,1,0.0,0.0,0,0
ILLINOIS,HANCOCK,2013-04-20,Flood,1,0.0,0.0,0,0
ILLINOIS,HANCOCK,2013-04-21,Flood,1,0.0,0.0,0,0
ILLINOIS,HANCOCK,2013-04-22,Flood,1,0.0,0.0,0,0
ILLINOIS,HANCOCK,2013-04-23,Flood,1,0.0,0.0,0,0
ILLINOIS,HANCOCK,2013-04-24,Flood,1,0.0,0.0,0,0
ILLINOIS,HANCOCK,2013-04-25,Flood,1,0.0,0.0,0,0
ILLINOIS,HANCOCK,2013-04-26,Flood,1,0.0,0.0,0,0
ILLINOIS,HANCOCK,2013-04-27,Flood,1,0.0,0.0,0,0
ILLINOIS,HANCOCK,2013-04-28,Flood,1,0.0,0.0,0,0
ILLINOIS,HANCOCK,2013-04-29,Flood,1,0.0,0.0,0,0
ILLINOIS,HANCOCK,2013-05-05,Flood,1,0.0,0.0,0,0
ILLINOIS,HANCOCK,2013-05-29,Flood,1,0.0,0.0,0,0
ILLINOIS,HANCOCK,2013-05-30,Flood,1,0.0,0.0,0,0
ILLINOIS,HANCOCK,2013-05-31,Flood,1,0.0,0.0,0,0
ILLINOIS,HANCOCK,2013-06-01,Flood,1,0.0,0.0,0,0
ILLINOIS,HANCOCK,2013-06-02,Flood,1,0.0,0.0,0,0
ILLINOIS,HANCOCK,2013-06-03,Flood,1,0.0,0.0,0,0
ILLINOIS,HANCOCK,2013-06-04,Flood,1,0.0,0.0,0,0
ILLINOIS,HANCOCK,2013-06-05,Flood,1,0.0,0.0,0,0
ILLINOIS,HANCOCK,2013-06-06,Flood,1,0.0,0.0,0,0
ILLINOIS,HANCOCK,2013-06-07,Flood,1,0.0,0.0,0,0
ILLINOIS,HANCOCK,2013-06-08,Flood,1,0.0,0.0,0,0
ILLINOIS,HANCOCK,2013-06-09,Flood,1,0.0,0.0,0,0
ILLINOIS,HANCOCK,2013-12-13,Winter Storm,1,0.0,0.0,0,0
ILLINOIS,HANCOCK,2013-12-14,Winter Storm,1,0.0,0.0,0,0
ILLINOIS,HANCOCK,2014-02-01,Winter Storm,1,0.0,0.0,0,0
ILLINOIS,HANCOCK,2014-02-04,Winter Storm,1,0.0,0.0,0,0
ILLINOIS,HANCOCK,2014-02-05,Winter Storm,1,0.0,0.0,0,0
ILLINOIS,HANCOCK,2014-07-02,Flood,1,0.0,0.0,0,0
ILLINOIS,HANCOCK,2014-07-03,Flood,1,0.0,0.0,0,0
ILLINOIS,HANCOCK,2014-07-04,Flood,1,0.0,0.0,0,0
ILLINOIS,HANCOCK,2014-07-05,Flood,1,0.0,0.0,0,0
ILLINOIS,HANCOCK,2014-07-06,Flood,1,0.0,0.0,0,0
ILLINOIS,HANCOCK,2014-07-07,Flood,1,0.0,0.0,0,0
ILLINOIS,HANCOCK,2014-07-08,Flood,1,0.0,0.0,0,0
ILLINOIS,HANCOCK,2014-07-09,Flood,1,0.0,0.0,0,0
ILLINOIS,HANCOCK,2014-07-10,Flood,1,0.0,0.0,0,0
ILLINOIS,HANCOCK,2014-07-11,Flood,1,0.0,0.0,0,0
ILLINOIS,HANCOCK,2014-07-12,Flood,1,0.0,0.0,0,0
ILLINOIS,HANCOCK,2014-07-13,Flood,1,0.0,0.0,0,0
ILLINOIS,HANCOCK,2014-07-14,Flood,1,0.0,0.0,0,0
ILLINOIS,HANCOCK,2015-02-25,Winter Storm,1,0.0,0.0,0,0
ILLINOIS,HANCOCK,2015-02-26,Winter Storm,1,0.0,0.0,0,0
ILLINOIS,HANCOCK,2018-10-09,Flood,1,0.0,0.0,0,0
ILLINOIS,HANCOCK,2018-10-10,Flood,1,0.0,0.0,0,0
ILLINOIS,HANCOCK,2018-10-11,Flood,1,0.0,0.0,0,0
ILLINOIS,HANCOCK,2018-10-12,Flood,1,0.0,0.0,0,0
ILLINOIS,HANCOCK,2018-10-13,Flood,1,0.0,0.0,0,0
ILLINOIS,HANCOCK,2018-10-14,Flood,1,0.0,0.0,0,0
ILLINOIS,HANCOCK,2018-10-15,Flood,1,0.0,0.0,0,0
ILLINOIS,HANCOCK,2018-10-16,Flood,1,0.0,0.0,0,0
ILLINOIS,HANCOCK,2018-10-17,Flood,1,0.0,0.0,0,0
ILLINOIS,HANCOCK,2018-10-18,Flood,1,0.0,0.0,0,0
ILLINOIS,HANCOCK,2018-11-25,Blizzard,1,0.0,0.0,0,0
ILLINOIS,HANCOCK,2018-11-26,Blizzard,1,0.0,0.0,0,0
ILLINOIS,HANCOCK,2019-01-11,Winter Storm,1,0.0,0.0,0,0
ILLINOIS,HANCOCK,2019-01-12,Winter Storm,1,0.0,0.0,0,0
ILLINOIS,HANCOCK,2019-01-13,Winter Storm,1,0.0,0.0,0,0
ILLINOIS,HANCOCK,2019-01-18,Winter Storm,1,0.0,0.0,0,0
ILLINOIS,HANCOCK,2019-01-19,Winter Storm,1,0.0,0.0,0,0
ILLINOIS,HANCOCK,2019-03-18,Flood,1,0.0,0.0,0,0
ILLINOIS,HANCOCK,2019-03-19,Flood,1,0.0,0.0,0,0
ILLINOIS,HANCOCK,2019-03-20,Flood,1,0.0,0.0,0,0
ILLINOIS,HANCOCK,2019-03-21,Flood,1,0.0,0.0,0,0
ILLINOIS,HANCOCK,2019-03-22,Flood,1,0.0,0.0,0,0
ILLINOIS,HANCOCK,2019-03-23,Flood,1,0.0,0.0,0,0
ILLINOIS,HANCOCK,2019-03-24,Flood,1,0.0,0.0,0,0
ILLINOIS,HANCOCK,2019-03-25,Flood,1,0.0,0.0,0,0
ILLINOIS,HANCOCK,2019-03-26,Flood,1,0.0,0.0,0,0
ILLINOIS,HANCOCK,2019-03-27,Flood,1,0.0,0.0,0,0
ILLINOIS,HANCOCK,2019-03-28,Flood,1,0.0,0.0,0,0
ILLINOIS,HANCOCK,2019-03-29,Flood,1,0.0,0.0,0,0
ILLINOIS,HANCOCK,2019-03-30,Flood,1,0.0,0.0,0,0
ILLINOIS,HANCOCK,2019-03-31,Flood,1,0.0,0.0,0,0
ILLINOIS,HANCOCK,2019-04-05,Flood,1,0.0,0.0,0,0
ILLINOIS,HANCOCK,2019-04-06,Flood,1,0.0,0.0,0,0
ILLINOIS,HANCOCK,2019-04-07,Flood,1,0.0,0.0,0,0
ILLINOIS,HANCOCK,2019-04-08,Flood,1,0.0,0.0,0,0
ILLINOIS,HANCOCK,2019-04-09,Flood,1,0.0,0.0,0,0
ILLINOIS,HANCOCK,2019-04-10,Flood,1,0.0,0.0,0,0
ILLINOIS,HANCOCK,2019-04-11,Flood,1,0.0,0.0,0,0
ILLINOIS,HANCOCK,2019-04-12,Flood,1,0.0,0.0,0,0
ILLINOIS,HANCOCK,2019-04-13,Flood,1,0.0,0.0,0,0
ILLINOIS,HANCOCK,2019-04-14,Flood,1,0.0,0.0,0,0
ILLINOIS,HANCOCK,2019-04-15,Flood,1,0.0,0.0,0,0
ILLINOIS,HANCOCK,2019-04-16,Flood,1,0.0,0.0,0,0
ILLINOIS,HANCOCK,2019-04-30,Flood,1,0.0,0.0,0,0
ILLINOIS,HANCOCK,2019-05-01,Flood,1,0.0,0.0,0,0
ILLINOIS,HANCOCK,2019-05-02,Flood,1,0.0,0.0,0,0
ILLINOIS,HANCOCK,2019-05-03,Flood,1,0.0,0.0,0,0
ILLINOIS,HANCOCK,2019-05-04,Flood,1,0.0,0.0,0,0
ILLINOIS,HANCOCK,2019-05-05,Flood,1,0.0,0.0,0,0
ILLINOIS,HANCOCK,2019-05-06,Flood,1,0.0,0.0,0,0
ILLINOIS,HANCOCK,2019-05-07,Flood,1,0.0,0.0,0,0
ILLINOIS,HANCOCK,2019-05-08,Flood,1,0.0,0.0,0,0
ILLINOIS,HANCOCK,2019-05-09,Flood,1,0.0,0.0,0,0
ILLINOIS,HANCOCK,2019-05-10,Flood,1,0.0,0.0,0,0
ILLINOIS,HANCOCK,2019-05-11,Flood,1,0.0,0.0,0,0
ILLINOIS,HANCOCK,2019-05-19,Flood,1,0.0,0.0,0,0
ILLINOIS,HANCOCK,2019-05-20,Flood,1,0.0,0.0,0,0
ILLINOIS,HANCOCK,2019-05-21,Flood,1,0.0,0.0,0,0
ILLINOIS,HANCOCK,2019-05-22,Flood,1,0.0,0.0,0,0
ILLINOIS,HANCOCK,2019-05-23,Flood,1,0.0,0.0,0,0
ILLINOIS,HANCOCK,2019-05-24,Flood,1,0.0,0.0,0,0
ILLINOIS,HANCOCK,2019-05-25,Flood,1,0.0,0.0,0,0
ILLINOIS,HANCOCK,2019-05-26,Flood,1,0.0,0.0,0,0
ILLINOIS,HANCOCK,2019-05-27,Flood,1,0.0,0.0,0,0
ILLINOIS,HANCOCK,2019-05-28,Flood,1,0.0,0.0,0,0
ILLINOIS,HANCOCK,2019-05-29,Flood,1,0.0,0.0,0,0
ILLINOIS,HANCOCK,2019-05-30,Flood,1,0.0,0.0,0,0
ILLINOIS,HANCOCK,2019-05-31,Flood,1,0.0,0.0,0,0
ILLINOIS,HANCOCK,2019-06-01,Flood,1,0.0,0.0,0,0
ILLINOIS,HANCOCK,2019-06-02,Flood,1,0.0,0.0,0,0
ILLINOIS,HANCOCK,2019-06-03,Flood,1,0.0,0.0,0,0
ILLINOIS,HANCOCK,2019-06-04,Flood,1,0.0,0.0,0,0
ILLINOIS,HANCOCK,2019-06-05,Flood,1,0.0,0.0,0,0
ILLINOIS,HANCOCK,2019-06-06,Flood,1,0.0,0.0,0,0
ILLINOIS,HANCOCK,2019-06-07,Flood,1,0.0,0.0,0,0
ILLINOIS,HANCOCK,2019-06-08,Flood,1,0.0,0.0,0,0
ILLINOIS,HANCOCK,2019-06-09,Flood,1,0.0,0.0,0,0
ILLINOIS,HANCOCK,2019-06-10,Flood,1,0.0,0.0,0,0
ILLINOIS,HANCOCK,2019-06-11,Flood,1,0.0,0.0,0,0
ILLINOIS,HANCOCK,2019-06-12,Flood,1,0.0,0.0,0,0
ILLINOIS,HANCOCK,2019-06-13,Flood,1,0.0,0.0,0,0
ILLINOIS,HANCOCK,2020-01-17,Winter Storm,1,0.0,0.0,0,0
ILLINOIS,HANCOCK,2020-01-18,Winter Storm,1,0.0,0.0,0,0
ILLINOIS,HANCOCK,2020-04-16,Winter Storm,1,0.0,0.0,0,0
ILLINOIS,HANCOCK,2020-04-17,Winter Storm,1,0.0,0.0,0,0
ILLINOIS,HANCOCK,2021-01-01,Winter Storm,1,0.0,0.0,0,0
ILLINOIS,HANCOCK,2022-01-01,Winter Storm,1,0.0,0.0,0,0
ILLINOIS,HANCOCK,2022-01-14,Winter Storm,1,0.0,0.0,0,0
ILLINOIS,HANCOCK,2022-01-15,Winter Storm,1,0.0,0.0,0,0
ILLINOIS,HANCOCK,2022-02-17,Winter Storm,1,0.0,0.0,0,0
ILLINOIS,HANCOCK,2022-12-22,Winter Storm,1,0.0,0.0,0,0
ILLINOIS,HANCOCK,2022-12-23,Winter Storm,1,0.0,0.0,0,0
ILLINOIS,HANCOCK,2022-12-24,Winter Storm,1,0.0,0.0,0,0
ILLINOIS,HANCOCK,2024-01-08,Winter Storm,1,0.0,0.0,0,0
ILLINOIS,HANCOCK,2024-01-09,Winter Storm,1,0.0,0.0,0,0
ILLINOIS,HANCOCK,2025-11-28,Winter Storm,1,0.0,0.0,0,0
ILLINOIS,HANCOCK,2025-11-29,Winter Storm,1,0.0,0.0,0,0
ILLINOIS,HARDIN,2010-08-03,Excessive Heat,1,0.0,0.0,0,0
ILLINOIS,HARDIN,2010-08-04,Excessive Heat,1,0.0,0.0,0,0
ILLINOIS,HARDIN,2010-08-09,Excessive Heat,1,0.0,0.0,0,0
ILLINOIS,HARDIN,2010-08-10,Excessive Heat,1,0.0,0.0,0,0
ILLINOIS,HARDIN,2010-08-11,Excessive Heat,1,0.0,0.0,0,0
ILLINOIS,HARDIN,2010-08-12,Excessive Heat,1,0.0,0.0,0,0
ILLINOIS,HARDIN,2010-08-13,Excessive Heat,1,0.0,0.0,0,0
ILLINOIS,HARDIN,2010-08-14,Excessive Heat,1,0.0,0.0,0,0
ILLINOIS,HARDIN,2010-08-15,Excessive Heat,1,0.0,0.0,0,0
ILLINOIS,HARDIN,2011-03-01,Flood,1,30000.0,0.0,0,0
ILLINOIS,HARDIN,2011-03-02,Flood,1,30000.0,0.0,0,0
ILLINOIS,HARDIN,2011-03-03,Flood,1,30000.0,0.0,0,0
ILLINOIS,HARDIN,2011-03-04,Flood,1,30000.0,0.0,0,0
ILLINOIS,HARDIN,2011-03-05,Flood,1,30000.0,0.0,0,0
ILLINOIS,HARDIN,2011-03-06,Flood,1,30000.0,0.0,0,0
ILLINOIS,HARDIN,2011-03-07,Flood,1,30000.0,0.0,0,0
ILLINOIS,HARDIN,2011-03-08,Flood,1,30000.0,0.0,0,0
ILLINOIS,HARDIN,2011-03-09,Flood,1,30000.0,0.0,0,0
ILLINOIS,HARDIN,2011-03-10,Flood,1,30000.0,0.0,0,0
ILLINOIS,HARDIN,2011-03-11,Flood,1,30000.0,0.0,0,0
ILLINOIS,HARDIN,2011-03-12,Flood,1,30000.0,0.0,0,0
ILLINOIS,HARDIN,2011-03-13,Flood,1,30000.0,0.0,0,0
ILLINOIS,HARDIN,2011-03-14,Flood,1,30000.0,0.0,0,0
ILLINOIS,HARDIN,2011-03-15,Flood,1,30000.0,0.0,0,0
ILLINOIS,HARDIN,2011-03-16,Flood,1,30000.0,0.0,0,0
ILLINOIS,HARDIN,2011-03-17,Flood,1,30000.0,0.0,0,0
ILLINOIS,HARDIN,2011-03-18,Flood,1,30000.0,0.0,0,0
ILLINOIS,HARDIN,2011-03-19,Flood,1,30000.0,0.0,0,0
ILLINOIS,HARDIN,2011-03-20,Flood,1,30000.0,0.0,0,0
ILLINOIS,HARDIN,2011-03-21,Flood,1,30000.0,0.0,0,0
ILLINOIS,HARDIN,2011-03-22,Flood,1,30000.0,0.0,0,0
ILLINOIS,HARDIN,2011-03-23,Flood,1,30000.0,0.0,0,0
ILLINOIS,HARDIN,2011-03-24,Flood,1,30000.0,0.0,0,0
ILLINOIS,HARDIN,2011-03-25,Flood,1,30000.0,0.0,0,0
ILLINOIS,HARDIN,2011-03-26,Flood,1,30000.0,0.0,0,0
ILLINOIS,HARDIN,2011-03-27,Flood,1,30000.0,0.0,0,0
ILLINOIS,HARDIN,2011-03-28,Flood,1,30000.0,0.0,0,0
ILLINOIS,HARDIN,2011-04-14,Flood,1,0.0,0.0,0,0
ILLINOIS,HARDIN,2011-04-15,Flood,1,0.0,0.0,0,0
ILLINOIS,HARDIN,2011-04-16,Flood,1,0.0,0.0,0,0
ILLINOIS,HARDIN,2011-04-17,Flood,1,0.0,0.0,0,0
ILLINOIS,HARDIN,2011-04-18,Flood,1,0.0,0.0,0,0
ILLINOIS,HARDIN,2011-04-19,Flood,1,0.0,0.0,0,0
ILLINOIS,HARDIN,2011-04-20,Flood,1,0.0,0.0,0,0
ILLINOIS,HARDIN,2011-04-21,Flood,1,0.0,0.0,0,0
ILLINOIS,HARDIN,2011-04-22,Flood,1,0.0,0.0,0,0
ILLINOIS,HARDIN,2011-04-23,Flood,1,0.0,0.0,0,0
ILLINOIS,HARDIN,2011-04-24,Flood,1,0.0,0.0,0,0
ILLINOIS,HARDIN,2011-04-25,Flood,1,0.0,0.0,0,0
ILLINOIS,HARDIN,2011-04-26,Flood,1,0.0,0.0,0,0
ILLINOIS,HARDIN,2011-04-27,Flood,1,0.0,0.0,0,0
ILLINOIS,HARDIN,2011-04-28,Flood,1,0.0,0.0,0,0
ILLINOIS,HARDIN,2011-04-29,Flood,1,0.0,0.0,0,0
ILLINOIS,HARDIN,2011-04-30,Flood,1,0.0,0.0,0,0
ILLINOIS,HARDIN,2011-05-01,Flood,1,180000.0,0.0,0,0
ILLINOIS,HARDIN,2011-05-02,Flood,1,180000.0,0.0,0,0
ILLINOIS,HARDIN,2011-05-03,Flood,1,180000.0,0.0,0,0
ILLINOIS,HARDIN,2011-05-04,Flood,1,180000.0,0.0,0,0
ILLINOIS,HARDIN,2011-05-05,Flood,1,180000.0,0.0,0,0
ILLINOIS,HARDIN,2011-05-06,Flood,1,180000.0,0.0,0,0
ILLINOIS,HARDIN,2011-05-07,Flood,1,180000.0,0.0,0,0
ILLINOIS,HARDIN,2011-05-08,Flood,1,180000.0,0.0,0,0
ILLINOIS,HARDIN,2011-05-09,Flood,1,180000.0,0.0,0,0
ILLINOIS,HARDIN,2011-05-10,Flood,1,180000.0,0.0,0,0
ILLINOIS,HARDIN,2011-05-11,Flood,1,150000.0,0.0,0,0
ILLINOIS,HARDIN,2011-05-12,Flood,1,150000.0,0.0,0,0
ILLINOIS,HARDIN,2011-05-13,Flood,1,150000.0,0.0,0,0
ILLINOIS,HARDIN,2011-05-14,Flood,1,150000.0,0.0,0,0
ILLINOIS,HARDIN,2011-05-15,Flood,1,150000.0,0.0,0,0
ILLINOIS,HARDIN,2011-05-16,Flood,1,150000.0,0.0,0,0
ILLINOIS,HARDIN,2011-05-17,Flood,1,150000.0,0.0,0,0
ILLINOIS,HARDIN,2011-05-18,Flood,1,150000.0,0.0,0,0
ILLINOIS,HARDIN,2011-05-19,Flood,1,150000.0,0.0,0,0
ILLINOIS,HARDIN,2011-05-20,Flood,1,150000.0,0.0,0,0
ILLINOIS,HARDIN,2011-05-21,Flood,1,150000.0,0.0,0,0
ILLINOIS,HARDIN,2011-05-22,Flood,1,150000.0,0.0,0,0
ILLINOIS,HARDIN,2011-05-23,Flood,1,150000.0,0.0,0,0
ILLINOIS,HARDIN,2011-05-24,Flood,1,150000.0,0.0,0,0
ILLINOIS,HARDIN,2011-05-25,Flood,1,150000.0,0.0,0,0
ILLINOIS,HARDIN,2011-05-26,Flood,1,150000.0,0.0,0,0
ILLINOIS,HARDIN,2011-07-10,Excessive Heat,1,0.0,0.0,0,0
ILLINOIS,HARDIN,2011-07-11,Excessive Heat,1,0.0,0.0,0,0
ILLINOIS,HARDIN,2011-07-12,Excessive Heat,1,0.0,0.0,0,0
ILLINOIS,HARDIN,2011-07-19,Excessive Heat,1,0.0,0.0,0,0
ILLINOIS,HARDIN,2011-07-20,Excessive Heat,1,0.0,0.0,0,0
ILLINOIS,HARDIN,2011-07-21,Excessive Heat,1,0.0,0.0,0,0
ILLINOIS,HARDIN,2011-07-22,Excessive Heat,1,0.0,0.0,0,0
ILLINOIS,HARDIN,2011-07-23,Excessive Heat,1,0.0,0.0,0,0
ILLINOIS,HARDIN,2011-07-24,Excessive Heat,1,0.0,0.0,0,0
ILLINOIS,HARDIN,2011-08-03,Excessive Heat,1,0.0,0.0,0,0
ILLINOIS,HARDIN,2011-12-04,Flood,1,0.0,0.0,0,0
ILLINOIS,HARDIN,2011-12-05,Flood,1,0.0,0.0,0,0
ILLINOIS,HARDIN,2011-12-06,Flood,1,0.0,0.0,0,0
ILLINOIS,HARDIN,2012-07-01,Excessive Heat,1,0.0,0.0,0,0
ILLINOIS,HARDIN,2012-07-02,Excessive Heat,1,0.0,0.0,0,0
ILLINOIS,HARDIN,2012-07-03,Excessive Heat,1,0.0,0.0,0,0
ILLINOIS,HARDIN,2012-07-04,Excessive Heat,1,0.0,0.0,0,0
ILLINOIS,HARDIN,2012-07-05,Excessive Heat,1,0.0,0.0,0,0
ILLINOIS,HARDIN,2012-07-06,Excessive Heat,1,0.0,0.0,0,0
ILLINOIS,HARDIN,2012-07-07,Excessive Heat,1,0.0,0.0,0,0
ILLINOIS,HARDIN,2012-07-08,Excessive Heat,1,0.0,0.0,0,0
ILLINOIS,HARDIN,2012-12-26,Winter Storm,1,0.0,0.0,0,0
ILLINOIS,HARDIN,2013-12-05,Winter Storm,1,0.0,0.0,0,0
ILLINOIS,HARDIN,2013-12-06,Winter Storm,1,0.0,0.0,0,0
ILLINOIS,HARDIN,2014-02-04,Winter Storm,1,0.0,0.0,0,0
ILLINOIS,HARDIN,2014-03-02,Winter Storm,1,0.0,0.0,0,0
ILLINOIS,HARDIN,2014-03-03,Winter Storm,1,0.0,0.0,0,0
ILLINOIS,HARDIN,2015-02-20,Winter Storm,1,0.0,0.0,0,0
ILLINOIS,HARDIN,2015-02-21,Winter Storm,1,0.0,0.0,0,0
ILLINOIS,HARDIN,2015-03-04,Winter Storm,1,0.0,0.0,0,0
ILLINOIS,HARDIN,2015-03-05,Winter Storm,1,0.0,0.0,0,0
ILLINOIS,HARDIN,2015-03-07,Flood,1,20000.0,0.0,0,0
ILLINOIS,HARDIN,2015-03-08,Flood,1,20000.0,0.0,0,0
ILLINOIS,HARDIN,2015-03-09,Flood,1,20000.0,0.0,0,0
ILLINOIS,HARDIN,2015-03-10,Flood,1,20000.0,0.0,0,0
ILLINOIS,HARDIN,2015-03-11,Flood,1,20000.0,0.0,0,0
ILLINOIS,HARDIN,2015-03-12,Flood,1,20000.0,0.0,0,0
ILLINOIS,HARDIN,2015-03-13,Flood,1,20000.0,0.0,0,0
ILLINOIS,HARDIN,2015-03-14,Flood,1,20000.0,0.0,0,0
ILLINOIS,HARDIN,2015-03-15,Flood,1,20000.0,0.0,0,0
ILLINOIS,HARDIN,2015-03-16,Flood,1,20000.0,0.0,0,0
ILLINOIS,HARDIN,2015-03-17,Flood,1,20000.0,0.0,0,0
ILLINOIS,HARDIN,2015-03-18,Flood,1,20000.0,0.0,0,0
ILLINOIS,HARDIN,2015-03-19,Flood,1,20000.0,0.0,0,0
ILLINOIS,HARDIN,2015-03-20,Flood,1,20000.0,0.0,0,0
ILLINOIS,HARDIN,2015-03-21,Flood,1,20000.0,0.0,0,0
ILLINOIS,HARDIN,2015-03-22,Flood,1,20000.0,0.0,0,0
ILLINOIS,HARDIN,2015-03-23,Flood,1,20000.0,0.0,0,0
ILLINOIS,HARDIN,2015-03-24,Flood,1,20000.0,0.0,0,0
ILLINOIS,HARDIN,2015-03-25,Flood,1,20000.0,0.0,0,0
ILLINOIS,HARDIN,2015-03-26,Flood,1,20000.0,0.0,0,0
ILLINOIS,HARDIN,2015-03-27,Flood,1,20000.0,0.0,0,0
ILLINOIS,HARDIN,2015-03-28,Flood,1,20000.0,0.0,0,0
ILLINOIS,HARDIN,2015-03-29,Flood,1,20000.0,0.0,0,0
ILLINOIS,HARDIN,2015-03-30,Flood,1,20000.0,0.0,0,0
ILLINOIS,HARDIN,2016-01-01,Flood,1,10000.0,0.0,0,0
ILLINOIS,HARDIN,2016-01-02,Flood,1,10000.0,0.0,0,0
ILLINOIS,HARDIN,2016-01-03,Flood,1,10000.0,0.0,0,0
ILLINOIS,HARDIN,2016-01-04,Flood,1,10000.0,0.0,0,0
ILLINOIS,HARDIN,2016-01-05,Flood,1,10000.0,0.0,0,0
ILLINOIS,HARDIN,2016-01-06,Flood,1,10000.0,0.0,0,0
ILLINOIS,HARDIN,2016-01-07,Flood,1,10000.0,0.0,0,0
ILLINOIS,HARDIN,2016-01-08,Flood,1,10000.0,0.0,0,0
ILLINOIS,HARDIN,2016-01-09,Flood,1,10000.0,0.0,0,0
ILLINOIS,HARDIN,2016-01-10,Flood,1,10000.0,0.0,0,0
ILLINOIS,HARDIN,2016-01-11,Flood,1,10000.0,0.0,0,0
ILLINOIS,HARDIN,2016-01-22,Winter Storm,1,0.0,0.0,0,0
ILLINOIS,HARDIN,2017-07-19,Excessive Heat,1,0.0,0.0,0,0
ILLINOIS,HARDIN,2017-07-20,Excessive Heat,1,0.0,0.0,0,0
ILLINOIS,HARDIN,2017-07-21,Excessive Heat,1,0.0,0.0,0,0
ILLINOIS,HARDIN,2017-07-22,Excessive Heat,1,0.0,0.0,0,0
ILLINOIS,HARDIN,2018-01-12,Winter Storm,1,0.0,0.0,0,0
ILLINOIS,HARDIN,2018-02-17,Flood,1,0.0,0.0,0,0
ILLINOIS,HARDIN,2018-02-18,Flood,1,0.0,0.0,0,0
ILLINOIS,HARDIN,2018-02-19,Flood,1,0.0,0.0,0,0
ILLINOIS,HARDIN,2018-02-20,Flood,1,0.0,0.0,0,0
ILLINOIS,HARDIN,2018-02-21,Flood,1,0.0,0.0,0,0
ILLINOIS,HARDIN,2018-02-22,Flood,1,0.0,0.0,0,0
ILLINOIS,HARDIN,2018-02-23,Flood,1,0.0,0.0,0,0
ILLINOIS,HARDIN,2018-02-24,Flood,1,0.0,0.0,0,0
ILLINOIS,HARDIN,2018-02-25,Flood,1,0.0,0.0,0,0
ILLINOIS,HARDIN,2018-02-26,Flood,1,0.0,0.0,0,0
ILLINOIS,HARDIN,2018-02-27,Flood,1,0.0,0.0,0,0
ILLINOIS,HARDIN,2018-02-28,Flood,1,0.0,0.0,0,0
ILLINOIS,HARDIN,2018-03-01,Flood,1,70000.0,0.0,0,0
ILLINOIS,HARDIN,2018-03-02,Flood,1,70000.0,0.0,0,0
ILLINOIS,HARDIN,2018-03-03,Flood,1,70000.0,0.0,0,0
ILLINOIS,HARDIN,2018-03-04,Flood,1,70000.0,0.0,0,0
ILLINOIS,HARDIN,2018-03-05,Flood,1,70000.0,0.0,0,0
ILLINOIS,HARDIN,2018-03-06,Flood,1,70000.0,0.0,0,0
ILLINOIS,HARDIN,2018-03-07,Flood,1,70000.0,0.0,0,0
ILLINOIS,HARDIN,2018-03-08,Flood,1,70000.0,0.0,0,0
ILLINOIS,HARDIN,2018-03-09,Flood,1,70000.0,0.0,0,0
ILLINOIS,HARDIN,2018-03-10,Flood,1,70000.0,0.0,0,0
ILLINOIS,HARDIN,2018-03-11,Flood,1,70000.0,0.0,0,0
ILLINOIS,HARDIN,2018-03-12,Flood,1,70000.0,0.0,0,0
ILLINOIS,HARDIN,2018-03-13,Flood,1,70000.0,0.0,0,0
ILLINOIS,HARDIN,2018-03-14,Flood,1,70000.0,0.0,0,0
ILLINOIS,HARDIN,2018-03-15,Flood,1,70000.0,0.0,0,0
ILLINOIS,HARDIN,2018-04-04,Flood,1,4000.0,0.0,0,0
ILLINOIS,HARDIN,2018-04-05,Flood,1,4000.0,0.0,0,0
ILLINOIS,HARDIN,2018-04-06,Flood,1,4000.0,0.0,0,0
ILLINOIS,HARDIN,2018-04-07,Flood,1,4000.0,0.0,0,0
ILLINOIS,HARDIN,2018-04-08,Flood,1,4000.0,0.0,0,0
ILLINOIS,HARDIN,2018-04-09,Flood,1,4000.0,0.0,0,0
ILLINOIS,HARDIN,2018-04-10,Flood,1,4000.0,0.0,0,0
ILLINOIS,HARDIN,2018-04-11,Flood,1,4000.0,0.0,0,0
ILLINOIS,HARDIN,2018-04-12,Flood,1,4000.0,0.0,0,0
ILLINOIS,HARDIN,2018-04-13,Flood,1,4000.0,0.0,0,0
ILLINOIS,HARDIN,2018-04-14,Flood,1,4000.0,0.0,0,0
ILLINOIS,HARDIN,2018-04-15,Flood,1,4000.0,0.0,0,0
ILLINOIS,HARDIN,2018-04-16,Flood,1,4000.0,0.0,0,0
ILLINOIS,HARDIN,2018-04-17,Flood,1,4000.0,0.0,0,0
ILLINOIS,HARDIN,2018-07-05,Excessive Heat,1,0.0,0.0,0,0
ILLINOIS,HARDIN,2018-07-14,Excessive Heat,1,0.0,0.0,0,0
ILLINOIS,HARDIN,2019-01-04,Flood,1,0.0,0.0,0,0
ILLINOIS,HARDIN,2019-01-05,Flood,1,0.0,0.0,0,0
ILLINOIS,HARDIN,2019-01-06,Flood,1,0.0,0.0,0,0
ILLINOIS,HARDIN,2019-01-07,Flood,1,0.0,0.0,0,0
ILLINOIS,HARDIN,2019-01-08,Flood,1,0.0,0.0,0,0
ILLINOIS,HARDIN,2019-01-09,Flood,1,0.0,0.0,0,0
ILLINOIS,HARDIN,2019-01-10,Flood,1,0.0,0.0,0,0
ILLINOIS,HARDIN,2019-01-11,Flood,1,0.0,0.0,0,0
ILLINOIS,HARDIN,2019-01-27,Flood,1,0.0,0.0,0,0
ILLINOIS,HARDIN,2019-01-28,Flood,1,0.0,0.0,0,0
ILLINOIS,HARDIN,2019-01-29,Flood,1,0.0,0.0,0,0
ILLINOIS,HARDIN,2019-01-30,Flood,1,0.0,0.0,0,0
ILLINOIS,HARDIN,2019-01-31,Flood,1,0.0,0.0,0,0
ILLINOIS,HARDIN,2019-02-01,Flood,1,0.0,0.0,0,0
ILLINOIS,HARDIN,2019-02-02,Flood,1,0.0,0.0,0,0
ILLINOIS,HARDIN,2019-02-03,Flood,1,0.0,0.0,0,0
ILLINOIS,HARDIN,2019-02-10,Flood,1,20000.0,0.0,0,0
ILLINOIS,HARDIN,2019-02-11,Flood,1,20000.0,0.0,0,0
ILLINOIS,HARDIN,2019-02-12,Flood,1,20000.0,0.0,0,0
ILLINOIS,HARDIN,2019-02-13,Flood,1,20000.0,0.0,0,0
ILLINOIS,HARDIN,2019-02-14,Flood,1,20000.0,0.0,0,0
ILLINOIS,HARDIN,2019-02-15,Flood,1,20000.0,0.0,0,0
ILLINOIS,HARDIN,2019-02-16,Flood,1,20000.0,0.0,0,0
ILLINOIS,HARDIN,2019-02-17,Flood,1,20000.0,0.0,0,0
ILLINOIS,HARDIN,2019-02-18,Flood,1,20000.0,0.0,0,0
ILLINOIS,HARDIN,2019-02-19,Flood,1,20000.0,0.0,0,0
ILLINOIS,HARDIN,2019-02-20,Flood,1,20000.0,0.0,0,0
ILLINOIS,HARDIN,2019-02-21,Flood,1,20000.0,0.0,0,0
ILLINOIS,HARDIN,2019-02-22,Flood,1,20000.0,0.0,0,0
ILLINOIS,HARDIN,2019-02-23,Flood,1,20000.0,0.0,0,0
ILLINOIS,HARDIN,2019-02-24,Flood,1,20000.0,0.0,0,0
ILLINOIS,HARDIN,2019-02-25,Flood,1,20000.0,0.0,0,0
ILLINOIS,HARDIN,2019-02-26,Flood,1,20000.0,0.0,0,0
ILLINOIS,HARDIN,2019-02-27,Flood,1,20000.0,0.0,0,0
ILLINOIS,HARDIN,2019-02-28,Flood,1,20000.0,0.0,0,0
ILLINOIS,HARDIN,2019-03-01,Flood,1,0.0,0.0,0,0
ILLINOIS,HARDIN,2019-03-02,Flood,1,0.0,0.0,0,0
ILLINOIS,HARDIN,2019-03-03,Flood,1,0.0,0.0,0,0
ILLINOIS,HARDIN,2019-03-04,Flood,1,0.0,0.0,0,0
ILLINOIS,HARDIN,2019-03-05,Flood,1,0.0,0.0,0,0
ILLINOIS,HARDIN,2019-03-06,Flood,1,0.0,0.0,0,0
ILLINOIS,HARDIN,2019-03-07,Flood,1,0.0,0.0,0,0
ILLINOIS,HARDIN,2019-03-08,Flood,1,0.0,0.0,0,0
ILLINOIS,HARDIN,2019-03-09,Flood,1,0.0,0.0,0,0
ILLINOIS,HARDIN,2019-03-10,Flood,1,0.0,0.0,0,0
ILLINOIS,HARDIN,2019-03-11,Flood,1,0.0,0.0,0,0
ILLINOIS,HARDIN,2019-03-12,Flood,1,0.0,0.0,0,0
ILLINOIS,HARDIN,2019-03-13,Flood,1,0.0,0.0,0,0
ILLINOIS,HARDIN,2019-03-14,Flood,1,0.0,0.0,0,0
ILLINOIS,HARDIN,2019-03-15,Flood,1,0.0,0.0,0,0
ILLINOIS,HARDIN,2019-03-16,Flood,1,0.0,0.0,0,0
ILLINOIS,HARDIN,2019-03-17,Flood,1,0.0,0.0,0,0
ILLINOIS,HARDIN,2019-03-18,Flood,1,0.0,0.0,0,0
ILLINOIS,HARDIN,2019-03-19,Flood,1,0.0,0.0,0,0
ILLINOIS,HARDIN,2019-03-20,Flood,1,0.0,0.0,0,0
ILLINOIS,HARDIN,2019-03-21,Flood,1,0.0,0.0,0,0
ILLINOIS,HARDIN,2019-03-22,Flood,1,0.0,0.0,0,0
ILLINOIS,HARDIN,2019-07-18,Excessive Heat,1,0.0,0.0,0,0
ILLINOIS,HARDIN,2019-07-19,Excessive Heat,1,0.0,0.0,0,0
ILLINOIS,HARDIN,2019-07-20,Excessive Heat,1,0.0,0.0,0,0
ILLINOIS,HARDIN,2019-07-21,Excessive Heat,1,0.0,0.0,0,0
ILLINOIS,HARDIN,2020-02-12,Flood,1,0.0,0.0,0,0
ILLINOIS,HARDIN,2020-02-13,Flood,1,0.0,0.0,0,0
ILLINOIS,HARDIN,2020-02-14,Flood,1,0.0,0.0,0,0
ILLINOIS,HARDIN,2020-02-15,Flood,1,0.0,0.0,0,0
ILLINOIS,HARDIN,2020-02-16,Flood,1,0.0,0.0,0,0
ILLINOIS,HARDIN,2020-02-17,Flood,1,0.0,0.0,0,0
ILLINOIS,HARDIN,2020-02-18,Flood,1,0.0,0.0,0,0
ILLINOIS,HARDIN,2020-02-19,Flood,1,0.0,0.0,0,0
ILLINOIS,HARDIN,2020-02-20,Flood,1,0.0,0.0,0,0
ILLINOIS,HARDIN,2020-02-21,Flood,1,0.0,0.0,0,0
ILLINOIS,HARDIN,2020-02-22,Flood,1,0.0,0.0,0,0
ILLINOIS,HARDIN,2020-02-23,Flood,1,0.0,0.0,0,0
ILLINOIS,HARDIN,2020-02-24,Flood,1,0.0,0.0,0,0
ILLINOIS,HARDIN,2020-02-25,Flood,1,0.0,0.0,0,0
ILLINOIS,HARDIN,2020-02-26,Flood,1,0.0,0.0,0,0
ILLINOIS,HARDIN,2020-02-27,Flood,1,0.0,0.0,0,0
ILLINOIS,HARDIN,2021-02-10,Winter Storm,1,0.0,0.0,0,0
ILLINOIS,HARDIN,2021-02-14,Winter Storm,1,0.0,0.0,0,0
ILLINOIS,HARDIN,2021-02-15,Winter Storm,1,0.0,0.0,0,0
ILLINOIS,HARDIN,2022-01-08,Flood,1,0.0,0.0,0,0
ILLINOIS,HARDIN,2022-01-09,Flood,1,0.0,0.0,0,0
ILLINOIS,HARDIN,2022-01-10,Flood,1,0.0,0.0,0,0
ILLINOIS,HARDIN,2022-01-11,Flood,1,0.0,0.0,0,0
ILLINOIS,HARDIN,2022-01-12,Flood,1,0.0,0.0,0,0
ILLINOIS,HARDIN,2022-01-13,Flood,1,0.0,0.0,0,0
ILLINOIS,HARDIN,2022-01-14,Flood,1,0.0,0.0,0,0
ILLINOIS,HARDIN,2022-02-02,Winter Storm,1,0.0,0.0,0,0
ILLINOIS,HARDIN,2022-02-03,Winter Storm,1,0.0,0.0,0,0
ILLINOIS,HARDIN,2022-06-13,Excessive Heat,1,0.0,0.0,0,0
ILLINOIS,HARDIN,2022-06-14,Excessive Heat,1,0.0,0.0,0,0
ILLINOIS,HARDIN,2022-06-15,Excessive Heat,1,0.0,0.0,0,0
ILLINOIS,HARDIN,2022-06-16,Excessive Heat,1,0.0,0.0,0,0
ILLINOIS,HARDIN,2022-07-04,Excessive Heat,1,0.0,0.0,0,0
ILLINOIS,HARDIN,2022-07-05,Excessive Heat,1,0.0,0.0,0,0
ILLINOIS,HARDIN,2022-07-06,Excessive Heat,1,0.0,0.0,0,0
ILLINOIS,HARDIN,2022-07-07,Excessive Heat,1,0.0,0.0,0,0
ILLINOIS,HARDIN,2022-07-08,Excessive Heat,1,0.0,0.0,0,0
ILLINOIS,HARDIN,2022-07-20,Excessive Heat,1,0.0,0.0,0,0
ILLINOIS,HARDIN,2022-07-22,Excessive Heat,1,0.0,0.0,0,0
ILLINOIS,HARDIN,2022-07-23,Excessive Heat,1,0.0,0.0,0,0
ILLINOIS,HARDIN,2022-07-24,Excessive Heat,1,0.0,0.0,0,0
ILLINOIS,HARDIN,2022-12-22,Winter Storm,1,0.0,0.0,0,0
ILLINOIS,HARDIN,2023-01-30,Winter Storm,1,0.0,0.0,0,0
ILLINOIS,HARDIN,2023-01-31,Winter Storm,1,0.0,0.0,0,0
ILLINOIS,HARDIN,2023-06-30,Excessive Heat,1,0.0,0.0,0,0
ILLINOIS,HARDIN,2023-07-27,Excessive Heat,1,0.0,0.0,0,0
ILLINOIS,HARDIN,2023-07-28,Excessive Heat,1,0.0,0.0,0,0
ILLINOIS,HARDIN,2023-08-20,Excessive Heat,1,0.0,0.0,0,0
ILLINOIS,HARDIN,2023-08-21,Excessive Heat,1,0.0,0.0,0,0
ILLINOIS,HARDIN,2023-08-22,Excessive Heat,1,0.0,0.0,0,0
ILLINOIS,HARDIN,2023-08-23,Excessive Heat,1,0.0,0.0,0,0
ILLINOIS,HARDIN,2023-08-24,Excessive Heat,1,0.0,0.0,0,0
ILLINOIS,HARDIN,2023-08-25,Excessive Heat,1,0.0,0.0,0,0
ILLINOIS,HARDIN,2024-06-29,Excessive Heat,1,0.0,0.0,0,0
ILLINOIS,HARDIN,2024-07-29,Excessive Heat,1,0.0,0.0,0,0
ILLINOIS,HARDIN,2024-07-30,Excessive Heat,1,0.0,0.0,0,0
ILLINOIS,HARDIN,2024-07-31,Excessive Heat,1,0.0,0.0,0,0
ILLINOIS,HARDIN,2024-08-01,Excessive Heat,1,0.0,0.0,0,0
ILLINOIS,HARDIN,2025-07-22,Excessive Heat,1,0.0,0.0,0,0
ILLINOIS,HARDIN,2025-07-23,Excessive Heat,1,0.0,0.0,0,0
ILLINOIS,HARDIN,2025-07-24,Excessive Heat,1,0.0,0.0,0,0
ILLINOIS,HARDIN,2025-07-25,Excessive Heat,1,0.0,0.0,0,0
ILLINOIS,HARDIN,2025-07-26,Excessive Heat,1,0.0,0.0,0,0
ILLINOIS,HENDERSON,2010-01-06,Winter Storm,1,0.0,0.0,0,0
ILLINOIS,HENDERSON,2010-01-07,Winter Storm,1,0.0,0.0,0,0
ILLINOIS,HENDERSON,2010-02-21,Winter Storm,1,0.0,0.0,0,0
ILLINOIS,HENDERSON,2010-02-22,Winter Storm,1,0.0,0.0,0,0
ILLINOIS,HENDERSON,2010-06-22,Flood,1,250000.0,0.0,0,0
ILLINOIS,HENDERSON,2010-06-23,Flood,1,250000.0,0.0,0,0
ILLINOIS,HENDERSON,2010-06-24,Flood,1,250000.0,0.0,0,0
ILLINOIS,HENDERSON,2010-06-25,Flood,1,250000.0,0.0,0,0
ILLINOIS,HENDERSON,2010-06-26,Flood,1,250000.0,0.0,0,0
ILLINOIS,HENDERSON,2010-06-27,Flood,1,250000.0,0.0,0,0
ILLINOIS,HENDERSON,2010-06-28,Flood,1,250000.0,0.0,0,0
ILLINOIS,HENDERSON,2010-07-25,Flood,1,125000.0,0.0,0,0
ILLINOIS,HENDERSON,2010-07-26,Flood,1,125000.0,0.0,0,0
ILLINOIS,HENDERSON,2010-07-27,Flood,1,125000.0,0.0,0,0
ILLINOIS,HENDERSON,2010-07-28,Flood,1,125000.0,0.0,0,0
ILLINOIS,HENDERSON,2010-07-29,Flood,1,125000.0,0.0,0,0
ILLINOIS,HENDERSON,2010-07-30,Flood,1,125000.0,0.0,0,0
ILLINOIS,HENDERSON,2010-07-31,Flood,1,125000.0,0.0,0,0
ILLINOIS,HENDERSON,2010-10-02,Flood,1,0.0,0.0,0,0
ILLINOIS,HENDERSON,2010-10-03,Flood,1,0.0,0.0,0,0
ILLINOIS,HENDERSON,2010-10-04,Flood,1,0.0,0.0,0,0
ILLINOIS,HENDERSON,2010-10-05,Flood,1,0.0,0.0,0,0
ILLINOIS,HENDERSON,2010-10-06,Flood,1,0.0,0.0,0,0
ILLINOIS,HENDERSON,2010-10-07,Flood,1,0.0,0.0,0,0
ILLINOIS,HENDERSON,2010-10-08,Flood,1,0.0,0.0,0,0
ILLINOIS,HENDERSON,2010-10-09,Flood,1,0.0,0.0,0,0
ILLINOIS,HENDERSON,2010-10-10,Flood,1,0.0,0.0,0,0
ILLINOIS,HENDERSON,2010-10-11,Flood,1,0.0,0.0,0,0
ILLINOIS,HENDERSON,2010-10-12,Flood,1,0.0,0.0,0,0
ILLINOIS,HENDERSON,2010-10-13,Flood,1,0.0,0.0,0,0
ILLINOIS,HENDERSON,2010-10-14,Flood,1,0.0,0.0,0,0
ILLINOIS,HENDERSON,2010-10-15,Flood,1,0.0,0.0,0,0
ILLINOIS,HENDERSON,2010-10-16,Flood,1,0.0,0.0,0,0
ILLINOIS,HENDERSON,2011-02-01,Blizzard,1,0.0,0.0,0,0
ILLINOIS,HENDERSON,2011-02-02,Blizzard,1,0.0,0.0,0,0
ILLINOIS,HENDERSON,2011-04-18,Flood,1,250000.0,0.0,0,0
ILLINOIS,HENDERSON,2011-04-19,Flood,1,250000.0,0.0,0,0
ILLINOIS,HENDERSON,2011-04-20,Flood,1,250000.0,0.0,0,0
ILLINOIS,HENDERSON,2011-04-21,Flood,1,250000.0,0.0,0,0
ILLINOIS,HENDERSON,2011-04-22,Flood,1,250000.0,0.0,0,0
ILLINOIS,HENDERSON,2011-04-23,Flood,1,250000.0,0.0,0,0
ILLINOIS,HENDERSON,2011-04-24,Flood,1,250000.0,0.0,0,0
ILLINOIS,HENDERSON,2011-04-25,Flood,1,250000.0,0.0,0,0
ILLINOIS,HENDERSON,2011-04-26,Flood,1,250000.0,0.0,0,0
ILLINOIS,HENDERSON,2011-04-27,Flood,1,250000.0,0.0,0,0
ILLINOIS,HENDERSON,2011-04-28,Flood,1,250000.0,0.0,0,0
ILLINOIS,HENDERSON,2011-04-29,Flood,1,250000.0,0.0,0,0
ILLINOIS,HENDERSON,2011-04-30,Flood,1,250000.0,0.0,0,0
ILLINOIS,HENDERSON,2012-07-04,Excessive Heat,1,0.0,0.0,0,0
ILLINOIS,HENDERSON,2012-07-05,Excessive Heat,1,0.0,0.0,0,0
ILLINOIS,HENDERSON,2012-07-06,Excessive Heat,1,0.0,0.0,0,0
ILLINOIS,HENDERSON,2012-07-07,Excessive Heat,1,0.0,0.0,0,0
ILLINOIS,HENDERSON,2012-12-20,Blizzard,1,0.0,0.0,0,0
ILLINOIS,HENDERSON,2013-02-26,Winter Storm,1,0.0,0.0,0,0
ILLINOIS,HENDERSON,2013-02-27,Winter Storm,1,0.0,0.0,0,0
ILLINOIS,HENDERSON,2013-04-17,Flood,1,250000.0,0.0,0,0
ILLINOIS,HENDERSON,2013-04-18,Flood,1,250000.0,0.0,0,0
ILLINOIS,HENDERSON,2013-04-19,Flood,1,0.0,0.0,0,0
ILLINOIS,HENDERSON,2013-04-20,Flood,1,0.0,0.0,0,0
ILLINOIS,HENDERSON,2013-04-21,Flood,1,0.0,0.0,0,0
ILLINOIS,HENDERSON,2013-04-22,Flood,1,0.0,0.0,0,0
ILLINOIS,HENDERSON,2013-04-23,Flood,1,0.0,0.0,0,0
ILLINOIS,HENDERSON,2013-04-24,Flood,1,0.0,0.0,0,0
ILLINOIS,HENDERSON,2013-04-25,Flood,1,0.0,0.0,0,0
ILLINOIS,HENDERSON,2013-04-26,Flood,1,0.0,0.0,0,0
ILLINOIS,HENDERSON,2013-04-27,Flood,1,0.0,0.0,0,0
ILLINOIS,HENDERSON,2013-04-28,Flood,1,0.0,0.0,0,0
ILLINOIS,HENDERSON,2013-04-29,Flood,1,0.0,0.0,0,0
ILLINOIS,HENDERSON,2013-05-29,Flood,1,0.0,0.0,0,0
ILLINOIS,HENDERSON,2013-05-30,Flood,1,0.0,0.0,0,0
ILLINOIS,HENDERSON,2013-05-31,Flood,1,0.0,0.0,0,0
ILLINOIS,HENDERSON,2013-06-01,Flood,1,0.0,0.0,0,0
ILLINOIS,HENDERSON,2013-06-02,Flood,1,0.0,0.0,0,0
ILLINOIS,HENDERSON,2013-06-03,Flood,1,0.0,0.0,0,0
ILLINOIS,HENDERSON,2013-06-04,Flood,1,0.0,0.0,0,0
ILLINOIS,HENDERSON,2013-06-05,Flood,1,0.0,0.0,0,0
ILLINOIS,HENDERSON,2013-06-06,Flood,1,0.0,0.0,0,0
ILLINOIS,HENDERSON,2013-06-07,Flood,1,0.0,0.0,0,0
ILLINOIS,HENDERSON,2013-06-08,Flood,1,0.0,0.0,0,0
ILLINOIS,HENDERSON,2013-06-09,Flood,1,0.0,0.0,0,0
ILLINOIS,HENDERSON,2013-06-10,Flood,1,0.0,0.0,0,0
ILLINOIS,HENDERSON,2013-06-11,Flood,1,0.0,0.0,0,0
ILLINOIS,HENDERSON,2013-06-12,Flood,1,0.0,0.0,0,0
ILLINOIS,HENDERSON,2013-06-28,Flood,1,0.0,0.0,0,0
ILLINOIS,HENDERSON,2013-06-29,Flood,1,0.0,0.0,0,0
ILLINOIS,HENDERSON,2013-06-30,Flood,1,0.0,0.0,0,0
ILLINOIS,HENDERSON,2014-01-04,Winter Storm,1,0.0,0.0,0,0
ILLINOIS,HENDERSON,2014-01-05,Winter Storm,1,0.0,0.0,0,0
ILLINOIS,HENDERSON,2014-01-06,Winter Storm,1,0.0,0.0,0,0
ILLINOIS,HENDERSON,2014-02-01,Winter Storm,1,0.0,0.0,0,0
ILLINOIS,HENDERSON,2014-02-04,Winter Storm,1,0.0,0.0,0,0
ILLINOIS,HENDERSON,2014-02-05,Winter Storm,1,0.0,0.0,0,0
ILLINOIS,HENDERSON,2014-06-26,Flood,1,0.0,0.0,0,0
ILLINOIS,HENDERSON,2014-06-27,Flood,1,0.0,0.0,0,0
ILLINOIS,HENDERSON,2014-06-28,Flood,1,0.0,0.0,0,0
ILLINOIS,HENDERSON,2014-06-29,Flood,1,0.0,0.0,0,0
ILLINOIS,HENDERSON,2014-06-30,Flood,1,0.0,0.0,0,0
ILLINOIS,HENDERSON,2015-02-01,Winter Storm,1,0.0,0.0,0,0
ILLINOIS,HENDERSON,2016-10-01,Flood,1,0.0,100000.0,0,0
ILLINOIS,HENDERSON,2016-10-02,Flood,1,0.0,100000.0,0,0
ILLINOIS,HENDERSON,2016-10-03,Flood,1,0.0,100000.0,0,0
ILLINOIS,HENDERSON,2016-10-04,Flood,1,0.0,100000.0,0,0
ILLINOIS,HENDERSON,2016-10-05,Flood,1,0.0,100000.0,0,0
ILLINOIS,HENDERSON,2018-09-09,Flood,1,0.0,0.0,0,0
ILLINOIS,HENDERSON,2018-09-10,Flood,1,0.0,0.0,0,0
ILLINOIS,HENDERSON,2018-09-11,Flood,1,0.0,0.0,0,0
ILLINOIS,HENDERSON,2018-09-12,Flood,1,0.0,0.0,0,0
ILLINOIS,HENDERSON,2018-09-13,Flood,1,0.0,0.0,0,0
ILLINOIS,HENDERSON,2018-10-08,Flood,1,0.0,0.0,0,0
ILLINOIS,HENDERSON,2018-10-09,Flood,1,0.0,0.0,0,0
ILLINOIS,HENDERSON,2018-10-10,Flood,1,0.0,0.0,0,0
ILLINOIS,HENDERSON,2018-10-11,Flood,1,0.0,0.0,0,0
ILLINOIS,HENDERSON,2018-10-12,Flood,1,0.0,0.0,0,0
ILLINOIS,HENDERSON,2018-10-13,Flood,1,0.0,0.0,0,0
ILLINOIS,HENDERSON,2018-10-14,Flood,1,0.0,0.0,0,0
ILLINOIS,HENDERSON,2018-10-15,Flood,1,0.0,0.0,0,0
ILLINOIS,HENDERSON,2018-10-16,Flood,1,0.0,0.0,0,0
ILLINOIS,HENDERSON,2018-10-17,Flood,1,0.0,0.0,0,0
ILLINOIS,HENDERSON,2018-10-18,Flood,1,0.0,0.0,0,0
ILLINOIS,HENDERSON,2018-10-19,Flood,1,0.0,0.0,0,0
ILLINOIS,HENDERSON,2018-10-20,Flood,1,0.0,0.0,0,0
ILLINOIS,HENDERSON,2018-10-21,Flood,1,0.0,0.0,0,0
ILLINOIS,HENDERSON,2018-10-22,Flood,1,0.0,0.0,0,0
ILLINOIS,HENDERSON,2018-10-23,Flood,1,0.0,0.0,0,0
ILLINOIS,HENDERSON,2018-10-24,Flood,1,0.0,0.0,0,0
ILLINOIS,HENDERSON,2018-10-25,Flood,1,0.0,0.0,0,0
ILLINOIS,HENDERSON,2018-11-25,Blizzard,1,0.0,0.0,0,0
ILLINOIS,HENDERSON,2018-11-26,Blizzard,1,0.0,0.0,0,0
ILLINOIS,HENDERSON,2019-01-11,Winter Storm,1,0.0,0.0,0,0
ILLINOIS,HENDERSON,2019-01-12,Winter Storm,1,0.0,0.0,0,0
ILLINOIS,HENDERSON,2019-01-13,Winter Storm,1,0.0,0.0,0,0
ILLINOIS,HENDERSON,2019-01-18,Winter Storm,1,0.0,0.0,0,0
ILLINOIS,HENDERSON,2019-01-19,Winter Storm,1,0.0,0.0,0,0
ILLINOIS,HENDERSON,2019-03-17,Flood,1,0.0,0.0,0,0
ILLINOIS,HENDERSON,2019-03-18,Flood,1,0.0,0.0,0,0
ILLINOIS,HENDERSON,2019-03-19,Flood,1,0.0,0.0,0,0
ILLINOIS,HENDERSON,2019-03-20,Flood,1,0.0,0.0,0,0
ILLINOIS,HENDERSON,2019-03-21,Flood,1,0.0,0.0,0,0
ILLINOIS,HENDERSON,2019-03-22,Flood,1,0.0,0.0,0,0
ILLINOIS,HENDERSON,2019-03-23,Flood,1,0.0,0.0,0,0
ILLINOIS,HENDERSON,2019-03-24,Flood,1,0.0,0.0,0,0
ILLINOIS,HENDERSON,2019-03-25,Flood,1,0.0,0.0,0,0
ILLINOIS,HENDERSON,2019-03-26,Flood,1,0.0,0.0,0,0
ILLINOIS,HENDERSON,2019-03-27,Flood,1,0.0,0.0,0,0
ILLINOIS,HENDERSON,2019-03-28,Flood,1,0.0,0.0,0,0
ILLINOIS,HENDERSON,2019-03-29,Flood,1,0.0,0.0,0,0
ILLINOIS,HENDERSON,2019-03-30,Flood,1,0.0,0.0,0,0
ILLINOIS,HENDERSON,2019-03-31,Flood,1,0.0,0.0,0,0
ILLINOIS,HENDERSON,2019-04-01,Flood,1,0.0,0.0,0,0
ILLINOIS,HENDERSON,2019-04-02,Flood,1,0.0,0.0,0,0
ILLINOIS,HENDERSON,2019-04-03,Flood,1,0.0,0.0,0,0
ILLINOIS,HENDERSON,2019-04-04,Flood,1,0.0,0.0,0,0
ILLINOIS,HENDERSON,2019-04-05,Flood,1,0.0,0.0,0,0
ILLINOIS,HENDERSON,2019-04-06,Flood,1,0.0,0.0,0,0
ILLINOIS,HENDERSON,2019-04-07,Flood,1,0.0,0.0,0,0
ILLINOIS,HENDERSON,2019-04-08,Flood,1,0.0,0.0,0,0
ILLINOIS,HENDERSON,2019-04-09,Flood,1,0.0,0.0,0,0
ILLINOIS,HENDERSON,2019-04-10,Flood,1,0.0,0.0,0,0
ILLINOIS,HENDERSON,2019-04-11,Flood,1,0.0,0.0,0,0
ILLINOIS,HENDERSON,2019-04-12,Flood,1,0.0,0.0,0,0
ILLINOIS,HENDERSON,2019-04-13,Flood,1,0.0,0.0,0,0
ILLINOIS,HENDERSON,2019-04-14,Flood,1,0.0,0.0,0,0
ILLINOIS,HENDERSON,2019-04-15,Flood,1,0.0,0.0,0,0
ILLINOIS,HENDERSON,2019-04-16,Flood,1,0.0,0.0,0,0
ILLINOIS,HENDERSON,2019-04-17,Flood,1,0.0,0.0,0,0
ILLINOIS,HENDERSON,2019-04-18,Flood,1,0.0,0.0,0,0
ILLINOIS,HENDERSON,2019-04-19,Flood,1,0.0,0.0,0,0
ILLINOIS,HENDERSON,2019-04-20,Flood,1,0.0,0.0,0,0
ILLINOIS,HENDERSON,2019-04-21,Flood,1,0.0,0.0,0,0
ILLINOIS,HENDERSON,2019-04-22,Flood,1,0.0,0.0,0,0
ILLINOIS,HENDERSON,2019-04-23,Flood,1,0.0,0.0,0,0
ILLINOIS,HENDERSON,2019-04-24,Flood,1,0.0,0.0,0,0
ILLINOIS,HENDERSON,2019-04-25,Flood,1,0.0,0.0,0,0
ILLINOIS,HENDERSON,2019-04-26,Flood,1,0.0,0.0,0,0
ILLINOIS,HENDERSON,2019-04-27,Flood,1,0.0,0.0,0,0
ILLINOIS,HENDERSON,2019-04-28,Flood,1,0.0,0.0,0,0
ILLINOIS,HENDERSON,2019-04-29,Flood,1,0.0,0.0,0,0
ILLINOIS,HENDERSON,2019-04-30,Flood,1,0.0,0.0,0,0
ILLINOIS,HENDERSON,2019-05-01,Flood,1,0.0,0.0,0,0
ILLINOIS,HENDERSON,2019-05-02,Flood,1,0.0,0.0,0,0
ILLINOIS,HENDERSON,2019-05-03,Flood,1,0.0,0.0,0,0
ILLINOIS,HENDERSON,2019-05-04,Flood,1,0.0,0.0,0,0
ILLINOIS,HENDERSON,2019-05-05,Flood,1,0.0,0.0,0,0
ILLINOIS,HENDERSON,2019-05-06,Flood,1,0.0,0.0,0,0
ILLINOIS,HENDERSON,2019-05-07,Flood,1,0.0,0.0,0,0
ILLINOIS,HENDERSON,2019-05-08,Flood,1,0.0,0.0,0,0
ILLINOIS,HENDERSON,2019-05-09,Flood,1,0.0,0.0,0,0
ILLINOIS,HENDERSON,2019-05-10,Flood,1,0.0,0.0,0,0
ILLINOIS,HENDERSON,2019-05-11,Flood,1,0.0,0.0,0,0
ILLINOIS,HENDERSON,2019-05-12,Flood,1,0.0,0.0,0,0
ILLINOIS,HENDERSON,2019-05-13,Flood,1,0.0,0.0,0,0
ILLINOIS,HENDERSON,2019-05-14,Flood,1,0.0,0.0,0,0
ILLINOIS,HENDERSON,2019-05-15,Flood,1,0.0,0.0,0,0
ILLINOIS,HENDERSON,2019-05-16,Flood,1,0.0,0.0,0,0
ILLINOIS,HENDERSON,2019-05-17,Flood,1,0.0,0.0,0,0
ILLINOIS,HENDERSON,2019-05-18,Flood,1,0.0,0.0,0,0
ILLINOIS,HENDERSON,2019-05-19,Flood,1,0.0,0.0,0,0
ILLINOIS,HENDERSON,2019-05-20,Flood,1,0.0,0.0,0,0
ILLINOIS,HENDERSON,2019-05-21,Flood,1,0.0,0.0,0,0
ILLINOIS,HENDERSON,2019-05-22,Flood,1,0.0,0.0,0,0
ILLINOIS,HENDERSON,2019-05-23,Flood,1,0.0,0.0,0,0
ILLINOIS,HENDERSON,2019-05-24,Flood,1,0.0,0.0,0,0
ILLINOIS,HENDERSON,2019-05-25,Flood,1,0.0,0.0,0,0
ILLINOIS,HENDERSON,2019-05-26,Flood,1,0.0,0.0,0,0
ILLINOIS,HENDERSON,2019-05-27,Flood,1,0.0,0.0,0,0
ILLINOIS,HENDERSON,2019-05-28,Flood,1,0.0,0.0,0,0
ILLINOIS,HENDERSON,2019-05-29,Flood,1,0.0,0.0,0,0
ILLINOIS,HENDERSON,2019-05-30,Flood,1,0.0,0.0,0,0
ILLINOIS,HENDERSON,2019-05-31,Flood,1,0.0,0.0,0,0
ILLINOIS,HENDERSON,2019-06-01,Flood,1,0.0,0.0,0,0
ILLINOIS,HENDERSON,2019-06-02,Flood,1,0.0,0.0,0,0
ILLINOIS,HENDERSON,2019-06-03,Flood,1,0.0,0.0,0,0
ILLINOIS,HENDERSON,2019-06-04,Flood,1,0.0,0.0,0,0
ILLINOIS,HENDERSON,2019-06-05,Flood,1,0.0,0.0,0,0
ILLINOIS,HENDERSON,2019-06-06,Flood,1,0.0,0.0,0,0
ILLINOIS,HENDERSON,2019-06-07,Flood,1,0.0,0.0,0,0
ILLINOIS,HENDERSON,2019-06-08,Flood,1,0.0,0.0,0,0
ILLINOIS,HENDERSON,2019-06-09,Flood,1,0.0,0.0,0,0
ILLINOIS,HENDERSON,2019-06-10,Flood,1,0.0,0.0,0,0
ILLINOIS,HENDERSON,2019-06-11,Flood,1,0.0,0.0,0,0
ILLINOIS,HENDERSON,2019-06-12,Flood,1,0.0,0.0,0,0
ILLINOIS,HENDERSON,2019-06-13,Flood,1,0.0,0.0,0,0
ILLINOIS,HENDERSON,2019-06-14,Flood,1,0.0,0.0,0,0
ILLINOIS,HENDERSON,2019-06-15,Flood,1,0.0,0.0,0,0
ILLINOIS,HENDERSON,2019-06-16,Flood,1,0.0,0.0,0,0
ILLINOIS,HENDERSON,2019-06-17,Flood,1,0.0,0.0,0,0
ILLINOIS,HENDERSON,2019-10-08,Flood,1,0.0,0.0,0,0
ILLINOIS,HENDERSON,2019-10-09,Flood,1,0.0,0.0,0,0
ILLINOIS,HENDERSON,2019-10-10,Flood,1,0.0,0.0,0,0
ILLINOIS,HENDERSON,2019-10-11,Flood,1,0.0,0.0,0,0
ILLINOIS,HENDERSON,2019-10-12,Flood,1,0.0,0.0,0,0
ILLINOIS,HENDERSON,2019-10-13,Flood,1,0.0,0.0,0,0
ILLINOIS,HENDERSON,2019-10-14,Flood,1,0.0,0.0,0,0
ILLINOIS,HENDERSON,2019-10-15,Flood,1,0.0,0.0,0,0
ILLINOIS,HENDERSON,2019-10-16,Flood,1,0.0,0.0,0,0
ILLINOIS,HENDERSON,2019-10-17,Flood,1,0.0,0.0,0,0
ILLINOIS,HENDERSON,2019-10-18,Flood,1,0.0,0.0,0,0
ILLINOIS,HENDERSON,2019-10-19,Flood,1,0.0,0.0,0,0
ILLINOIS,HENDERSON,2020-04-11,Flood,1,0.0,0.0,0,0
ILLINOIS,HENDERSON,2020-04-12,Flood,1,0.0,0.0,0,0
ILLINOIS,HENDERSON,2020-04-13,Flood,1,0.0,0.0,0,0
ILLINOIS,HENDERSON,2020-04-14,Flood,1,0.0,0.0,0,0
ILLINOIS,HENDERSON,2020-04-15,Flood,1,0.0,0.0,0,0
ILLINOIS,HENDERSON,2020-04-16,Flood,1,0.0,0.0,0,0
ILLINOIS,HENDERSON,2020-12-29,Winter Storm,1,0.0,0.0,0,0
ILLINOIS,HENDERSON,2020-12-30,Winter Storm,1,0.0,0.0,0,0
ILLINOIS,HENDERSON,2021-01-01,Winter Storm,1,0.0,0.0,0,0
ILLINOIS,HENDERSON,2022-01-01,Winter Storm,1,0.0,0.0,0,0
ILLINOIS,HENDERSON,2022-02-01,Winter Storm,1,0.0,0.0,0,0
ILLINOIS,HENDERSON,2022-02-02,Winter Storm,1,0.0,0.0,0,0
ILLINOIS,HENDERSON,2022-12-22,Winter Storm,1,0.0,0.0,0,0
ILLINOIS,HENDERSON,2022-12-23,Winter Storm,1,0.0,0.0,0,0
ILLINOIS,HENDERSON,2022-12-24,Winter Storm,1,0.0,0.0,0,0
ILLINOIS,HENDERSON,2023-04-26,Flood,1,0.0,0.0,0,0
ILLINOIS,HENDERSON,2023-04-27,Flood,1,0.0,0.0,0,0
ILLINOIS,HENDERSON,2023-04-28,Flood,1,0.0,0.0,0,0
ILLINOIS,HENDERSON,2023-04-29,Flood,1,0.0,0.0,0,0
ILLINOIS,HENDERSON,2023-04-30,Flood,1,0.0,0.0,0,0
ILLINOIS,HENDERSON,2024-01-08,Winter Storm,1,0.0,0.0,0,0
ILLINOIS,HENDERSON,2024-01-09,Winter Storm,1,0.0,0.0,0,0
ILLINOIS,HENDERSON,2024-01-11,Winter Storm,1,0.0,0.0,0,0
ILLINOIS,HENDERSON,2024-01-12,Winter Storm,1,0.0,0.0,0,0
ILLINOIS,HENDERSON,2024-07-02,Flood,1,0.0,0.0,0,0
ILLINOIS,HENDERSON,2024-07-03,Flood,1,0.0,0.0,0,0
ILLINOIS,HENDERSON,2024-07-04,Flood,1,0.0,0.0,0,0
ILLINOIS,HENDERSON,2024-07-05,Flood,1,0.0,0.0,0,0
ILLINOIS,HENDERSON,2024-07-06,Flood,1,0.0,0.0,0,0
ILLINOIS,HENDERSON,2024-07-07,Flood,1,0.0,0.0,0,0
ILLINOIS,HENDERSON,2024-07-08,Flood,1,0.0,0.0,0,0
ILLINOIS,HENDERSON,2024-07-09,Flood,1,0.0,0.0,0,0
ILLINOIS,HENDERSON,2024-07-10,Flood,1,0.0,0.0,0,0
ILLINOIS,HENDERSON,2024-07-11,Flood,1,0.0,0.0,0,0
ILLINOIS,HENDERSON,2024-07-12,Flood,1,0.0,0.0,0,0
ILLINOIS,HENDERSON,2024-07-13,Flood,1,0.0,0.0,0,0
ILLINOIS,HENDERSON,2024-07-14,Flood,1,0.0,0.0,0,0
ILLINOIS,HENDERSON,2024-07-15,Flood,1,0.0,0.0,0,0
ILLINOIS,HENDERSON,2024-07-16,Flood,1,0.0,0.0,0,0
ILLINOIS,HENDERSON,2024-07-17,Flood,1,0.0,0.0,0,0
ILLINOIS,HENDERSON,2024-07-18,Flood,1,0.0,0.0,0,0
ILLINOIS,HENDERSON,2024-07-19,Flood,1,0.0,0.0,0,0
ILLINOIS,HENDERSON,2024-07-20,Flood,1,0.0,0.0,0,0
ILLINOIS,HENDERSON,2024-07-21,Flood,1,0.0,0.0,0,0
ILLINOIS,HENDERSON,2024-07-22,Flood,1,0.0,0.0,0,0
ILLINOIS,HENDERSON,2025-11-28,Winter Storm,1,0.0,0.0,0,0
ILLINOIS,HENDERSON,2025-11-29,Winter Storm,1,0.0,0.0,0,0
ILLINOIS,HENRY,2010-01-06,Winter Storm,1,0.0,0.0,0,0
ILLINOIS,HENRY,2010-01-07,Winter Storm,1,0.0,0.0,0,0
ILLINOIS,HENRY,2010-05-15,Flood,1,100000.0,0.0,0,0
ILLINOIS,HENRY,2010-05-16,Flood,1,100000.0,0.0,0,0
ILLINOIS,HENRY,2010-05-17,Flood,1,100000.0,0.0,0,0
ILLINOIS,HENRY,2010-05-18,Flood,1,100000.0,0.0,0,0
ILLINOIS,HENRY,2010-07-25,Flood,1,125000.0,0.0,0,0
ILLINOIS,HENRY,2010-07-26,Flood,1,125000.0,0.0,0,0
ILLINOIS,HENRY,2010-07-27,Flood,1,225000.0,0.0,0,0
ILLINOIS,HENRY,2010-07-28,Flood,1,225000.0,0.0,0,0
ILLINOIS,HENRY,2010-07-29,Flood,1,225000.0,0.0,0,0
ILLINOIS,HENRY,2010-07-30,Flood,1,225000.0,0.0,0,0
ILLINOIS,HENRY,2010-07-31,Flood,1,225000.0,0.0,0,0
ILLINOIS,HENRY,2010-12-03,Winter Storm,1,0.0,0.0,0,0
ILLINOIS,HENRY,2010-12-04,Winter Storm,1,0.0,0.0,0,0
ILLINOIS,HENRY,2010-12-11,Blizzard,1,0.0,0.0,0,0
ILLINOIS,HENRY,2010-12-12,Blizzard,1,0.0,0.0,0,0
ILLINOIS,HENRY,2010-12-24,Winter Storm,1,0.0,0.0,0,0
ILLINOIS,HENRY,2010-12-25,Winter Storm,1,0.0,0.0,0,0
ILLINOIS,HENRY,2011-02-01,Blizzard,1,0.0,0.0,0,0
ILLINOIS,HENRY,2011-02-02,Blizzard,1,0.0,0.0,0,0
ILLINOIS,HENRY,2012-01-12,Winter Storm,1,0.0,0.0,0,0
ILLINOIS,HENRY,2012-01-13,Winter Storm,1,0.0,0.0,0,0
ILLINOIS,HENRY,2012-07-04,Excessive Heat,1,0.0,0.0,0,0
ILLINOIS,HENRY,2012-07-05,Excessive Heat,1,0.0,0.0,0,0
ILLINOIS,HENRY,2012-07-06,Excessive Heat,1,0.0,0.0,0,0
ILLINOIS,HENRY,2012-07-07,Excessive Heat,1,0.0,0.0,0,0
ILLINOIS,HENRY,2012-12-20,Blizzard,1,0.0,0.0,0,0
ILLINOIS,HENRY,2013-02-26,Winter Storm,1,0.0,0.0,0,0
ILLINOIS,HENRY,2013-02-27,Winter Storm,1,0.0,0.0,0,0
ILLINOIS,HENRY,2013-03-04,Winter Storm,1,0.0,0.0,0,0
ILLINOIS,HENRY,2013-03-05,Winter Storm,1,0.0,0.0,0,0
ILLINOIS,HENRY,2013-04-18,Flood,1,0.0,0.0,0,0
ILLINOIS,HENRY,2013-04-19,Flood,1,0.0,0.0,0,0
ILLINOIS,HENRY,2013-04-20,Flood,1,0.0,0.0,0,0
ILLINOIS,HENRY,2013-04-21,Flood,1,0.0,0.0,0,0
ILLINOIS,HENRY,2013-04-22,Flood,1,0.0,0.0,0,0
ILLINOIS,HENRY,2013-04-23,Flood,1,0.0,0.0,0,0
ILLINOIS,HENRY,2013-04-24,Flood,1,0.0,0.0,0,0
ILLINOIS,HENRY,2013-04-25,Flood,1,0.0,0.0,0,0
ILLINOIS,HENRY,2013-04-26,Flood,1,0.0,0.0,0,0
ILLINOIS,HENRY,2014-02-04,Winter Storm,1,0.0,0.0,0,0
ILLINOIS,HENRY,2014-02-05,Winter Storm,1,0.0,0.0,0,0
ILLINOIS,HENRY,2014-02-17,Winter Storm,1,0.0,0.0,0,0
ILLINOIS,HENRY,2014-07-01,Flood,1,0.0,0.0,0,0
ILLINOIS,HENRY,2014-07-02,Flood,1,0.0,0.0,0,0
ILLINOIS,HENRY,2015-01-05,Winter Storm,1,0.0,0.0,0,0
ILLINOIS,HENRY,2015-01-06,Winter Storm,1,0.0,0.0,0,0
ILLINOIS,HENRY,2015-02-01,Winter Storm,1,0.0,0.0,0,0
ILLINOIS,HENRY,2015-11-20,Winter Storm,1,0.0,0.0,0,0
ILLINOIS,HENRY,2015-11-21,Winter Storm,1,0.0,0.0,0,0
ILLINOIS,HENRY,2015-12-28,Winter Storm,1,0.0,0.0,0,0
ILLINOIS,HENRY,2015-12-29,Winter Storm,1,0.0,0.0,0,0
ILLINOIS,HENRY,2016-12-04,Winter Storm,1,0.0,0.0,0,0
ILLINOIS,HENRY,2017-12-29,Winter Storm,1,0.0,0.0,0,0
ILLINOIS,HENRY,2018-11-25,Blizzard,1,0.0,0.0,0,0
ILLINOIS,HENRY,2018-11-26,Blizzard,1,0.0,0.0,0,0
ILLINOIS,HENRY,2019-01-12,Winter Storm,1,0.0,0.0,0,0
ILLINOIS,HENRY,2019-01-13,Winter Storm,1,0.0,0.0,0,0
ILLINOIS,HENRY,2019-01-18,Winter Storm,1,0.0,0.0,0,0
ILLINOIS,HENRY,2019-01-19,Winter Storm,1,0.0,0.0,0,0
ILLINOIS,HENRY,2019-01-22,Winter Storm,1,0.0,0.0,0,0
ILLINOIS,HENRY,2019-01-23,Winter Storm,1,0.0,0.0,0,0
ILLINOIS,HENRY,2019-02-26,Flood,1,0.0,0.0,0,0
ILLINOIS,HENRY,2019-02-27,Flood,1,0.0,0.0,0,0
ILLINOIS,HENRY,2019-03-14,Flood,1,0.0,0.0,0,0
ILLINOIS,HENRY,2019-03-15,Flood,1,0.0,0.0,0,0
ILLINOIS,HENRY,2019-03-16,Flood,1,0.0,0.0,0,0
ILLINOIS,HENRY,2019-03-17,Flood,1,0.0,0.0,0,0
ILLINOIS,HENRY,2019-03-18,Flood,1,0.0,0.0,0,0
ILLINOIS,HENRY,2019-03-19,Flood,1,0.0,0.0,0,0
ILLINOIS,HENRY,2019-03-20,Flood,1,0.0,0.0,0,0
ILLINOIS,HENRY,2019-03-21,Flood,1,0.0,0.0,0,0
ILLINOIS,HENRY,2019-03-22,Flood,1,0.0,0.0,0,0
ILLINOIS,HENRY,2019-03-23,Flood,1,0.0,0.0,0,0
ILLINOIS,HENRY,2019-03-24,Flood,1,0.0,0.0,0,0
ILLINOIS,HENRY,2019-05-31,Flood,1,0.0,0.0,0,0
ILLINOIS,HENRY,2019-06-01,Flood,1,0.0,0.0,0,0
ILLINOIS,HENRY,2019-06-02,Flood,1,0.0,0.0,0,0
ILLINOIS,HENRY,2020-01-17,Winter Storm,1,0.0,0.0,0,0
ILLINOIS,HENRY,2020-01-18,Winter Storm,1,0.0,0.0,0,0
ILLINOIS,HENRY,2020-04-16,Winter Storm,1,0.0,0.0,0,0
ILLINOIS,HENRY,2020-04-17,Winter Storm,1,0.0,0.0,0,0
ILLINOIS,HENRY,2020-12-29,Winter Storm,1,0.0,0.0,0,0
ILLINOIS,HENRY,2020-12-30,Winter Storm,1,0.0,0.0,0,0
ILLINOIS,HENRY,2021-01-01,Winter Storm,1,0.0,0.0,0,0
ILLINOIS,HENRY,2021-01-02,Winter Storm,1,0.0,0.0,0,0
ILLINOIS,HENRY,2021-01-25,Winter Storm,1,0.0,0.0,0,0
ILLINOIS,HENRY,2021-01-26,Winter Storm,1,0.0,0.0,0,0
ILLINOIS,HENRY,2021-02-04,Winter Storm,1,0.0,0.0,0,0
ILLINOIS,HENRY,2022-01-01,Winter Storm,1,0.0,0.0,0,0
ILLINOIS,HENRY,2022-01-02,Winter Storm,1,0.0,0.0,0,0
ILLINOIS,HENRY,2022-12-22,Winter Storm,1,0.0,0.0,0,0
ILLINOIS,HENRY,2022-12-23,Winter Storm,1,0.0,0.0,0,0
ILLINOIS,HENRY,2022-12-24,Winter Storm,1,0.0,0.0,0,0
ILLINOIS,HENRY,2024-01-08,Winter Storm,1,0.0,0.0,0,0
ILLINOIS,HENRY,2024-01-09,Winter Storm,1,0.0,0.0,0,0
ILLINOIS,HENRY,2024-01-12,Winter Storm,1,0.0,0.0,0,0
ILLINOIS,HENRY,2025-11-28,Winter Storm,1,0.0,0.0,0,0
ILLINOIS,HENRY,2025-11-29,Winter Storm,1,0.0,0.0,0,0
ILLINOIS,HENRY,2025-11-30,Winter Storm,1,0.0,0.0,0,0
ILLINOIS,Hamilton,2015-07-28,Excessive Heat,1,0.0,0.0,0,0
ILLINOIS,Hamilton,2015-07-29,Excessive Heat,1,0.0,0.0,0,0
ILLINOIS,Hardin,2015-07-27,Excessive Heat,1,0.0,0.0,0,0
ILLINOIS,Hardin,2015-07-28,Excessive Heat,1,0.0,0.0,0,0
ILLINOIS,Hardin,2015-07-29,Excessive Heat,1,0.0,0.0,0,0
ILLINOIS,IROQUOIS,2010-12-11,Winter Storm,1,0.0,0.0,0,0
ILLINOIS,IROQUOIS,2010-12-12,Winter Storm,1,0.0,0.0,0,0
ILLINOIS,IROQUOIS,2011-02-01,Blizzard,1,0.0,0.0,0,0
ILLINOIS,IROQUOIS,2011-02-02,Blizzard,1,0.0,0.0,0,0
ILLINOIS,IROQUOIS,2012-05-07,Flood,1,0.0,0.0,0,0
ILLINOIS,IROQUOIS,2012-07-04,Excessive Heat,1,0.0,0.0,0,0
ILLINOIS,IROQUOIS,2012-07-05,Excessive Heat,1,0.0,0.0,0,0
ILLINOIS,IROQUOIS,2012-07-06,Excessive Heat,1,0.0,0.0,0,0
ILLINOIS,IROQUOIS,2012-07-07,Excessive Heat,1,0.0,0.0,0,0
ILLINOIS,IROQUOIS,2013-03-24,Winter Storm,1,0.0,0.0,0,0
ILLINOIS,IROQUOIS,2013-03-25,Winter Storm,1,0.0,0.0,0,0
ILLINOIS,IROQUOIS,2014-01-26,Winter Storm,1,0.0,0.0,0,0
ILLINOIS,IROQUOIS,2014-01-27,Winter Storm,1,0.0,0.0,0,0
ILLINOIS,IROQUOIS,2016-08-15,Flood,1,0.0,0.0,0,0
ILLINOIS,IROQUOIS,2018-02-05,Winter Storm,1,0.0,0.0,0,0
ILLINOIS,IROQUOIS,2018-02-06,Winter Storm,1,0.0,0.0,0,0
ILLINOIS,IROQUOIS,2018-02-20,Flood,1,1500000.0,0.0,0,0
ILLINOIS,IROQUOIS,2018-02-21,Flood,1,1500000.0,0.0,0,0
ILLINOIS,IROQUOIS,2018-02-22,Flood,1,1500000.0,0.0,0,0
ILLINOIS,IROQUOIS,2018-02-23,Flood,1,1500000.0,0.0,0,0
ILLINOIS,IROQUOIS,2018-02-24,Flood,1,1500000.0,0.0,0,0
ILLINOIS,IROQUOIS,2018-02-25,Flood,1,1500000.0,0.0,0,0
ILLINOIS,IROQUOIS,2018-02-26,Flood,1,1500000.0,0.0,0,0
ILLINOIS,IROQUOIS,2018-02-27,Flood,1,1500000.0,0.0,0,0
ILLINOIS,IROQUOIS,2018-02-28,Flood,1,1500000.0,0.0,0,0
ILLINOIS,IROQUOIS,2018-03-24,Winter Storm,1,0.0,0.0,0,0
ILLINOIS,IROQUOIS,2018-07-05,Flood,1,0.0,0.0,0,0
ILLINOIS,IROQUOIS,2019-01-12,Winter Storm,1,0.0,0.0,0,0
ILLINOIS,IROQUOIS,2019-01-13,Winter Storm,1,0.0,0.0,0,0
ILLINOIS,IROQUOIS,2020-01-11,Flood,1,0.0,0.0,0,0
ILLINOIS,IROQUOIS,2021-01-30,Winter Storm,1,0.0,0.0,0,0
ILLINOIS,IROQUOIS,2021-01-31,Winter Storm,1,0.0,0.0,0,0
ILLINOIS,IROQUOIS,2021-02-15,Winter Storm,1,0.0,0.0,0,0
ILLINOIS,IROQUOIS,2021-02-16,Winter Storm,1,0.0,0.0,0,0
ILLINOIS,IROQUOIS,2021-07-24,Flood,1,0.0,0.0,0,0
ILLINOIS,IROQUOIS,2021-10-25,Flood,1,0.0,0.0,0,0
ILLINOIS,IROQUOIS,2022-02-01,Winter Storm,1,0.0,0.0,0,0
ILLINOIS,IROQUOIS,2022-02-02,Winter Storm,1,0.0,0.0,0,0
ILLINOIS,IROQUOIS,2022-02-03,Winter Storm,1,0.0,0.0,0,0
ILLINOIS,IROQUOIS,2022-02-17,Winter Storm,1,0.0,0.0,0,0
ILLINOIS,IROQUOIS,2022-07-04,Flood,1,0.0,0.0,0,0
ILLINOIS,IROQUOIS,2022-12-22,Winter Storm,1,0.0,0.0,0,0
ILLINOIS,IROQUOIS,2022-12-23,Winter Storm,1,0.0,0.0,0,0
ILLINOIS,IROQUOIS,2022-12-24,Winter Storm,1,0.0,0.0,0,0
ILLINOIS,IROQUOIS,2023-02-22,Flood,1,0.0,0.0,0,0
ILLINOIS,IROQUOIS,2023-07-26,Excessive Heat,1,0.0,0.0,0,0
ILLINOIS,IROQUOIS,2023-07-27,Excessive Heat,1,0.0,0.0,0,0
ILLINOIS,IROQUOIS,2023-07-28,Excessive Heat,1,0.0,0.0,0,0
ILLINOIS,IROQUOIS,2023-08-23,Excessive Heat,1,0.0,0.0,0,0
ILLINOIS,IROQUOIS,2023-08-24,Excessive Heat,1,0.0,0.0,0,0
ILLINOIS,IROQUOIS,2025-06-21,Excessive Heat,1,0.0,0.0,0,0
ILLINOIS,IROQUOIS,2025-11-09,Winter Storm,1,0.0,0.0,0,0
ILLINOIS,IROQUOIS,2025-11-10,Winter Storm,1,0.0,0.0,0,0
ILLINOIS,JACKSON,2010-01-01,Flood,1,0.0,0.0,0,0
ILLINOIS,JACKSON,2010-01-02,Flood,1,0.0,0.0,0,0
ILLINOIS,JACKSON,2010-01-03,Flood,1,0.0,0.0,0,0
ILLINOIS,JACKSON,2010-01-04,Flood,1,0.0,0.0,0,0
ILLINOIS,JACKSON,2010-03-21,Flood,1,0.0,0.0,0,0
ILLINOIS,JACKSON,2010-03-22,Flood,1,0.0,0.0,0,0
ILLINOIS,JACKSON,2010-03-23,Flood,1,0.0,0.0,0,0
ILLINOIS,JACKSON,2010-03-24,Flood,1,0.0,0.0,0,0
ILLINOIS,JACKSON,2010-03-25,Flood,1,0.0,0.0,0,0
ILLINOIS,JACKSON,2010-03-26,Flood,1,0.0,0.0,0,0
ILLINOIS,JACKSON,2010-03-27,Flood,1,0.0,0.0,0,0
ILLINOIS,JACKSON,2010-03-28,Flood,1,0.0,0.0,0,0
ILLINOIS,JACKSON,2010-03-29,Flood,1,0.0,0.0,0,0
ILLINOIS,JACKSON,2010-03-30,Flood,1,0.0,0.0,0,0
ILLINOIS,JACKSON,2010-03-31,Flood,1,0.0,0.0,0,0
ILLINOIS,JACKSON,2010-04-01,Flood,1,0.0,0.0,0,0
ILLINOIS,JACKSON,2010-04-02,Flood,1,0.0,0.0,0,0
ILLINOIS,JACKSON,2010-04-03,Flood,1,0.0,0.0,0,0
ILLINOIS,JACKSON,2010-04-04,Flood,1,0.0,0.0,0,0
ILLINOIS,JACKSON,2010-04-05,Flood,1,0.0,0.0,0,0
ILLINOIS,JACKSON,2010-04-06,Flood,1,0.0,0.0,0,0
ILLINOIS,JACKSON,2010-05-21,Flood,1,0.0,0.0,0,0
ILLINOIS,JACKSON,2010-05-22,Flood,1,0.0,0.0,0,0
ILLINOIS,JACKSON,2010-05-23,Flood,1,0.0,0.0,0,0
ILLINOIS,JACKSON,2010-05-24,Flood,1,0.0,0.0,0,0
ILLINOIS,JACKSON,2010-05-25,Flood,1,0.0,0.0,0,0
ILLINOIS,JACKSON,2010-06-28,Flood,1,0.0,0.0,0,0
ILLINOIS,JACKSON,2010-06-29,Flood,1,0.0,0.0,0,0
ILLINOIS,JACKSON,2010-06-30,Flood,1,0.0,0.0,0,0
ILLINOIS,JACKSON,2010-07-01,Flood,1,0.0,1000.0,0,0
ILLINOIS,JACKSON,2010-07-02,Flood,1,0.0,1000.0,0,0
ILLINOIS,JACKSON,2010-07-03,Flood,1,0.0,1000.0,0,0
ILLINOIS,JACKSON,2010-08-03,Excessive Heat,1,0.0,0.0,0,0
ILLINOIS,JACKSON,2010-08-04,Excessive Heat,1,0.0,0.0,0,0
ILLINOIS,JACKSON,2010-08-09,Excessive Heat,1,0.0,0.0,0,0
ILLINOIS,JACKSON,2010-08-10,Excessive Heat,1,0.0,0.0,0,0
ILLINOIS,JACKSON,2010-08-11,Excessive Heat,1,0.0,0.0,0,0
ILLINOIS,JACKSON,2010-08-12,Excessive Heat,1,0.0,0.0,0,0
ILLINOIS,JACKSON,2010-08-13,Excessive Heat,1,0.0,0.0,0,0
ILLINOIS,JACKSON,2010-08-14,Excessive Heat,1,0.0,0.0,0,0
ILLINOIS,JACKSON,2010-08-15,Excessive Heat,1,0.0,0.0,0,0
ILLINOIS,JACKSON,2011-03-17,Flood,1,0.0,0.0,0,0
ILLINOIS,JACKSON,2011-03-18,Flood,1,0.0,0.0,0,0
ILLINOIS,JACKSON,2011-03-19,Flood,1,0.0,0.0,0,0
ILLINOIS,JACKSON,2011-03-20,Flood,1,0.0,0.0,0,0
ILLINOIS,JACKSON,2011-03-21,Flood,1,0.0,0.0,0,0
ILLINOIS,JACKSON,2011-04-21,Flood,1,0.0,0.0,0,0
ILLINOIS,JACKSON,2011-04-22,Flood,1,0.0,0.0,0,0
ILLINOIS,JACKSON,2011-04-23,Flood,1,0.0,0.0,0,0
ILLINOIS,JACKSON,2011-04-24,Flood,1,0.0,0.0,0,0
ILLINOIS,JACKSON,2011-04-25,Flood,1,0.0,0.0,0,0
ILLINOIS,JACKSON,2011-04-26,Flood,1,0.0,0.0,0,0
ILLINOIS,JACKSON,2011-04-27,Flood,1,0.0,0.0,0,0
ILLINOIS,JACKSON,2011-04-28,Flood,1,0.0,0.0,0,0
ILLINOIS,JACKSON,2011-04-29,Flood,1,0.0,0.0,0,0
ILLINOIS,JACKSON,2011-04-30,Flood,1,0.0,0.0,0,0
ILLINOIS,JACKSON,2011-05-01,Flood,1,450000.0,0.0,0,0
ILLINOIS,JACKSON,2011-05-02,Flood,1,450000.0,0.0,0,0
ILLINOIS,JACKSON,2011-05-03,Flood,1,450000.0,0.0,0,0
ILLINOIS,JACKSON,2011-05-04,Flood,1,450000.0,0.0,0,0
ILLINOIS,JACKSON,2011-05-05,Flood,1,450000.0,0.0,0,0
ILLINOIS,JACKSON,2011-05-06,Flood,1,450000.0,0.0,0,0
ILLINOIS,JACKSON,2011-05-07,Flood,1,450000.0,0.0,0,0
ILLINOIS,JACKSON,2011-05-08,Flood,1,450000.0,0.0,0,0
ILLINOIS,JACKSON,2011-05-09,Flood,1,450000.0,0.0,0,0
ILLINOIS,JACKSON,2011-05-10,Flood,1,450000.0,0.0,0,0
ILLINOIS,JACKSON,2011-05-11,Flood,1,100000.0,0.0,0,0
ILLINOIS,JACKSON,2011-05-12,Flood,1,100000.0,0.0,0,0
ILLINOIS,JACKSON,2011-05-13,Flood,1,100000.0,0.0,0,0
ILLINOIS,JACKSON,2011-05-14,Flood,1,100000.0,0.0,0,0
ILLINOIS,JACKSON,2011-05-15,Flood,1,100000.0,0.0,0,0
ILLINOIS,JACKSON,2011-05-16,Flood,1,100000.0,0.0,0,0
ILLINOIS,JACKSON,2011-05-17,Flood,1,100000.0,0.0,0,0
ILLINOIS,JACKSON,2011-05-18,Flood,1,100000.0,0.0,0,0
ILLINOIS,JACKSON,2011-05-19,Flood,1,100000.0,0.0,0,0
ILLINOIS,JACKSON,2011-05-20,Flood,1,100000.0,0.0,0,0
ILLINOIS,JACKSON,2011-05-21,Flood,1,100000.0,0.0,0,0
ILLINOIS,JACKSON,2011-05-22,Flood,1,100000.0,0.0,0,0
ILLINOIS,JACKSON,2011-05-23,Flood,1,100000.0,0.0,0,0
ILLINOIS,JACKSON,2011-05-24,Flood,1,100000.0,0.0,0,0
ILLINOIS,JACKSON,2011-05-25,Flood,1,100000.0,0.0,0,0
ILLINOIS,JACKSON,2011-05-26,Flood,1,100000.0,0.0,0,0
ILLINOIS,JACKSON,2011-05-27,Flood,1,50000.0,0.0,0,0
ILLINOIS,JACKSON,2011-05-28,Flood,1,50000.0,0.0,0,0
ILLINOIS,JACKSON,2011-05-29,Flood,1,50000.0,0.0,0,0
ILLINOIS,JACKSON,2011-05-30,Flood,1,50000.0,0.0,0,0
ILLINOIS,JACKSON,2011-05-31,Flood,1,50000.0,0.0,0,0
ILLINOIS,JACKSON,2011-06-01,Flood,1,50000.0,50000.0,0,0
ILLINOIS,JACKSON,2011-06-02,Flood,1,50000.0,50000.0,0,0
ILLINOIS,JACKSON,2011-06-03,Flood,1,50000.0,50000.0,0,0
ILLINOIS,JACKSON,2011-06-04,Flood,1,50000.0,50000.0,0,0
ILLINOIS,JACKSON,2011-06-05,Flood,1,50000.0,50000.0,0,0
ILLINOIS,JACKSON,2011-06-06,Flood,1,50000.0,50000.0,0,0
ILLINOIS,JACKSON,2011-06-07,Flood,1,50000.0,50000.0,0,0
ILLINOIS,JACKSON,2011-06-08,Flood,1,50000.0,50000.0,0,0
ILLINOIS,JACKSON,2011-06-09,Flood,1,50000.0,50000.0,0,0
ILLINOIS,JACKSON,2011-06-10,Flood,1,50000.0,50000.0,0,0
ILLINOIS,JACKSON,2011-06-11,Flood,1,50000.0,50000.0,0,0
ILLINOIS,JACKSON,2011-06-12,Flood,1,50000.0,50000.0,0,0
ILLINOIS,JACKSON,2011-06-13,Flood,1,50000.0,50000.0,0,0
ILLINOIS,JACKSON,2011-06-14,Flood,1,50000.0,50000.0,0,0
ILLINOIS,JACKSON,2011-06-15,Flood,1,50000.0,50000.0,0,0
ILLINOIS,JACKSON,2011-06-16,Flood,1,50000.0,50000.0,0,0
ILLINOIS,JACKSON,2011-06-17,Flood,1,50000.0,50000.0,0,0
ILLINOIS,JACKSON,2011-06-18,Flood,1,50000.0,50000.0,0,0
ILLINOIS,JACKSON,2011-06-19,Flood,1,50000.0,50000.0,0,0
ILLINOIS,JACKSON,2011-06-20,Flood,1,50000.0,50000.0,0,0
ILLINOIS,JACKSON,2011-06-21,Flood,1,50000.0,50000.0,0,0
ILLINOIS,JACKSON,2011-06-23,Flood,1,0.0,0.0,0,0
ILLINOIS,JACKSON,2011-06-24,Flood,1,0.0,0.0,0,0
ILLINOIS,JACKSON,2011-06-25,Flood,1,0.0,0.0,0,0
ILLINOIS,JACKSON,2011-06-26,Flood,1,0.0,0.0,0,0
ILLINOIS,JACKSON,2011-06-27,Flood,1,0.0,0.0,0,0
ILLINOIS,JACKSON,2011-06-28,Flood,1,0.0,0.0,0,0
ILLINOIS,JACKSON,2011-06-29,Flood,1,0.0,0.0,0,0
ILLINOIS,JACKSON,2011-06-30,Flood,1,0.0,0.0,0,0
ILLINOIS,JACKSON,2011-07-01,Flood,1,0.0,0.0,0,0
ILLINOIS,JACKSON,2011-07-02,Flood,1,0.0,0.0,0,0
ILLINOIS,JACKSON,2011-07-03,Flood,1,0.0,0.0,0,0
ILLINOIS,JACKSON,2011-07-04,Flood,1,0.0,0.0,0,0
ILLINOIS,JACKSON,2011-07-05,Flood,1,0.0,0.0,0,0
ILLINOIS,JACKSON,2011-07-06,Flood,1,0.0,0.0,0,0
ILLINOIS,JACKSON,2011-07-07,Flood,1,0.0,0.0,0,0
ILLINOIS,JACKSON,2011-07-08,Flood,1,0.0,0.0,0,0
ILLINOIS,JACKSON,2011-07-09,Flood,1,0.0,0.0,0,0
ILLINOIS,JACKSON,2011-07-10,Excessive Heat,1,0.0,0.0,0,0
ILLINOIS,JACKSON,2011-07-10,Flood,1,0.0,0.0,0,0
ILLINOIS,JACKSON,2011-07-11,Excessive Heat,1,0.0,0.0,0,0
ILLINOIS,JACKSON,2011-07-11,Flood,1,0.0,0.0,0,0
ILLINOIS,JACKSON,2011-07-12,Excessive Heat,1,0.0,0.0,0,0
ILLINOIS,JACKSON,2011-07-12,Flood,1,0.0,0.0,0,0
ILLINOIS,JACKSON,2011-07-13,Flood,1,0.0,0.0,0,0
ILLINOIS,JACKSON,2011-07-14,Flood,1,0.0,0.0,0,0
ILLINOIS,JACKSON,2011-07-15,Flood,1,0.0,0.0,0,0
ILLINOIS,JACKSON,2011-07-16,Flood,1,0.0,0.0,0,0
ILLINOIS,JACKSON,2011-07-17,Flood,1,0.0,0.0,0,0
ILLINOIS,JACKSON,2011-07-18,Flood,1,0.0,0.0,0,0
ILLINOIS,JACKSON,2011-07-19,Excessive Heat,1,0.0,0.0,0,0
ILLINOIS,JACKSON,2011-07-20,Excessive Heat,1,0.0,0.0,0,0
ILLINOIS,JACKSON,2011-07-21,Excessive Heat,1,0.0,0.0,0,0
ILLINOIS,JACKSON,2011-07-22,Excessive Heat,1,0.0,0.0,0,0
ILLINOIS,JACKSON,2011-07-23,Excessive Heat,1,0.0,0.0,0,0
ILLINOIS,JACKSON,2011-07-24,Excessive Heat,1,0.0,0.0,0,0
ILLINOIS,JACKSON,2011-08-03,Excessive Heat,1,0.0,0.0,0,0
ILLINOIS,JACKSON,2011-12-01,Flood,1,2000.0,0.0,0,0
ILLINOIS,JACKSON,2011-12-02,Flood,1,2000.0,0.0,0,0
ILLINOIS,JACKSON,2011-12-03,Flood,1,2000.0,0.0,0,0
ILLINOIS,JACKSON,2011-12-04,Flood,1,2000.0,0.0,0,0
ILLINOIS,JACKSON,2011-12-05,Flood,1,2000.0,0.0,0,0
ILLINOIS,JACKSON,2011-12-06,Flood,1,2000.0,0.0,0,0
ILLINOIS,JACKSON,2011-12-07,Flood,1,2000.0,0.0,0,0
ILLINOIS,JACKSON,2011-12-08,Flood,1,2000.0,0.0,0,0
ILLINOIS,JACKSON,2011-12-09,Flood,1,2000.0,0.0,0,0
ILLINOIS,JACKSON,2011-12-10,Flood,1,2000.0,0.0,0,0
ILLINOIS,JACKSON,2011-12-11,Flood,1,2000.0,0.0,0,0
ILLINOIS,JACKSON,2011-12-12,Flood,1,2000.0,0.0,0,0
ILLINOIS,JACKSON,2012-07-01,Excessive Heat,1,0.0,0.0,0,0
ILLINOIS,JACKSON,2012-07-02,Excessive Heat,1,0.0,0.0,0,0
ILLINOIS,JACKSON,2012-07-03,Excessive Heat,1,0.0,0.0,0,0
ILLINOIS,JACKSON,2012-07-04,Excessive Heat,1,0.0,0.0,0,0
ILLINOIS,JACKSON,2012-07-05,Excessive Heat,1,0.0,0.0,0,0
ILLINOIS,JACKSON,2012-07-06,Excessive Heat,1,0.0,0.0,0,0
ILLINOIS,JACKSON,2012-07-07,Excessive Heat,1,0.0,0.0,0,0
ILLINOIS,JACKSON,2012-07-08,Excessive Heat,1,0.0,0.0,0,0
ILLINOIS,JACKSON,2012-12-26,Winter Storm,1,0.0,0.0,0,0
ILLINOIS,JACKSON,2012-12-28,Winter Storm,1,0.0,0.0,0,0
ILLINOIS,JACKSON,2012-12-29,Winter Storm,1,0.0,0.0,0,0
ILLINOIS,JACKSON,2013-01-17,Flood,1,0.0,0.0,0,0
ILLINOIS,JACKSON,2013-01-18,Flood,1,0.0,0.0,0,0
ILLINOIS,JACKSON,2013-01-19,Flood,1,0.0,0.0,0,0
ILLINOIS,JACKSON,2013-02-21,Winter Storm,1,50000.0,0.0,0,0
ILLINOIS,JACKSON,2013-03-19,Flood,1,0.0,0.0,0,0
ILLINOIS,JACKSON,2013-03-20,Flood,1,0.0,0.0,0,0
ILLINOIS,JACKSON,2013-03-21,Flood,1,0.0,0.0,0,0
ILLINOIS,JACKSON,2013-03-22,Flood,1,0.0,0.0,0,0
ILLINOIS,JACKSON,2013-03-23,Flood,1,0.0,0.0,0,0
ILLINOIS,JACKSON,2013-03-24,Flood,1,0.0,0.0,0,0
ILLINOIS,JACKSON,2013-03-25,Flood,1,0.0,0.0,0,0
ILLINOIS,JACKSON,2013-03-26,Flood,1,0.0,0.0,0,0
ILLINOIS,JACKSON,2013-03-27,Flood,1,0.0,0.0,0,0
ILLINOIS,JACKSON,2013-04-21,Flood,1,0.0,0.0,0,0
ILLINOIS,JACKSON,2013-04-22,Flood,1,0.0,0.0,0,0
ILLINOIS,JACKSON,2013-04-23,Flood,1,0.0,0.0,0,0
ILLINOIS,JACKSON,2013-04-24,Flood,1,0.0,0.0,0,0
ILLINOIS,JACKSON,2013-04-25,Flood,1,0.0,0.0,0,0
ILLINOIS,JACKSON,2013-04-26,Flood,1,0.0,0.0,0,0
ILLINOIS,JACKSON,2013-04-27,Flood,1,0.0,0.0,0,0
ILLINOIS,JACKSON,2013-04-28,Flood,1,0.0,0.0,0,0
ILLINOIS,JACKSON,2013-04-29,Flood,1,0.0,0.0,0,0
ILLINOIS,JACKSON,2013-04-30,Flood,1,0.0,0.0,0,0
ILLINOIS,JACKSON,2013-05-01,Flood,1,0.0,0.0,0,0
ILLINOIS,JACKSON,2013-05-02,Flood,1,0.0,0.0,0,0
ILLINOIS,JACKSON,2013-05-03,Flood,1,0.0,0.0,0,0
ILLINOIS,JACKSON,2013-05-04,Flood,1,0.0,0.0,0,0
ILLINOIS,JACKSON,2013-05-05,Flood,1,0.0,0.0,0,0
ILLINOIS,JACKSON,2013-05-06,Flood,1,0.0,0.0,0,0
ILLINOIS,JACKSON,2013-05-07,Flood,1,0.0,0.0,0,0
ILLINOIS,JACKSON,2013-05-08,Flood,1,0.0,0.0,0,0
ILLINOIS,JACKSON,2013-05-09,Flood,1,0.0,0.0,0,0
ILLINOIS,JACKSON,2013-05-10,Flood,1,0.0,0.0,0,0
ILLINOIS,JACKSON,2013-05-11,Flood,1,0.0,0.0,0,0
ILLINOIS,JACKSON,2013-05-12,Flood,1,0.0,0.0,0,0
ILLINOIS,JACKSON,2013-05-13,Flood,1,0.0,0.0,0,0
ILLINOIS,JACKSON,2013-06-02,Flood,1,10000.0,10000.0,0,0
ILLINOIS,JACKSON,2013-06-03,Flood,1,10000.0,10000.0,0,0
ILLINOIS,JACKSON,2013-06-04,Flood,1,10000.0,10000.0,0,0
ILLINOIS,JACKSON,2013-06-05,Flood,1,10000.0,10000.0,0,0
ILLINOIS,JACKSON,2013-06-06,Flood,1,10000.0,10000.0,0,0
ILLINOIS,JACKSON,2013-06-07,Flood,1,10000.0,10000.0,0,0
ILLINOIS,JACKSON,2013-06-08,Flood,1,10000.0,10000.0,0,0
ILLINOIS,JACKSON,2013-06-09,Flood,1,10000.0,10000.0,0,0
ILLINOIS,JACKSON,2013-06-10,Flood,1,10000.0,10000.0,0,0
ILLINOIS,JACKSON,2013-06-11,Flood,1,10000.0,10000.0,0,0
ILLINOIS,JACKSON,2013-06-12,Flood,1,10000.0,10000.0,0,0
ILLINOIS,JACKSON,2013-06-13,Flood,1,10000.0,10000.0,0,0
ILLINOIS,JACKSON,2013-06-14,Flood,1,10000.0,10000.0,0,0
ILLINOIS,JACKSON,2013-06-15,Flood,1,10000.0,10000.0,0,0
ILLINOIS,JACKSON,2013-06-16,Flood,1,10000.0,10000.0,0,0
ILLINOIS,JACKSON,2013-12-05,Winter Storm,1,0.0,0.0,0,0
ILLINOIS,JACKSON,2013-12-06,Winter Storm,1,0.0,0.0,0,0
ILLINOIS,JACKSON,2013-12-24,Flood,1,2000.0,0.0,0,0
ILLINOIS,JACKSON,2013-12-25,Flood,1,2000.0,0.0,0,0
ILLINOIS,JACKSON,2013-12-26,Flood,1,2000.0,0.0,0,0
ILLINOIS,JACKSON,2013-12-27,Flood,1,2000.0,0.0,0,0
ILLINOIS,JACKSON,2013-12-28,Flood,1,2000.0,0.0,0,0
ILLINOIS,JACKSON,2013-12-29,Flood,1,2000.0,0.0,0,0
ILLINOIS,JACKSON,2013-12-30,Flood,1,2000.0,0.0,0,0
ILLINOIS,JACKSON,2014-01-05,Winter Storm,1,0.0,0.0,0,0
ILLINOIS,JACKSON,2014-02-04,Winter Storm,1,0.0,0.0,0,0
ILLINOIS,JACKSON,2014-03-02,Winter Storm,1,0.0,0.0,0,0
ILLINOIS,JACKSON,2014-03-03,Winter Storm,1,0.0,0.0,0,0
ILLINOIS,JACKSON,2014-04-05,Flood,1,0.0,0.0,0,0
ILLINOIS,JACKSON,2014-04-06,Flood,1,0.0,0.0,0,0
ILLINOIS,JACKSON,2014-04-07,Flood,1,0.0,0.0,0,0
ILLINOIS,JACKSON,2014-04-08,Flood,1,0.0,0.0,0,0
ILLINOIS,JACKSON,2014-04-09,Flood,1,0.0,0.0,0,0
ILLINOIS,JACKSON,2014-04-10,Flood,1,0.0,0.0,0,0
ILLINOIS,JACKSON,2014-04-11,Flood,1,0.0,0.0,0,0
ILLINOIS,JACKSON,2014-04-12,Flood,1,0.0,0.0,0,0
ILLINOIS,JACKSON,2014-04-13,Flood,1,0.0,0.0,0,0
ILLINOIS,JACKSON,2015-02-20,Winter Storm,1,40000.0,0.0,0,0
ILLINOIS,JACKSON,2015-02-21,Winter Storm,1,40000.0,0.0,0,0
ILLINOIS,JACKSON,2015-03-04,Winter Storm,1,0.0,0.0,0,0
ILLINOIS,JACKSON,2015-03-14,Flood,1,0.0,0.0,0,0
ILLINOIS,JACKSON,2015-03-15,Flood,1,0.0,0.0,0,0
ILLINOIS,JACKSON,2015-03-16,Flood,1,0.0,0.0,0,0
ILLINOIS,JACKSON,2015-03-17,Flood,1,0.0,0.0,0,0
ILLINOIS,JACKSON,2015-03-18,Flood,1,0.0,0.0,0,0
ILLINOIS,JACKSON,2015-03-19,Flood,1,0.0,0.0,0,0
ILLINOIS,JACKSON,2015-03-20,Flood,1,0.0,0.0,0,0
ILLINOIS,JACKSON,2015-03-21,Flood,1,0.0,0.0,0,0
ILLINOIS,JACKSON,2015-03-22,Flood,1,0.0,0.0,0,0
ILLINOIS,JACKSON,2015-06-17,Flood,1,3000.0,0.0,0,0
ILLINOIS,JACKSON,2015-06-18,Flood,1,3000.0,0.0,0,0
ILLINOIS,JACKSON,2015-06-19,Flood,1,3000.0,0.0,0,0
ILLINOIS,JACKSON,2015-06-20,Flood,1,3000.0,0.0,0,0
ILLINOIS,JACKSON,2015-06-21,Flood,1,3000.0,0.0,0,0
ILLINOIS,JACKSON,2015-06-22,Flood,1,3000.0,0.0,0,0
ILLINOIS,JACKSON,2015-06-23,Flood,1,3000.0,0.0,0,0
ILLINOIS,JACKSON,2015-06-24,Flood,1,3000.0,0.0,0,0
ILLINOIS,JACKSON,2015-06-25,Flood,1,3000.0,0.0,0,0
ILLINOIS,JACKSON,2015-06-26,Flood,1,3000.0,0.0,0,0
ILLINOIS,JACKSON,2015-06-27,Flood,1,3000.0,0.0,0,0
ILLINOIS,JACKSON,2015-06-28,Flood,1,3000.0,0.0,0,0
ILLINOIS,JACKSON,2015-06-29,Flood,1,3000.0,0.0,0,0
ILLINOIS,JACKSON,2015-06-30,Flood,1,3000.0,0.0,0,0
ILLINOIS,JACKSON,2015-07-01,Flood,1,4000.0,30000.0,0,0
ILLINOIS,JACKSON,2015-07-02,Flood,1,4000.0,30000.0,0,0
ILLINOIS,JACKSON,2015-07-03,Flood,1,4000.0,30000.0,0,0
ILLINOIS,JACKSON,2015-07-04,Flood,1,4000.0,30000.0,0,0
ILLINOIS,JACKSON,2015-07-05,Flood,1,4000.0,30000.0,0,0
ILLINOIS,JACKSON,2015-07-06,Flood,1,4000.0,30000.0,0,0
ILLINOIS,JACKSON,2015-07-07,Flood,1,4000.0,30000.0,0,0
ILLINOIS,JACKSON,2015-07-08,Flood,1,4000.0,30000.0,0,0
ILLINOIS,JACKSON,2015-07-09,Flood,1,4000.0,30000.0,0,0
ILLINOIS,JACKSON,2015-07-10,Flood,1,4000.0,30000.0,0,0
ILLINOIS,JACKSON,2015-07-11,Flood,1,4000.0,30000.0,0,0
ILLINOIS,JACKSON,2015-07-12,Flood,1,4000.0,30000.0,0,0
ILLINOIS,JACKSON,2015-07-13,Flood,1,4000.0,30000.0,0,0
ILLINOIS,JACKSON,2015-07-14,Flood,1,4000.0,30000.0,0,0
ILLINOIS,JACKSON,2015-07-15,Flood,1,4000.0,30000.0,0,0
ILLINOIS,JACKSON,2015-07-16,Flood,1,4000.0,30000.0,0,0
ILLINOIS,JACKSON,2015-07-17,Flood,1,4000.0,30000.0,0,0
ILLINOIS,JACKSON,2015-07-18,Flood,1,4000.0,30000.0,0,0
ILLINOIS,JACKSON,2015-07-19,Flood,1,2000.0,25000.0,0,0
ILLINOIS,JACKSON,2015-07-20,Flood,1,2000.0,25000.0,0,0
ILLINOIS,JACKSON,2015-12-18,Flood,1,0.0,0.0,0,0
ILLINOIS,JACKSON,2015-12-19,Flood,1,0.0,0.0,0,0
ILLINOIS,JACKSON,2015-12-20,Flood,1,0.0,0.0,0,0
ILLINOIS,JACKSON,2015-12-21,Flood,1,0.0,0.0,0,0
ILLINOIS,JACKSON,2015-12-22,Flood,1,0.0,0.0,0,0
ILLINOIS,JACKSON,2015-12-23,Flood,1,0.0,0.0,0,0
ILLINOIS,JACKSON,2015-12-24,Flood,1,0.0,0.0,0,0
ILLINOIS,JACKSON,2015-12-25,Flood,1,0.0,0.0,0,0
ILLINOIS,JACKSON,2015-12-26,Flood,1,0.0,0.0,0,0
ILLINOIS,JACKSON,2015-12-27,Flood,1,0.0,0.0,0,0
ILLINOIS,JACKSON,2015-12-28,Flood,1,0.0,0.0,0,0
ILLINOIS,JACKSON,2015-12-29,Flood,1,0.0,0.0,0,0
ILLINOIS,JACKSON,2015-12-30,Flood,1,0.0,0.0,0,0
ILLINOIS,JACKSON,2015-12-31,Flood,1,0.0,0.0,0,0
ILLINOIS,JACKSON,2016-01-01,Flood,1,1250000.0,0.0,0,0
ILLINOIS,JACKSON,2016-01-02,Flood,1,1250000.0,0.0,0,0
ILLINOIS,JACKSON,2016-01-03,Flood,1,1250000.0,0.0,0,0
ILLINOIS,JACKSON,2016-01-04,Flood,1,1250000.0,0.0,0,0
ILLINOIS,JACKSON,2016-01-05,Flood,1,1250000.0,0.0,0,0
ILLINOIS,JACKSON,2016-01-06,Flood,1,1250000.0,0.0,0,0
ILLINOIS,JACKSON,2016-01-07,Flood,1,1250000.0,0.0,0,0
ILLINOIS,JACKSON,2016-01-08,Flood,1,1250000.0,0.0,0,0
ILLINOIS,JACKSON,2016-01-09,Flood,1,1250000.0,0.0,0,0
ILLINOIS,JACKSON,2016-01-10,Flood,1,1250000.0,0.0,0,0
ILLINOIS,JACKSON,2016-01-11,Flood,1,1250000.0,0.0,0,0
ILLINOIS,JACKSON,2016-01-12,Flood,1,1250000.0,0.0,0,0
ILLINOIS,JACKSON,2016-01-13,Flood,1,1250000.0,0.0,0,0
ILLINOIS,JACKSON,2016-01-14,Flood,1,1250000.0,0.0,0,0
ILLINOIS,JACKSON,2016-01-15,Flood,1,1000000.0,0.0,0,0
ILLINOIS,JACKSON,2016-01-16,Flood,1,1000000.0,0.0,0,0
ILLINOIS,JACKSON,2016-02-24,Winter Storm,1,30000.0,0.0,0,0
ILLINOIS,JACKSON,2016-05-14,Flood,1,0.0,0.0,0,0
ILLINOIS,JACKSON,2016-05-15,Flood,1,0.0,0.0,0,0
ILLINOIS,JACKSON,2016-05-16,Flood,1,0.0,0.0,0,0
ILLINOIS,JACKSON,2016-05-17,Flood,1,0.0,0.0,0,0
ILLINOIS,JACKSON,2016-05-18,Flood,1,0.0,0.0,0,0
ILLINOIS,JACKSON,2016-05-19,Flood,1,0.0,0.0,0,0
ILLINOIS,JACKSON,2016-05-20,Flood,1,0.0,0.0,0,0
ILLINOIS,JACKSON,2016-08-17,Flood,1,0.0,0.0,0,0
ILLINOIS,JACKSON,2016-08-18,Flood,1,0.0,0.0,0,0
ILLINOIS,JACKSON,2016-08-19,Flood,1,0.0,0.0,0,0
ILLINOIS,JACKSON,2016-08-20,Flood,1,0.0,0.0,0,0
ILLINOIS,JACKSON,2016-08-21,Flood,1,0.0,0.0,0,0
ILLINOIS,JACKSON,2016-08-22,Flood,1,0.0,0.0,0,0
ILLINOIS,JACKSON,2016-08-23,Flood,1,0.0,0.0,0,0
ILLINOIS,JACKSON,2016-08-24,Flood,1,0.0,0.0,0,0
ILLINOIS,JACKSON,2016-08-25,Flood,1,0.0,0.0,0,0
ILLINOIS,JACKSON,2017-04-29,Flood,1,0.0,0.0,0,0
ILLINOIS,JACKSON,2017-04-30,Flood,1,0.0,0.0,0,0
ILLINOIS,JACKSON,2017-05-01,Flood,1,75000.0,50000.0,0,0
ILLINOIS,JACKSON,2017-05-02,Flood,1,75000.0,50000.0,0,0
ILLINOIS,JACKSON,2017-05-03,Flood,1,75000.0,50000.0,0,0
ILLINOIS,JACKSON,2017-05-04,Flood,1,75000.0,50000.0,0,0
ILLINOIS,JACKSON,2017-05-05,Flood,1,75000.0,50000.0,0,0
ILLINOIS,JACKSON,2017-05-06,Flood,1,75000.0,50000.0,0,0
ILLINOIS,JACKSON,2017-05-07,Flood,1,75000.0,50000.0,0,0
ILLINOIS,JACKSON,2017-05-08,Flood,1,75000.0,50000.0,0,0
ILLINOIS,JACKSON,2017-05-09,Flood,1,75000.0,50000.0,0,0
ILLINOIS,JACKSON,2017-05-10,Flood,1,75000.0,50000.0,0,0
ILLINOIS,JACKSON,2017-05-11,Flood,1,75000.0,50000.0,0,0
ILLINOIS,JACKSON,2017-05-12,Flood,1,75000.0,50000.0,0,0
ILLINOIS,JACKSON,2017-05-13,Flood,1,75000.0,50000.0,0,0
ILLINOIS,JACKSON,2017-05-14,Flood,1,75000.0,50000.0,0,0
ILLINOIS,JACKSON,2017-05-15,Flood,1,75000.0,50000.0,0,0
ILLINOIS,JACKSON,2017-05-16,Flood,1,75000.0,50000.0,0,0
ILLINOIS,JACKSON,2017-05-17,Flood,1,75000.0,50000.0,0,0
ILLINOIS,JACKSON,2017-05-18,Flood,1,75000.0,50000.0,0,0
ILLINOIS,JACKSON,2017-05-19,Flood,1,75000.0,50000.0,0,0
ILLINOIS,JACKSON,2017-05-20,Flood,1,75000.0,50000.0,0,0
ILLINOIS,JACKSON,2017-05-21,Flood,1,75000.0,50000.0,0,0
ILLINOIS,JACKSON,2017-05-22,Flood,1,75000.0,50000.0,0,0
ILLINOIS,JACKSON,2017-05-23,Flood,1,75000.0,0.0,0,0
ILLINOIS,JACKSON,2017-05-24,Flood,1,75000.0,0.0,0,0
ILLINOIS,JACKSON,2017-05-25,Flood,1,75000.0,0.0,0,0
ILLINOIS,JACKSON,2017-05-26,Flood,1,75000.0,0.0,0,0
ILLINOIS,JACKSON,2017-05-27,Flood,1,75000.0,0.0,0,0
ILLINOIS,JACKSON,2017-05-28,Flood,1,75000.0,0.0,0,0
ILLINOIS,JACKSON,2017-07-19,Excessive Heat,1,0.0,0.0,0,0
ILLINOIS,JACKSON,2017-07-20,Excessive Heat,1,0.0,0.0,0,0
ILLINOIS,JACKSON,2017-07-21,Excessive Heat,1,0.0,0.0,0,0
ILLINOIS,JACKSON,2017-07-22,Excessive Heat,1,0.0,0.0,0,0
ILLINOIS,JACKSON,2018-01-11,Winter Storm,1,0.0,0.0,0,0
ILLINOIS,JACKSON,2018-01-12,Winter Storm,1,0.0,0.0,0,0
ILLINOIS,JACKSON,2018-02-21,Flood,1,30000.0,0.0,0,0
ILLINOIS,JACKSON,2018-02-25,Flood,1,0.0,0.0,0,0
ILLINOIS,JACKSON,2018-02-26,Flood,1,0.0,0.0,0,0
ILLINOIS,JACKSON,2018-02-27,Flood,1,0.0,0.0,0,0
ILLINOIS,JACKSON,2018-02-28,Flood,1,0.0,0.0,0,0
ILLINOIS,JACKSON,2018-03-01,Flood,1,5000.0,0.0,0,0
ILLINOIS,JACKSON,2018-03-02,Flood,1,5000.0,0.0,0,0
ILLINOIS,JACKSON,2018-03-03,Flood,1,5000.0,0.0,0,0
ILLINOIS,JACKSON,2018-03-04,Flood,1,5000.0,0.0,0,0
ILLINOIS,JACKSON,2018-03-05,Flood,1,5000.0,0.0,0,0
ILLINOIS,JACKSON,2018-03-06,Flood,1,5000.0,0.0,0,0
ILLINOIS,JACKSON,2018-03-07,Flood,1,5000.0,0.0,0,0
ILLINOIS,JACKSON,2018-03-08,Flood,1,5000.0,0.0,0,0
ILLINOIS,JACKSON,2018-03-29,Flood,1,0.0,0.0,0,0
ILLINOIS,JACKSON,2018-03-30,Flood,1,0.0,0.0,0,0
ILLINOIS,JACKSON,2018-03-31,Flood,1,0.0,0.0,0,0
ILLINOIS,JACKSON,2018-04-01,Flood,1,5000.0,0.0,0,0
ILLINOIS,JACKSON,2018-04-02,Flood,1,5000.0,0.0,0,0
ILLINOIS,JACKSON,2018-04-03,Flood,1,5000.0,0.0,0,0
ILLINOIS,JACKSON,2018-04-04,Flood,1,5000.0,0.0,0,0
ILLINOIS,JACKSON,2018-04-05,Flood,1,5000.0,0.0,0,0
ILLINOIS,JACKSON,2018-04-06,Flood,1,5000.0,0.0,0,0
ILLINOIS,JACKSON,2018-04-07,Flood,1,5000.0,0.0,0,0
ILLINOIS,JACKSON,2018-04-08,Flood,1,5000.0,0.0,0,0
ILLINOIS,JACKSON,2018-04-09,Flood,1,5000.0,0.0,0,0
ILLINOIS,JACKSON,2018-04-10,Flood,1,5000.0,0.0,0,0
ILLINOIS,JACKSON,2018-04-11,Flood,1,5000.0,0.0,0,0
ILLINOIS,JACKSON,2018-07-05,Excessive Heat,1,0.0,0.0,0,0
ILLINOIS,JACKSON,2018-07-14,Excessive Heat,1,0.0,0.0,0,0
ILLINOIS,JACKSON,2018-09-13,Flood,1,0.0,5000.0,0,0
ILLINOIS,JACKSON,2018-09-14,Flood,1,0.0,5000.0,0,0
ILLINOIS,JACKSON,2018-12-18,Flood,1,0.0,0.0,0,0
ILLINOIS,JACKSON,2018-12-19,Flood,1,0.0,0.0,0,0
ILLINOIS,JACKSON,2018-12-20,Flood,1,0.0,0.0,0,0
ILLINOIS,JACKSON,2018-12-21,Flood,1,0.0,0.0,0,0
ILLINOIS,JACKSON,2018-12-22,Flood,1,0.0,0.0,0,0
ILLINOIS,JACKSON,2019-01-24,Flood,1,0.0,0.0,0,0
ILLINOIS,JACKSON,2019-01-25,Flood,1,0.0,0.0,0,0
ILLINOIS,JACKSON,2019-01-26,Flood,1,0.0,0.0,0,0
ILLINOIS,JACKSON,2019-01-27,Flood,1,0.0,0.0,0,0
ILLINOIS,JACKSON,2019-01-28,Flood,1,0.0,0.0,0,0
ILLINOIS,JACKSON,2019-01-29,Flood,1,0.0,0.0,0,0
ILLINOIS,JACKSON,2019-02-07,Flood,1,0.0,0.0,0,0
ILLINOIS,JACKSON,2019-02-08,Flood,1,0.0,0.0,0,0
ILLINOIS,JACKSON,2019-02-09,Flood,1,0.0,0.0,0,0
ILLINOIS,JACKSON,2019-02-10,Flood,1,0.0,0.0,0,0
ILLINOIS,JACKSON,2019-02-11,Flood,1,0.0,0.0,0,0
ILLINOIS,JACKSON,2019-02-12,Flood,1,0.0,0.0,0,0
ILLINOIS,JACKSON,2019-02-13,Flood,1,0.0,0.0,0,0
ILLINOIS,JACKSON,2019-02-14,Flood,1,0.0,0.0,0,0
ILLINOIS,JACKSON,2019-02-15,Flood,1,0.0,0.0,0,0
ILLINOIS,JACKSON,2019-02-15,Winter Storm,1,0.0,0.0,0,0
ILLINOIS,JACKSON,2019-02-16,Flood,1,0.0,0.0,0,0
ILLINOIS,JACKSON,2019-02-17,Flood,1,0.0,0.0,0,0
ILLINOIS,JACKSON,2019-02-18,Flood,1,0.0,0.0,0,0
ILLINOIS,JACKSON,2019-02-19,Flood,1,0.0,0.0,0,0
ILLINOIS,JACKSON,2019-02-20,Flood,1,0.0,0.0,0,0
ILLINOIS,JACKSON,2019-02-21,Flood,1,0.0,0.0,0,0
ILLINOIS,JACKSON,2019-02-22,Flood,1,0.0,0.0,0,0
ILLINOIS,JACKSON,2019-02-23,Flood,1,0.0,0.0,0,0
ILLINOIS,JACKSON,2019-02-24,Flood,1,0.0,0.0,0,0
ILLINOIS,JACKSON,2019-02-25,Flood,1,0.0,0.0,0,0
ILLINOIS,JACKSON,2019-03-15,Flood,1,0.0,0.0,0,0
ILLINOIS,JACKSON,2019-03-16,Flood,1,0.0,0.0,0,0
ILLINOIS,JACKSON,2019-03-17,Flood,1,0.0,0.0,0,0
ILLINOIS,JACKSON,2019-03-18,Flood,1,0.0,0.0,0,0
ILLINOIS,JACKSON,2019-03-19,Flood,1,0.0,0.0,0,0
ILLINOIS,JACKSON,2019-03-20,Flood,1,0.0,0.0,0,0
ILLINOIS,JACKSON,2019-03-21,Flood,1,0.0,0.0,0,0
ILLINOIS,JACKSON,2019-03-22,Flood,1,0.0,0.0,0,0
ILLINOIS,JACKSON,2019-03-23,Flood,1,0.0,0.0,0,0
ILLINOIS,JACKSON,2019-03-24,Flood,1,0.0,0.0,0,0
ILLINOIS,JACKSON,2019-03-25,Flood,1,0.0,0.0,0,0
ILLINOIS,JACKSON,2019-03-26,Flood,1,0.0,0.0,0,0
ILLINOIS,JACKSON,2019-03-27,Flood,1,0.0,0.0,0,0
ILLINOIS,JACKSON,2019-03-28,Flood,1,0.0,0.0,0,0
ILLINOIS,JACKSON,2019-03-29,Flood,1,0.0,0.0,0,0
ILLINOIS,JACKSON,2019-03-30,Flood,1,0.0,0.0,0,0
ILLINOIS,JACKSON,2019-03-31,Flood,1,0.0,0.0,0,0
ILLINOIS,JACKSON,2019-04-01,Flood,1,0.0,0.0,0,0
ILLINOIS,JACKSON,2019-04-02,Flood,1,0.0,0.0,0,0
ILLINOIS,JACKSON,2019-04-03,Flood,1,0.0,0.0,0,0
ILLINOIS,JACKSON,2019-04-04,Flood,1,0.0,0.0,0,0
ILLINOIS,JACKSON,2019-04-05,Flood,1,0.0,0.0,0,0
ILLINOIS,JACKSON,2019-04-06,Flood,1,0.0,0.0,0,0
ILLINOIS,JACKSON,2019-04-07,Flood,1,0.0,0.0,0,0
ILLINOIS,JACKSON,2019-04-08,Flood,1,0.0,0.0,0,0
ILLINOIS,JACKSON,2019-04-09,Flood,1,0.0,0.0,0,0
ILLINOIS,JACKSON,2019-04-10,Flood,1,0.0,0.0,0,0
ILLINOIS,JACKSON,2019-04-11,Flood,1,0.0,0.0,0,0
ILLINOIS,JACKSON,2019-04-12,Flood,1,0.0,0.0,0,0
ILLINOIS,JACKSON,2019-04-13,Flood,1,0.0,0.0,0,0
ILLINOIS,JACKSON,2019-04-14,Flood,1,0.0,0.0,0,0
ILLINOIS,JACKSON,2019-04-15,Flood,1,0.0,0.0,0,0
ILLINOIS,JACKSON,2019-04-16,Flood,1,0.0,0.0,0,0
ILLINOIS,JACKSON,2019-04-17,Flood,1,0.0,0.0,0,0
ILLINOIS,JACKSON,2019-04-18,Flood,1,0.0,0.0,0,0
ILLINOIS,JACKSON,2019-04-19,Flood,1,0.0,0.0,0,0
ILLINOIS,JACKSON,2019-04-20,Flood,1,0.0,0.0,0,0
ILLINOIS,JACKSON,2019-04-21,Flood,1,0.0,0.0,0,0
ILLINOIS,JACKSON,2019-04-22,Flood,1,0.0,0.0,0,0
ILLINOIS,JACKSON,2019-04-23,Flood,1,0.0,0.0,0,0
ILLINOIS,JACKSON,2019-04-24,Flood,1,0.0,0.0,0,0
ILLINOIS,JACKSON,2019-04-25,Flood,1,0.0,0.0,0,0
ILLINOIS,JACKSON,2019-04-26,Flood,1,0.0,0.0,0,0
ILLINOIS,JACKSON,2019-04-27,Flood,1,0.0,0.0,0,0
ILLINOIS,JACKSON,2019-04-28,Flood,1,0.0,0.0,0,0
ILLINOIS,JACKSON,2019-04-29,Flood,1,0.0,0.0,0,0
ILLINOIS,JACKSON,2019-04-30,Flood,1,0.0,0.0,0,0
ILLINOIS,JACKSON,2019-05-01,Flood,1,50000.0,0.0,0,0
ILLINOIS,JACKSON,2019-05-02,Flood,1,50000.0,0.0,0,0
ILLINOIS,JACKSON,2019-05-03,Flood,1,50000.0,0.0,0,0
ILLINOIS,JACKSON,2019-05-04,Flood,1,50000.0,0.0,0,0
ILLINOIS,JACKSON,2019-05-05,Flood,1,50000.0,0.0,0,0
ILLINOIS,JACKSON,2019-05-06,Flood,1,50000.0,0.0,0,0
ILLINOIS,JACKSON,2019-05-07,Flood,1,50000.0,0.0,0,0
ILLINOIS,JACKSON,2019-05-08,Flood,1,50000.0,0.0,0,0
ILLINOIS,JACKSON,2019-05-09,Flood,1,50000.0,0.0,0,0
ILLINOIS,JACKSON,2019-05-10,Flood,1,50000.0,0.0,0,0
ILLINOIS,JACKSON,2019-05-11,Flood,1,50000.0,0.0,0,0
ILLINOIS,JACKSON,2019-05-12,Flood,1,50000.0,0.0,0,0
ILLINOIS,JACKSON,2019-05-13,Flood,1,50000.0,0.0,0,0
ILLINOIS,JACKSON,2019-05-14,Flood,1,50000.0,0.0,0,0
ILLINOIS,JACKSON,2019-05-15,Flood,1,50000.0,0.0,0,0
ILLINOIS,JACKSON,2019-05-16,Flood,1,50000.0,0.0,0,0
ILLINOIS,JACKSON,2019-05-17,Flood,1,50000.0,0.0,0,0
ILLINOIS,JACKSON,2019-05-18,Flood,1,50000.0,0.0,0,0
ILLINOIS,JACKSON,2019-05-19,Flood,1,50000.0,0.0,0,0
ILLINOIS,JACKSON,2019-05-20,Flood,1,50000.0,0.0,0,0
ILLINOIS,JACKSON,2019-05-21,Flood,1,50000.0,0.0,0,0
ILLINOIS,JACKSON,2019-05-22,Flood,1,50000.0,0.0,0,0
ILLINOIS,JACKSON,2019-05-23,Flood,1,50000.0,0.0,0,0
ILLINOIS,JACKSON,2019-05-24,Flood,1,50000.0,0.0,0,0
ILLINOIS,JACKSON,2019-05-25,Flood,1,50000.0,0.0,0,0
ILLINOIS,JACKSON,2019-05-26,Flood,1,50000.0,0.0,0,0
ILLINOIS,JACKSON,2019-05-27,Flood,1,50000.0,0.0,0,0
ILLINOIS,JACKSON,2019-05-28,Flood,1,50000.0,0.0,0,0
ILLINOIS,JACKSON,2019-05-29,Flood,1,50000.0,0.0,0,0
ILLINOIS,JACKSON,2019-05-30,Flood,1,50000.0,0.0,0,0
ILLINOIS,JACKSON,2019-05-31,Flood,1,50000.0,0.0,0,0
ILLINOIS,JACKSON,2019-06-01,Flood,1,150000.0,100000.0,0,0
ILLINOIS,JACKSON,2019-06-02,Flood,1,150000.0,100000.0,0,0
ILLINOIS,JACKSON,2019-06-03,Flood,1,150000.0,100000.0,0,0
ILLINOIS,JACKSON,2019-06-04,Flood,1,150000.0,100000.0,0,0
ILLINOIS,JACKSON,2019-06-05,Flood,1,150000.0,100000.0,0,0
ILLINOIS,JACKSON,2019-06-06,Flood,1,150000.0,100000.0,0,0
ILLINOIS,JACKSON,2019-06-07,Flood,1,150000.0,100000.0,0,0
ILLINOIS,JACKSON,2019-06-08,Flood,1,150000.0,100000.0,0,0
ILLINOIS,JACKSON,2019-06-09,Flood,1,150000.0,100000.0,0,0
ILLINOIS,JACKSON,2019-06-10,Flood,1,150000.0,100000.0,0,0
ILLINOIS,JACKSON,2019-06-11,Flood,1,150000.0,100000.0,0,0
ILLINOIS,JACKSON,2019-06-12,Flood,1,150000.0,100000.0,0,0
ILLINOIS,JACKSON,2019-06-13,Flood,1,150000.0,100000.0,0,0
ILLINOIS,JACKSON,2019-06-14,Flood,1,150000.0,100000.0,0,0
ILLINOIS,JACKSON,2019-06-15,Flood,1,150000.0,100000.0,0,0
ILLINOIS,JACKSON,2019-06-16,Flood,1,150000.0,100000.0,0,0
ILLINOIS,JACKSON,2019-06-17,Flood,1,150000.0,100000.0,0,0
ILLINOIS,JACKSON,2019-06-18,Flood,1,150000.0,100000.0,0,0
ILLINOIS,JACKSON,2019-06-19,Flood,1,150000.0,100000.0,0,0
ILLINOIS,JACKSON,2019-06-20,Flood,1,150000.0,100000.0,0,0
ILLINOIS,JACKSON,2019-06-21,Flood,1,150000.0,100000.0,0,0
ILLINOIS,JACKSON,2019-06-22,Flood,1,150000.0,100000.0,0,0
ILLINOIS,JACKSON,2019-06-23,Flood,1,150000.0,100000.0,0,0
ILLINOIS,JACKSON,2019-06-24,Flood,1,150000.0,100000.0,0,0
ILLINOIS,JACKSON,2019-06-25,Flood,1,150000.0,100000.0,0,0
ILLINOIS,JACKSON,2019-06-26,Flood,1,150000.0,100000.0,0,0
ILLINOIS,JACKSON,2019-06-27,Flood,1,150000.0,100000.0,0,0
ILLINOIS,JACKSON,2019-06-28,Flood,1,150000.0,100000.0,0,0
ILLINOIS,JACKSON,2019-06-29,Flood,1,150000.0,100000.0,0,0
ILLINOIS,JACKSON,2019-06-30,Flood,1,150000.0,100000.0,0,0
ILLINOIS,JACKSON,2019-07-01,Flood,1,60000.0,550000.0,0,0
ILLINOIS,JACKSON,2019-07-02,Flood,1,60000.0,550000.0,0,0
ILLINOIS,JACKSON,2019-07-03,Flood,1,60000.0,550000.0,0,0
ILLINOIS,JACKSON,2019-07-04,Flood,1,60000.0,550000.0,0,0
ILLINOIS,JACKSON,2019-07-05,Flood,1,60000.0,550000.0,0,0
ILLINOIS,JACKSON,2019-07-06,Flood,1,60000.0,550000.0,0,0
ILLINOIS,JACKSON,2019-07-07,Flood,1,60000.0,550000.0,0,0
ILLINOIS,JACKSON,2019-07-08,Flood,1,60000.0,550000.0,0,0
ILLINOIS,JACKSON,2019-07-09,Flood,1,60000.0,550000.0,0,0
ILLINOIS,JACKSON,2019-07-10,Flood,1,60000.0,550000.0,0,0
ILLINOIS,JACKSON,2019-07-11,Flood,1,60000.0,550000.0,0,0
ILLINOIS,JACKSON,2019-07-12,Flood,1,50000.0,500000.0,0,0
ILLINOIS,JACKSON,2019-07-13,Flood,1,50000.0,500000.0,0,0
ILLINOIS,JACKSON,2019-07-14,Flood,1,50000.0,500000.0,0,0
ILLINOIS,JACKSON,2019-07-15,Flood,1,50000.0,500000.0,0,0
ILLINOIS,JACKSON,2019-07-16,Flood,1,50000.0,500000.0,0,0
ILLINOIS,JACKSON,2019-07-17,Flood,1,50000.0,500000.0,0,0
ILLINOIS,JACKSON,2019-07-18,Excessive Heat,1,0.0,0.0,0,0
ILLINOIS,JACKSON,2019-07-18,Flood,1,50000.0,500000.0,0,0
ILLINOIS,JACKSON,2019-07-19,Excessive Heat,1,0.0,0.0,0,0
ILLINOIS,JACKSON,2019-07-19,Flood,1,50000.0,500000.0,0,0
ILLINOIS,JACKSON,2019-07-20,Excessive Heat,1,0.0,0.0,0,0
ILLINOIS,JACKSON,2019-07-20,Flood,1,50000.0,500000.0,0,0
ILLINOIS,JACKSON,2019-07-21,Excessive Heat,1,0.0,0.0,0,0
ILLINOIS,JACKSON,2020-01-12,Flood,1,0.0,0.0,0,0
ILLINOIS,JACKSON,2020-01-13,Flood,1,0.0,0.0,0,0
ILLINOIS,JACKSON,2020-01-14,Flood,1,0.0,0.0,0,0
ILLINOIS,JACKSON,2020-01-15,Flood,1,0.0,0.0,0,0
ILLINOIS,JACKSON,2020-01-16,Flood,1,0.0,0.0,0,0
ILLINOIS,JACKSON,2020-01-17,Flood,1,0.0,0.0,0,0
ILLINOIS,JACKSON,2020-01-18,Flood,1,0.0,0.0,0,0
ILLINOIS,JACKSON,2020-01-19,Flood,1,0.0,0.0,0,0
ILLINOIS,JACKSON,2020-01-20,Flood,1,0.0,0.0,0,0
ILLINOIS,JACKSON,2020-01-21,Flood,1,0.0,0.0,0,0
ILLINOIS,JACKSON,2020-01-22,Flood,1,0.0,0.0,0,0
ILLINOIS,JACKSON,2020-01-23,Flood,1,0.0,0.0,0,0
ILLINOIS,JACKSON,2020-01-24,Flood,1,0.0,0.0,0,0
ILLINOIS,JACKSON,2020-01-25,Flood,1,0.0,0.0,0,0
ILLINOIS,JACKSON,2020-03-20,Flood,1,5000.0,0.0,0,0
ILLINOIS,JACKSON,2020-03-21,Flood,1,5000.0,0.0,0,0
ILLINOIS,JACKSON,2020-03-22,Flood,1,5000.0,0.0,0,0
ILLINOIS,JACKSON,2020-03-23,Flood,1,5000.0,0.0,0,0
ILLINOIS,JACKSON,2020-03-24,Flood,1,5000.0,0.0,0,0
ILLINOIS,JACKSON,2020-03-25,Flood,1,5000.0,0.0,0,0
ILLINOIS,JACKSON,2020-03-26,Flood,1,5000.0,0.0,0,0
ILLINOIS,JACKSON,2020-03-27,Flood,1,5000.0,0.0,0,0
ILLINOIS,JACKSON,2020-03-28,Flood,1,5000.0,0.0,0,0
ILLINOIS,JACKSON,2020-03-29,Flood,1,5000.0,0.0,0,0
ILLINOIS,JACKSON,2020-03-30,Flood,1,5000.0,0.0,0,0
ILLINOIS,JACKSON,2020-03-31,Flood,1,5000.0,0.0,0,0
ILLINOIS,JACKSON,2020-04-01,Flood,1,0.0,0.0,0,0
ILLINOIS,JACKSON,2020-04-02,Flood,1,0.0,0.0,0,0
ILLINOIS,JACKSON,2020-04-03,Flood,1,0.0,0.0,0,0
ILLINOIS,JACKSON,2020-04-04,Flood,1,0.0,0.0,0,0
ILLINOIS,JACKSON,2020-09-12,Flood,1,0.0,0.0,0,0
ILLINOIS,JACKSON,2021-02-14,Winter Storm,1,0.0,0.0,0,0
ILLINOIS,JACKSON,2021-02-15,Winter Storm,1,0.0,0.0,0,0
ILLINOIS,JACKSON,2021-03-15,Flood,1,6000.0,0.0,0,0
ILLINOIS,JACKSON,2021-03-16,Flood,1,6000.0,0.0,0,0
ILLINOIS,JACKSON,2021-03-17,Flood,1,6000.0,0.0,0,0
ILLINOIS,JACKSON,2021-03-18,Flood,1,6000.0,0.0,0,0
ILLINOIS,JACKSON,2021-03-19,Flood,1,6000.0,0.0,0,0
ILLINOIS,JACKSON,2021-03-20,Flood,1,6000.0,0.0,0,0
ILLINOIS,JACKSON,2021-03-21,Flood,1,6000.0,0.0,0,0
ILLINOIS,JACKSON,2021-03-22,Flood,1,6000.0,0.0,0,0
ILLINOIS,JACKSON,2021-03-23,Flood,1,6000.0,0.0,0,0
ILLINOIS,JACKSON,2021-03-24,Flood,1,6000.0,0.0,0,0
ILLINOIS,JACKSON,2021-03-25,Flood,1,6000.0,0.0,0,0
ILLINOIS,JACKSON,2021-03-26,Flood,1,6000.0,0.0,0,0
ILLINOIS,JACKSON,2021-03-27,Flood,1,6000.0,0.0,0,0
ILLINOIS,JACKSON,2021-03-28,Flood,1,6000.0,0.0,0,0
ILLINOIS,JACKSON,2021-03-29,Flood,1,6000.0,0.0,0,0
ILLINOIS,JACKSON,2021-03-30,Flood,1,6000.0,0.0,0,0
ILLINOIS,JACKSON,2021-03-31,Flood,1,6000.0,0.0,0,0
ILLINOIS,JACKSON,2021-04-01,Flood,1,0.0,0.0,0,0
ILLINOIS,JACKSON,2021-07-16,Flood,1,0.0,0.0,0,0
ILLINOIS,JACKSON,2021-07-19,Flood,1,0.0,0.0,0,0
ILLINOIS,JACKSON,2021-07-20,Flood,1,0.0,0.0,0,0
ILLINOIS,JACKSON,2021-07-21,Flood,1,0.0,0.0,0,0
ILLINOIS,JACKSON,2021-07-22,Flood,1,0.0,0.0,0,0
ILLINOIS,JACKSON,2021-07-23,Flood,1,0.0,0.0,0,0
ILLINOIS,JACKSON,2021-07-24,Flood,1,0.0,0.0,0,0
ILLINOIS,JACKSON,2022-02-02,Winter Storm,1,0.0,0.0,0,0
ILLINOIS,JACKSON,2022-02-03,Winter Storm,1,0.0,0.0,0,0
ILLINOIS,JACKSON,2022-02-22,Flood,1,0.0,0.0,0,0
ILLINOIS,JACKSON,2022-02-23,Flood,1,0.0,0.0,0,0
ILLINOIS,JACKSON,2022-02-23,Winter Storm,1,10000.0,0.0,0,0
ILLINOIS,JACKSON,2022-02-24,Flood,1,0.0,0.0,0,0
ILLINOIS,JACKSON,2022-02-24,Winter Storm,1,10000.0,0.0,0,0
ILLINOIS,JACKSON,2022-02-25,Flood,1,0.0,0.0,0,0
ILLINOIS,JACKSON,2022-02-26,Flood,1,0.0,0.0,0,0
ILLINOIS,JACKSON,2022-02-27,Flood,1,0.0,0.0,0,0
ILLINOIS,JACKSON,2022-02-28,Flood,1,0.0,0.0,0,0
ILLINOIS,JACKSON,2022-03-01,Flood,1,0.0,0.0,0,0
ILLINOIS,JACKSON,2022-06-12,Excessive Heat,1,0.0,0.0,0,0
ILLINOIS,JACKSON,2022-06-13,Excessive Heat,1,0.0,0.0,0,0
ILLINOIS,JACKSON,2022-06-14,Excessive Heat,1,0.0,0.0,0,0
ILLINOIS,JACKSON,2022-06-15,Excessive Heat,1,0.0,0.0,0,0
ILLINOIS,JACKSON,2022-06-16,Excessive Heat,1,0.0,0.0,0,0
ILLINOIS,JACKSON,2022-07-04,Excessive Heat,1,0.0,0.0,0,0
ILLINOIS,JACKSON,2022-07-05,Excessive Heat,1,0.0,0.0,0,0
ILLINOIS,JACKSON,2022-07-06,Excessive Heat,1,0.0,0.0,0,0
ILLINOIS,JACKSON,2022-07-07,Excessive Heat,1,0.0,0.0,0,0
ILLINOIS,JACKSON,2022-07-08,Excessive Heat,1,0.0,0.0,0,0
ILLINOIS,JACKSON,2022-07-20,Excessive Heat,1,0.0,0.0,0,0
ILLINOIS,JACKSON,2022-07-22,Excessive Heat,1,0.0,0.0,0,0
ILLINOIS,JACKSON,2022-07-23,Excessive Heat,1,0.0,0.0,0,0
ILLINOIS,JACKSON,2022-07-24,Excessive Heat,1,0.0,0.0,0,0
ILLINOIS,JACKSON,2023-01-18,Flood,1,0.0,0.0,0,0
ILLINOIS,JACKSON,2023-01-30,Winter Storm,1,0.0,0.0,0,0
ILLINOIS,JACKSON,2023-01-31,Winter Storm,1,0.0,0.0,0,0
ILLINOIS,JACKSON,2023-03-05,Flood,1,0.0,0.0,0,0
ILLINOIS,JACKSON,2023-03-06,Flood,1,0.0,0.0,0,0
ILLINOIS,JACKSON,2023-03-07,Flood,1,0.0,0.0,0,0
ILLINOIS,JACKSON,2023-03-08,Flood,1,0.0,0.0,0,0
ILLINOIS,JACKSON,2023-03-09,Flood,1,0.0,0.0,0,0
ILLINOIS,JACKSON,2023-03-10,Flood,1,0.0,0.0,0,0
ILLINOIS,JACKSON,2023-03-11,Flood,1,0.0,0.0,0,0
ILLINOIS,JACKSON,2023-03-26,Flood,1,0.0,0.0,0,0
ILLINOIS,JACKSON,2023-03-27,Flood,1,0.0,0.0,0,0
ILLINOIS,JACKSON,2023-03-28,Flood,1,0.0,0.0,0,0
ILLINOIS,JACKSON,2023-03-29,Flood,1,0.0,0.0,0,0
ILLINOIS,JACKSON,2023-03-30,Flood,1,0.0,0.0,0,0
ILLINOIS,JACKSON,2023-03-31,Flood,1,0.0,0.0,0,0
ILLINOIS,JACKSON,2023-04-01,Flood,1,0.0,0.0,0,0
ILLINOIS,JACKSON,2023-04-02,Flood,1,0.0,0.0,0,0
ILLINOIS,JACKSON,2023-04-03,Flood,1,0.0,0.0,0,0
ILLINOIS,JACKSON,2023-06-29,Excessive Heat,1,0.0,0.0,0,0
ILLINOIS,JACKSON,2023-06-30,Excessive Heat,1,0.0,0.0,0,0
ILLINOIS,JACKSON,2023-07-27,Excessive Heat,1,0.0,0.0,0,0
ILLINOIS,JACKSON,2023-07-28,Excessive Heat,1,0.0,0.0,0,0
ILLINOIS,JACKSON,2023-08-20,Excessive Heat,1,0.0,0.0,0,0
ILLINOIS,JACKSON,2023-08-21,Excessive Heat,1,0.0,0.0,0,0
ILLINOIS,JACKSON,2023-08-22,Excessive Heat,1,0.0,0.0,0,0
ILLINOIS,JACKSON,2023-08-23,Excessive Heat,1,0.0,0.0,0,0
ILLINOIS,JACKSON,2023-08-24,Excessive Heat,1,0.0,0.0,0,0
ILLINOIS,JACKSON,2023-08-25,Excessive Heat,1,0.0,0.0,0,0
ILLINOIS,JACKSON,2024-05-10,Flood,1,0.0,0.0,0,0
ILLINOIS,JACKSON,2024-05-11,Flood,1,0.0,0.0,0,0
ILLINOIS,JACKSON,2024-05-12,Flood,1,0.0,0.0,0,0
ILLINOIS,JACKSON,2024-05-13,Flood,1,0.0,0.0,0,0
ILLINOIS,JACKSON,2024-05-14,Flood,1,0.0,0.0,0,0
ILLINOIS,JACKSON,2024-05-15,Flood,1,0.0,0.0,0,0
ILLINOIS,JACKSON,2024-07-13,Flood,1,0.0,0.0,0,0
ILLINOIS,JACKSON,2024-07-31,Excessive Heat,1,0.0,0.0,0,0
ILLINOIS,JACKSON,2024-09-23,Flood,1,0.0,0.0,0,0
ILLINOIS,JACKSON,2025-07-22,Excessive Heat,1,0.0,0.0,0,0
ILLINOIS,JACKSON,2025-07-23,Excessive Heat,1,0.0,0.0,0,0
ILLINOIS,JACKSON,2025-07-24,Excessive Heat,1,0.0,0.0,0,0
ILLINOIS,JACKSON,2025-07-25,Excessive Heat,1,0.0,0.0,0,0
ILLINOIS,JACKSON,2025-07-26,Excessive Heat,1,0.0,0.0,0,0
ILLINOIS,JACKSON,2025-07-27,Excessive Heat,1,0.0,0.0,0,0
ILLINOIS,JACKSON,2025-07-28,Excessive Heat,1,0.0,0.0,0,0
ILLINOIS,JACKSON,2025-07-29,Excessive Heat,1,0.0,0.0,0,0
ILLINOIS,JACKSON,2025-07-30,Excessive Heat,1,0.0,0.0,0,0
ILLINOIS,JASPER,2010-08-03,Excessive Heat,1,0.0,0.0,0,0
ILLINOIS,JASPER,2010-08-04,Excessive Heat,1,0.0,0.0,0,0
ILLINOIS,JASPER,2010-08-09,Excessive Heat,1,0.0,0.0,0,0
ILLINOIS,JASPER,2010-08-10,Excessive Heat,1,0.0,0.0,0,0
ILLINOIS,JASPER,2010-08-11,Excessive Heat,1,0.0,0.0,0,0
ILLINOIS,JASPER,2010-08-12,Excessive Heat,1,0.0,0.0,0,0
ILLINOIS,JASPER,2010-08-13,Excessive Heat,1,0.0,0.0,0,0
ILLINOIS,JASPER,2010-08-14,Excessive Heat,1,0.0,0.0,0,0
ILLINOIS,JASPER,2012-06-29,Excessive Heat,1,0.0,0.0,0,0
ILLINOIS,JASPER,2012-06-30,Excessive Heat,1,0.0,0.0,0,0
ILLINOIS,JASPER,2012-07-01,Excessive Heat,1,0.0,0.0,0,0
ILLINOIS,JASPER,2012-07-02,Excessive Heat,1,0.0,0.0,0,0
ILLINOIS,JASPER,2012-07-03,Excessive Heat,1,0.0,0.0,0,0
ILLINOIS,JASPER,2012-07-04,Excessive Heat,1,0.0,0.0,0,0
ILLINOIS,JASPER,2012-07-05,Excessive Heat,1,0.0,0.0,0,0
ILLINOIS,JASPER,2012-07-06,Excessive Heat,1,0.0,0.0,0,0
ILLINOIS,JASPER,2012-07-07,Excessive Heat,1,0.0,0.0,0,0
ILLINOIS,JASPER,2013-12-05,Winter Storm,1,0.0,0.0,0,0
ILLINOIS,JASPER,2013-12-06,Winter Storm,1,0.0,0.0,0,0
ILLINOIS,JASPER,2015-06-19,Flood,1,0.0,0.0,0,0
ILLINOIS,JASPER,2015-06-20,Flood,1,0.0,0.0,0,0
ILLINOIS,JASPER,2017-04-29,Flood,1,0.0,0.0,0,0
ILLINOIS,JASPER,2017-04-30,Flood,1,0.0,0.0,0,0
ILLINOIS,JASPER,2017-05-01,Flood,1,0.0,0.0,0,0
ILLINOIS,JASPER,2017-05-02,Flood,1,0.0,0.0,0,0
ILLINOIS,JASPER,2017-05-03,Flood,1,0.0,0.0,0,0
ILLINOIS,JASPER,2017-05-04,Flood,1,0.0,0.0,0,0
ILLINOIS,JASPER,2017-05-05,Flood,1,0.0,0.0,0,0
ILLINOIS,JASPER,2017-05-06,Flood,1,0.0,0.0,0,0
ILLINOIS,JASPER,2017-05-11,Flood,1,0.0,0.0,0,0
ILLINOIS,JASPER,2023-07-27,Excessive Heat,1,0.0,0.0,0,0
ILLINOIS,JASPER,2023-07-28,Excessive Heat,1,0.0,0.0,0,0
ILLINOIS,JASPER,2023-08-20,Excessive Heat,1,0.0,0.0,0,0
ILLINOIS,JASPER,2023-08-21,Excessive Heat,1,0.0,0.0,0,0
ILLINOIS,JASPER,2023-08-22,Excessive Heat,1,0.0,0.0,0,0
ILLINOIS,JASPER,2023-08-23,Excessive Heat,1,0.0,0.0,0,0
ILLINOIS,JASPER,2023-08-24,Excessive Heat,1,0.0,0.0,0,0
ILLINOIS,JASPER,2023-08-25,Excessive Heat,1,0.0,0.0,0,0
ILLINOIS,JEFFERSON,2010-08-03,Excessive Heat,1,0.0,0.0,0,0
ILLINOIS,JEFFERSON,2010-08-04,Excessive Heat,1,0.0,0.0,0,0
ILLINOIS,JEFFERSON,2010-08-09,Excessive Heat,1,0.0,0.0,7,0
ILLINOIS,JEFFERSON,2010-08-10,Excessive Heat,1,0.0,0.0,7,0
ILLINOIS,JEFFERSON,2010-08-11,Excessive Heat,1,0.0,0.0,7,0
ILLINOIS,JEFFERSON,2010-08-12,Excessive Heat,1,0.0,0.0,7,0
ILLINOIS,JEFFERSON,2010-08-13,Excessive Heat,1,0.0,0.0,7,0
ILLINOIS,JEFFERSON,2010-08-14,Excessive Heat,1,0.0,0.0,7,0
ILLINOIS,JEFFERSON,2010-08-15,Excessive Heat,1,0.0,0.0,7,0
ILLINOIS,JEFFERSON,2011-04-24,Flood,1,0.0,0.0,0,0
ILLINOIS,JEFFERSON,2011-04-25,Flood,1,0.0,0.0,0,0
ILLINOIS,JEFFERSON,2011-04-26,Flood,1,0.0,0.0,0,0
ILLINOIS,JEFFERSON,2011-04-27,Flood,1,0.0,0.0,0,0
ILLINOIS,JEFFERSON,2011-04-28,Flood,1,0.0,0.0,0,0
ILLINOIS,JEFFERSON,2011-04-29,Flood,1,0.0,0.0,0,0
ILLINOIS,JEFFERSON,2011-04-30,Flood,1,0.0,0.0,0,0
ILLINOIS,JEFFERSON,2011-05-01,Flood,1,30000.0,0.0,0,0
ILLINOIS,JEFFERSON,2011-05-02,Flood,1,30000.0,0.0,0,0
ILLINOIS,JEFFERSON,2011-05-03,Flood,1,30000.0,0.0,0,0
ILLINOIS,JEFFERSON,2011-05-04,Flood,1,30000.0,0.0,0,0
ILLINOIS,JEFFERSON,2011-05-05,Flood,1,30000.0,0.0,0,0
ILLINOIS,JEFFERSON,2011-05-06,Flood,1,30000.0,0.0,0,0
ILLINOIS,JEFFERSON,2011-05-07,Flood,1,30000.0,0.0,0,0
ILLINOIS,JEFFERSON,2011-05-08,Flood,1,30000.0,0.0,0,0
ILLINOIS,JEFFERSON,2011-05-09,Flood,1,30000.0,0.0,0,0
ILLINOIS,JEFFERSON,2011-05-10,Flood,1,30000.0,0.0,0,0
ILLINOIS,JEFFERSON,2011-07-10,Excessive Heat,1,0.0,0.0,0,0
ILLINOIS,JEFFERSON,2011-07-11,Excessive Heat,1,0.0,0.0,0,0
ILLINOIS,JEFFERSON,2011-07-12,Excessive Heat,1,0.0,0.0,0,0
ILLINOIS,JEFFERSON,2011-07-19,Excessive Heat,1,0.0,0.0,0,0
ILLINOIS,JEFFERSON,2011-07-20,Excessive Heat,1,0.0,0.0,0,0
ILLINOIS,JEFFERSON,2011-07-21,Excessive Heat,1,0.0,0.0,0,0
ILLINOIS,JEFFERSON,2011-07-22,Excessive Heat,1,0.0,0.0,0,0
ILLINOIS,JEFFERSON,2011-07-23,Excessive Heat,1,0.0,0.0,0,0
ILLINOIS,JEFFERSON,2011-07-24,Excessive Heat,1,0.0,0.0,0,0
ILLINOIS,JEFFERSON,2012-07-01,Excessive Heat,1,0.0,0.0,0,0
ILLINOIS,JEFFERSON,2012-07-02,Excessive Heat,1,0.0,0.0,0,0
ILLINOIS,JEFFERSON,2012-07-03,Excessive Heat,1,0.0,0.0,0,0
ILLINOIS,JEFFERSON,2012-07-04,Excessive Heat,1,0.0,0.0,0,0
ILLINOIS,JEFFERSON,2012-07-05,Excessive Heat,1,0.0,0.0,0,0
ILLINOIS,JEFFERSON,2012-07-06,Excessive Heat,1,0.0,0.0,0,0
ILLINOIS,JEFFERSON,2012-07-07,Excessive Heat,1,0.0,0.0,0,0
ILLINOIS,JEFFERSON,2012-07-08,Excessive Heat,1,0.0,0.0,0,0
ILLINOIS,JEFFERSON,2012-12-26,Winter Storm,1,0.0,0.0,0,0
ILLINOIS,JEFFERSON,2012-12-28,Winter Storm,1,0.0,0.0,0,0
ILLINOIS,JEFFERSON,2012-12-29,Winter Storm,1,0.0,0.0,0,0
ILLINOIS,JEFFERSON,2013-07-02,Flood,1,10000.0,0.0,0,0
ILLINOIS,JEFFERSON,2013-12-05,Winter Storm,1,0.0,0.0,0,0
ILLINOIS,JEFFERSON,2013-12-06,Winter Storm,1,0.0,0.0,0,0
ILLINOIS,JEFFERSON,2014-01-05,Winter Storm,1,0.0,0.0,0,0
ILLINOIS,JEFFERSON,2014-02-04,Winter Storm,1,0.0,0.0,0,0
ILLINOIS,JEFFERSON,2014-03-02,Winter Storm,1,0.0,0.0,0,0
ILLINOIS,JEFFERSON,2015-02-20,Winter Storm,1,0.0,0.0,0,0
ILLINOIS,JEFFERSON,2015-02-21,Winter Storm,1,0.0,0.0,0,0
ILLINOIS,JEFFERSON,2016-02-24,Winter Storm,1,30000.0,0.0,0,0
ILLINOIS,JEFFERSON,2016-08-15,Flood,1,0.0,0.0,0,0
ILLINOIS,JEFFERSON,2017-07-19,Excessive Heat,1,0.0,0.0,0,0
ILLINOIS,JEFFERSON,2017-07-20,Excessive Heat,1,0.0,0.0,0,0
ILLINOIS,JEFFERSON,2017-07-21,Excessive Heat,1,0.0,0.0,0,0
ILLINOIS,JEFFERSON,2017-07-22,Excessive Heat,1,0.0,0.0,0,0
ILLINOIS,JEFFERSON,2018-07-05,Excessive Heat,1,0.0,0.0,0,0
ILLINOIS,JEFFERSON,2018-07-14,Excessive Heat,1,0.0,0.0,0,0
ILLINOIS,JEFFERSON,2019-05-21,Flood,1,0.0,0.0,0,0
ILLINOIS,JEFFERSON,2019-05-22,Flood,1,0.0,0.0,0,0
ILLINOIS,JEFFERSON,2019-05-29,Flood,1,0.0,0.0,0,0
ILLINOIS,JEFFERSON,2019-07-18,Excessive Heat,1,0.0,0.0,0,0
ILLINOIS,JEFFERSON,2019-07-19,Excessive Heat,1,0.0,0.0,0,0
ILLINOIS,JEFFERSON,2019-07-20,Excessive Heat,1,0.0,0.0,0,0
ILLINOIS,JEFFERSON,2019-07-21,Excessive Heat,1,0.0,0.0,0,0
ILLINOIS,JEFFERSON,2021-02-14,Winter Storm,1,0.0,0.0,0,0
ILLINOIS,JEFFERSON,2021-02-15,Winter Storm,1,0.0,0.0,0,0
ILLINOIS,JEFFERSON,2021-07-16,Flood,1,30000.0,0.0,0,1
ILLINOIS,JEFFERSON,2021-07-17,Flood,1,30000.0,0.0,0,1
ILLINOIS,JEFFERSON,2022-02-02,Winter Storm,1,0.0,0.0,0,0
ILLINOIS,JEFFERSON,2022-02-03,Winter Storm,1,0.0,0.0,0,0
ILLINOIS,JEFFERSON,2022-02-23,Winter Storm,1,0.0,0.0,0,0
ILLINOIS,JEFFERSON,2022-02-24,Winter Storm,1,0.0,0.0,0,0
ILLINOIS,JEFFERSON,2022-06-12,Excessive Heat,1,0.0,0.0,0,0
ILLINOIS,JEFFERSON,2022-06-13,Excessive Heat,1,0.0,0.0,0,0
ILLINOIS,JEFFERSON,2022-06-14,Excessive Heat,1,0.0,0.0,0,0
ILLINOIS,JEFFERSON,2022-06-15,Excessive Heat,1,0.0,0.0,0,0
ILLINOIS,JEFFERSON,2022-06-16,Excessive Heat,1,0.0,0.0,0,0
ILLINOIS,JEFFERSON,2022-07-04,Excessive Heat,1,0.0,0.0,0,0
ILLINOIS,JEFFERSON,2022-07-05,Excessive Heat,1,0.0,0.0,0,0
ILLINOIS,JEFFERSON,2022-07-06,Excessive Heat,1,0.0,0.0,0,0
ILLINOIS,JEFFERSON,2022-07-20,Excessive Heat,1,0.0,0.0,0,0
ILLINOIS,JEFFERSON,2022-07-22,Excessive Heat,1,0.0,0.0,0,0
ILLINOIS,JEFFERSON,2022-07-23,Excessive Heat,1,0.0,0.0,0,0
ILLINOIS,JEFFERSON,2022-07-24,Excessive Heat,1,0.0,0.0,0,0
ILLINOIS,JEFFERSON,2022-09-04,Flood,1,0.0,0.0,0,0
ILLINOIS,JEFFERSON,2023-06-30,Excessive Heat,1,0.0,0.0,0,0
ILLINOIS,JEFFERSON,2023-07-27,Excessive Heat,1,0.0,0.0,0,0
ILLINOIS,JEFFERSON,2023-07-28,Excessive Heat,1,0.0,0.0,0,0
ILLINOIS,JEFFERSON,2023-08-20,Excessive Heat,1,0.0,0.0,0,0
ILLINOIS,JEFFERSON,2023-08-21,Excessive Heat,1,0.0,0.0,0,0
ILLINOIS,JEFFERSON,2023-08-22,Excessive Heat,1,0.0,0.0,0,0
ILLINOIS,JEFFERSON,2023-08-23,Excessive Heat,1,0.0,0.0,0,0
ILLINOIS,JEFFERSON,2023-08-24,Excessive Heat,1,0.0,0.0,0,0
ILLINOIS,JEFFERSON,2023-08-25,Excessive Heat,1,0.0,0.0,0,0
ILLINOIS,JEFFERSON,2024-06-25,Excessive Heat,1,0.0,0.0,0,0
ILLINOIS,JEFFERSON,2024-07-15,Excessive Heat,1,0.0,0.0,0,0
ILLINOIS,JEFFERSON,2024-07-16,Flood,1,0.0,0.0,0,0
ILLINOIS,JEFFERSON,2024-07-17,Flood,1,0.0,0.0,0,0
ILLINOIS,JEFFERSON,2024-07-29,Excessive Heat,1,0.0,0.0,0,0
ILLINOIS,JEFFERSON,2024-07-30,Excessive Heat,1,0.0,0.0,0,0
ILLINOIS,JEFFERSON,2024-07-31,Excessive Heat,1,0.0,0.0,0,0
ILLINOIS,JEFFERSON,2024-08-01,Excessive Heat,1,0.0,0.0,0,0
ILLINOIS,JEFFERSON,2024-08-01,Flood,1,0.0,0.0,0,0
ILLINOIS,JEFFERSON,2025-01-05,Winter Storm,1,40000.0,0.0,0,0
ILLINOIS,JEFFERSON,2025-01-06,Winter Storm,1,40000.0,0.0,0,0
ILLINOIS,JEFFERSON,2025-07-20,Excessive Heat,1,0.0,0.0,0,0
ILLINOIS,JEFFERSON,2025-07-22,Excessive Heat,1,0.0,0.0,0,0
ILLINOIS,JEFFERSON,2025-07-23,Excessive Heat,1,0.0,0.0,0,0
ILLINOIS,JEFFERSON,2025-07-24,Excessive Heat,1,0.0,0.0,0,0
ILLINOIS,JEFFERSON,2025-07-25,Excessive Heat,1,0.0,0.0,0,0
ILLINOIS,JEFFERSON,2025-07-26,Excessive Heat,1,0.0,0.0,0,0
ILLINOIS,JEFFERSON,2025-07-27,Excessive Heat,1,0.0,0.0,0,0
ILLINOIS,JEFFERSON,2025-07-28,Excessive Heat,1,0.0,0.0,0,0
ILLINOIS,JEFFERSON,2025-07-29,Excessive Heat,1,0.0,0.0,0,0
ILLINOIS,JEFFERSON,2025-07-30,Excessive Heat,1,0.0,0.0,0,0
ILLINOIS,JEFFERSON,2025-08-15,Excessive Heat,1,0.0,0.0,0,0
ILLINOIS,JEFFERSON,2025-08-16,Excessive Heat,1,0.0,0.0,0,0
ILLINOIS,JEFFERSON,2025-08-17,Excessive Heat,1,0.0,0.0,0,0
ILLINOIS,JEFFERSON,2025-08-18,Excessive Heat,1,0.0,0.0,0,0
ILLINOIS,JEFFERSON,2025-08-19,Excessive Heat,1,0.0,0.0,0,0
ILLINOIS,JERSEY,2010-06-14,Flood,1,0.0,0.0,0,0
ILLINOIS,JERSEY,2010-06-15,Flood,1,0.0,0.0,0,0
ILLINOIS,JERSEY,2010-06-16,Flood,1,0.0,0.0,0,0
ILLINOIS,JERSEY,2010-06-17,Flood,1,0.0,0.0,0,0
ILLINOIS,JERSEY,2010-06-18,Flood,1,0.0,0.0,0,0
ILLINOIS,JERSEY,2010-06-19,Flood,1,0.0,0.0,0,0
ILLINOIS,JERSEY,2010-06-20,Flood,1,0.0,0.0,0,0
ILLINOIS,JERSEY,2010-06-21,Flood,1,0.0,0.0,0,0
ILLINOIS,JERSEY,2010-06-22,Flood,1,0.0,0.0,0,0
ILLINOIS,JERSEY,2010-06-23,Flood,1,0.0,0.0,0,0
ILLINOIS,JERSEY,2010-06-24,Flood,1,0.0,0.0,0,0
ILLINOIS,JERSEY,2010-06-25,Flood,1,0.0,0.0,0,0
ILLINOIS,JERSEY,2010-06-26,Flood,1,0.0,0.0,0,0
ILLINOIS,JERSEY,2010-06-27,Flood,1,0.0,0.0,0,0
ILLINOIS,JERSEY,2010-06-28,Flood,1,0.0,0.0,0,0
ILLINOIS,JERSEY,2010-06-29,Flood,1,0.0,0.0,0,0
ILLINOIS,JERSEY,2010-06-30,Flood,1,0.0,0.0,0,0
ILLINOIS,JERSEY,2010-07-14,Excessive Heat,1,0.0,0.0,0,0
ILLINOIS,JERSEY,2010-07-17,Excessive Heat,1,0.0,0.0,0,0
ILLINOIS,JERSEY,2010-07-22,Excessive Heat,1,0.0,0.0,0,0
ILLINOIS,JERSEY,2010-07-23,Excessive Heat,1,0.0,0.0,0,0
ILLINOIS,JERSEY,2010-07-24,Excessive Heat,1,0.0,0.0,0,0
ILLINOIS,JERSEY,2010-08-02,Excessive Heat,1,0.0,0.0,0,0
ILLINOIS,JERSEY,2010-08-03,Excessive Heat,1,0.0,0.0,0,0
ILLINOIS,JERSEY,2010-08-04,Excessive Heat,1,0.0,0.0,0,0
ILLINOIS,JERSEY,2010-08-08,Excessive Heat,1,0.0,0.0,0,0
ILLINOIS,JERSEY,2010-08-09,Excessive Heat,1,0.0,0.0,0,0
ILLINOIS,JERSEY,2010-08-10,Excessive Heat,1,0.0,0.0,0,0
ILLINOIS,JERSEY,2010-08-11,Excessive Heat,1,0.0,0.0,0,0
ILLINOIS,JERSEY,2010-08-12,Excessive Heat,1,0.0,0.0,0,0
ILLINOIS,JERSEY,2010-08-13,Excessive Heat,1,0.0,0.0,0,0
ILLINOIS,JERSEY,2010-08-14,Excessive Heat,1,0.0,0.0,0,0
ILLINOIS,JERSEY,2011-01-31,Winter Storm,1,0.0,0.0,0,0
ILLINOIS,JERSEY,2011-02-01,Winter Storm,1,0.0,0.0,0,0
ILLINOIS,JERSEY,2011-02-02,Winter Storm,1,0.0,0.0,0,0
ILLINOIS,JERSEY,2011-07-10,Excessive Heat,1,0.0,0.0,0,0
ILLINOIS,JERSEY,2011-07-11,Excessive Heat,1,0.0,0.0,0,0
ILLINOIS,JERSEY,2011-07-12,Excessive Heat,1,0.0,0.0,0,0
ILLINOIS,JERSEY,2011-07-17,Excessive Heat,1,0.0,0.0,0,0
ILLINOIS,JERSEY,2011-07-18,Excessive Heat,1,0.0,0.0,0,0
ILLINOIS,JERSEY,2011-07-19,Excessive Heat,1,0.0,0.0,0,0
ILLINOIS,JERSEY,2011-07-20,Excessive Heat,1,0.0,0.0,0,0
ILLINOIS,JERSEY,2011-07-21,Excessive Heat,1,0.0,0.0,0,0
ILLINOIS,JERSEY,2011-07-22,Excessive Heat,1,0.0,0.0,0,0
ILLINOIS,JERSEY,2011-07-23,Excessive Heat,1,0.0,0.0,0,0
ILLINOIS,JERSEY,2011-07-24,Excessive Heat,1,0.0,0.0,0,0
ILLINOIS,JERSEY,2011-07-25,Excessive Heat,1,0.0,0.0,0,0
ILLINOIS,JERSEY,2011-07-26,Excessive Heat,1,0.0,0.0,0,0
ILLINOIS,JERSEY,2011-07-27,Excessive Heat,1,0.0,0.0,0,0
ILLINOIS,JERSEY,2011-07-28,Excessive Heat,1,0.0,0.0,0,0
ILLINOIS,JERSEY,2011-07-29,Excessive Heat,1,0.0,0.0,0,0
ILLINOIS,JERSEY,2011-07-30,Excessive Heat,1,0.0,0.0,0,0
ILLINOIS,JERSEY,2011-07-31,Excessive Heat,1,0.0,0.0,0,0
ILLINOIS,JERSEY,2011-08-01,Excessive Heat,1,0.0,0.0,0,0
ILLINOIS,JERSEY,2011-08-02,Excessive Heat,1,0.0,0.0,0,0
ILLINOIS,JERSEY,2011-08-03,Excessive Heat,1,0.0,0.0,0,0
ILLINOIS,JERSEY,2012-06-27,Excessive Heat,1,0.0,0.0,0,0
ILLINOIS,JERSEY,2012-06-28,Excessive Heat,1,0.0,0.0,0,0
ILLINOIS,JERSEY,2012-06-29,Excessive Heat,1,0.0,0.0,0,0
ILLINOIS,JERSEY,2012-06-30,Excessive Heat,1,0.0,0.0,0,0
ILLINOIS,JERSEY,2012-07-01,Excessive Heat,1,0.0,0.0,0,0
ILLINOIS,JERSEY,2012-07-02,Excessive Heat,1,0.0,0.0,0,0
ILLINOIS,JERSEY,2012-07-03,Excessive Heat,1,0.0,0.0,0,0
ILLINOIS,JERSEY,2012-07-04,Excessive Heat,1,0.0,0.0,0,0
ILLINOIS,JERSEY,2012-07-05,Excessive Heat,1,0.0,0.0,0,0
ILLINOIS,JERSEY,2012-07-06,Excessive Heat,1,0.0,0.0,0,0
ILLINOIS,JERSEY,2012-07-07,Excessive Heat,1,0.0,0.0,0,0
ILLINOIS,JERSEY,2012-07-08,Excessive Heat,1,0.0,0.0,0,0
ILLINOIS,JERSEY,2012-07-16,Excessive Heat,1,0.0,0.0,0,0
ILLINOIS,JERSEY,2012-07-17,Excessive Heat,1,0.0,0.0,0,0
ILLINOIS,JERSEY,2012-07-18,Excessive Heat,1,0.0,0.0,0,0
ILLINOIS,JERSEY,2012-07-19,Excessive Heat,1,0.0,0.0,0,0
ILLINOIS,JERSEY,2012-07-22,Excessive Heat,1,0.0,0.0,0,0
ILLINOIS,JERSEY,2012-07-23,Excessive Heat,1,0.0,0.0,0,0
ILLINOIS,JERSEY,2012-07-24,Excessive Heat,1,0.0,0.0,0,0
ILLINOIS,JERSEY,2012-07-25,Excessive Heat,1,0.0,0.0,0,0
ILLINOIS,JERSEY,2012-07-26,Excessive Heat,1,0.0,0.0,0,0
ILLINOIS,JERSEY,2012-07-27,Excessive Heat,1,0.0,0.0,0,0
ILLINOIS,JERSEY,2013-02-21,Winter Storm,1,0.0,0.0,0,0
ILLINOIS,JERSEY,2013-04-14,Flood,1,5000.0,0.0,0,0
ILLINOIS,JERSEY,2013-04-15,Flood,1,5000.0,0.0,0,0
ILLINOIS,JERSEY,2013-04-16,Flood,1,5000.0,0.0,0,0
ILLINOIS,JERSEY,2013-04-17,Flood,1,5000.0,0.0,0,0
ILLINOIS,JERSEY,2013-04-18,Flood,1,5000.0,0.0,0,0
ILLINOIS,JERSEY,2013-04-19,Flood,1,10000.0,20000.0,0,0
ILLINOIS,JERSEY,2013-04-20,Flood,1,10000.0,20000.0,0,0
ILLINOIS,JERSEY,2013-04-21,Flood,1,10000.0,20000.0,0,0
ILLINOIS,JERSEY,2013-04-22,Flood,1,10000.0,20000.0,0,0
ILLINOIS,JERSEY,2013-04-23,Flood,1,10000.0,20000.0,0,0
ILLINOIS,JERSEY,2013-04-24,Flood,1,10000.0,20000.0,0,0
ILLINOIS,JERSEY,2013-04-25,Flood,1,10000.0,20000.0,0,0
ILLINOIS,JERSEY,2013-04-26,Flood,1,10000.0,20000.0,0,0
ILLINOIS,JERSEY,2013-04-27,Flood,1,10000.0,20000.0,0,0
ILLINOIS,JERSEY,2013-04-28,Flood,1,10000.0,20000.0,0,0
ILLINOIS,JERSEY,2013-04-29,Flood,1,10000.0,20000.0,0,0
ILLINOIS,JERSEY,2013-04-30,Flood,1,10000.0,20000.0,0,0
ILLINOIS,JERSEY,2013-05-01,Flood,1,2000.0,10000.0,0,0
ILLINOIS,JERSEY,2013-05-02,Flood,1,2000.0,10000.0,0,0
ILLINOIS,JERSEY,2013-05-03,Flood,1,2000.0,10000.0,0,0
ILLINOIS,JERSEY,2013-05-04,Flood,1,2000.0,10000.0,0,0
ILLINOIS,JERSEY,2013-05-05,Flood,1,2000.0,10000.0,0,0
ILLINOIS,JERSEY,2013-05-06,Flood,1,2000.0,10000.0,0,0
ILLINOIS,JERSEY,2013-05-07,Flood,1,2000.0,10000.0,0,0
ILLINOIS,JERSEY,2013-05-08,Flood,1,2000.0,10000.0,0,0
ILLINOIS,JERSEY,2013-05-09,Flood,1,2000.0,10000.0,0,0
ILLINOIS,JERSEY,2013-05-10,Flood,1,2000.0,10000.0,0,0
ILLINOIS,JERSEY,2013-05-11,Flood,1,2000.0,10000.0,0,0
ILLINOIS,JERSEY,2013-05-12,Flood,1,2000.0,10000.0,0,0
ILLINOIS,JERSEY,2013-05-13,Flood,1,2000.0,10000.0,0,0
ILLINOIS,JERSEY,2013-05-14,Flood,1,2000.0,10000.0,0,0
ILLINOIS,JERSEY,2013-05-15,Flood,1,2000.0,10000.0,0,0
ILLINOIS,JERSEY,2013-05-16,Flood,1,2000.0,10000.0,0,0
ILLINOIS,JERSEY,2013-05-17,Flood,1,2000.0,10000.0,0,0
ILLINOIS,JERSEY,2013-05-18,Flood,1,2000.0,10000.0,0,0
ILLINOIS,JERSEY,2013-05-19,Flood,1,2000.0,10000.0,0,0
ILLINOIS,JERSEY,2013-05-20,Flood,1,2000.0,10000.0,0,0
ILLINOIS,JERSEY,2013-05-21,Flood,1,2000.0,10000.0,0,0
ILLINOIS,JERSEY,2013-05-22,Flood,1,2000.0,10000.0,0,0
ILLINOIS,JERSEY,2013-05-23,Flood,1,2000.0,10000.0,0,0
ILLINOIS,JERSEY,2013-05-24,Flood,1,2000.0,10000.0,0,0
ILLINOIS,JERSEY,2013-05-25,Flood,1,2000.0,10000.0,0,0
ILLINOIS,JERSEY,2013-05-26,Flood,1,2000.0,10000.0,0,0
ILLINOIS,JERSEY,2013-05-27,Flood,1,2000.0,10000.0,0,0
ILLINOIS,JERSEY,2013-05-28,Flood,1,2000.0,10000.0,0,0
ILLINOIS,JERSEY,2013-05-29,Flood,1,2000.0,10000.0,0,0
ILLINOIS,JERSEY,2013-05-30,Flood,1,2000.0,10000.0,0,0
ILLINOIS,JERSEY,2013-05-31,Flood,1,2000.0,10000.0,0,0
ILLINOIS,JERSEY,2013-06-01,Flood,1,2000.0,5000.0,0,0
ILLINOIS,JERSEY,2014-01-01,Winter Storm,1,0.0,0.0,0,0
ILLINOIS,JERSEY,2014-01-02,Winter Storm,1,0.0,0.0,0,0
ILLINOIS,JERSEY,2014-01-05,Winter Storm,1,0.0,0.0,0,0
ILLINOIS,JERSEY,2014-02-04,Winter Storm,1,0.0,0.0,0,0
ILLINOIS,JERSEY,2014-02-05,Winter Storm,1,0.0,0.0,0,0
ILLINOIS,JERSEY,2014-08-20,Excessive Heat,1,0.0,0.0,0,0
ILLINOIS,JERSEY,2014-08-21,Excessive Heat,1,0.0,0.0,0,0
ILLINOIS,JERSEY,2014-08-22,Excessive Heat,1,0.0,0.0,0,0
ILLINOIS,JERSEY,2014-08-23,Excessive Heat,1,0.0,0.0,0,0
ILLINOIS,JERSEY,2014-08-24,Excessive Heat,1,0.0,0.0,0,0
ILLINOIS,JERSEY,2014-08-25,Excessive Heat,1,0.0,0.0,0,0
ILLINOIS,JERSEY,2014-08-26,Excessive Heat,1,0.0,0.0,0,0
ILLINOIS,JERSEY,2014-08-27,Excessive Heat,1,0.0,0.0,0,0
ILLINOIS,JERSEY,2015-02-20,Winter Storm,1,0.0,0.0,0,0
ILLINOIS,JERSEY,2015-02-21,Winter Storm,1,0.0,0.0,0,0
ILLINOIS,JERSEY,2015-07-12,Excessive Heat,1,0.0,0.0,0,0
ILLINOIS,JERSEY,2015-07-13,Excessive Heat,1,0.0,0.0,0,0
ILLINOIS,JERSEY,2015-07-14,Excessive Heat,1,0.0,0.0,0,0
ILLINOIS,JERSEY,2015-07-17,Excessive Heat,1,0.0,0.0,0,0
ILLINOIS,JERSEY,2015-07-18,Excessive Heat,1,0.0,0.0,0,0
ILLINOIS,JERSEY,2015-07-19,Excessive Heat,1,0.0,0.0,0,0
ILLINOIS,JERSEY,2015-07-27,Excessive Heat,1,0.0,0.0,0,0
ILLINOIS,JERSEY,2015-07-28,Excessive Heat,1,0.0,0.0,0,0
ILLINOIS,JERSEY,2015-07-29,Excessive Heat,1,0.0,0.0,0,0
ILLINOIS,JERSEY,2016-07-18,Excessive Heat,1,0.0,0.0,0,0
ILLINOIS,JERSEY,2016-07-19,Excessive Heat,1,0.0,0.0,0,0
ILLINOIS,JERSEY,2016-07-20,Excessive Heat,1,0.0,0.0,0,0
ILLINOIS,JERSEY,2016-07-21,Excessive Heat,1,0.0,0.0,0,0
ILLINOIS,JERSEY,2016-07-22,Excessive Heat,1,0.0,0.0,0,0
ILLINOIS,JERSEY,2016-07-23,Excessive Heat,1,0.0,0.0,0,0
ILLINOIS,JERSEY,2016-07-24,Excessive Heat,1,0.0,0.0,0,0
ILLINOIS,JERSEY,2017-07-19,Excessive Heat,1,0.0,0.0,0,0
ILLINOIS,JERSEY,2017-07-20,Excessive Heat,1,0.0,0.0,0,0
ILLINOIS,JERSEY,2017-07-21,Excessive Heat,1,0.0,0.0,0,0
ILLINOIS,JERSEY,2017-07-22,Excessive Heat,1,0.0,0.0,0,0
ILLINOIS,JERSEY,2017-07-23,Excessive Heat,1,0.0,0.0,0,0
ILLINOIS,JERSEY,2018-06-28,Excessive Heat,1,0.0,0.0,0,0
ILLINOIS,JERSEY,2018-06-29,Excessive Heat,1,0.0,0.0,0,0
ILLINOIS,JERSEY,2018-06-30,Excessive Heat,1,0.0,0.0,0,0
ILLINOIS,JERSEY,2019-06-02,Flood,1,0.0,0.0,0,0
ILLINOIS,JERSEY,2019-06-03,Flood,1,0.0,0.0,0,0
ILLINOIS,JERSEY,2019-06-04,Flood,1,0.0,0.0,0,0
ILLINOIS,JERSEY,2019-06-05,Flood,1,0.0,0.0,0,0
ILLINOIS,JERSEY,2019-06-06,Flood,1,0.0,0.0,0,0
ILLINOIS,JERSEY,2019-06-07,Flood,1,0.0,0.0,0,0
ILLINOIS,JERSEY,2019-06-08,Flood,1,0.0,0.0,0,0
ILLINOIS,JERSEY,2019-06-09,Flood,1,0.0,0.0,0,0
ILLINOIS,JERSEY,2019-06-10,Flood,1,0.0,0.0,0,0
ILLINOIS,JERSEY,2019-06-11,Flood,1,0.0,0.0,0,0
ILLINOIS,JERSEY,2019-06-12,Flood,1,0.0,0.0,0,0
ILLINOIS,JERSEY,2019-12-15,Winter Storm,1,0.0,0.0,0,0
ILLINOIS,JERSEY,2019-12-16,Winter Storm,1,0.0,0.0,0,0
ILLINOIS,JERSEY,2022-12-22,Winter Storm,1,0.0,0.0,0,0
ILLINOIS,JERSEY,2023-07-27,Excessive Heat,1,0.0,0.0,0,0
ILLINOIS,JERSEY,2023-07-28,Excessive Heat,1,0.0,0.0,0,0
ILLINOIS,JERSEY,2023-07-29,Excessive Heat,1,0.0,0.0,0,0
ILLINOIS,JERSEY,2023-08-20,Excessive Heat,1,0.0,0.0,0,0
ILLINOIS,JERSEY,2023-08-21,Excessive Heat,1,0.0,0.0,0,0
ILLINOIS,JERSEY,2023-08-22,Excessive Heat,1,0.0,0.0,0,0
ILLINOIS,JERSEY,2023-08-23,Excessive Heat,1,0.0,0.0,0,0
ILLINOIS,JERSEY,2023-08-24,Excessive Heat,1,0.0,0.0,0,0
ILLINOIS,JERSEY,2023-08-25,Excessive Heat,1,0.0,0.0,0,0
ILLINOIS,JERSEY,2025-01-05,Winter Storm,1,0.0,0.0,0,0
ILLINOIS,JERSEY,2025-01-06,Winter Storm,1,0.0,0.0,0,0
ILLINOIS,JERSEY,2025-08-15,Excessive Heat,1,0.0,0.0,0,0
ILLINOIS,JERSEY,2025-08-16,Excessive Heat,1,0.0,0.0,0,0
ILLINOIS,JERSEY,2025-08-17,Excessive Heat,1,0.0,0.0,0,0
ILLINOIS,JERSEY,2025-08-18,Excessive Heat,1,0.0,0.0,0,0
ILLINOIS,JERSEY,2025-11-29,Winter Storm,1,0.0,0.0,0,0
ILLINOIS,JO DAVIESS,2010-01-06,Winter Storm,1,0.0,0.0,0,0
ILLINOIS,JO DAVIESS,2010-01-07,Winter Storm,1,0.0,0.0,0,0
ILLINOIS,JO DAVIESS,2010-12-03,Winter Storm,1,0.0,0.0,0,0
ILLINOIS,JO DAVIESS,2010-12-04,Winter Storm,1,0.0,0.0,0,0
ILLINOIS,JO DAVIESS,2011-02-01,Blizzard,1,0.0,0.0,0,0
ILLINOIS,JO DAVIESS,2011-02-02,Blizzard,1,0.0,0.0,0,0
ILLINOIS,JO DAVIESS,2011-04-13,Flood,1,250000.0,0.0,0,0
ILLINOIS,JO DAVIESS,2011-04-14,Flood,1,250000.0,0.0,0,0
ILLINOIS,JO DAVIESS,2011-04-15,Flood,1,250000.0,0.0,0,0
ILLINOIS,JO DAVIESS,2011-04-16,Flood,1,250000.0,0.0,0,0
ILLINOIS,JO DAVIESS,2011-04-17,Flood,1,250000.0,0.0,0,0
ILLINOIS,JO DAVIESS,2011-04-18,Flood,1,250000.0,0.0,0,0
ILLINOIS,JO DAVIESS,2011-04-19,Flood,1,250000.0,0.0,0,0
ILLINOIS,JO DAVIESS,2011-04-20,Flood,1,250000.0,0.0,0,0
ILLINOIS,JO DAVIESS,2011-04-21,Flood,1,250000.0,0.0,0,0
ILLINOIS,JO DAVIESS,2011-04-22,Flood,1,250000.0,0.0,0,0
ILLINOIS,JO DAVIESS,2012-01-12,Winter Storm,1,0.0,0.0,0,0
ILLINOIS,JO DAVIESS,2012-01-13,Winter Storm,1,0.0,0.0,0,0
ILLINOIS,JO DAVIESS,2012-07-04,Excessive Heat,1,0.0,0.0,0,0
ILLINOIS,JO DAVIESS,2012-07-05,Excessive Heat,1,0.0,0.0,0,0
ILLINOIS,JO DAVIESS,2012-07-06,Excessive Heat,1,0.0,0.0,0,0
ILLINOIS,JO DAVIESS,2012-07-07,Excessive Heat,1,0.0,0.0,0,0
ILLINOIS,JO DAVIESS,2012-12-19,Blizzard,1,0.0,0.0,0,0
ILLINOIS,JO DAVIESS,2012-12-20,Blizzard,1,0.0,0.0,0,0
ILLINOIS,JO DAVIESS,2013-01-30,Winter Storm,1,0.0,0.0,0,0
ILLINOIS,JO DAVIESS,2013-02-26,Winter Storm,1,0.0,0.0,0,0
ILLINOIS,JO DAVIESS,2013-02-27,Winter Storm,1,0.0,0.0,0,0
ILLINOIS,JO DAVIESS,2013-03-04,Winter Storm,1,0.0,0.0,0,0
ILLINOIS,JO DAVIESS,2013-03-05,Winter Storm,1,0.0,0.0,0,0
ILLINOIS,JO DAVIESS,2013-03-06,Winter Storm,1,0.0,0.0,0,0
ILLINOIS,JO DAVIESS,2013-12-21,Winter Storm,1,0.0,0.0,0,0
ILLINOIS,JO DAVIESS,2013-12-22,Winter Storm,1,0.0,0.0,0,0
ILLINOIS,JO DAVIESS,2014-02-17,Winter Storm,1,0.0,0.0,0,0
ILLINOIS,JO DAVIESS,2015-02-01,Winter Storm,1,0.0,0.0,0,0
ILLINOIS,JO DAVIESS,2015-11-20,Winter Storm,1,0.0,0.0,0,0
ILLINOIS,JO DAVIESS,2015-11-21,Winter Storm,1,0.0,0.0,0,0
ILLINOIS,JO DAVIESS,2015-12-28,Winter Storm,1,0.0,0.0,0,0
ILLINOIS,JO DAVIESS,2015-12-29,Winter Storm,1,0.0,0.0,0,0
ILLINOIS,JO DAVIESS,2017-07-22,Flood,1,5000.0,0.0,0,0
ILLINOIS,JO DAVIESS,2019-01-18,Winter Storm,1,0.0,0.0,0,0
ILLINOIS,JO DAVIESS,2019-01-19,Winter Storm,1,0.0,0.0,0,0
ILLINOIS,JO DAVIESS,2019-01-22,Winter Storm,1,0.0,0.0,0,0
ILLINOIS,JO DAVIESS,2019-01-23,Winter Storm,1,0.0,0.0,0,0
ILLINOIS,JO DAVIESS,2019-02-11,Winter Storm,1,0.0,0.0,0,0
ILLINOIS,JO DAVIESS,2019-02-12,Winter Storm,1,0.0,0.0,0,0
ILLINOIS,JO DAVIESS,2019-04-03,Flood,1,0.0,0.0,0,0
ILLINOIS,JO DAVIESS,2019-04-04,Flood,1,0.0,0.0,0,0
ILLINOIS,JO DAVIESS,2019-04-05,Flood,1,0.0,0.0,0,0
ILLINOIS,JO DAVIESS,2019-04-06,Flood,1,0.0,0.0,0,0
ILLINOIS,JO DAVIESS,2019-04-07,Flood,1,0.0,0.0,0,0
ILLINOIS,JO DAVIESS,2019-04-08,Flood,1,0.0,0.0,0,0
ILLINOIS,JO DAVIESS,2019-04-09,Flood,1,0.0,0.0,0,0
ILLINOIS,JO DAVIESS,2019-04-25,Flood,1,0.0,0.0,0,0
ILLINOIS,JO DAVIESS,2019-04-26,Flood,1,0.0,0.0,0,0
ILLINOIS,JO DAVIESS,2019-04-27,Flood,1,0.0,0.0,0,0
ILLINOIS,JO DAVIESS,2019-04-28,Flood,1,0.0,0.0,0,0
ILLINOIS,JO DAVIESS,2019-04-29,Flood,1,0.0,0.0,0,0
ILLINOIS,JO DAVIESS,2019-04-30,Flood,1,0.0,0.0,0,0
ILLINOIS,JO DAVIESS,2019-05-01,Flood,1,0.0,0.0,0,0
ILLINOIS,JO DAVIESS,2019-05-02,Flood,1,0.0,0.0,0,0
ILLINOIS,JO DAVIESS,2019-05-03,Flood,1,0.0,0.0,0,0
ILLINOIS,JO DAVIESS,2019-05-04,Flood,1,0.0,0.0,0,0
ILLINOIS,JO DAVIESS,2020-01-10,Winter Storm,1,0.0,0.0,0,0
ILLINOIS,JO DAVIESS,2020-01-11,Winter Storm,1,0.0,0.0,0,0
ILLINOIS,JO DAVIESS,2020-01-17,Winter Storm,1,0.0,0.0,0,0
ILLINOIS,JO DAVIESS,2020-01-18,Winter Storm,1,0.0,0.0,0,0
ILLINOIS,JO DAVIESS,2020-12-12,Winter Storm,1,0.0,0.0,0,0
ILLINOIS,JO DAVIESS,2020-12-29,Winter Storm,1,0.0,0.0,0,0
ILLINOIS,JO DAVIESS,2020-12-30,Winter Storm,1,0.0,0.0,0,0
ILLINOIS,JO DAVIESS,2021-01-25,Winter Storm,1,0.0,0.0,0,0
ILLINOIS,JO DAVIESS,2021-01-26,Winter Storm,1,0.0,0.0,0,0
ILLINOIS,JO DAVIESS,2021-01-30,Winter Storm,1,0.0,0.0,0,0
ILLINOIS,JO DAVIESS,2021-01-31,Winter Storm,1,0.0,0.0,0,0
ILLINOIS,JO DAVIESS,2021-02-04,Winter Storm,1,0.0,0.0,0,0
ILLINOIS,JO DAVIESS,2022-12-21,Winter Storm,1,0.0,0.0,0,0
ILLINOIS,JO DAVIESS,2022-12-22,Winter Storm,1,0.0,0.0,0,0
ILLINOIS,JO DAVIESS,2022-12-23,Winter Storm,1,0.0,0.0,0,0
ILLINOIS,JO DAVIESS,2022-12-24,Winter Storm,1,0.0,0.0,0,0
ILLINOIS,JO DAVIESS,2023-02-16,Winter Storm,1,0.0,0.0,0,0
ILLINOIS,JO DAVIESS,2023-03-09,Winter Storm,1,0.0,0.0,0,0
ILLINOIS,JO DAVIESS,2023-03-10,Winter Storm,1,0.0,0.0,0,0
ILLINOIS,JO DAVIESS,2023-03-24,Winter Storm,1,0.0,0.0,0,0
ILLINOIS,JO DAVIESS,2023-03-25,Winter Storm,1,0.0,0.0,0,0
ILLINOIS,JO DAVIESS,2023-04-22,Flood,1,0.0,0.0,0,0
ILLINOIS,JO DAVIESS,2023-04-23,Flood,1,0.0,0.0,0,0
ILLINOIS,JO DAVIESS,2023-04-24,Flood,1,0.0,0.0,0,0
ILLINOIS,JO DAVIESS,2023-04-25,Flood,1,0.0,0.0,0,0
ILLINOIS,JO DAVIESS,2023-04-26,Flood,1,0.0,0.0,0,0
ILLINOIS,JO DAVIESS,2023-04-27,Flood,1,0.0,0.0,0,0
ILLINOIS,JO DAVIESS,2023-04-28,Flood,1,0.0,0.0,0,0
ILLINOIS,JO DAVIESS,2023-04-29,Flood,1,0.0,0.0,0,0
ILLINOIS,JO DAVIESS,2023-04-30,Flood,1,0.0,0.0,0,0
ILLINOIS,JO DAVIESS,2024-01-08,Winter Storm,1,0.0,0.0,0,0
ILLINOIS,JO DAVIESS,2024-01-09,Winter Storm,1,0.0,0.0,0,0
ILLINOIS,JO DAVIESS,2024-01-12,Winter Storm,1,0.0,0.0,0,0
ILLINOIS,JO DAVIESS,2024-07-04,Flood,1,0.0,0.0,0,0
ILLINOIS,JO DAVIESS,2024-07-05,Flood,1,0.0,0.0,0,0
ILLINOIS,JO DAVIESS,2024-07-06,Flood,1,0.0,0.0,0,0
ILLINOIS,JO DAVIESS,2024-07-07,Flood,1,0.0,0.0,0,0
ILLINOIS,JO DAVIESS,2024-07-08,Flood,1,0.0,0.0,0,0
ILLINOIS,JO DAVIESS,2024-07-09,Flood,1,0.0,0.0,0,0
ILLINOIS,JO DAVIESS,2025-02-12,Winter Storm,1,0.0,0.0,0,0
ILLINOIS,JO DAVIESS,2025-02-13,Winter Storm,1,0.0,0.0,0,0
ILLINOIS,JO DAVIESS,2025-11-29,Winter Storm,1,0.0,0.0,0,0
ILLINOIS,JO DAVIESS,2025-11-30,Winter Storm,1,0.0,0.0,0,0
ILLINOIS,JOHNSON,2010-08-03,Excessive Heat,1,0.0,0.0,0,0
ILLINOIS,JOHNSON,2010-08-04,Excessive Heat,1,0.0,0.0,0,0
ILLINOIS,JOHNSON,2010-08-09,Excessive Heat,1,0.0,0.0,0,0
ILLINOIS,JOHNSON,2010-08-10,Excessive Heat,1,0.0,0.0,0,0
ILLINOIS,JOHNSON,2010-08-11,Excessive Heat,1,0.0,0.0,0,0
ILLINOIS,JOHNSON,2010-08-12,Excessive Heat,1,0.0,0.0,0,0
ILLINOIS,JOHNSON,2010-08-13,Excessive Heat,1,0.0,0.0,0,0
ILLINOIS,JOHNSON,2010-08-14,Excessive Heat,1,0.0,0.0,0,0
ILLINOIS,JOHNSON,2010-08-15,Excessive Heat,1,0.0,0.0,0,0
ILLINOIS,JOHNSON,2011-04-24,Flood,1,10000.0,0.0,0,0
ILLINOIS,JOHNSON,2011-04-25,Flood,1,10000.0,0.0,0,0
ILLINOIS,JOHNSON,2011-04-26,Flood,1,10000.0,0.0,0,0
ILLINOIS,JOHNSON,2011-04-27,Flood,1,10000.0,0.0,0,0
ILLINOIS,JOHNSON,2011-04-28,Flood,1,10000.0,0.0,0,0
ILLINOIS,JOHNSON,2011-04-29,Flood,1,10000.0,0.0,0,0
ILLINOIS,JOHNSON,2011-04-30,Flood,1,10000.0,0.0,0,0
ILLINOIS,JOHNSON,2011-05-01,Flood,1,120000.0,0.0,0,0
ILLINOIS,JOHNSON,2011-05-02,Flood,1,120000.0,0.0,0,0
ILLINOIS,JOHNSON,2011-05-03,Flood,1,120000.0,0.0,0,0
ILLINOIS,JOHNSON,2011-05-04,Flood,1,120000.0,0.0,0,0
ILLINOIS,JOHNSON,2011-05-05,Flood,1,120000.0,0.0,0,0
ILLINOIS,JOHNSON,2011-05-06,Flood,1,120000.0,0.0,0,0
ILLINOIS,JOHNSON,2011-05-07,Flood,1,120000.0,0.0,0,0
ILLINOIS,JOHNSON,2011-05-08,Flood,1,120000.0,0.0,0,0
ILLINOIS,JOHNSON,2011-05-09,Flood,1,120000.0,0.0,0,0
ILLINOIS,JOHNSON,2011-05-10,Flood,1,120000.0,0.0,0,0
ILLINOIS,JOHNSON,2011-07-10,Excessive Heat,1,0.0,0.0,0,0
ILLINOIS,JOHNSON,2011-07-11,Excessive Heat,1,0.0,0.0,0,0
ILLINOIS,JOHNSON,2011-07-12,Excessive Heat,1,0.0,0.0,0,0
ILLINOIS,JOHNSON,2011-07-19,Excessive Heat,1,0.0,0.0,0,0
ILLINOIS,JOHNSON,2011-07-20,Excessive Heat,1,0.0,0.0,0,0
ILLINOIS,JOHNSON,2011-07-21,Excessive Heat,1,0.0,0.0,0,0
ILLINOIS,JOHNSON,2011-07-22,Excessive Heat,1,0.0,0.0,0,0
ILLINOIS,JOHNSON,2011-07-23,Excessive Heat,1,0.0,0.0,0,0
ILLINOIS,JOHNSON,2011-07-24,Excessive Heat,1,0.0,0.0,0,0
ILLINOIS,JOHNSON,2011-08-03,Excessive Heat,1,0.0,0.0,0,0
ILLINOIS,JOHNSON,2012-07-01,Excessive Heat,1,0.0,0.0,0,0
ILLINOIS,JOHNSON,2012-07-02,Excessive Heat,1,0.0,0.0,0,0
ILLINOIS,JOHNSON,2012-07-03,Excessive Heat,1,0.0,0.0,0,0
ILLINOIS,JOHNSON,2012-07-04,Excessive Heat,1,0.0,0.0,0,0
ILLINOIS,JOHNSON,2012-07-05,Excessive Heat,1,0.0,0.0,0,0
ILLINOIS,JOHNSON,2012-07-06,Excessive Heat,1,0.0,0.0,0,0
ILLINOIS,JOHNSON,2012-07-07,Excessive Heat,1,0.0,0.0,0,0
ILLINOIS,JOHNSON,2012-07-08,Excessive Heat,1,0.0,0.0,0,0
ILLINOIS,JOHNSON,2012-12-26,Winter Storm,1,0.0,0.0,0,0
ILLINOIS,JOHNSON,2013-12-05,Winter Storm,1,0.0,0.0,0,0
ILLINOIS,JOHNSON,2013-12-06,Winter Storm,1,0.0,0.0,0,0
ILLINOIS,JOHNSON,2013-12-21,Flood,1,0.0,0.0,0,0
ILLINOIS,JOHNSON,2013-12-22,Flood,1,0.0,0.0,0,0
ILLINOIS,JOHNSON,2014-02-04,Winter Storm,1,0.0,0.0,0,0
ILLINOIS,JOHNSON,2014-03-02,Winter Storm,1,0.0,0.0,0,0
ILLINOIS,JOHNSON,2014-03-03,Winter Storm,1,0.0,0.0,0,0
ILLINOIS,JOHNSON,2015-02-20,Winter Storm,1,0.0,0.0,0,0
ILLINOIS,JOHNSON,2015-02-21,Winter Storm,1,0.0,0.0,0,0
ILLINOIS,JOHNSON,2015-03-04,Winter Storm,1,0.0,0.0,0,0
ILLINOIS,JOHNSON,2015-03-05,Winter Storm,1,0.0,0.0,0,0
ILLINOIS,JOHNSON,2016-07-07,Flood,1,15000.0,0.0,1,1
ILLINOIS,JOHNSON,2017-07-19,Excessive Heat,1,0.0,0.0,0,0
ILLINOIS,JOHNSON,2017-07-20,Excessive Heat,1,0.0,0.0,0,0
ILLINOIS,JOHNSON,2017-07-21,Excessive Heat,1,0.0,0.0,0,0
ILLINOIS,JOHNSON,2017-07-22,Excessive Heat,1,0.0,0.0,0,0
ILLINOIS,JOHNSON,2018-01-12,Winter Storm,1,0.0,0.0,0,0
ILLINOIS,JOHNSON,2018-07-05,Excessive Heat,1,0.0,0.0,0,0
ILLINOIS,JOHNSON,2018-07-14,Excessive Heat,1,0.0,0.0,0,0
ILLINOIS,JOHNSON,2019-07-18,Excessive Heat,1,0.0,0.0,0,0
ILLINOIS,JOHNSON,2019-07-19,Excessive Heat,1,0.0,0.0,0,0
ILLINOIS,JOHNSON,2019-07-20,Excessive Heat,1,0.0,0.0,0,0
ILLINOIS,JOHNSON,2019-07-21,Excessive Heat,1,0.0,0.0,0,0
ILLINOIS,JOHNSON,2019-08-12,Excessive Heat,1,0.0,0.0,0,0
ILLINOIS,JOHNSON,2020-08-12,Flood,1,0.0,0.0,0,0
ILLINOIS,JOHNSON,2021-02-14,Winter Storm,1,0.0,0.0,0,0
ILLINOIS,JOHNSON,2021-02-15,Winter Storm,1,0.0,0.0,0,0
ILLINOIS,JOHNSON,2022-02-02,Winter Storm,1,0.0,0.0,0,0
ILLINOIS,JOHNSON,2022-02-03,Winter Storm,1,0.0,0.0,0,0
ILLINOIS,JOHNSON,2022-06-12,Excessive Heat,1,0.0,0.0,0,0
ILLINOIS,JOHNSON,2022-06-13,Excessive Heat,1,0.0,0.0,0,0
ILLINOIS,JOHNSON,2022-06-14,Excessive Heat,1,0.0,0.0,0,0
ILLINOIS,JOHNSON,2022-06-15,Excessive Heat,1,0.0,0.0,0,0
ILLINOIS,JOHNSON,2022-06-16,Excessive Heat,1,0.0,0.0,0,0
ILLINOIS,JOHNSON,2022-07-04,Excessive Heat,1,0.0,0.0,0,0
ILLINOIS,JOHNSON,2022-07-05,Excessive Heat,1,0.0,0.0,0,0
ILLINOIS,JOHNSON,2022-07-06,Excessive Heat,1,0.0,0.0,0,0
ILLINOIS,JOHNSON,2022-07-07,Excessive Heat,1,0.0,0.0,0,0
ILLINOIS,JOHNSON,2022-07-08,Excessive Heat,1,0.0,0.0,0,0
ILLINOIS,JOHNSON,2022-07-20,Excessive Heat,1,0.0,0.0,0,0
ILLINOIS,JOHNSON,2022-07-22,Excessive Heat,1,0.0,0.0,0,0
ILLINOIS,JOHNSON,2022-07-23,Excessive Heat,1,0.0,0.0,0,0
ILLINOIS,JOHNSON,2022-07-24,Excessive Heat,1,0.0,0.0,0,0
ILLINOIS,JOHNSON,2023-01-30,Winter Storm,1,0.0,0.0,0,0
ILLINOIS,JOHNSON,2023-01-31,Winter Storm,1,0.0,0.0,0,0
ILLINOIS,JOHNSON,2023-06-29,Excessive Heat,1,0.0,0.0,0,0
ILLINOIS,JOHNSON,2023-06-30,Excessive Heat,1,0.0,0.0,0,0
ILLINOIS,JOHNSON,2023-07-27,Excessive Heat,1,0.0,0.0,0,0
ILLINOIS,JOHNSON,2023-07-28,Excessive Heat,1,0.0,0.0,0,0
ILLINOIS,JOHNSON,2023-08-20,Excessive Heat,1,0.0,0.0,0,0
ILLINOIS,JOHNSON,2023-08-21,Excessive Heat,1,0.0,0.0,0,0
ILLINOIS,JOHNSON,2023-08-22,Excessive Heat,1,0.0,0.0,0,0
ILLINOIS,JOHNSON,2023-08-23,Excessive Heat,1,0.0,0.0,0,0
ILLINOIS,JOHNSON,2023-08-24,Excessive Heat,1,0.0,0.0,0,0
ILLINOIS,JOHNSON,2023-08-25,Excessive Heat,1,0.0,0.0,0,0
ILLINOIS,JOHNSON,2024-05-08,Flood,1,0.0,0.0,0,0
ILLINOIS,JOHNSON,2024-06-25,Excessive Heat,1,0.0,0.0,0,0
ILLINOIS,JOHNSON,2024-07-04,Excessive Heat,1,0.0,0.0,0,0
ILLINOIS,JOHNSON,2024-07-30,Excessive Heat,1,0.0,0.0,0,0
ILLINOIS,JOHNSON,2024-07-31,Excessive Heat,1,0.0,0.0,0,0
ILLINOIS,JOHNSON,2024-08-01,Excessive Heat,1,0.0,0.0,0,0
ILLINOIS,JOHNSON,2025-07-22,Excessive Heat,1,0.0,0.0,0,0
ILLINOIS,JOHNSON,2025-07-23,Excessive Heat,1,0.0,0.0,0,0
ILLINOIS,JOHNSON,2025-07-24,Excessive Heat,1,0.0,0.0,0,0
ILLINOIS,JOHNSON,2025-07-25,Excessive Heat,1,0.0,0.0,0,0
ILLINOIS,JOHNSON,2025-07-26,Excessive Heat,1,0.0,0.0,0,0
ILLINOIS,Jackson,2015-07-27,Excessive Heat,1,0.0,0.0,0,0
ILLINOIS,Jackson,2015-07-28,Excessive Heat,1,0.0,0.0,0,0
ILLINOIS,Jackson,2015-07-29,Excessive Heat,1,0.0,0.0,0,0
ILLINOIS,Jefferson,2015-07-28,Excessive Heat,1,0.0,0.0,0,0
ILLINOIS,Jefferson,2015-07-29,Excessive Heat,1,0.0,0.0,0,0
ILLINOIS,Johnson,2015-07-27,Excessive Heat,1,0.0,0.0,0,0
ILLINOIS,Johnson,2015-07-28,Excessive Heat,1,0.0,0.0,0,0
ILLINOIS,Johnson,2015-07-29,Excessive Heat,1,0.0,0.0,0,0
ILLINOIS,KANE,2010-01-07,Winter Storm,1,0.0,0.0,0,0
ILLINOIS,KANE,2010-01-08,Winter Storm,1,0.0,0.0,0,0
ILLINOIS,KANE,2010-02-08,Winter Storm,1,0.0,0.0,0,0
ILLINOIS,KANE,2010-02-09,Winter Storm,1,0.0,0.0,0,0
ILLINOIS,KANE,2010-07-24,Flood,1,0.0,0.0,0,0
ILLINOIS,KANE,2010-08-13,Flood,1,0.0,0.0,0,0
ILLINOIS,KANE,2010-12-11,Winter Storm,1,0.0,0.0,0,0
ILLINOIS,KANE,2010-12-12,Winter Storm,1,0.0,0.0,0,0
ILLINOIS,KANE,2011-02-01,Blizzard,1,0.0,0.0,0,0
ILLINOIS,KANE,2011-02-02,Blizzard,1,0.0,0.0,0,0
ILLINOIS,KANE,2011-05-11,Flood,1,0.0,0.0,0,0
ILLINOIS,KANE,2011-05-29,Flood,1,0.0,0.0,0,0
ILLINOIS,KANE,2011-06-09,Flood,1,0.0,0.0,0,0
ILLINOIS,KANE,2012-01-12,Winter Storm,1,0.0,0.0,0,0
ILLINOIS,KANE,2012-01-13,Winter Storm,1,0.0,0.0,0,0
ILLINOIS,KANE,2012-01-20,Winter Storm,1,0.0,0.0,0,0
ILLINOIS,KANE,2012-07-04,Excessive Heat,1,0.0,0.0,0,0
ILLINOIS,KANE,2012-07-05,Excessive Heat,1,0.0,0.0,0,0
ILLINOIS,KANE,2012-07-06,Excessive Heat,1,0.0,0.0,0,0
ILLINOIS,KANE,2012-07-07,Excessive Heat,1,0.0,0.0,0,0
ILLINOIS,KANE,2013-03-05,Winter Storm,1,0.0,0.0,0,0
ILLINOIS,KANE,2013-11-17,Flood,1,0.0,0.0,0,0
ILLINOIS,KANE,2014-01-26,Winter Storm,1,0.0,0.0,0,0
ILLINOIS,KANE,2014-01-27,Winter Storm,1,0.0,0.0,0,0
ILLINOIS,KANE,2014-06-21,Flood,1,0.0,0.0,0,0
ILLINOIS,KANE,2015-02-01,Blizzard,1,0.0,0.0,0,0
ILLINOIS,KANE,2015-02-02,Blizzard,1,0.0,0.0,0,0
ILLINOIS,KANE,2016-05-25,Flood,1,0.0,0.0,0,0
ILLINOIS,KANE,2016-07-07,Flood,1,0.0,0.0,0,0
ILLINOIS,KANE,2017-07-12,Flood,1,0.0,0.0,0,0
ILLINOIS,KANE,2017-07-13,Flood,1,0.0,0.0,0,0
ILLINOIS,KANE,2017-07-21,Flood,1,0.0,0.0,0,0
ILLINOIS,KANE,2017-10-14,Flood,1,0.0,0.0,0,0
ILLINOIS,KANE,2018-02-08,Winter Storm,1,0.0,0.0,0,0
ILLINOIS,KANE,2018-02-09,Winter Storm,1,0.0,0.0,0,0
ILLINOIS,KANE,2018-05-30,Flood,1,0.0,0.0,0,0
ILLINOIS,KANE,2018-06-26,Flood,1,0.0,0.0,0,0
ILLINOIS,KANE,2018-08-07,Flood,1,0.0,0.0,0,0
ILLINOIS,KANE,2018-11-25,Winter Storm,1,0.0,0.0,0,0
ILLINOIS,KANE,2018-11-26,Winter Storm,1,0.0,0.0,0,0
ILLINOIS,KANE,2019-01-18,Winter Storm,1,0.0,0.0,0,0
ILLINOIS,KANE,2019-01-19,Winter Storm,1,0.0,0.0,0,0
ILLINOIS,KANE,2019-04-14,Winter Storm,1,0.0,0.0,0,0
ILLINOIS,KANE,2019-04-27,Winter Storm,1,0.0,0.0,0,0
ILLINOIS,KANE,2019-07-19,Excessive Heat,1,0.0,0.0,0,0
ILLINOIS,KANE,2019-07-20,Excessive Heat,1,0.0,0.0,0,0
ILLINOIS,KANE,2020-05-17,Flood,1,0.0,0.0,0,0
ILLINOIS,KANE,2020-06-29,Flood,1,0.0,0.0,0,0
ILLINOIS,KANE,2021-01-25,Winter Storm,1,0.0,0.0,0,0
ILLINOIS,KANE,2021-01-26,Winter Storm,1,0.0,0.0,0,0
ILLINOIS,KANE,2021-01-30,Winter Storm,1,0.0,0.0,0,0
ILLINOIS,KANE,2021-01-31,Winter Storm,1,0.0,0.0,0,0
ILLINOIS,KANE,2022-02-02,Winter Storm,1,0.0,0.0,0,0
ILLINOIS,KANE,2022-07-05,Flood,1,0.0,0.0,0,0
ILLINOIS,KANE,2022-07-06,Flood,1,0.0,0.0,0,0
ILLINOIS,KANE,2022-07-07,Flood,1,0.0,0.0,0,0
ILLINOIS,KANE,2022-12-22,Winter Storm,1,0.0,0.0,0,0
ILLINOIS,KANE,2022-12-23,Winter Storm,1,0.0,0.0,0,0
ILLINOIS,KANE,2022-12-24,Winter Storm,1,0.0,0.0,0,0
ILLINOIS,KANE,2023-01-28,Winter Storm,1,0.0,0.0,0,0
ILLINOIS,KANE,2023-01-29,Winter Storm,1,0.0,0.0,0,0
ILLINOIS,KANE,2023-07-26,Excessive Heat,1,0.0,0.0,0,0
ILLINOIS,KANE,2023-07-27,Excessive Heat,1,0.0,0.0,0,0
ILLINOIS,KANE,2023-07-28,Excessive Heat,1,0.0,0.0,0,0
ILLINOIS,KANE,2023-08-23,Excessive Heat,1,0.0,0.0,0,0
ILLINOIS,KANE,2023-08-24,Excessive Heat,1,0.0,0.0,0,0
ILLINOIS,KANE,2024-01-08,Winter Storm,1,0.0,0.0,0,0
ILLINOIS,KANE,2024-01-09,Winter Storm,1,0.0,0.0,0,0
ILLINOIS,KANE,2024-01-12,Winter Storm,1,0.0,0.0,0,0
ILLINOIS,KANE,2024-01-13,Winter Storm,1,0.0,0.0,0,0
ILLINOIS,KANE,2024-07-13,Flood,1,0.0,0.0,0,0
ILLINOIS,KANE,2024-07-14,Flood,1,0.0,0.0,0,0
ILLINOIS,KANE,2025-06-21,Excessive Heat,1,0.0,0.0,0,0
ILLINOIS,KANE,2025-11-29,Winter Storm,1,0.0,0.0,0,0
ILLINOIS,KANE,2025-11-30,Winter Storm,1,0.0,0.0,0,0
ILLINOIS,KANE,2025-12-06,Winter Storm,1,0.0,0.0,0,0
ILLINOIS,KANE,2025-12-07,Winter Storm,1,0.0,0.0,0,0
ILLINOIS,KANKAKEE,2010-05-26,Flood,1,0.0,0.0,0,0
ILLINOIS,KANKAKEE,2010-12-11,Winter Storm,1,0.0,0.0,0,0
ILLINOIS,KANKAKEE,2010-12-12,Winter Storm,1,0.0,0.0,0,0
ILLINOIS,KANKAKEE,2011-02-01,Blizzard,1,0.0,0.0,0,0
ILLINOIS,KANKAKEE,2011-02-02,Blizzard,1,0.0,0.0,0,0
ILLINOIS,KANKAKEE,2011-03-04,Flood,1,0.0,0.0,0,0
ILLINOIS,KANKAKEE,2012-01-20,Winter Storm,1,0.0,0.0,0,0
ILLINOIS,KANKAKEE,2012-05-07,Flood,1,0.0,0.0,0,0
ILLINOIS,KANKAKEE,2012-07-04,Excessive Heat,1,0.0,0.0,0,0
ILLINOIS,KANKAKEE,2012-07-05,Excessive Heat,1,0.0,0.0,0,0
ILLINOIS,KANKAKEE,2012-07-06,Excessive Heat,1,0.0,0.0,0,0
ILLINOIS,KANKAKEE,2012-07-07,Excessive Heat,1,0.0,0.0,0,0
ILLINOIS,KANKAKEE,2013-03-05,Winter Storm,1,0.0,0.0,0,0
ILLINOIS,KANKAKEE,2013-03-06,Winter Storm,1,0.0,0.0,0,0
ILLINOIS,KANKAKEE,2014-01-26,Winter Storm,1,0.0,0.0,0,0
ILLINOIS,KANKAKEE,2014-01-27,Winter Storm,1,0.0,0.0,0,0
ILLINOIS,KANKAKEE,2014-06-21,Flood,1,0.0,0.0,0,0
ILLINOIS,KANKAKEE,2015-06-07,Flood,1,0.0,0.0,0,0
ILLINOIS,KANKAKEE,2017-08-03,Flood,1,0.0,0.0,0,0
ILLINOIS,KANKAKEE,2018-02-20,Flood,1,1100000.0,0.0,0,0
ILLINOIS,KANKAKEE,2018-02-21,Flood,1,1100000.0,0.0,0,0
ILLINOIS,KANKAKEE,2019-02-06,Flood,1,0.0,0.0,0,0
ILLINOIS,KANKAKEE,2019-05-01,Flood,1,0.0,0.0,0,0
ILLINOIS,KANKAKEE,2019-05-02,Flood,1,0.0,0.0,0,0
ILLINOIS,KANKAKEE,2019-09-27,Flood,1,0.0,0.0,0,0
ILLINOIS,KANKAKEE,2019-09-28,Flood,1,0.0,0.0,0,0
ILLINOIS,KANKAKEE,2020-05-23,Flood,1,0.0,0.0,0,0
ILLINOIS,KANKAKEE,2021-01-30,Winter Storm,1,0.0,0.0,0,0
ILLINOIS,KANKAKEE,2021-01-31,Winter Storm,1,0.0,0.0,0,0
ILLINOIS,KANKAKEE,2021-02-15,Winter Storm,1,0.0,0.0,0,0
ILLINOIS,KANKAKEE,2021-02-16,Winter Storm,1,0.0,0.0,0,0
ILLINOIS,KANKAKEE,2022-01-27,Flood,1,0.0,0.0,0,0
ILLINOIS,KANKAKEE,2022-02-01,Winter Storm,1,0.0,0.0,0,0
ILLINOIS,KANKAKEE,2022-02-02,Winter Storm,1,0.0,0.0,0,0
ILLINOIS,KANKAKEE,2022-02-17,Winter Storm,1,0.0,0.0,0,0
ILLINOIS,KANKAKEE,2022-12-22,Winter Storm,1,0.0,0.0,0,0
ILLINOIS,KANKAKEE,2022-12-23,Winter Storm,1,0.0,0.0,0,0
ILLINOIS,KANKAKEE,2022-12-24,Winter Storm,1,0.0,0.0,0,0
ILLINOIS,KANKAKEE,2023-07-26,Excessive Heat,1,0.0,0.0,0,0
ILLINOIS,KANKAKEE,2023-07-27,Excessive Heat,1,0.0,0.0,0,0
ILLINOIS,KANKAKEE,2023-07-28,Excessive Heat,1,0.0,0.0,0,0
ILLINOIS,KANKAKEE,2023-08-23,Excessive Heat,1,0.0,0.0,0,0
ILLINOIS,KANKAKEE,2023-08-24,Excessive Heat,1,0.0,0.0,0,0
ILLINOIS,KANKAKEE,2024-01-12,Winter Storm,1,0.0,0.0,0,0
ILLINOIS,KANKAKEE,2024-01-18,Flood,1,0.0,0.0,0,0
ILLINOIS,KANKAKEE,2024-01-19,Flood,1,0.0,0.0,0,0
ILLINOIS,KANKAKEE,2024-01-20,Flood,1,0.0,0.0,0,0
ILLINOIS,KANKAKEE,2024-01-21,Flood,1,0.0,0.0,0,0
ILLINOIS,KANKAKEE,2024-01-22,Flood,1,0.0,0.0,0,0
ILLINOIS,KANKAKEE,2024-01-23,Flood,1,0.0,0.0,0,0
ILLINOIS,KANKAKEE,2024-01-24,Flood,1,0.0,0.0,0,0
ILLINOIS,KANKAKEE,2024-01-25,Flood,1,0.0,0.0,0,0
ILLINOIS,KANKAKEE,2024-01-26,Flood,1,0.0,0.0,0,0
ILLINOIS,KANKAKEE,2025-01-20,Flood,1,0.0,0.0,0,0
ILLINOIS,KANKAKEE,2025-01-21,Flood,1,0.0,0.0,0,0
ILLINOIS,KANKAKEE,2025-01-22,Flood,1,0.0,0.0,0,0
ILLINOIS,KANKAKEE,2025-01-23,Flood,1,0.0,0.0,0,0
ILLINOIS,KANKAKEE,2025-01-24,Flood,1,0.0,0.0,0,0
ILLINOIS,KANKAKEE,2025-01-25,Flood,1,0.0,0.0,0,0
ILLINOIS,KANKAKEE,2025-01-26,Flood,1,0.0,0.0,0,0
ILLINOIS,KANKAKEE,2025-06-21,Excessive Heat,1,0.0,0.0,0,0
ILLINOIS,KANKAKEE,2025-11-09,Winter Storm,1,0.0,0.0,0,0
ILLINOIS,KANKAKEE,2025-11-10,Winter Storm,1,0.0,0.0,0,0
ILLINOIS,KANKAKEE,2025-11-29,Winter Storm,1,0.0,0.0,0,0
ILLINOIS,KANKAKEE,2025-11-30,Winter Storm,1,0.0,0.0,0,0
ILLINOIS,KANKAKEE,2025-12-28,Flood,1,0.0,0.0,0,0
ILLINOIS,KENDALL,2010-12-11,Winter Storm,1,0.0,0.0,0,0
ILLINOIS,KENDALL,2010-12-12,Winter Storm,1,0.0,0.0,0,0
ILLINOIS,KENDALL,2011-02-01,Blizzard,1,0.0,0.0,0,0
ILLINOIS,KENDALL,2011-02-02,Blizzard,1,0.0,0.0,0,0
ILLINOIS,KENDALL,2011-06-09,Flood,1,0.0,0.0,0,0
ILLINOIS,KENDALL,2012-01-20,Winter Storm,1,0.0,0.0,0,0
ILLINOIS,KENDALL,2012-07-04,Excessive Heat,1,0.0,0.0,0,0
ILLINOIS,KENDALL,2012-07-05,Excessive Heat,1,0.0,0.0,0,0
ILLINOIS,KENDALL,2012-07-06,Excessive Heat,1,0.0,0.0,0,0
ILLINOIS,KENDALL,2012-07-07,Excessive Heat,1,0.0,0.0,0,0
ILLINOIS,KENDALL,2013-03-05,Winter Storm,1,0.0,0.0,0,0
ILLINOIS,KENDALL,2013-03-06,Winter Storm,1,0.0,0.0,0,0
ILLINOIS,KENDALL,2014-01-26,Winter Storm,1,0.0,0.0,0,0
ILLINOIS,KENDALL,2014-01-27,Winter Storm,1,0.0,0.0,0,0
ILLINOIS,KENDALL,2018-02-08,Winter Storm,1,0.0,0.0,0,0
ILLINOIS,KENDALL,2018-02-09,Winter Storm,1,0.0,0.0,0,0
ILLINOIS,KENDALL,2018-05-30,Flood,1,0.0,0.0,0,0
ILLINOIS,KENDALL,2019-05-27,Flood,1,0.0,0.0,0,0
ILLINOIS,KENDALL,2019-06-30,Flood,1,0.0,0.0,0,0
ILLINOIS,KENDALL,2019-07-19,Excessive Heat,1,0.0,0.0,0,0
ILLINOIS,KENDALL,2019-07-20,Excessive Heat,1,0.0,0.0,0,0
ILLINOIS,KENDALL,2019-09-28,Flood,1,0.0,0.0,0,0
ILLINOIS,KENDALL,2019-09-29,Flood,1,0.0,0.0,0,0
ILLINOIS,KENDALL,2021-01-30,Winter Storm,1,0.0,0.0,0,0
ILLINOIS,KENDALL,2021-01-31,Winter Storm,1,0.0,0.0,0,0
ILLINOIS,KENDALL,2022-02-01,Winter Storm,1,0.0,0.0,0,0
ILLINOIS,KENDALL,2022-02-02,Winter Storm,1,0.0,0.0,0,0
ILLINOIS,KENDALL,2022-02-22,Flood,1,0.0,0.0,0,0
ILLINOIS,KENDALL,2022-09-11,Flood,1,0.0,0.0,0,0
ILLINOIS,KENDALL,2022-12-22,Winter Storm,1,0.0,0.0,0,0
ILLINOIS,KENDALL,2022-12-23,Winter Storm,1,0.0,0.0,0,0
ILLINOIS,KENDALL,2022-12-24,Winter Storm,1,0.0,0.0,0,0
ILLINOIS,KENDALL,2023-07-26,Excessive Heat,1,0.0,0.0,0,0
ILLINOIS,KENDALL,2023-07-27,Excessive Heat,1,0.0,0.0,0,0
ILLINOIS,KENDALL,2023-07-28,Excessive Heat,1,0.0,0.0,0,0
ILLINOIS,KENDALL,2023-08-23,Excessive Heat,1,0.0,0.0,0,0
ILLINOIS,KENDALL,2023-08-24,Excessive Heat,1,0.0,0.0,0,0
ILLINOIS,KENDALL,2024-01-08,Winter Storm,1,0.0,0.0,0,0
ILLINOIS,KENDALL,2024-01-09,Winter Storm,1,0.0,0.0,0,0
ILLINOIS,KENDALL,2024-01-12,Winter Storm,1,0.0,0.0,0,0
ILLINOIS,KENDALL,2024-07-15,Flood,1,0.0,0.0,0,0
ILLINOIS,KENDALL,2025-06-21,Excessive Heat,1,0.0,0.0,0,0
ILLINOIS,KENDALL,2025-11-28,Winter Storm,1,0.0,0.0,0,0
ILLINOIS,KENDALL,2025-11-29,Winter Storm,1,0.0,0.0,0,0
ILLINOIS,KENDALL,2025-11-30,Winter Storm,1,0.0,0.0,0,0
ILLINOIS,KNOX,2010-01-06,Winter Storm,1,0.0,0.0,0,0
ILLINOIS,KNOX,2010-01-07,Winter Storm,1,0.0,0.0,0,0
ILLINOIS,KNOX,2010-02-08,Winter Storm,1,0.0,0.0,0,0
ILLINOIS,KNOX,2010-02-09,Winter Storm,1,0.0,0.0,0,0
ILLINOIS,KNOX,2010-02-21,Winter Storm,1,0.0,0.0,0,0
ILLINOIS,KNOX,2010-02-22,Winter Storm,1,0.0,0.0,0,0
ILLINOIS,KNOX,2010-08-11,Excessive Heat,1,0.0,0.0,0,0
ILLINOIS,KNOX,2010-08-12,Excessive Heat,1,0.0,0.0,0,0
ILLINOIS,KNOX,2010-08-13,Excessive Heat,1,0.0,0.0,0,0
ILLINOIS,KNOX,2010-12-12,Blizzard,1,0.0,0.0,0,0
ILLINOIS,KNOX,2010-12-13,Blizzard,1,0.0,0.0,0,0
ILLINOIS,KNOX,2011-02-01,Blizzard,1,300000.0,0.0,0,0
ILLINOIS,KNOX,2011-02-02,Blizzard,1,300000.0,0.0,0,0
ILLINOIS,KNOX,2011-08-02,Excessive Heat,1,0.0,0.0,0,0
ILLINOIS,KNOX,2012-06-29,Excessive Heat,1,0.0,0.0,0,0
ILLINOIS,KNOX,2012-06-30,Excessive Heat,1,0.0,0.0,0,0
ILLINOIS,KNOX,2012-07-01,Excessive Heat,1,0.0,0.0,0,0
ILLINOIS,KNOX,2012-07-02,Excessive Heat,1,0.0,0.0,0,0
ILLINOIS,KNOX,2012-07-03,Excessive Heat,1,0.0,0.0,0,0
ILLINOIS,KNOX,2012-07-04,Excessive Heat,1,0.0,0.0,0,0
ILLINOIS,KNOX,2012-07-05,Excessive Heat,1,0.0,0.0,0,0
ILLINOIS,KNOX,2012-07-06,Excessive Heat,1,0.0,0.0,0,0
ILLINOIS,KNOX,2012-07-07,Excessive Heat,1,0.0,0.0,0,0
ILLINOIS,KNOX,2012-12-20,Blizzard,1,0.0,0.0,0,0
ILLINOIS,KNOX,2013-04-18,Flood,1,0.0,0.0,0,0
ILLINOIS,KNOX,2013-04-19,Flood,1,0.0,0.0,0,0
ILLINOIS,KNOX,2013-04-20,Flood,1,0.0,0.0,0,0
ILLINOIS,KNOX,2013-04-21,Flood,1,0.0,0.0,0,0
ILLINOIS,KNOX,2013-04-22,Flood,1,0.0,0.0,0,0
ILLINOIS,KNOX,2013-05-27,Flood,1,0.0,0.0,0,0
ILLINOIS,KNOX,2013-05-28,Flood,1,0.0,0.0,0,0
ILLINOIS,KNOX,2013-05-29,Flood,1,0.0,0.0,0,0
ILLINOIS,KNOX,2013-05-30,Flood,1,0.0,0.0,0,0
ILLINOIS,KNOX,2015-11-20,Winter Storm,1,0.0,0.0,0,0
ILLINOIS,KNOX,2015-11-21,Winter Storm,1,0.0,0.0,0,0
ILLINOIS,KNOX,2018-11-25,Blizzard,1,0.0,0.0,0,0
ILLINOIS,KNOX,2018-11-26,Blizzard,1,0.0,0.0,0,0
ILLINOIS,KNOX,2022-02-01,Winter Storm,1,0.0,0.0,0,0
ILLINOIS,KNOX,2022-02-02,Winter Storm,1,0.0,0.0,0,0
ILLINOIS,KNOX,2022-02-03,Winter Storm,1,0.0,0.0,0,0
ILLINOIS,KNOX,2022-12-22,Winter Storm,1,0.0,0.0,0,0
ILLINOIS,KNOX,2022-12-23,Winter Storm,1,0.0,0.0,0,0
ILLINOIS,KNOX,2023-07-27,Excessive Heat,1,0.0,0.0,0,0
ILLINOIS,KNOX,2023-07-28,Excessive Heat,1,0.0,0.0,0,0
ILLINOIS,KNOX,2023-08-20,Excessive Heat,1,0.0,0.0,0,0
ILLINOIS,KNOX,2023-08-21,Excessive Heat,1,0.0,0.0,0,0
ILLINOIS,KNOX,2023-08-22,Excessive Heat,1,0.0,0.0,0,0
ILLINOIS,KNOX,2023-08-23,Excessive Heat,1,0.0,0.0,0,0
ILLINOIS,KNOX,2023-08-24,Excessive Heat,1,0.0,0.0,0,0
ILLINOIS,KNOX,2023-08-25,Excessive Heat,1,0.0,0.0,0,0
ILLINOIS,KNOX,2024-08-27,Excessive Heat,1,0.0,0.0,0,0
ILLINOIS,LA SALLE,2010-01-06,Winter Storm,1,0.0,0.0,0,0
ILLINOIS,LA SALLE,2010-01-07,Winter Storm,1,0.0,0.0,0,0
ILLINOIS,LA SALLE,2010-12-03,Winter Storm,1,0.0,0.0,0,0
ILLINOIS,LA SALLE,2010-12-04,Winter Storm,1,0.0,0.0,0,0
ILLINOIS,LA SALLE,2010-12-11,Winter Storm,1,0.0,0.0,0,0
ILLINOIS,LA SALLE,2010-12-12,Winter Storm,1,0.0,0.0,0,0
ILLINOIS,LA SALLE,2010-12-24,Winter Storm,1,0.0,0.0,0,0
ILLINOIS,LA SALLE,2010-12-25,Winter Storm,1,0.0,0.0,0,0
ILLINOIS,LA SALLE,2011-02-01,Blizzard,1,0.0,0.0,0,1
ILLINOIS,LA SALLE,2011-02-02,Blizzard,1,0.0,0.0,0,1
ILLINOIS,LA SALLE,2011-04-19,Flood,1,0.0,0.0,0,0
ILLINOIS,LA SALLE,2011-05-14,Flood,1,0.0,0.0,0,0
ILLINOIS,LA SALLE,2011-05-25,Flood,1,0.0,20000.0,0,0
ILLINOIS,LA SALLE,2011-05-26,Flood,1,0.0,20000.0,0,0
ILLINOIS,LA SALLE,2011-06-21,Flood,1,50000.0,0.0,0,0
ILLINOIS,LA SALLE,2012-01-20,Winter Storm,1,0.0,0.0,0,0
ILLINOIS,LA SALLE,2012-05-06,Flood,1,0.0,0.0,0,0
ILLINOIS,LA SALLE,2012-07-04,Excessive Heat,1,0.0,0.0,0,0
ILLINOIS,LA SALLE,2012-07-05,Excessive Heat,1,0.0,0.0,0,0
ILLINOIS,LA SALLE,2012-07-06,Excessive Heat,1,0.0,0.0,0,0
ILLINOIS,LA SALLE,2012-07-07,Excessive Heat,1,0.0,0.0,0,0
ILLINOIS,LA SALLE,2013-03-05,Winter Storm,1,0.0,0.0,0,0
ILLINOIS,LA SALLE,2013-03-06,Winter Storm,1,0.0,0.0,0,0
ILLINOIS,LA SALLE,2014-01-26,Winter Storm,1,0.0,0.0,0,0
ILLINOIS,LA SALLE,2014-01-27,Winter Storm,1,0.0,0.0,0,0
ILLINOIS,LA SALLE,2015-12-28,Winter Storm,1,0.0,0.0,0,0
ILLINOIS,LA SALLE,2016-08-30,Flood,1,2000.0,0.0,0,0
ILLINOIS,LA SALLE,2017-07-21,Flood,1,0.0,0.0,0,0
ILLINOIS,LA SALLE,2017-07-22,Flood,1,0.0,0.0,0,0
ILLINOIS,LA SALLE,2018-02-05,Winter Storm,1,0.0,0.0,0,0
ILLINOIS,LA SALLE,2018-02-08,Winter Storm,1,0.0,0.0,0,0
ILLINOIS,LA SALLE,2018-02-09,Winter Storm,1,0.0,0.0,0,0
ILLINOIS,LA SALLE,2018-02-20,Flood,1,0.0,0.0,0,0
ILLINOIS,LA SALLE,2018-02-21,Flood,1,0.0,0.0,0,0
ILLINOIS,LA SALLE,2018-02-22,Flood,1,0.0,0.0,0,0
ILLINOIS,LA SALLE,2018-02-23,Flood,1,0.0,0.0,0,0
ILLINOIS,LA SALLE,2018-02-24,Flood,1,0.0,0.0,0,0
ILLINOIS,LA SALLE,2018-02-25,Flood,1,0.0,0.0,0,0
ILLINOIS,LA SALLE,2018-02-26,Flood,1,0.0,0.0,0,0
ILLINOIS,LA SALLE,2018-02-27,Flood,1,0.0,0.0,0,0
ILLINOIS,LA SALLE,2018-02-28,Flood,1,0.0,0.0,0,0
ILLINOIS,LA SALLE,2018-03-24,Winter Storm,1,0.0,0.0,0,0
ILLINOIS,LA SALLE,2018-06-29,Excessive Heat,1,0.0,0.0,0,0
ILLINOIS,LA SALLE,2018-06-30,Excessive Heat,1,0.0,0.0,0,0
ILLINOIS,LA SALLE,2018-11-25,Winter Storm,1,0.0,0.0,0,0
ILLINOIS,LA SALLE,2018-11-26,Winter Storm,1,0.0,0.0,0,0
ILLINOIS,LA SALLE,2019-01-12,Winter Storm,1,0.0,0.0,0,0
ILLINOIS,LA SALLE,2019-01-13,Winter Storm,1,0.0,0.0,0,0
ILLINOIS,LA SALLE,2019-04-14,Winter Storm,1,0.0,0.0,0,0
ILLINOIS,LA SALLE,2019-05-01,Flood,1,0.0,0.0,0,0
ILLINOIS,LA SALLE,2019-05-02,Flood,1,0.0,0.0,0,0
ILLINOIS,LA SALLE,2019-05-03,Flood,1,0.0,0.0,0,0
ILLINOIS,LA SALLE,2019-05-04,Flood,1,0.0,0.0,0,0
ILLINOIS,LA SALLE,2019-05-05,Flood,1,0.0,0.0,0,0
ILLINOIS,LA SALLE,2019-05-06,Flood,1,0.0,0.0,0,0
ILLINOIS,LA SALLE,2019-05-07,Flood,1,0.0,0.0,0,0
ILLINOIS,LA SALLE,2019-05-08,Flood,1,0.0,0.0,0,0
ILLINOIS,LA SALLE,2019-09-28,Flood,1,0.0,0.0,0,0
ILLINOIS,LA SALLE,2019-09-29,Flood,1,0.0,0.0,0,0
ILLINOIS,LA SALLE,2020-05-17,Flood,1,0.0,0.0,0,0
ILLINOIS,LA SALLE,2020-05-18,Flood,1,0.0,0.0,0,0
ILLINOIS,LA SALLE,2020-05-19,Flood,1,0.0,0.0,0,0
ILLINOIS,LA SALLE,2020-05-20,Flood,1,0.0,0.0,0,0
ILLINOIS,LA SALLE,2021-01-30,Winter Storm,1,0.0,0.0,0,0
ILLINOIS,LA SALLE,2021-01-31,Winter Storm,1,0.0,0.0,0,0
ILLINOIS,LA SALLE,2021-02-04,Winter Storm,1,0.0,0.0,0,0
ILLINOIS,LA SALLE,2021-02-05,Winter Storm,1,0.0,0.0,0,0
ILLINOIS,LA SALLE,2021-07-13,Flood,1,0.0,0.0,0,0
ILLINOIS,LA SALLE,2022-02-01,Winter Storm,1,0.0,0.0,0,0
ILLINOIS,LA SALLE,2022-02-02,Winter Storm,1,0.0,0.0,0,0
ILLINOIS,LA SALLE,2022-02-17,Winter Storm,1,0.0,0.0,0,0
ILLINOIS,LA SALLE,2022-02-18,Flood,1,0.0,0.0,0,0
ILLINOIS,LA SALLE,2022-02-22,Flood,1,0.0,0.0,0,0
ILLINOIS,LA SALLE,2022-12-22,Winter Storm,1,0.0,0.0,0,0
ILLINOIS,LA SALLE,2022-12-23,Winter Storm,1,0.0,0.0,0,0
ILLINOIS,LA SALLE,2022-12-24,Winter Storm,1,0.0,0.0,0,0
ILLINOIS,LA SALLE,2023-05-07,Flood,1,0.0,0.0,0,0
ILLINOIS,LA SALLE,2023-07-26,Excessive Heat,1,0.0,0.0,0,0
ILLINOIS,LA SALLE,2023-07-27,Excessive Heat,1,0.0,0.0,0,0
ILLINOIS,LA SALLE,2023-07-28,Excessive Heat,1,0.0,0.0,0,0
ILLINOIS,LA SALLE,2023-08-23,Excessive Heat,1,0.0,0.0,0,0
ILLINOIS,LA SALLE,2023-08-24,Excessive Heat,1,0.0,0.0,0,0
ILLINOIS,LA SALLE,2024-01-08,Winter Storm,1,0.0,0.0,0,0
ILLINOIS,LA SALLE,2024-01-09,Winter Storm,1,0.0,0.0,0,0
ILLINOIS,LA SALLE,2024-01-12,Winter Storm,1,0.0,0.0,0,0
ILLINOIS,LA SALLE,2024-01-16,Flood,1,0.0,0.0,0,0
ILLINOIS,LA SALLE,2024-01-17,Flood,1,0.0,0.0,0,0
ILLINOIS,LA SALLE,2024-01-18,Flood,1,0.0,0.0,0,0
ILLINOIS,LA SALLE,2024-01-19,Flood,1,0.0,0.0,0,0
ILLINOIS,LA SALLE,2024-01-20,Flood,1,0.0,0.0,0,0
ILLINOIS,LA SALLE,2024-01-21,Flood,1,0.0,0.0,0,0
ILLINOIS,LA SALLE,2024-01-22,Flood,1,0.0,0.0,0,0
ILLINOIS,LA SALLE,2024-01-23,Flood,1,0.0,0.0,0,0
ILLINOIS,LA SALLE,2024-01-24,Flood,1,0.0,0.0,0,0
ILLINOIS,LA SALLE,2024-01-25,Flood,1,0.0,0.0,0,0
ILLINOIS,LA SALLE,2024-01-26,Flood,1,0.0,0.0,0,0
ILLINOIS,LA SALLE,2024-01-27,Flood,1,0.0,0.0,0,0
ILLINOIS,LA SALLE,2024-04-28,Flood,1,0.0,0.0,0,0
ILLINOIS,LA SALLE,2024-07-10,Flood,1,0.0,0.0,0,0
ILLINOIS,LA SALLE,2025-01-31,Flood,1,0.0,0.0,0,0
ILLINOIS,LA SALLE,2025-06-21,Excessive Heat,1,0.0,0.0,0,0
ILLINOIS,LA SALLE,2025-11-28,Winter Storm,1,0.0,0.0,0,0
ILLINOIS,LA SALLE,2025-11-29,Winter Storm,1,0.0,0.0,0,0
ILLINOIS,LA SALLE,2025-11-30,Winter Storm,1,0.0,0.0,0,0
ILLINOIS,LAKE,2010-01-07,Winter Storm,1,0.0,0.0,0,0
ILLINOIS,LAKE,2010-01-08,Winter Storm,1,0.0,0.0,0,0
ILLINOIS,LAKE,2010-02-09,Winter Storm,1,0.0,0.0,0,0
ILLINOIS,LAKE,2010-02-10,Winter Storm,1,0.0,0.0,0,0
ILLINOIS,LAKE,2010-12-11,Winter Storm,1,0.0,0.0,0,0
ILLINOIS,LAKE,2010-12-12,Winter Storm,1,0.0,0.0,0,0
ILLINOIS,LAKE,2011-02-01,Blizzard,1,0.0,0.0,0,0
ILLINOIS,LAKE,2011-02-02,Blizzard,1,0.0,0.0,0,0
ILLINOIS,LAKE,2012-01-20,Winter Storm,1,0.0,0.0,0,0
ILLINOIS,LAKE,2012-02-23,Winter Storm,1,0.0,0.0,0,0
ILLINOIS,LAKE,2012-02-24,Winter Storm,1,0.0,0.0,0,0
ILLINOIS,LAKE,2012-07-04,Excessive Heat,1,0.0,0.0,0,0
ILLINOIS,LAKE,2012-07-05,Excessive Heat,1,0.0,0.0,0,0
ILLINOIS,LAKE,2012-07-06,Excessive Heat,1,0.0,0.0,0,0
ILLINOIS,LAKE,2012-07-07,Excessive Heat,1,0.0,0.0,0,0
ILLINOIS,LAKE,2012-07-18,Flood,1,0.0,0.0,0,0
ILLINOIS,LAKE,2013-03-05,Winter Storm,1,0.0,0.0,0,0
ILLINOIS,LAKE,2013-10-05,Flood,1,0.0,0.0,0,0
ILLINOIS,LAKE,2014-05-12,Flood,1,0.0,0.0,0,0
ILLINOIS,LAKE,2014-05-13,Flood,1,0.0,0.0,0,0
ILLINOIS,LAKE,2015-02-01,Blizzard,1,0.0,0.0,0,0
ILLINOIS,LAKE,2015-02-02,Blizzard,1,0.0,0.0,0,0
ILLINOIS,LAKE,2017-07-12,Flood,1,0.0,0.0,0,0
ILLINOIS,LAKE,2017-07-13,Flood,1,0.0,0.0,0,0
ILLINOIS,LAKE,2017-07-14,Flood,1,0.0,0.0,0,0
ILLINOIS,LAKE,2017-07-15,Flood,1,0.0,0.0,0,0
ILLINOIS,LAKE,2017-07-16,Flood,1,0.0,0.0,0,0
ILLINOIS,LAKE,2017-07-17,Flood,1,0.0,0.0,0,0
ILLINOIS,LAKE,2017-07-18,Flood,1,0.0,0.0,0,0
ILLINOIS,LAKE,2017-07-19,Flood,1,0.0,0.0,0,0
ILLINOIS,LAKE,2017-07-20,Flood,1,0.0,0.0,0,0
ILLINOIS,LAKE,2017-07-21,Flood,1,0.0,0.0,0,0
ILLINOIS,LAKE,2017-07-22,Flood,1,0.0,0.0,0,0
ILLINOIS,LAKE,2017-07-23,Flood,1,0.0,0.0,0,0
ILLINOIS,LAKE,2017-07-24,Flood,1,0.0,0.0,0,0
ILLINOIS,LAKE,2017-10-14,Flood,1,0.0,0.0,0,0
ILLINOIS,LAKE,2018-02-08,Winter Storm,1,0.0,0.0,0,0
ILLINOIS,LAKE,2018-02-09,Winter Storm,1,0.0,0.0,0,0
ILLINOIS,LAKE,2018-05-14,Flood,1,0.0,0.0,0,0
ILLINOIS,LAKE,2018-05-21,Flood,1,0.0,0.0,0,0
ILLINOIS,LAKE,2018-05-30,Flood,1,0.0,0.0,0,0
ILLINOIS,LAKE,2018-06-26,Flood,1,0.0,0.0,0,0
ILLINOIS,LAKE,2018-09-03,Flood,1,0.0,0.0,0,0
ILLINOIS,LAKE,2018-11-25,Winter Storm,1,0.0,0.0,0,0
ILLINOIS,LAKE,2018-11-26,Winter Storm,1,0.0,0.0,0,0
ILLINOIS,LAKE,2018-12-01,Flood,1,0.0,0.0,0,0
ILLINOIS,LAKE,2018-12-02,Flood,1,0.0,0.0,0,0
ILLINOIS,LAKE,2019-01-18,Winter Storm,1,0.0,0.0,0,0
ILLINOIS,LAKE,2019-01-19,Winter Storm,1,0.0,0.0,0,0
ILLINOIS,LAKE,2019-01-27,Winter Storm,1,0.0,0.0,0,0
ILLINOIS,LAKE,2019-01-28,Winter Storm,1,0.0,0.0,0,0
ILLINOIS,LAKE,2019-04-14,Winter Storm,1,0.0,0.0,0,0
ILLINOIS,LAKE,2019-07-19,Excessive Heat,1,0.0,0.0,0,0
ILLINOIS,LAKE,2019-07-20,Excessive Heat,1,0.0,0.0,0,0
ILLINOIS,LAKE,2019-09-13,Flood,1,0.0,0.0,0,0
ILLINOIS,LAKE,2019-09-14,Flood,1,0.0,0.0,0,0
ILLINOIS,LAKE,2019-09-15,Flood,1,0.0,0.0,0,0
ILLINOIS,LAKE,2019-09-16,Flood,1,0.0,0.0,0,0
ILLINOIS,LAKE,2020-05-17,Flood,1,0.0,0.0,0,0
ILLINOIS,LAKE,2020-05-18,Flood,1,0.0,0.0,0,0
ILLINOIS,LAKE,2020-05-19,Flood,1,0.0,0.0,0,0
ILLINOIS,LAKE,2021-01-25,Winter Storm,1,0.0,0.0,0,0
ILLINOIS,LAKE,2021-01-26,Winter Storm,1,0.0,0.0,0,0
ILLINOIS,LAKE,2021-01-30,Winter Storm,1,0.0,0.0,0,0
ILLINOIS,LAKE,2021-01-31,Winter Storm,1,0.0,0.0,0,0
ILLINOIS,LAKE,2021-02-15,Winter Storm,1,0.0,0.0,0,0
ILLINOIS,LAKE,2021-02-16,Winter Storm,1,0.0,0.0,0,0
ILLINOIS,LAKE,2022-01-01,Winter Storm,1,0.0,0.0,0,0
ILLINOIS,LAKE,2022-01-02,Winter Storm,1,0.0,0.0,0,0
ILLINOIS,LAKE,2022-07-23,Flood,1,0.0,0.0,0,0
ILLINOIS,LAKE,2022-07-24,Flood,1,0.0,0.0,0,0
ILLINOIS,LAKE,2022-09-11,Flood,1,0.0,0.0,0,0
ILLINOIS,LAKE,2022-12-22,Winter Storm,1,0.0,0.0,0,0
ILLINOIS,LAKE,2022-12-23,Winter Storm,1,0.0,0.0,0,0
ILLINOIS,LAKE,2022-12-24,Winter Storm,1,0.0,0.0,0,0
ILLINOIS,LAKE,2023-01-28,Winter Storm,1,0.0,0.0,0,0
ILLINOIS,LAKE,2023-01-29,Winter Storm,1,0.0,0.0,0,0
ILLINOIS,LAKE,2023-03-09,Winter Storm,1,0.0,0.0,0,0
ILLINOIS,LAKE,2023-03-10,Winter Storm,1,0.0,0.0,0,0
ILLINOIS,LAKE,2023-07-26,Excessive Heat,1,0.0,0.0,0,0
ILLINOIS,LAKE,2023-07-27,Excessive Heat,1,0.0,0.0,0,0
ILLINOIS,LAKE,2023-07-28,Excessive Heat,1,0.0,0.0,0,0
ILLINOIS,LAKE,2023-08-23,Excessive Heat,1,0.0,0.0,0,0
ILLINOIS,LAKE,2023-08-24,Excessive Heat,1,0.0,0.0,0,0
ILLINOIS,LAKE,2024-01-12,Winter Storm,1,0.0,0.0,0,0
ILLINOIS,LAKE,2024-01-13,Winter Storm,1,0.0,0.0,0,0
ILLINOIS,LAKE,2024-03-22,Winter Storm,1,0.0,0.0,0,0
ILLINOIS,LAKE,2024-05-28,Flood,1,0.0,0.0,0,0
ILLINOIS,LAKE,2024-07-15,Flood,1,0.0,0.0,0,0
ILLINOIS,LAKE,2024-07-16,Flood,1,0.0,0.0,0,0
ILLINOIS,LAKE,2025-06-21,Excessive Heat,1,0.0,0.0,0,0
ILLINOIS,LAKE,2025-11-09,Winter Storm,1,0.0,0.0,0,0
ILLINOIS,LAKE,2025-11-10,Winter Storm,1,0.0,0.0,0,0
ILLINOIS,LAKE,2025-11-29,Winter Storm,1,0.0,0.0,0,0
ILLINOIS,LAKE,2025-11-30,Winter Storm,1,0.0,0.0,0,0
ILLINOIS,LAKE,2025-12-06,Winter Storm,1,0.0,0.0,0,0
ILLINOIS,LAKE,2025-12-07,Winter Storm,1,0.0,0.0,0,0
ILLINOIS,LAWRENCE,2010-08-03,Excessive Heat,1,0.0,0.0,0,0
ILLINOIS,LAWRENCE,2010-08-04,Excessive Heat,1,0.0,0.0,0,0
ILLINOIS,LAWRENCE,2010-08-09,Excessive Heat,1,0.0,0.0,0,0
ILLINOIS,LAWRENCE,2010-08-10,Excessive Heat,1,0.0,0.0,0,0
ILLINOIS,LAWRENCE,2010-08-11,Excessive Heat,1,0.0,0.0,0,0
ILLINOIS,LAWRENCE,2010-08-12,Excessive Heat,1,0.0,0.0,0,0
ILLINOIS,LAWRENCE,2010-08-13,Excessive Heat,1,0.0,0.0,0,0
ILLINOIS,LAWRENCE,2010-08-14,Excessive Heat,1,0.0,0.0,0,0
ILLINOIS,LAWRENCE,2012-06-29,Excessive Heat,1,0.0,0.0,0,0
ILLINOIS,LAWRENCE,2012-06-30,Excessive Heat,1,0.0,0.0,0,0
ILLINOIS,LAWRENCE,2012-07-01,Excessive Heat,1,0.0,0.0,0,0
ILLINOIS,LAWRENCE,2012-07-02,Excessive Heat,1,0.0,0.0,0,0
ILLINOIS,LAWRENCE,2012-07-03,Excessive Heat,1,0.0,0.0,0,0
ILLINOIS,LAWRENCE,2012-07-04,Excessive Heat,1,0.0,0.0,0,0
ILLINOIS,LAWRENCE,2012-07-05,Excessive Heat,1,0.0,0.0,0,0
ILLINOIS,LAWRENCE,2012-07-06,Excessive Heat,1,0.0,0.0,0,0
ILLINOIS,LAWRENCE,2012-07-07,Excessive Heat,1,0.0,0.0,0,0
ILLINOIS,LAWRENCE,2012-12-26,Blizzard,1,0.0,0.0,0,0
ILLINOIS,LAWRENCE,2013-12-05,Winter Storm,1,0.0,0.0,0,0
ILLINOIS,LAWRENCE,2013-12-06,Winter Storm,1,0.0,0.0,0,0
ILLINOIS,LAWRENCE,2015-06-19,Flood,1,0.0,0.0,0,0
ILLINOIS,LAWRENCE,2015-06-20,Flood,1,0.0,0.0,0,0
ILLINOIS,LAWRENCE,2017-04-29,Flood,1,0.0,0.0,0,0
ILLINOIS,LAWRENCE,2017-04-30,Flood,1,0.0,0.0,0,0
ILLINOIS,LAWRENCE,2017-05-01,Flood,1,0.0,0.0,0,0
ILLINOIS,LAWRENCE,2017-05-04,Flood,1,0.0,0.0,0,0
ILLINOIS,LAWRENCE,2017-05-05,Flood,1,0.0,0.0,0,0
ILLINOIS,LAWRENCE,2017-05-06,Flood,1,0.0,0.0,0,0
ILLINOIS,LAWRENCE,2017-05-11,Flood,1,0.0,0.0,0,0
ILLINOIS,LAWRENCE,2019-02-07,Flood,1,0.0,0.0,0,0
ILLINOIS,LAWRENCE,2023-07-27,Excessive Heat,1,0.0,0.0,0,0
ILLINOIS,LAWRENCE,2023-07-28,Excessive Heat,1,0.0,0.0,0,0
ILLINOIS,LAWRENCE,2023-08-20,Excessive Heat,1,0.0,0.0,0,0
ILLINOIS,LAWRENCE,2023-08-21,Excessive Heat,1,0.0,0.0,0,0
ILLINOIS,LAWRENCE,2023-08-22,Excessive Heat,1,0.0,0.0,0,0
ILLINOIS,LAWRENCE,2023-08-23,Excessive Heat,1,0.0,0.0,0,0
ILLINOIS,LAWRENCE,2023-08-24,Excessive Heat,1,0.0,0.0,0,0
ILLINOIS,LAWRENCE,2023-08-25,Excessive Heat,1,0.0,0.0,0,0
ILLINOIS,LEE,2010-12-11,Winter Storm,1,0.0,0.0,0,0
ILLINOIS,LEE,2010-12-12,Winter Storm,1,0.0,0.0,0,0
ILLINOIS,LEE,2011-02-01,Blizzard,1,0.0,0.0,0,0
ILLINOIS,LEE,2011-02-02,Blizzard,1,0.0,0.0,0,0
ILLINOIS,LEE,2011-06-09,Flood,1,0.0,0.0,0,0
ILLINOIS,LEE,2012-01-20,Winter Storm,1,0.0,0.0,0,0
ILLINOIS,LEE,2012-07-04,Excessive Heat,1,0.0,0.0,0,0
ILLINOIS,LEE,2012-07-05,Excessive Heat,1,0.0,0.0,0,0
ILLINOIS,LEE,2012-07-06,Excessive Heat,1,0.0,0.0,0,0
ILLINOIS,LEE,2012-07-07,Excessive Heat,1,0.0,0.0,0,0
ILLINOIS,LEE,2013-03-05,Winter Storm,1,0.0,0.0,0,0
ILLINOIS,LEE,2014-01-26,Winter Storm,1,0.0,0.0,0,0
ILLINOIS,LEE,2014-01-27,Winter Storm,1,0.0,0.0,0,0
ILLINOIS,LEE,2014-08-04,Flood,1,0.0,0.0,0,0
ILLINOIS,LEE,2015-02-01,Blizzard,1,0.0,0.0,0,0
ILLINOIS,LEE,2015-02-02,Blizzard,1,0.0,0.0,0,0
ILLINOIS,LEE,2018-02-08,Winter Storm,1,0.0,0.0,0,0
ILLINOIS,LEE,2018-02-09,Winter Storm,1,0.0,0.0,0,0
ILLINOIS,LEE,2018-06-29,Excessive Heat,1,0.0,0.0,0,0
ILLINOIS,LEE,2018-11-25,Winter Storm,1,0.0,0.0,0,0
ILLINOIS,LEE,2018-11-26,Winter Storm,1,0.0,0.0,0,0
ILLINOIS,LEE,2019-01-18,Winter Storm,1,0.0,0.0,0,0
ILLINOIS,LEE,2019-01-19,Winter Storm,1,0.0,0.0,0,0
ILLINOIS,LEE,2019-03-06,Flood,1,0.0,0.0,0,0
ILLINOIS,LEE,2019-05-30,Flood,1,0.0,0.0,0,0
ILLINOIS,LEE,2019-07-19,Excessive Heat,1,0.0,0.0,0,0
ILLINOIS,LEE,2019-07-20,Excessive Heat,1,0.0,0.0,0,0
ILLINOIS,LEE,2020-01-21,Flood,1,0.0,0.0,0,0
ILLINOIS,LEE,2020-01-22,Flood,1,0.0,0.0,0,0
ILLINOIS,LEE,2020-05-14,Flood,1,0.0,0.0,0,0
ILLINOIS,LEE,2020-05-15,Flood,1,0.0,0.0,0,0
ILLINOIS,LEE,2020-06-27,Flood,1,0.0,0.0,0,0
ILLINOIS,LEE,2020-12-29,Winter Storm,1,0.0,0.0,0,0
ILLINOIS,LEE,2020-12-30,Winter Storm,1,0.0,0.0,0,0
ILLINOIS,LEE,2021-01-25,Winter Storm,1,0.0,0.0,0,0
ILLINOIS,LEE,2021-01-26,Winter Storm,1,0.0,0.0,0,0
ILLINOIS,LEE,2021-01-30,Winter Storm,1,0.0,0.0,0,0
ILLINOIS,LEE,2021-01-31,Winter Storm,1,0.0,0.0,0,0
ILLINOIS,LEE,2021-02-04,Winter Storm,1,0.0,0.0,0,0
ILLINOIS,LEE,2021-02-05,Winter Storm,1,0.0,0.0,0,0
ILLINOIS,LEE,2022-12-22,Winter Storm,1,0.0,0.0,0,0
ILLINOIS,LEE,2022-12-23,Winter Storm,1,0.0,0.0,0,0
ILLINOIS,LEE,2022-12-24,Winter Storm,1,0.0,0.0,0,0
ILLINOIS,LEE,2023-07-26,Excessive Heat,1,0.0,0.0,0,0
ILLINOIS,LEE,2023-07-27,Excessive Heat,1,0.0,0.0,0,0
ILLINOIS,LEE,2023-07-28,Excessive Heat,1,0.0,0.0,0,0
ILLINOIS,LEE,2023-08-23,Excessive Heat,1,0.0,0.0,0,0
ILLINOIS,LEE,2023-08-24,Excessive Heat,1,0.0,0.0,0,0
ILLINOIS,LEE,2024-01-08,Winter Storm,1,0.0,0.0,0,0
ILLINOIS,LEE,2024-01-09,Winter Storm,1,0.0,0.0,0,0
ILLINOIS,LEE,2024-01-12,Winter Storm,1,0.0,0.0,0,0
ILLINOIS,LEE,2024-01-13,Winter Storm,1,0.0,0.0,0,0
ILLINOIS,LEE,2025-06-21,Excessive Heat,1,0.0,0.0,0,0
ILLINOIS,LEE,2025-11-28,Winter Storm,1,0.0,0.0,0,0
ILLINOIS,LEE,2025-11-29,Winter Storm,1,0.0,0.0,0,0
ILLINOIS,LEE,2025-11-30,Winter Storm,1,0.0,0.0,0,0
ILLINOIS,LEE,2025-12-06,Winter Storm,1,0.0,0.0,0,0
ILLINOIS,LEE,2025-12-07,Winter Storm,1,0.0,0.0,0,0
ILLINOIS,LIVINGSTON,2010-01-06,Winter Storm,1,0.0,0.0,0,0
ILLINOIS,LIVINGSTON,2010-01-07,Winter Storm,1,0.0,0.0,0,0
ILLINOIS,LIVINGSTON,2010-12-03,Winter Storm,1,0.0,0.0,0,0
ILLINOIS,LIVINGSTON,2010-12-04,Winter Storm,1,0.0,0.0,0,0
ILLINOIS,LIVINGSTON,2010-12-11,Winter Storm,1,0.0,0.0,0,0
ILLINOIS,LIVINGSTON,2010-12-12,Winter Storm,1,0.0,0.0,0,0
ILLINOIS,LIVINGSTON,2010-12-24,Winter Storm,1,0.0,0.0,0,0
ILLINOIS,LIVINGSTON,2010-12-25,Winter Storm,1,0.0,0.0,0,0
ILLINOIS,LIVINGSTON,2011-02-01,Blizzard,1,0.0,0.0,0,0
ILLINOIS,LIVINGSTON,2011-02-02,Blizzard,1,0.0,0.0,0,0
ILLINOIS,LIVINGSTON,2011-05-22,Flood,1,0.0,0.0,0,0
ILLINOIS,LIVINGSTON,2012-07-04,Excessive Heat,1,0.0,0.0,0,0
ILLINOIS,LIVINGSTON,2012-07-05,Excessive Heat,1,0.0,0.0,0,0
ILLINOIS,LIVINGSTON,2012-07-06,Excessive Heat,1,0.0,0.0,0,0
ILLINOIS,LIVINGSTON,2012-07-07,Excessive Heat,1,0.0,0.0,0,0
ILLINOIS,LIVINGSTON,2013-03-05,Winter Storm,1,0.0,0.0,0,0
ILLINOIS,LIVINGSTON,2013-03-06,Winter Storm,1,0.0,0.0,0,0
ILLINOIS,LIVINGSTON,2013-03-24,Winter Storm,1,0.0,0.0,0,0
ILLINOIS,LIVINGSTON,2014-01-26,Winter Storm,1,0.0,0.0,0,0
ILLINOIS,LIVINGSTON,2014-01-27,Winter Storm,1,0.0,0.0,0,0
ILLINOIS,LIVINGSTON,2014-08-22,Flood,1,0.0,0.0,0,0
ILLINOIS,LIVINGSTON,2015-12-29,Flood,1,0.0,0.0,0,1
ILLINOIS,LIVINGSTON,2016-08-15,Flood,1,0.0,0.0,0,0
ILLINOIS,LIVINGSTON,2018-02-05,Winter Storm,1,0.0,0.0,0,0
ILLINOIS,LIVINGSTON,2018-02-06,Winter Storm,1,0.0,0.0,0,0
ILLINOIS,LIVINGSTON,2018-03-24,Winter Storm,1,0.0,0.0,0,0
ILLINOIS,LIVINGSTON,2018-06-29,Excessive Heat,1,0.0,0.0,0,0
ILLINOIS,LIVINGSTON,2018-06-30,Excessive Heat,1,0.0,0.0,0,0
ILLINOIS,LIVINGSTON,2018-07-01,Excessive Heat,1,0.0,0.0,0,0
ILLINOIS,LIVINGSTON,2019-01-12,Winter Storm,1,0.0,0.0,0,0
ILLINOIS,LIVINGSTON,2019-01-13,Winter Storm,1,0.0,0.0,0,0
ILLINOIS,LIVINGSTON,2019-07-19,Excessive Heat,1,0.0,0.0,0,0
ILLINOIS,LIVINGSTON,2019-07-20,Excessive Heat,1,0.0,0.0,0,0
ILLINOIS,LIVINGSTON,2019-09-27,Flood,1,0.0,0.0,0,0
ILLINOIS,LIVINGSTON,2020-01-10,Flood,1,0.0,0.0,0,0
ILLINOIS,LIVINGSTON,2020-01-11,Flood,1,0.0,0.0,0,0
ILLINOIS,LIVINGSTON,2020-05-17,Flood,1,0.0,0.0,0,0
ILLINOIS,LIVINGSTON,2020-07-15,Flood,1,0.0,0.0,0,0
ILLINOIS,LIVINGSTON,2021-02-15,Winter Storm,1,0.0,0.0,0,0
ILLINOIS,LIVINGSTON,2021-02-16,Winter Storm,1,0.0,0.0,0,0
ILLINOIS,LIVINGSTON,2021-06-24,Flood,1,0.0,0.0,0,0
ILLINOIS,LIVINGSTON,2022-02-01,Winter Storm,1,0.0,0.0,0,0
ILLINOIS,LIVINGSTON,2022-02-02,Winter Storm,1,0.0,0.0,0,0
ILLINOIS,LIVINGSTON,2022-02-17,Winter Storm,1,0.0,0.0,0,0
ILLINOIS,LIVINGSTON,2022-12-22,Winter Storm,1,0.0,0.0,0,0
ILLINOIS,LIVINGSTON,2022-12-23,Winter Storm,1,0.0,0.0,0,0
ILLINOIS,LIVINGSTON,2022-12-24,Winter Storm,1,0.0,0.0,0,0
ILLINOIS,LIVINGSTON,2023-07-26,Excessive Heat,1,0.0,0.0,0,0
ILLINOIS,LIVINGSTON,2023-07-27,Excessive Heat,1,0.0,0.0,0,0
ILLINOIS,LIVINGSTON,2023-07-28,Excessive Heat,1,0.0,0.0,0,0
ILLINOIS,LIVINGSTON,2023-08-23,Excessive Heat,1,0.0,0.0,0,0
ILLINOIS,LIVINGSTON,2023-08-24,Excessive Heat,1,0.0,0.0,0,0
ILLINOIS,LIVINGSTON,2024-05-13,Flood,1,0.0,0.0,0,0
ILLINOIS,LIVINGSTON,2025-06-18,Flood,1,0.0,0.0,0,0
ILLINOIS,LIVINGSTON,2025-06-21,Excessive Heat,1,0.0,0.0,0,0
ILLINOIS,LIVINGSTON,2025-11-29,Winter Storm,1,0.0,0.0,0,0
ILLINOIS,LIVINGSTON,2025-11-30,Winter Storm,1,0.0,0.0,0,0
ILLINOIS,LOGAN,2010-01-06,Winter Storm,1,0.0,0.0,0,0
ILLINOIS,LOGAN,2010-01-07,Winter Storm,1,0.0,0.0,0,0
ILLINOIS,LOGAN,2010-08-03,Excessive Heat,1,0.0,0.0,0,0
ILLINOIS,LOGAN,2010-08-04,Excessive Heat,1,0.0,0.0,0,0
ILLINOIS,LOGAN,2010-08-09,Excessive Heat,1,0.0,0.0,0,0
ILLINOIS,LOGAN,2010-08-10,Excessive Heat,1,0.0,0.0,0,0
ILLINOIS,LOGAN,2010-08-11,Excessive Heat,1,0.0,0.0,0,0
ILLINOIS,LOGAN,2010-08-12,Excessive Heat,1,0.0,0.0,0,0
ILLINOIS,LOGAN,2010-08-13,Excessive Heat,1,0.0,0.0,0,0
ILLINOIS,LOGAN,2010-08-14,Excessive Heat,1,0.0,0.0,0,0
ILLINOIS,LOGAN,2010-12-12,Blizzard,1,0.0,0.0,0,0
ILLINOIS,LOGAN,2010-12-13,Blizzard,1,0.0,0.0,0,0
ILLINOIS,LOGAN,2011-02-01,Blizzard,1,100000.0,0.0,0,0
ILLINOIS,LOGAN,2011-02-02,Blizzard,1,100000.0,0.0,0,0
ILLINOIS,LOGAN,2012-06-29,Excessive Heat,1,0.0,0.0,0,0
ILLINOIS,LOGAN,2012-06-30,Excessive Heat,1,0.0,0.0,0,0
ILLINOIS,LOGAN,2012-07-01,Excessive Heat,1,0.0,0.0,0,0
ILLINOIS,LOGAN,2012-07-02,Excessive Heat,1,0.0,0.0,0,0
ILLINOIS,LOGAN,2012-07-03,Excessive Heat,1,0.0,0.0,0,0
ILLINOIS,LOGAN,2012-07-04,Excessive Heat,1,0.0,0.0,0,0
ILLINOIS,LOGAN,2012-07-05,Excessive Heat,1,0.0,0.0,0,0
ILLINOIS,LOGAN,2012-07-06,Excessive Heat,1,0.0,0.0,0,0
ILLINOIS,LOGAN,2012-07-07,Excessive Heat,1,0.0,0.0,0,0
ILLINOIS,LOGAN,2012-12-20,Blizzard,1,0.0,0.0,0,0
ILLINOIS,LOGAN,2013-02-21,Winter Storm,1,0.0,0.0,0,0
ILLINOIS,LOGAN,2013-02-22,Winter Storm,1,0.0,0.0,0,0
ILLINOIS,LOGAN,2014-02-17,Winter Storm,1,0.0,0.0,0,0
ILLINOIS,LOGAN,2019-01-19,Winter Storm,1,0.0,0.0,0,0
ILLINOIS,LOGAN,2019-05-01,Flood,1,0.0,0.0,0,0
ILLINOIS,LOGAN,2022-02-01,Winter Storm,1,0.0,0.0,0,0
ILLINOIS,LOGAN,2022-02-02,Winter Storm,1,0.0,0.0,0,0
ILLINOIS,LOGAN,2022-02-03,Winter Storm,1,0.0,0.0,0,0
ILLINOIS,LOGAN,2022-12-22,Winter Storm,1,0.0,0.0,0,0
ILLINOIS,LOGAN,2022-12-23,Winter Storm,1,0.0,0.0,0,0
ILLINOIS,LOGAN,2023-07-27,Excessive Heat,1,0.0,0.0,0,0
ILLINOIS,LOGAN,2023-07-28,Excessive Heat,1,0.0,0.0,0,0
ILLINOIS,LOGAN,2023-08-11,Flood,1,0.0,0.0,0,0
ILLINOIS,LOGAN,2023-08-20,Excessive Heat,1,0.0,0.0,0,0
ILLINOIS,LOGAN,2024-08-27,Excessive Heat,1,0.0,0.0,0,0
ILLINOIS,MACON,2010-08-03,Excessive Heat,1,0.0,0.0,0,0
ILLINOIS,MACON,2010-08-04,Excessive Heat,1,0.0,0.0,0,0
ILLINOIS,MACON,2010-08-09,Excessive Heat,1,0.0,0.0,0,0
ILLINOIS,MACON,2010-08-10,Excessive Heat,1,0.0,0.0,0,0
ILLINOIS,MACON,2010-08-11,Excessive Heat,1,0.0,0.0,0,0
ILLINOIS,MACON,2010-08-12,Excessive Heat,1,0.0,0.0,0,0
ILLINOIS,MACON,2010-08-13,Excessive Heat,1,0.0,0.0,0,0
ILLINOIS,MACON,2010-08-14,Excessive Heat,1,0.0,0.0,0,0
ILLINOIS,MACON,2011-02-01,Blizzard,1,100000.0,0.0,0,0
ILLINOIS,MACON,2011-02-02,Blizzard,1,100000.0,0.0,0,0
ILLINOIS,MACON,2012-06-29,Excessive Heat,1,0.0,0.0,0,0
ILLINOIS,MACON,2012-06-30,Excessive Heat,1,0.0,0.0,0,0
ILLINOIS,MACON,2012-07-01,Excessive Heat,1,0.0,0.0,0,0
ILLINOIS,MACON,2012-07-02,Excessive Heat,1,0.0,0.0,0,0
ILLINOIS,MACON,2012-07-03,Excessive Heat,1,0.0,0.0,0,0
ILLINOIS,MACON,2012-07-04,Excessive Heat,1,0.0,0.0,0,0
ILLINOIS,MACON,2012-07-05,Excessive Heat,1,0.0,0.0,0,0
ILLINOIS,MACON,2012-07-06,Excessive Heat,1,0.0,0.0,0,0
ILLINOIS,MACON,2012-07-07,Excessive Heat,1,0.0,0.0,0,0
ILLINOIS,MACON,2012-12-20,Blizzard,1,0.0,0.0,0,0
ILLINOIS,MACON,2015-12-27,Flood,1,400000.0,0.0,0,0
ILLINOIS,MACON,2015-12-28,Flood,1,400000.0,0.0,0,0
ILLINOIS,MACON,2015-12-29,Flood,1,400000.0,0.0,0,0
ILLINOIS,MACON,2015-12-30,Flood,1,400000.0,0.0,0,0
ILLINOIS,MACON,2016-02-24,Winter Storm,1,0.0,0.0,0,0
ILLINOIS,MACON,2022-02-02,Winter Storm,1,0.0,0.0,0,0
ILLINOIS,MACON,2022-02-03,Winter Storm,1,0.0,0.0,0,0
ILLINOIS,MACON,2022-08-03,Flood,1,0.0,0.0,0,0
ILLINOIS,MACON,2022-12-22,Winter Storm,1,0.0,0.0,0,0
ILLINOIS,MACON,2022-12-23,Winter Storm,1,0.0,0.0,0,0
ILLINOIS,MACON,2023-07-27,Excessive Heat,1,0.0,0.0,0,0
ILLINOIS,MACON,2023-07-28,Excessive Heat,1,0.0,0.0,0,0
ILLINOIS,MACON,2023-08-20,Excessive Heat,1,0.0,0.0,0,0
ILLINOIS,MACON,2023-08-21,Excessive Heat,1,0.0,0.0,0,0
ILLINOIS,MACON,2023-08-22,Excessive Heat,1,0.0,0.0,0,0
ILLINOIS,MACON,2023-08-23,Excessive Heat,1,0.0,0.0,0,0
ILLINOIS,MACON,2023-08-24,Excessive Heat,1,0.0,0.0,0,0
ILLINOIS,MACON,2023-08-25,Excessive Heat,1,0.0,0.0,0,0
ILLINOIS,MACON,2024-08-27,Excessive Heat,1,0.0,0.0,0,0
ILLINOIS,MACOUPIN,2010-07-14,Excessive Heat,1,0.0,0.0,0,0
ILLINOIS,MACOUPIN,2010-07-17,Excessive Heat,1,0.0,0.0,0,0
ILLINOIS,MACOUPIN,2010-07-22,Excessive Heat,1,0.0,0.0,0,0
ILLINOIS,MACOUPIN,2010-07-23,Excessive Heat,1,0.0,0.0,0,0
ILLINOIS,MACOUPIN,2010-07-24,Excessive Heat,1,0.0,0.0,0,0
ILLINOIS,MACOUPIN,2010-08-02,Excessive Heat,1,0.0,0.0,0,0
ILLINOIS,MACOUPIN,2010-08-03,Excessive Heat,1,0.0,0.0,0,0
ILLINOIS,MACOUPIN,2010-08-04,Excessive Heat,1,0.0,0.0,0,0
ILLINOIS,MACOUPIN,2010-08-08,Excessive Heat,1,0.0,0.0,0,0
ILLINOIS,MACOUPIN,2010-08-09,Excessive Heat,1,0.0,0.0,0,0
ILLINOIS,MACOUPIN,2010-08-10,Excessive Heat,1,0.0,0.0,0,0
ILLINOIS,MACOUPIN,2010-08-11,Excessive Heat,1,0.0,0.0,0,0
ILLINOIS,MACOUPIN,2010-08-12,Excessive Heat,1,0.0,0.0,0,0
ILLINOIS,MACOUPIN,2010-08-13,Excessive Heat,1,0.0,0.0,0,0
ILLINOIS,MACOUPIN,2010-08-14,Excessive Heat,1,0.0,0.0,0,0
ILLINOIS,MACOUPIN,2011-01-31,Winter Storm,1,0.0,0.0,0,0
ILLINOIS,MACOUPIN,2011-02-01,Winter Storm,1,0.0,0.0,0,0
ILLINOIS,MACOUPIN,2011-02-02,Winter Storm,1,0.0,0.0,0,0
ILLINOIS,MACOUPIN,2011-07-10,Excessive Heat,1,0.0,0.0,0,0
ILLINOIS,MACOUPIN,2011-07-11,Excessive Heat,1,0.0,0.0,0,0
ILLINOIS,MACOUPIN,2011-07-12,Excessive Heat,1,0.0,0.0,0,0
ILLINOIS,MACOUPIN,2011-07-17,Excessive Heat,1,0.0,0.0,0,0
ILLINOIS,MACOUPIN,2011-07-18,Excessive Heat,1,0.0,0.0,0,0
ILLINOIS,MACOUPIN,2011-07-19,Excessive Heat,1,0.0,0.0,0,0
ILLINOIS,MACOUPIN,2011-07-20,Excessive Heat,1,0.0,0.0,0,0
ILLINOIS,MACOUPIN,2011-07-21,Excessive Heat,1,0.0,0.0,0,0
ILLINOIS,MACOUPIN,2011-07-22,Excessive Heat,1,0.0,0.0,0,0
ILLINOIS,MACOUPIN,2011-07-23,Excessive Heat,1,0.0,0.0,0,0
ILLINOIS,MACOUPIN,2011-07-24,Excessive Heat,1,0.0,0.0,0,0
ILLINOIS,MACOUPIN,2011-07-25,Excessive Heat,1,0.0,0.0,0,0
ILLINOIS,MACOUPIN,2011-07-26,Excessive Heat,1,0.0,0.0,0,0
ILLINOIS,MACOUPIN,2011-07-27,Excessive Heat,1,0.0,0.0,0,0
ILLINOIS,MACOUPIN,2011-07-28,Excessive Heat,1,0.0,0.0,0,0
ILLINOIS,MACOUPIN,2011-07-29,Excessive Heat,1,0.0,0.0,0,0
ILLINOIS,MACOUPIN,2011-07-30,Excessive Heat,1,0.0,0.0,0,0
ILLINOIS,MACOUPIN,2011-07-31,Excessive Heat,1,0.0,0.0,0,0
ILLINOIS,MACOUPIN,2011-08-01,Excessive Heat,1,0.0,0.0,0,0
ILLINOIS,MACOUPIN,2011-08-02,Excessive Heat,1,0.0,0.0,0,0
ILLINOIS,MACOUPIN,2011-08-03,Excessive Heat,1,0.0,0.0,0,0
ILLINOIS,MACOUPIN,2012-06-27,Excessive Heat,1,0.0,0.0,0,0
ILLINOIS,MACOUPIN,2012-06-28,Excessive Heat,1,0.0,0.0,0,0
ILLINOIS,MACOUPIN,2012-06-29,Excessive Heat,1,0.0,0.0,0,0
ILLINOIS,MACOUPIN,2012-06-30,Excessive Heat,1,0.0,0.0,0,0
ILLINOIS,MACOUPIN,2012-07-01,Excessive Heat,1,0.0,0.0,0,0
ILLINOIS,MACOUPIN,2012-07-02,Excessive Heat,1,0.0,0.0,0,0
ILLINOIS,MACOUPIN,2012-07-03,Excessive Heat,1,0.0,0.0,0,0
ILLINOIS,MACOUPIN,2012-07-04,Excessive Heat,1,0.0,0.0,0,0
ILLINOIS,MACOUPIN,2012-07-05,Excessive Heat,1,0.0,0.0,0,0
ILLINOIS,MACOUPIN,2012-07-06,Excessive Heat,1,0.0,0.0,0,0
ILLINOIS,MACOUPIN,2012-07-07,Excessive Heat,1,0.0,0.0,0,0
ILLINOIS,MACOUPIN,2012-07-08,Excessive Heat,1,0.0,0.0,0,0
ILLINOIS,MACOUPIN,2012-07-16,Excessive Heat,1,0.0,0.0,0,0
ILLINOIS,MACOUPIN,2012-07-17,Excessive Heat,1,0.0,0.0,0,0
ILLINOIS,MACOUPIN,2012-07-18,Excessive Heat,1,0.0,0.0,0,0
ILLINOIS,MACOUPIN,2012-07-19,Excessive Heat,1,0.0,0.0,0,0
ILLINOIS,MACOUPIN,2012-07-22,Excessive Heat,1,0.0,0.0,0,0
ILLINOIS,MACOUPIN,2012-07-23,Excessive Heat,1,0.0,0.0,0,0
ILLINOIS,MACOUPIN,2012-07-24,Excessive Heat,1,0.0,0.0,0,0
ILLINOIS,MACOUPIN,2012-07-25,Excessive Heat,1,0.0,0.0,0,0
ILLINOIS,MACOUPIN,2012-07-26,Excessive Heat,1,0.0,0.0,0,0
ILLINOIS,MACOUPIN,2012-07-27,Excessive Heat,1,0.0,0.0,0,0
ILLINOIS,MACOUPIN,2013-02-21,Winter Storm,1,0.0,0.0,0,0
ILLINOIS,MACOUPIN,2014-01-05,Winter Storm,1,0.0,0.0,0,0
ILLINOIS,MACOUPIN,2014-02-04,Winter Storm,1,0.0,0.0,0,0
ILLINOIS,MACOUPIN,2014-02-05,Winter Storm,1,0.0,0.0,0,0
ILLINOIS,MACOUPIN,2014-08-20,Excessive Heat,1,0.0,0.0,0,0
ILLINOIS,MACOUPIN,2014-08-21,Excessive Heat,1,0.0,0.0,0,0
ILLINOIS,MACOUPIN,2014-08-22,Excessive Heat,1,0.0,0.0,0,0
ILLINOIS,MACOUPIN,2014-08-23,Excessive Heat,1,0.0,0.0,0,0
ILLINOIS,MACOUPIN,2014-08-24,Excessive Heat,1,0.0,0.0,0,0
ILLINOIS,MACOUPIN,2014-08-25,Excessive Heat,1,0.0,0.0,0,0
ILLINOIS,MACOUPIN,2014-08-26,Excessive Heat,1,0.0,0.0,0,0
ILLINOIS,MACOUPIN,2014-08-27,Excessive Heat,1,0.0,0.0,0,0
ILLINOIS,MACOUPIN,2015-02-20,Winter Storm,1,0.0,0.0,0,0
ILLINOIS,MACOUPIN,2015-02-21,Winter Storm,1,0.0,0.0,0,0
ILLINOIS,MACOUPIN,2015-07-12,Excessive Heat,1,0.0,0.0,0,0
ILLINOIS,MACOUPIN,2015-07-13,Excessive Heat,1,0.0,0.0,0,0
ILLINOIS,MACOUPIN,2015-07-17,Excessive Heat,1,0.0,0.0,0,0
ILLINOIS,MACOUPIN,2015-07-18,Excessive Heat,1,0.0,0.0,0,0
ILLINOIS,MACOUPIN,2015-07-19,Excessive Heat,1,0.0,0.0,0,0
ILLINOIS,MACOUPIN,2015-07-27,Excessive Heat,1,0.0,0.0,0,0
ILLINOIS,MACOUPIN,2015-07-28,Excessive Heat,1,0.0,0.0,0,0
ILLINOIS,MACOUPIN,2015-07-29,Excessive Heat,1,0.0,0.0,0,0
ILLINOIS,MACOUPIN,2016-07-18,Excessive Heat,1,0.0,0.0,0,0
ILLINOIS,MACOUPIN,2016-07-19,Excessive Heat,1,0.0,0.0,0,0
ILLINOIS,MACOUPIN,2016-07-20,Excessive Heat,1,0.0,0.0,0,0
ILLINOIS,MACOUPIN,2016-07-21,Excessive Heat,1,0.0,0.0,0,0
ILLINOIS,MACOUPIN,2016-07-22,Excessive Heat,1,0.0,0.0,0,0
ILLINOIS,MACOUPIN,2016-07-23,Excessive Heat,1,0.0,0.0,0,0
ILLINOIS,MACOUPIN,2016-07-24,Excessive Heat,1,0.0,0.0,0,0
ILLINOIS,MACOUPIN,2017-07-19,Excessive Heat,1,0.0,0.0,0,0
ILLINOIS,MACOUPIN,2017-07-20,Excessive Heat,1,0.0,0.0,0,0
ILLINOIS,MACOUPIN,2017-07-21,Excessive Heat,1,0.0,0.0,0,0
ILLINOIS,MACOUPIN,2017-07-22,Excessive Heat,1,0.0,0.0,0,0
ILLINOIS,MACOUPIN,2017-07-23,Excessive Heat,1,0.0,0.0,0,0
ILLINOIS,MACOUPIN,2018-06-28,Excessive Heat,1,0.0,0.0,0,0
ILLINOIS,MACOUPIN,2018-06-29,Excessive Heat,1,0.0,0.0,0,0
ILLINOIS,MACOUPIN,2018-06-30,Excessive Heat,1,0.0,0.0,0,0
ILLINOIS,MACOUPIN,2019-12-15,Winter Storm,1,0.0,0.0,0,0
ILLINOIS,MACOUPIN,2019-12-16,Winter Storm,1,0.0,0.0,0,0
ILLINOIS,MACOUPIN,2022-12-22,Winter Storm,1,0.0,0.0,0,0
ILLINOIS,MACOUPIN,2023-07-27,Excessive Heat,1,0.0,0.0,0,0
ILLINOIS,MACOUPIN,2023-07-28,Excessive Heat,1,0.0,0.0,0,0
ILLINOIS,MACOUPIN,2023-08-20,Excessive Heat,1,0.0,0.0,0,0
ILLINOIS,MACOUPIN,2023-08-21,Excessive Heat,1,0.0,0.0,0,0
ILLINOIS,MACOUPIN,2023-08-22,Excessive Heat,1,0.0,0.0,0,0
ILLINOIS,MACOUPIN,2023-08-23,Excessive Heat,1,0.0,0.0,0,0
ILLINOIS,MACOUPIN,2023-08-24,Excessive Heat,1,0.0,0.0,0,0
ILLINOIS,MACOUPIN,2023-08-25,Excessive Heat,1,0.0,0.0,0,0
ILLINOIS,MACOUPIN,2025-01-05,Winter Storm,1,0.0,0.0,0,0
ILLINOIS,MACOUPIN,2025-01-06,Winter Storm,1,0.0,0.0,0,0
ILLINOIS,MACOUPIN,2025-11-29,Winter Storm,1,0.0,0.0,0,0
ILLINOIS,MADISON,2010-06-15,Flood,1,0.0,0.0,0,0
ILLINOIS,MADISON,2010-06-16,Flood,1,0.0,0.0,0,0
ILLINOIS,MADISON,2010-06-17,Flood,1,0.0,0.0,0,0
ILLINOIS,MADISON,2010-06-18,Flood,1,0.0,0.0,0,0
ILLINOIS,MADISON,2010-06-19,Flood,1,0.0,0.0,0,0
ILLINOIS,MADISON,2010-06-20,Flood,1,0.0,0.0,0,0
ILLINOIS,MADISON,2010-06-21,Flood,1,0.0,0.0,0,0
ILLINOIS,MADISON,2010-06-22,Flood,1,0.0,0.0,0,0
ILLINOIS,MADISON,2010-06-23,Flood,1,0.0,0.0,0,0
ILLINOIS,MADISON,2010-06-24,Flood,1,0.0,0.0,0,0
ILLINOIS,MADISON,2010-06-25,Flood,1,0.0,0.0,0,0
ILLINOIS,MADISON,2010-06-26,Excessive Heat,1,0.0,0.0,0,0
ILLINOIS,MADISON,2010-06-26,Flood,1,0.0,0.0,0,0
ILLINOIS,MADISON,2010-06-27,Excessive Heat,1,0.0,0.0,0,0
ILLINOIS,MADISON,2010-06-27,Flood,1,0.0,0.0,0,0
ILLINOIS,MADISON,2010-06-28,Flood,1,0.0,0.0,0,0
ILLINOIS,MADISON,2010-06-29,Flood,1,0.0,0.0,0,0
ILLINOIS,MADISON,2010-06-30,Flood,1,0.0,0.0,0,0
ILLINOIS,MADISON,2010-07-14,Excessive Heat,1,0.0,0.0,0,0
ILLINOIS,MADISON,2010-07-17,Excessive Heat,1,0.0,0.0,0,0
ILLINOIS,MADISON,2010-07-22,Excessive Heat,1,0.0,0.0,0,0
ILLINOIS,MADISON,2010-07-23,Excessive Heat,1,0.0,0.0,0,0
ILLINOIS,MADISON,2010-07-24,Excessive Heat,1,0.0,0.0,0,0
ILLINOIS,MADISON,2010-07-28,Excessive Heat,1,0.0,0.0,0,0
ILLINOIS,MADISON,2010-08-02,Excessive Heat,1,0.0,0.0,0,0
ILLINOIS,MADISON,2010-08-03,Excessive Heat,1,0.0,0.0,0,0
ILLINOIS,MADISON,2010-08-04,Excessive Heat,1,0.0,0.0,0,0
ILLINOIS,MADISON,2010-08-08,Excessive Heat,1,0.0,0.0,0,0
ILLINOIS,MADISON,2010-08-09,Excessive Heat,1,0.0,0.0,0,0
ILLINOIS,MADISON,2010-08-10,Excessive Heat,1,0.0,0.0,0,0
ILLINOIS,MADISON,2010-08-11,Excessive Heat,1,0.0,0.0,0,0
ILLINOIS,MADISON,2010-08-12,Excessive Heat,1,0.0,0.0,0,0
ILLINOIS,MADISON,2010-08-13,Excessive Heat,1,0.0,0.0,0,0
ILLINOIS,MADISON,2010-08-14,Excessive Heat,1,0.0,0.0,0,0
ILLINOIS,MADISON,2011-01-31,Winter Storm,1,0.0,0.0,0,0
ILLINOIS,MADISON,2011-02-01,Winter Storm,1,0.0,0.0,0,0
ILLINOIS,MADISON,2011-02-02,Winter Storm,1,0.0,0.0,0,0
ILLINOIS,MADISON,2011-06-04,Excessive Heat,1,0.0,0.0,0,0
ILLINOIS,MADISON,2011-06-05,Excessive Heat,1,0.0,0.0,0,0
ILLINOIS,MADISON,2011-06-06,Excessive Heat,1,0.0,0.0,0,0
ILLINOIS,MADISON,2011-06-07,Excessive Heat,1,0.0,0.0,0,0
ILLINOIS,MADISON,2011-06-08,Excessive Heat,1,0.0,0.0,0,0
ILLINOIS,MADISON,2011-07-10,Excessive Heat,1,0.0,0.0,0,1
ILLINOIS,MADISON,2011-07-11,Excessive Heat,1,0.0,0.0,0,1
ILLINOIS,MADISON,2011-07-12,Excessive Heat,1,0.0,0.0,0,1
ILLINOIS,MADISON,2011-07-17,Excessive Heat,1,0.0,0.0,0,2
ILLINOIS,MADISON,2011-07-18,Excessive Heat,1,0.0,0.0,0,2
ILLINOIS,MADISON,2011-07-19,Excessive Heat,1,0.0,0.0,0,2
ILLINOIS,MADISON,2011-07-20,Excessive Heat,1,0.0,0.0,0,2
ILLINOIS,MADISON,2011-07-21,Excessive Heat,1,0.0,0.0,0,2
ILLINOIS,MADISON,2011-07-22,Excessive Heat,1,0.0,0.0,0,2
ILLINOIS,MADISON,2011-07-23,Excessive Heat,1,0.0,0.0,0,2
ILLINOIS,MADISON,2011-07-24,Excessive Heat,1,0.0,0.0,0,2
ILLINOIS,MADISON,2011-07-25,Excessive Heat,1,0.0,0.0,0,2
ILLINOIS,MADISON,2011-07-26,Excessive Heat,1,0.0,0.0,0,2
ILLINOIS,MADISON,2011-07-27,Excessive Heat,1,0.0,0.0,0,2
ILLINOIS,MADISON,2011-07-28,Excessive Heat,1,0.0,0.0,0,2
ILLINOIS,MADISON,2011-07-29,Excessive Heat,1,0.0,0.0,0,2
ILLINOIS,MADISON,2011-07-30,Excessive Heat,1,0.0,0.0,0,2
ILLINOIS,MADISON,2011-07-31,Excessive Heat,1,0.0,0.0,0,2
ILLINOIS,MADISON,2011-08-01,Excessive Heat,1,0.0,0.0,0,1
ILLINOIS,MADISON,2011-08-02,Excessive Heat,1,0.0,0.0,0,1
ILLINOIS,MADISON,2011-08-03,Excessive Heat,1,0.0,0.0,0,1
ILLINOIS,MADISON,2012-06-27,Excessive Heat,1,0.0,0.0,0,0
ILLINOIS,MADISON,2012-06-28,Excessive Heat,1,0.0,0.0,0,0
ILLINOIS,MADISON,2012-06-29,Excessive Heat,1,0.0,0.0,0,0
ILLINOIS,MADISON,2012-06-30,Excessive Heat,1,0.0,0.0,0,0
ILLINOIS,MADISON,2012-07-01,Excessive Heat,1,0.0,0.0,0,2
ILLINOIS,MADISON,2012-07-02,Excessive Heat,1,0.0,0.0,0,2
ILLINOIS,MADISON,2012-07-03,Excessive Heat,1,0.0,0.0,0,2
ILLINOIS,MADISON,2012-07-04,Excessive Heat,1,0.0,0.0,0,2
ILLINOIS,MADISON,2012-07-05,Excessive Heat,1,0.0,0.0,0,2
ILLINOIS,MADISON,2012-07-06,Excessive Heat,1,0.0,0.0,0,2
ILLINOIS,MADISON,2012-07-07,Excessive Heat,1,0.0,0.0,0,2
ILLINOIS,MADISON,2012-07-08,Excessive Heat,1,0.0,0.0,0,2
ILLINOIS,MADISON,2012-07-16,Excessive Heat,1,0.0,0.0,0,0
ILLINOIS,MADISON,2012-07-17,Excessive Heat,1,0.0,0.0,0,0
ILLINOIS,MADISON,2012-07-18,Excessive Heat,1,0.0,0.0,0,0
ILLINOIS,MADISON,2012-07-19,Excessive Heat,1,0.0,0.0,0,0
ILLINOIS,MADISON,2012-07-22,Excessive Heat,1,0.0,0.0,0,0
ILLINOIS,MADISON,2012-07-23,Excessive Heat,1,0.0,0.0,0,0
ILLINOIS,MADISON,2012-07-24,Excessive Heat,1,0.0,0.0,0,0
ILLINOIS,MADISON,2012-07-25,Excessive Heat,1,0.0,0.0,0,0
ILLINOIS,MADISON,2012-07-26,Excessive Heat,1,0.0,0.0,0,0
ILLINOIS,MADISON,2012-07-27,Excessive Heat,1,0.0,0.0,0,0
ILLINOIS,MADISON,2012-07-31,Excessive Heat,1,0.0,0.0,0,0
ILLINOIS,MADISON,2012-08-01,Excessive Heat,1,0.0,0.0,0,0
ILLINOIS,MADISON,2013-02-21,Winter Storm,1,0.0,0.0,0,0
ILLINOIS,MADISON,2013-06-01,Flood,1,2000.0,0.0,0,0
ILLINOIS,MADISON,2013-06-02,Flood,1,2000.0,0.0,0,0
ILLINOIS,MADISON,2013-06-03,Flood,1,2000.0,0.0,0,0
ILLINOIS,MADISON,2013-06-04,Flood,1,2000.0,0.0,0,0
ILLINOIS,MADISON,2013-06-05,Flood,1,2000.0,0.0,0,0
ILLINOIS,MADISON,2013-06-06,Flood,1,2000.0,0.0,0,0
ILLINOIS,MADISON,2013-06-07,Flood,1,2000.0,0.0,0,0
ILLINOIS,MADISON,2013-06-08,Flood,1,2000.0,0.0,0,0
ILLINOIS,MADISON,2013-06-09,Flood,1,2000.0,0.0,0,0
ILLINOIS,MADISON,2013-06-10,Flood,1,2000.0,0.0,0,0
ILLINOIS,MADISON,2013-06-11,Flood,1,2000.0,0.0,0,0
ILLINOIS,MADISON,2013-06-12,Flood,1,2000.0,0.0,0,0
ILLINOIS,MADISON,2013-06-13,Flood,1,2000.0,0.0,0,0
ILLINOIS,MADISON,2013-06-14,Flood,1,2000.0,0.0,0,0
ILLINOIS,MADISON,2013-06-15,Flood,1,2000.0,0.0,0,0
ILLINOIS,MADISON,2013-06-16,Flood,1,2000.0,0.0,0,0
ILLINOIS,MADISON,2013-06-17,Flood,1,2000.0,0.0,0,0
ILLINOIS,MADISON,2013-06-18,Flood,1,2000.0,0.0,0,0
ILLINOIS,MADISON,2013-06-19,Flood,1,2000.0,0.0,0,0
ILLINOIS,MADISON,2013-06-20,Flood,1,2000.0,0.0,0,0
ILLINOIS,MADISON,2013-06-21,Flood,1,2000.0,0.0,0,0
ILLINOIS,MADISON,2013-06-22,Flood,1,2000.0,0.0,0,0
ILLINOIS,MADISON,2014-01-05,Winter Storm,1,0.0,0.0,0,0
ILLINOIS,MADISON,2014-03-01,Winter Storm,1,0.0,0.0,0,0
ILLINOIS,MADISON,2014-03-02,Winter Storm,1,0.0,0.0,0,0
ILLINOIS,MADISON,2014-06-30,Excessive Heat,1,0.0,0.0,0,0
ILLINOIS,MADISON,2014-07-26,Excessive Heat,1,0.0,0.0,0,0
ILLINOIS,MADISON,2014-08-20,Excessive Heat,1,0.0,0.0,0,0
ILLINOIS,MADISON,2014-08-21,Excessive Heat,1,0.0,0.0,0,0
ILLINOIS,MADISON,2014-08-22,Excessive Heat,1,0.0,0.0,0,0
ILLINOIS,MADISON,2014-08-23,Excessive Heat,1,0.0,0.0,0,0
ILLINOIS,MADISON,2014-08-24,Excessive Heat,1,0.0,0.0,0,0
ILLINOIS,MADISON,2014-08-25,Excessive Heat,1,0.0,0.0,0,0
ILLINOIS,MADISON,2014-08-26,Excessive Heat,1,0.0,0.0,0,0
ILLINOIS,MADISON,2014-08-27,Excessive Heat,1,0.0,0.0,0,0
ILLINOIS,MADISON,2014-09-04,Excessive Heat,1,0.0,0.0,0,0
ILLINOIS,MADISON,2015-02-20,Winter Storm,1,0.0,0.0,0,0
ILLINOIS,MADISON,2015-02-21,Winter Storm,1,0.0,0.0,0,0
ILLINOIS,MADISON,2015-07-12,Excessive Heat,1,0.0,0.0,0,0
ILLINOIS,MADISON,2015-07-13,Excessive Heat,1,0.0,0.0,0,0
ILLINOIS,MADISON,2015-07-14,Excessive Heat,1,0.0,0.0,0,0
ILLINOIS,MADISON,2015-07-17,Excessive Heat,1,0.0,0.0,0,0
ILLINOIS,MADISON,2015-07-18,Excessive Heat,1,0.0,0.0,0,0
ILLINOIS,MADISON,2015-07-19,Excessive Heat,1,0.0,0.0,0,0
ILLINOIS,MADISON,2016-07-18,Excessive Heat,1,0.0,0.0,0,0
ILLINOIS,MADISON,2016-07-19,Excessive Heat,1,0.0,0.0,0,0
ILLINOIS,MADISON,2016-07-20,Excessive Heat,1,0.0,0.0,0,0
ILLINOIS,MADISON,2016-07-21,Excessive Heat,1,0.0,0.0,0,0
ILLINOIS,MADISON,2016-07-22,Excessive Heat,1,0.0,0.0,0,0
ILLINOIS,MADISON,2016-07-23,Excessive Heat,1,0.0,0.0,0,0
ILLINOIS,MADISON,2016-07-24,Excessive Heat,1,0.0,0.0,0,0
ILLINOIS,MADISON,2017-07-18,Excessive Heat,1,0.0,0.0,0,0
ILLINOIS,MADISON,2017-07-19,Excessive Heat,1,0.0,0.0,0,0
ILLINOIS,MADISON,2017-07-20,Excessive Heat,1,0.0,0.0,0,0
ILLINOIS,MADISON,2017-07-21,Excessive Heat,1,0.0,0.0,0,0
ILLINOIS,MADISON,2017-07-22,Excessive Heat,1,0.0,0.0,0,0
ILLINOIS,MADISON,2017-07-23,Excessive Heat,1,0.0,0.0,0,0
ILLINOIS,MADISON,2018-06-15,Excessive Heat,1,0.0,0.0,0,0
ILLINOIS,MADISON,2018-06-16,Excessive Heat,1,0.0,0.0,0,0
ILLINOIS,MADISON,2018-06-17,Excessive Heat,1,0.0,0.0,0,0
ILLINOIS,MADISON,2018-06-18,Excessive Heat,1,0.0,0.0,0,0
ILLINOIS,MADISON,2018-06-19,Excessive Heat,1,0.0,0.0,0,0
ILLINOIS,MADISON,2018-06-28,Excessive Heat,1,0.0,0.0,0,0
ILLINOIS,MADISON,2018-06-29,Excessive Heat,1,0.0,0.0,0,0
ILLINOIS,MADISON,2018-06-30,Excessive Heat,1,0.0,0.0,0,0
ILLINOIS,MADISON,2019-06-02,Flood,1,24800000.0,0.0,0,0
ILLINOIS,MADISON,2019-06-03,Flood,1,24800000.0,0.0,0,0
ILLINOIS,MADISON,2019-06-04,Flood,1,24800000.0,0.0,0,0
ILLINOIS,MADISON,2019-06-05,Flood,1,24800000.0,0.0,0,0
ILLINOIS,MADISON,2019-06-06,Flood,1,24800000.0,0.0,0,0
ILLINOIS,MADISON,2019-06-07,Flood,1,24800000.0,0.0,0,0
ILLINOIS,MADISON,2019-06-08,Flood,1,24800000.0,0.0,0,0
ILLINOIS,MADISON,2019-06-09,Flood,1,24800000.0,0.0,0,0
ILLINOIS,MADISON,2019-06-10,Flood,1,24800000.0,0.0,0,0
ILLINOIS,MADISON,2019-06-11,Flood,1,24800000.0,0.0,0,0
ILLINOIS,MADISON,2019-06-12,Flood,1,24800000.0,0.0,0,0
ILLINOIS,MADISON,2019-12-15,Winter Storm,1,0.0,0.0,0,0
ILLINOIS,MADISON,2019-12-16,Winter Storm,1,0.0,0.0,0,0
ILLINOIS,MADISON,2021-08-10,Excessive Heat,1,0.0,0.0,0,0
ILLINOIS,MADISON,2021-08-11,Excessive Heat,1,0.0,0.0,0,0
ILLINOIS,MADISON,2021-08-12,Excessive Heat,1,0.0,0.0,0,0
ILLINOIS,MADISON,2022-12-22,Winter Storm,1,0.0,0.0,0,0
ILLINOIS,MADISON,2023-07-27,Excessive Heat,1,0.0,0.0,0,0
ILLINOIS,MADISON,2023-07-28,Excessive Heat,1,0.0,0.0,0,0
ILLINOIS,MADISON,2023-07-29,Excessive Heat,1,0.0,0.0,0,0
ILLINOIS,MADISON,2023-08-20,Excessive Heat,1,0.0,0.0,0,0
ILLINOIS,MADISON,2023-08-21,Excessive Heat,1,0.0,0.0,0,0
ILLINOIS,MADISON,2023-08-22,Excessive Heat,1,0.0,0.0,0,0
ILLINOIS,MADISON,2023-08-23,Excessive Heat,1,0.0,0.0,0,0
ILLINOIS,MADISON,2023-08-24,Excessive Heat,1,0.0,0.0,0,0
ILLINOIS,MADISON,2023-08-25,Excessive Heat,1,0.0,0.0,0,0
ILLINOIS,MADISON,2025-01-05,Winter Storm,1,0.0,0.0,0,0
ILLINOIS,MADISON,2025-01-06,Winter Storm,1,0.0,0.0,0,0
ILLINOIS,MADISON,2025-07-22,Excessive Heat,1,0.0,0.0,0,0
ILLINOIS,MADISON,2025-07-23,Excessive Heat,1,0.0,0.0,0,0
ILLINOIS,MADISON,2025-07-24,Excessive Heat,1,0.0,0.0,0,0
ILLINOIS,MADISON,2025-07-25,Excessive Heat,1,0.0,0.0,0,0
ILLINOIS,MADISON,2025-08-15,Excessive Heat,1,0.0,0.0,0,0
ILLINOIS,MADISON,2025-08-16,Excessive Heat,1,0.0,0.0,0,0
ILLINOIS,MADISON,2025-08-17,Excessive Heat,1,0.0,0.0,0,0
ILLINOIS,MADISON,2025-08-18,Excessive Heat,1,0.0,0.0,0,0
ILLINOIS,MADISON,2025-11-29,Winter Storm,1,0.0,0.0,0,0
ILLINOIS,MARION,2010-07-14,Excessive Heat,1,0.0,0.0,0,0
ILLINOIS,MARION,2010-07-17,Excessive Heat,1,0.0,0.0,0,0
ILLINOIS,MARION,2010-07-22,Excessive Heat,1,0.0,0.0,0,0
ILLINOIS,MARION,2010-07-23,Excessive Heat,1,0.0,0.0,0,0
ILLINOIS,MARION,2010-07-24,Excessive Heat,1,0.0,0.0,0,0
ILLINOIS,MARION,2010-08-02,Excessive Heat,1,0.0,0.0,0,0
ILLINOIS,MARION,2010-08-03,Excessive Heat,1,0.0,0.0,0,0
ILLINOIS,MARION,2010-08-04,Excessive Heat,1,0.0,0.0,0,0
ILLINOIS,MARION,2010-08-08,Excessive Heat,1,0.0,0.0,0,0
ILLINOIS,MARION,2010-08-09,Excessive Heat,1,0.0,0.0,0,0
ILLINOIS,MARION,2010-08-10,Excessive Heat,1,0.0,0.0,0,0
ILLINOIS,MARION,2010-08-11,Excessive Heat,1,0.0,0.0,0,0
ILLINOIS,MARION,2010-08-12,Excessive Heat,1,0.0,0.0,0,0
ILLINOIS,MARION,2010-08-13,Excessive Heat,1,0.0,0.0,0,0
ILLINOIS,MARION,2010-08-14,Excessive Heat,1,0.0,0.0,0,0
ILLINOIS,MARION,2011-01-31,Winter Storm,1,0.0,0.0,0,0
ILLINOIS,MARION,2011-02-01,Winter Storm,1,0.0,0.0,0,0
ILLINOIS,MARION,2011-02-02,Winter Storm,1,0.0,0.0,0,0
ILLINOIS,MARION,2011-07-10,Excessive Heat,1,0.0,0.0,0,0
ILLINOIS,MARION,2011-07-11,Excessive Heat,1,0.0,0.0,0,0
ILLINOIS,MARION,2011-07-12,Excessive Heat,1,0.0,0.0,0,0
ILLINOIS,MARION,2011-07-17,Excessive Heat,1,0.0,0.0,0,0
ILLINOIS,MARION,2011-07-18,Excessive Heat,1,0.0,0.0,0,0
ILLINOIS,MARION,2011-07-19,Excessive Heat,1,0.0,0.0,0,0
ILLINOIS,MARION,2011-07-20,Excessive Heat,1,0.0,0.0,0,0
ILLINOIS,MARION,2011-07-21,Excessive Heat,1,0.0,0.0,0,0
ILLINOIS,MARION,2011-07-22,Excessive Heat,1,0.0,0.0,0,0
ILLINOIS,MARION,2011-07-23,Excessive Heat,1,0.0,0.0,0,0
ILLINOIS,MARION,2011-07-24,Excessive Heat,1,0.0,0.0,0,0
ILLINOIS,MARION,2011-07-25,Excessive Heat,1,0.0,0.0,0,0
ILLINOIS,MARION,2011-07-26,Excessive Heat,1,0.0,0.0,0,0
ILLINOIS,MARION,2011-07-27,Excessive Heat,1,0.0,0.0,0,0
ILLINOIS,MARION,2011-07-28,Excessive Heat,1,0.0,0.0,0,0
ILLINOIS,MARION,2011-07-29,Excessive Heat,1,0.0,0.0,0,0
ILLINOIS,MARION,2011-07-30,Excessive Heat,1,0.0,0.0,0,0
ILLINOIS,MARION,2011-07-31,Excessive Heat,1,0.0,0.0,0,0
ILLINOIS,MARION,2011-08-01,Excessive Heat,1,0.0,0.0,0,0
ILLINOIS,MARION,2011-08-02,Excessive Heat,1,0.0,0.0,0,0
ILLINOIS,MARION,2011-08-03,Excessive Heat,1,0.0,0.0,0,0
ILLINOIS,MARION,2012-06-27,Excessive Heat,1,0.0,0.0,0,0
ILLINOIS,MARION,2012-06-28,Excessive Heat,1,0.0,0.0,0,0
ILLINOIS,MARION,2012-06-29,Excessive Heat,1,0.0,0.0,0,0
ILLINOIS,MARION,2012-06-30,Excessive Heat,1,0.0,0.0,0,0
ILLINOIS,MARION,2012-07-01,Excessive Heat,1,0.0,0.0,0,0
ILLINOIS,MARION,2012-07-02,Excessive Heat,1,0.0,0.0,0,0
ILLINOIS,MARION,2012-07-03,Excessive Heat,1,0.0,0.0,0,0
ILLINOIS,MARION,2012-07-04,Excessive Heat,1,0.0,0.0,0,0
ILLINOIS,MARION,2012-07-05,Excessive Heat,1,0.0,0.0,0,0
ILLINOIS,MARION,2012-07-06,Excessive Heat,1,0.0,0.0,0,0
ILLINOIS,MARION,2012-07-07,Excessive Heat,1,0.0,0.0,0,0
ILLINOIS,MARION,2012-07-08,Excessive Heat,1,0.0,0.0,0,0
ILLINOIS,MARION,2012-07-16,Excessive Heat,1,0.0,0.0,0,0
ILLINOIS,MARION,2012-07-17,Excessive Heat,1,0.0,0.0,0,0
ILLINOIS,MARION,2012-07-18,Excessive Heat,1,0.0,0.0,0,0
ILLINOIS,MARION,2012-07-19,Excessive Heat,1,0.0,0.0,0,0
ILLINOIS,MARION,2012-07-22,Excessive Heat,1,0.0,0.0,0,0
ILLINOIS,MARION,2012-07-23,Excessive Heat,1,0.0,0.0,0,0
ILLINOIS,MARION,2012-07-24,Excessive Heat,1,0.0,0.0,0,0
ILLINOIS,MARION,2012-07-25,Excessive Heat,1,0.0,0.0,0,0
ILLINOIS,MARION,2012-07-26,Excessive Heat,1,0.0,0.0,0,0
ILLINOIS,MARION,2012-07-27,Excessive Heat,1,0.0,0.0,0,0
ILLINOIS,MARION,2013-02-21,Winter Storm,1,0.0,0.0,0,0
ILLINOIS,MARION,2013-12-05,Winter Storm,1,0.0,0.0,0,0
ILLINOIS,MARION,2013-12-06,Winter Storm,1,0.0,0.0,0,0
ILLINOIS,MARION,2014-01-05,Winter Storm,1,0.0,0.0,0,0
ILLINOIS,MARION,2014-03-01,Winter Storm,1,0.0,0.0,0,0
ILLINOIS,MARION,2014-03-02,Winter Storm,1,0.0,0.0,0,0
ILLINOIS,MARION,2014-08-20,Excessive Heat,1,0.0,0.0,0,0
ILLINOIS,MARION,2014-08-21,Excessive Heat,1,0.0,0.0,0,0
ILLINOIS,MARION,2014-08-22,Excessive Heat,1,0.0,0.0,0,0
ILLINOIS,MARION,2014-08-23,Excessive Heat,1,0.0,0.0,0,0
ILLINOIS,MARION,2014-08-24,Excessive Heat,1,0.0,0.0,0,0
ILLINOIS,MARION,2014-08-25,Excessive Heat,1,0.0,0.0,0,0
ILLINOIS,MARION,2014-08-26,Excessive Heat,1,0.0,0.0,0,0
ILLINOIS,MARION,2014-08-27,Excessive Heat,1,0.0,0.0,0,0
ILLINOIS,MARION,2015-07-12,Excessive Heat,1,0.0,0.0,0,0
ILLINOIS,MARION,2015-07-13,Excessive Heat,1,0.0,0.0,0,0
ILLINOIS,MARION,2015-07-14,Excessive Heat,1,0.0,0.0,0,0
ILLINOIS,MARION,2015-07-18,Excessive Heat,1,0.0,0.0,0,0
ILLINOIS,MARION,2015-07-19,Excessive Heat,1,0.0,0.0,0,0
ILLINOIS,MARION,2015-07-27,Excessive Heat,1,0.0,0.0,0,0
ILLINOIS,MARION,2015-07-28,Excessive Heat,1,0.0,0.0,0,0
ILLINOIS,MARION,2015-07-29,Excessive Heat,1,0.0,0.0,0,0
ILLINOIS,MARION,2016-07-18,Excessive Heat,1,0.0,0.0,0,0
ILLINOIS,MARION,2016-07-19,Excessive Heat,1,0.0,0.0,0,0
ILLINOIS,MARION,2016-07-20,Excessive Heat,1,0.0,0.0,0,0
ILLINOIS,MARION,2016-07-21,Excessive Heat,1,0.0,0.0,0,0
ILLINOIS,MARION,2016-07-22,Excessive Heat,1,0.0,0.0,0,0
ILLINOIS,MARION,2016-07-23,Excessive Heat,1,0.0,0.0,0,0
ILLINOIS,MARION,2016-07-24,Excessive Heat,1,0.0,0.0,0,0
ILLINOIS,MARION,2017-07-19,Excessive Heat,1,0.0,0.0,0,0
ILLINOIS,MARION,2017-07-20,Excessive Heat,1,0.0,0.0,0,0
ILLINOIS,MARION,2017-07-21,Excessive Heat,1,0.0,0.0,0,0
ILLINOIS,MARION,2017-07-22,Excessive Heat,1,0.0,0.0,0,0
ILLINOIS,MARION,2017-07-23,Excessive Heat,1,0.0,0.0,0,0
ILLINOIS,MARION,2018-06-28,Excessive Heat,1,0.0,0.0,0,0
ILLINOIS,MARION,2018-06-29,Excessive Heat,1,0.0,0.0,0,0
ILLINOIS,MARION,2018-06-30,Excessive Heat,1,0.0,0.0,0,0
ILLINOIS,MARION,2019-12-15,Winter Storm,1,0.0,0.0,0,0
ILLINOIS,MARION,2019-12-16,Winter Storm,1,0.0,0.0,0,0
ILLINOIS,MARION,2022-12-22,Winter Storm,1,0.0,0.0,0,0
ILLINOIS,MARION,2023-07-27,Excessive Heat,1,0.0,0.0,0,0
ILLINOIS,MARION,2023-07-28,Excessive Heat,1,0.0,0.0,0,0
ILLINOIS,MARION,2023-07-29,Excessive Heat,1,0.0,0.0,0,0
ILLINOIS,MARION,2023-08-20,Excessive Heat,1,0.0,0.0,0,0
ILLINOIS,MARION,2023-08-21,Excessive Heat,1,0.0,0.0,0,0
ILLINOIS,MARION,2023-08-22,Excessive Heat,1,0.0,0.0,0,0
ILLINOIS,MARION,2023-08-23,Excessive Heat,1,0.0,0.0,0,0
ILLINOIS,MARION,2023-08-24,Excessive Heat,1,0.0,0.0,0,0
ILLINOIS,MARION,2023-08-25,Excessive Heat,1,0.0,0.0,0,0
ILLINOIS,MARION,2025-01-05,Winter Storm,1,0.0,0.0,0,0
ILLINOIS,MARION,2025-01-06,Winter Storm,1,0.0,0.0,0,0
ILLINOIS,MARION,2025-04-29,Flood,1,0.0,0.0,0,0
ILLINOIS,MARION,2025-07-22,Excessive Heat,1,0.0,0.0,0,0
ILLINOIS,MARION,2025-07-23,Excessive Heat,1,0.0,0.0,0,0
ILLINOIS,MARION,2025-07-24,Excessive Heat,1,0.0,0.0,0,0
ILLINOIS,MARION,2025-07-25,Excessive Heat,1,0.0,0.0,0,0
ILLINOIS,MARION,2025-07-26,Excessive Heat,1,0.0,0.0,0,0
ILLINOIS,MARION,2025-07-27,Excessive Heat,1,0.0,0.0,0,0
ILLINOIS,MARION,2025-07-28,Excessive Heat,1,0.0,0.0,0,0
ILLINOIS,MARION,2025-07-29,Excessive Heat,1,0.0,0.0,0,0
ILLINOIS,MARION,2025-07-30,Excessive Heat,1,0.0,0.0,0,0
ILLINOIS,MARSHALL,2010-01-06,Winter Storm,1,0.0,0.0,0,0
ILLINOIS,MARSHALL,2010-01-07,Winter Storm,1,0.0,0.0,0,0
ILLINOIS,MARSHALL,2010-02-08,Winter Storm,1,0.0,0.0,0,0
ILLINOIS,MARSHALL,2010-02-09,Winter Storm,1,0.0,0.0,0,0
ILLINOIS,MARSHALL,2010-08-11,Excessive Heat,1,0.0,0.0,0,0
ILLINOIS,MARSHALL,2010-08-12,Excessive Heat,1,0.0,0.0,0,0
ILLINOIS,MARSHALL,2010-08-13,Excessive Heat,1,0.0,0.0,0,0
ILLINOIS,MARSHALL,2010-12-12,Blizzard,1,0.0,0.0,0,0
ILLINOIS,MARSHALL,2010-12-13,Blizzard,1,0.0,0.0,0,0
ILLINOIS,MARSHALL,2011-02-01,Blizzard,1,75000.0,0.0,0,0
ILLINOIS,MARSHALL,2011-02-02,Blizzard,1,75000.0,0.0,0,0
ILLINOIS,MARSHALL,2011-08-02,Excessive Heat,1,0.0,0.0,0,0
ILLINOIS,MARSHALL,2012-06-29,Excessive Heat,1,0.0,0.0,0,0
ILLINOIS,MARSHALL,2012-06-30,Excessive Heat,1,0.0,0.0,0,0
ILLINOIS,MARSHALL,2012-07-01,Excessive Heat,1,0.0,0.0,0,0
ILLINOIS,MARSHALL,2012-07-02,Excessive Heat,1,0.0,0.0,0,0
ILLINOIS,MARSHALL,2012-07-03,Excessive Heat,1,0.0,0.0,0,0
ILLINOIS,MARSHALL,2012-07-04,Excessive Heat,1,0.0,0.0,0,0
ILLINOIS,MARSHALL,2012-07-05,Excessive Heat,1,0.0,0.0,0,0
ILLINOIS,MARSHALL,2012-07-06,Excessive Heat,1,0.0,0.0,0,0
ILLINOIS,MARSHALL,2012-07-07,Excessive Heat,1,0.0,0.0,0,0
ILLINOIS,MARSHALL,2012-12-20,Blizzard,1,0.0,0.0,0,0
ILLINOIS,MARSHALL,2013-04-18,Flood,1,5500000.0,0.0,0,0
ILLINOIS,MARSHALL,2013-04-19,Flood,1,5500000.0,0.0,0,0
ILLINOIS,MARSHALL,2013-04-20,Flood,1,5500000.0,0.0,0,0
ILLINOIS,MARSHALL,2013-04-21,Flood,1,5500000.0,0.0,0,0
ILLINOIS,MARSHALL,2013-04-22,Flood,1,5500000.0,0.0,0,0
ILLINOIS,MARSHALL,2013-04-23,Flood,1,5500000.0,0.0,0,0
ILLINOIS,MARSHALL,2013-04-24,Flood,1,5500000.0,0.0,0,0
ILLINOIS,MARSHALL,2013-04-25,Flood,1,5500000.0,0.0,0,0
ILLINOIS,MARSHALL,2013-04-26,Flood,1,5500000.0,0.0,0,0
ILLINOIS,MARSHALL,2013-04-27,Flood,1,5500000.0,0.0,0,0
ILLINOIS,MARSHALL,2013-04-28,Flood,1,5500000.0,0.0,0,0
ILLINOIS,MARSHALL,2013-04-29,Flood,1,5500000.0,0.0,0,0
ILLINOIS,MARSHALL,2013-04-30,Flood,1,5500000.0,0.0,0,0
ILLINOIS,MARSHALL,2013-05-01,Flood,1,0.0,0.0,0,0
ILLINOIS,MARSHALL,2013-05-02,Flood,1,0.0,0.0,0,0
ILLINOIS,MARSHALL,2013-05-03,Flood,1,0.0,0.0,0,0
ILLINOIS,MARSHALL,2013-05-04,Flood,1,0.0,0.0,0,0
ILLINOIS,MARSHALL,2013-05-05,Flood,1,0.0,0.0,0,0
ILLINOIS,MARSHALL,2013-05-06,Flood,1,0.0,0.0,0,0
ILLINOIS,MARSHALL,2013-05-07,Flood,1,0.0,0.0,0,0
ILLINOIS,MARSHALL,2013-05-08,Flood,1,0.0,0.0,0,0
ILLINOIS,MARSHALL,2013-05-09,Flood,1,0.0,0.0,0,0
ILLINOIS,MARSHALL,2013-05-27,Flood,1,0.0,0.0,0,0
ILLINOIS,MARSHALL,2014-06-30,Flood,1,0.0,0.0,0,0
ILLINOIS,MARSHALL,2014-07-01,Flood,1,0.0,0.0,0,0
ILLINOIS,MARSHALL,2015-11-20,Winter Storm,1,0.0,0.0,0,0
ILLINOIS,MARSHALL,2015-11-21,Winter Storm,1,0.0,0.0,0,0
ILLINOIS,MARSHALL,2017-04-29,Flood,1,0.0,0.0,0,0
ILLINOIS,MARSHALL,2017-04-30,Flood,1,0.0,0.0,0,0
ILLINOIS,MARSHALL,2019-01-19,Winter Storm,1,0.0,0.0,0,0
ILLINOIS,MARSHALL,2022-02-01,Winter Storm,1,0.0,0.0,0,0
ILLINOIS,MARSHALL,2022-02-02,Winter Storm,1,0.0,0.0,0,0
ILLINOIS,MARSHALL,2022-02-03,Winter Storm,1,0.0,0.0,0,0
ILLINOIS,MARSHALL,2022-12-22,Winter Storm,1,0.0,0.0,0,0
ILLINOIS,MARSHALL,2022-12-23,Winter Storm,1,0.0,0.0,0,0
ILLINOIS,MARSHALL,2023-07-27,Excessive Heat,1,0.0,0.0,0,0
ILLINOIS,MARSHALL,2023-07-28,Excessive Heat,1,0.0,0.0,0,0
ILLINOIS,MARSHALL,2023-08-20,Excessive Heat,1,0.0,0.0,0,0
ILLINOIS,MARSHALL,2023-08-21,Excessive Heat,1,0.0,0.0,0,0
ILLINOIS,MARSHALL,2023-08-22,Excessive Heat,1,0.0,0.0,0,0
ILLINOIS,MARSHALL,2023-08-23,Excessive Heat,1,0.0,0.0,0,0
ILLINOIS,MARSHALL,2023-08-24,Excessive Heat,1,0.0,0.0,0,0
ILLINOIS,MARSHALL,2023-08-25,Excessive Heat,1,0.0,0.0,0,0
ILLINOIS,MARSHALL,2024-08-27,Excessive Heat,1,0.0,0.0,0,0
ILLINOIS,MASON,2010-01-06,Winter Storm,1,0.0,0.0,0,0
ILLINOIS,MASON,2010-01-07,Winter Storm,1,0.0,0.0,0,0
ILLINOIS,MASON,2010-08-03,Excessive Heat,1,0.0,0.0,0,0
ILLINOIS,MASON,2010-08-04,Excessive Heat,1,0.0,0.0,0,0
ILLINOIS,MASON,2010-08-11,Excessive Heat,1,0.0,0.0,0,0
ILLINOIS,MASON,2010-08-12,Excessive Heat,1,0.0,0.0,0,0
ILLINOIS,MASON,2010-08-13,Excessive Heat,1,0.0,0.0,0,0
ILLINOIS,MASON,2010-12-12,Blizzard,1,0.0,0.0,0,0
ILLINOIS,MASON,2010-12-13,Blizzard,1,0.0,0.0,0,0
ILLINOIS,MASON,2011-02-01,Blizzard,1,80000.0,0.0,0,0
ILLINOIS,MASON,2011-02-02,Blizzard,1,80000.0,0.0,0,0
ILLINOIS,MASON,2012-06-29,Excessive Heat,1,0.0,0.0,0,0
ILLINOIS,MASON,2012-06-30,Excessive Heat,1,0.0,0.0,0,0
ILLINOIS,MASON,2012-07-01,Excessive Heat,1,0.0,0.0,0,0
ILLINOIS,MASON,2012-07-02,Excessive Heat,1,0.0,0.0,0,0
ILLINOIS,MASON,2012-07-03,Excessive Heat,1,0.0,0.0,0,0
ILLINOIS,MASON,2012-07-04,Excessive Heat,1,0.0,0.0,0,0
ILLINOIS,MASON,2012-07-05,Excessive Heat,1,0.0,0.0,0,0
ILLINOIS,MASON,2012-07-06,Excessive Heat,1,0.0,0.0,0,0
ILLINOIS,MASON,2012-07-07,Excessive Heat,1,0.0,0.0,0,0
ILLINOIS,MASON,2012-12-20,Blizzard,1,0.0,0.0,0,0
ILLINOIS,MASON,2013-04-18,Flood,1,5000000.0,0.0,0,0
ILLINOIS,MASON,2013-04-19,Flood,1,5000000.0,0.0,0,0
ILLINOIS,MASON,2013-04-20,Flood,1,5000000.0,0.0,0,0
ILLINOIS,MASON,2013-04-21,Flood,1,5000000.0,0.0,0,0
ILLINOIS,MASON,2013-04-22,Flood,1,5000000.0,0.0,0,0
ILLINOIS,MASON,2013-04-23,Flood,1,5000000.0,0.0,0,0
ILLINOIS,MASON,2013-04-24,Flood,1,5000000.0,0.0,0,0
ILLINOIS,MASON,2013-04-25,Flood,1,5000000.0,0.0,0,0
ILLINOIS,MASON,2013-04-26,Flood,1,5000000.0,0.0,0,0
ILLINOIS,MASON,2013-04-27,Flood,1,5000000.0,0.0,0,0
ILLINOIS,MASON,2013-04-28,Flood,1,5000000.0,0.0,0,0
ILLINOIS,MASON,2013-04-29,Flood,1,5000000.0,0.0,0,0
ILLINOIS,MASON,2013-04-30,Flood,1,5000000.0,0.0,0,0
ILLINOIS,MASON,2013-05-01,Flood,1,0.0,0.0,0,0
ILLINOIS,MASON,2013-05-02,Flood,1,0.0,0.0,0,0
ILLINOIS,MASON,2013-05-03,Flood,1,0.0,0.0,0,0
ILLINOIS,MASON,2013-05-04,Flood,1,0.0,0.0,0,0
ILLINOIS,MASON,2013-05-05,Flood,1,0.0,0.0,0,0
ILLINOIS,MASON,2013-05-06,Flood,1,0.0,0.0,0,0
ILLINOIS,MASON,2013-05-07,Flood,1,0.0,0.0,0,0
ILLINOIS,MASON,2013-05-08,Flood,1,0.0,0.0,0,0
ILLINOIS,MASON,2013-05-09,Flood,1,0.0,0.0,0,0
ILLINOIS,MASON,2013-05-10,Flood,1,0.0,0.0,0,0
ILLINOIS,MASON,2013-05-11,Flood,1,0.0,0.0,0,0
ILLINOIS,MASON,2013-05-12,Flood,1,0.0,0.0,0,0
ILLINOIS,MASON,2013-05-13,Flood,1,0.0,0.0,0,0
ILLINOIS,MASON,2013-05-14,Flood,1,0.0,0.0,0,0
ILLINOIS,MASON,2013-05-15,Flood,1,0.0,0.0,0,0
ILLINOIS,MASON,2013-05-16,Flood,1,0.0,0.0,0,0
ILLINOIS,MASON,2013-05-17,Flood,1,0.0,0.0,0,0
ILLINOIS,MASON,2013-05-18,Flood,1,0.0,0.0,0,0
ILLINOIS,MASON,2013-05-19,Flood,1,0.0,0.0,0,0
ILLINOIS,MASON,2014-02-01,Winter Storm,1,0.0,0.0,0,0
ILLINOIS,MASON,2017-04-29,Flood,1,0.0,0.0,0,0
ILLINOIS,MASON,2017-04-30,Flood,1,0.0,0.0,0,0
ILLINOIS,MASON,2019-01-19,Winter Storm,1,0.0,0.0,0,0
ILLINOIS,MASON,2022-02-01,Winter Storm,1,0.0,0.0,0,0
ILLINOIS,MASON,2022-02-02,Winter Storm,1,0.0,0.0,0,0
ILLINOIS,MASON,2022-02-03,Winter Storm,1,0.0,0.0,0,0
ILLINOIS,MASON,2022-12-22,Winter Storm,1,0.0,0.0,0,0
ILLINOIS,MASON,2022-12-23,Winter Storm,1,0.0,0.0,0,0
ILLINOIS,MASON,2023-07-27,Excessive Heat,1,0.0,0.0,0,0
ILLINOIS,MASON,2023-07-28,Excessive Heat,1,0.0,0.0,0,0
ILLINOIS,MASON,2023-08-20,Excessive Heat,1,0.0,0.0,0,0
ILLINOIS,MASON,2023-08-21,Excessive Heat,1,0.0,0.0,0,0
ILLINOIS,MASON,2023-08-22,Excessive Heat,1,0.0,0.0,0,0
ILLINOIS,MASON,2023-08-23,Excessive Heat,1,0.0,0.0,0,0
ILLINOIS,MASON,2023-08-24,Excessive Heat,1,0.0,0.0,0,0
ILLINOIS,MASON,2023-08-25,Excessive Heat,1,0.0,0.0,0,0
ILLINOIS,MASON,2024-08-27,Excessive Heat,1,0.0,0.0,0,0
ILLINOIS,MASSAC,2010-01-26,Flood,1,0.0,0.0,0,0
ILLINOIS,MASSAC,2010-01-27,Flood,1,0.0,0.0,0,0
ILLINOIS,MASSAC,2010-01-28,Flood,1,0.0,0.0,0,0
ILLINOIS,MASSAC,2010-01-29,Flood,1,0.0,0.0,0,0
ILLINOIS,MASSAC,2010-01-30,Flood,1,0.0,0.0,0,0
ILLINOIS,MASSAC,2010-01-31,Flood,1,0.0,0.0,0,0
ILLINOIS,MASSAC,2010-02-01,Flood,1,0.0,0.0,0,0
ILLINOIS,MASSAC,2010-02-02,Flood,1,0.0,0.0,0,0
ILLINOIS,MASSAC,2010-02-03,Flood,1,0.0,0.0,0,0
ILLINOIS,MASSAC,2010-02-04,Flood,1,0.0,0.0,0,0
ILLINOIS,MASSAC,2010-02-05,Flood,1,0.0,0.0,0,0
ILLINOIS,MASSAC,2010-02-06,Flood,1,0.0,0.0,0,0
ILLINOIS,MASSAC,2010-02-07,Flood,1,0.0,0.0,0,0
ILLINOIS,MASSAC,2010-02-08,Flood,1,0.0,0.0,0,0
ILLINOIS,MASSAC,2010-02-09,Flood,1,0.0,0.0,0,0
ILLINOIS,MASSAC,2010-02-10,Flood,1,0.0,0.0,0,0
ILLINOIS,MASSAC,2010-02-11,Flood,1,0.0,0.0,0,0
ILLINOIS,MASSAC,2010-02-12,Flood,1,0.0,0.0,0,0
ILLINOIS,MASSAC,2010-02-13,Flood,1,0.0,0.0,0,0
ILLINOIS,MASSAC,2010-02-14,Flood,1,0.0,0.0,0,0
ILLINOIS,MASSAC,2010-03-21,Flood,1,0.0,0.0,0,0
ILLINOIS,MASSAC,2010-03-22,Flood,1,0.0,0.0,0,0
ILLINOIS,MASSAC,2010-03-23,Flood,1,0.0,0.0,0,0
ILLINOIS,MASSAC,2010-03-24,Flood,1,0.0,0.0,0,0
ILLINOIS,MASSAC,2010-03-25,Flood,1,0.0,0.0,0,0
ILLINOIS,MASSAC,2010-05-03,Flood,1,0.0,0.0,0,0
ILLINOIS,MASSAC,2010-05-04,Flood,1,0.0,0.0,0,0
ILLINOIS,MASSAC,2010-05-05,Flood,1,0.0,0.0,0,0
ILLINOIS,MASSAC,2010-05-06,Flood,1,0.0,0.0,0,0
ILLINOIS,MASSAC,2010-05-07,Flood,1,0.0,0.0,0,0
ILLINOIS,MASSAC,2010-05-08,Flood,1,0.0,0.0,0,0
ILLINOIS,MASSAC,2010-05-09,Flood,1,0.0,0.0,0,0
ILLINOIS,MASSAC,2010-05-10,Flood,1,0.0,0.0,0,0
ILLINOIS,MASSAC,2010-05-11,Flood,1,0.0,0.0,0,0
ILLINOIS,MASSAC,2010-05-12,Flood,1,0.0,0.0,0,0
ILLINOIS,MASSAC,2010-05-13,Flood,1,0.0,0.0,0,0
ILLINOIS,MASSAC,2010-05-14,Flood,1,0.0,0.0,0,0
ILLINOIS,MASSAC,2010-05-15,Flood,1,0.0,0.0,0,0
ILLINOIS,MASSAC,2010-08-03,Excessive Heat,1,0.0,0.0,0,0
ILLINOIS,MASSAC,2010-08-04,Excessive Heat,1,0.0,0.0,0,0
ILLINOIS,MASSAC,2010-08-09,Excessive Heat,1,0.0,0.0,0,0
ILLINOIS,MASSAC,2010-08-10,Excessive Heat,1,0.0,0.0,0,0
ILLINOIS,MASSAC,2010-08-11,Excessive Heat,1,0.0,0.0,0,0
ILLINOIS,MASSAC,2010-08-12,Excessive Heat,1,0.0,0.0,0,0
ILLINOIS,MASSAC,2010-08-13,Excessive Heat,1,0.0,0.0,0,0
ILLINOIS,MASSAC,2010-08-14,Excessive Heat,1,0.0,0.0,0,0
ILLINOIS,MASSAC,2010-08-15,Excessive Heat,1,0.0,0.0,0,0
ILLINOIS,MASSAC,2011-02-28,Flood,1,0.0,0.0,0,0
ILLINOIS,MASSAC,2011-03-01,Flood,1,200000.0,0.0,0,0
ILLINOIS,MASSAC,2011-03-02,Flood,1,200000.0,0.0,0,0
ILLINOIS,MASSAC,2011-03-03,Flood,1,200000.0,0.0,0,0
ILLINOIS,MASSAC,2011-03-04,Flood,1,200000.0,0.0,0,0
ILLINOIS,MASSAC,2011-03-05,Flood,1,200000.0,0.0,0,0
ILLINOIS,MASSAC,2011-03-06,Flood,1,200000.0,0.0,0,0
ILLINOIS,MASSAC,2011-03-07,Flood,1,200000.0,0.0,0,0
ILLINOIS,MASSAC,2011-03-08,Flood,1,200000.0,0.0,0,0
ILLINOIS,MASSAC,2011-03-09,Flood,1,200000.0,0.0,0,0
ILLINOIS,MASSAC,2011-03-10,Flood,1,200000.0,0.0,0,0
ILLINOIS,MASSAC,2011-03-11,Flood,1,200000.0,0.0,0,0
ILLINOIS,MASSAC,2011-03-12,Flood,1,200000.0,0.0,0,0
ILLINOIS,MASSAC,2011-03-13,Flood,1,200000.0,0.0,0,0
ILLINOIS,MASSAC,2011-03-14,Flood,1,200000.0,0.0,0,0
ILLINOIS,MASSAC,2011-03-15,Flood,1,200000.0,0.0,0,0
ILLINOIS,MASSAC,2011-03-16,Flood,1,200000.0,0.0,0,0
ILLINOIS,MASSAC,2011-03-17,Flood,1,200000.0,0.0,0,0
ILLINOIS,MASSAC,2011-03-18,Flood,1,200000.0,0.0,0,0
ILLINOIS,MASSAC,2011-03-19,Flood,1,200000.0,0.0,0,0
ILLINOIS,MASSAC,2011-03-20,Flood,1,200000.0,0.0,0,0
ILLINOIS,MASSAC,2011-03-21,Flood,1,200000.0,0.0,0,0
ILLINOIS,MASSAC,2011-03-22,Flood,1,200000.0,0.0,0,0
ILLINOIS,MASSAC,2011-03-23,Flood,1,200000.0,0.0,0,0
ILLINOIS,MASSAC,2011-03-24,Flood,1,200000.0,0.0,0,0
ILLINOIS,MASSAC,2011-03-25,Flood,1,200000.0,0.0,0,0
ILLINOIS,MASSAC,2011-03-26,Flood,1,200000.0,0.0,0,0
ILLINOIS,MASSAC,2011-03-27,Flood,1,200000.0,0.0,0,0
ILLINOIS,MASSAC,2011-03-28,Flood,1,200000.0,0.0,0,0
ILLINOIS,MASSAC,2011-03-29,Flood,1,200000.0,0.0,0,0
ILLINOIS,MASSAC,2011-03-30,Flood,1,200000.0,0.0,0,0
ILLINOIS,MASSAC,2011-03-31,Flood,1,200000.0,0.0,0,0
ILLINOIS,MASSAC,2011-04-12,Flood,1,0.0,0.0,0,0
ILLINOIS,MASSAC,2011-04-13,Flood,1,0.0,0.0,0,0
ILLINOIS,MASSAC,2011-04-14,Flood,1,0.0,0.0,0,0
ILLINOIS,MASSAC,2011-04-15,Flood,1,0.0,0.0,0,0
ILLINOIS,MASSAC,2011-04-16,Flood,1,0.0,0.0,0,0
ILLINOIS,MASSAC,2011-04-17,Flood,1,0.0,0.0,0,0
ILLINOIS,MASSAC,2011-04-18,Flood,1,0.0,0.0,0,0
ILLINOIS,MASSAC,2011-04-19,Flood,1,0.0,0.0,0,0
ILLINOIS,MASSAC,2011-04-20,Flood,1,0.0,0.0,0,0
ILLINOIS,MASSAC,2011-04-21,Flood,1,0.0,0.0,0,0
ILLINOIS,MASSAC,2011-04-22,Flood,1,0.0,0.0,0,0
ILLINOIS,MASSAC,2011-04-23,Flood,1,0.0,0.0,0,0
ILLINOIS,MASSAC,2011-04-24,Flood,1,0.0,0.0,0,0
ILLINOIS,MASSAC,2011-04-25,Flood,1,0.0,0.0,0,0
ILLINOIS,MASSAC,2011-04-26,Flood,1,0.0,0.0,0,0
ILLINOIS,MASSAC,2011-04-27,Flood,1,0.0,0.0,0,0
ILLINOIS,MASSAC,2011-04-28,Flood,1,0.0,0.0,0,0
ILLINOIS,MASSAC,2011-04-29,Flood,1,0.0,0.0,0,0
ILLINOIS,MASSAC,2011-04-30,Flood,1,0.0,0.0,0,0
ILLINOIS,MASSAC,2011-05-01,Flood,1,2030000.0,0.0,0,0
ILLINOIS,MASSAC,2011-05-02,Flood,1,2030000.0,0.0,0,0
ILLINOIS,MASSAC,2011-05-03,Flood,1,2030000.0,0.0,0,0
ILLINOIS,MASSAC,2011-05-04,Flood,1,2030000.0,0.0,0,0
ILLINOIS,MASSAC,2011-05-05,Flood,1,2030000.0,0.0,0,0
ILLINOIS,MASSAC,2011-05-06,Flood,1,2030000.0,0.0,0,0
ILLINOIS,MASSAC,2011-05-07,Flood,1,2030000.0,0.0,0,0
ILLINOIS,MASSAC,2011-05-08,Flood,1,2030000.0,0.0,0,0
ILLINOIS,MASSAC,2011-05-09,Flood,1,2030000.0,0.0,0,0
ILLINOIS,MASSAC,2011-05-10,Flood,1,2030000.0,0.0,0,0
ILLINOIS,MASSAC,2011-05-11,Flood,1,2000000.0,0.0,0,0
ILLINOIS,MASSAC,2011-05-12,Flood,1,2000000.0,0.0,0,0
ILLINOIS,MASSAC,2011-05-13,Flood,1,2000000.0,0.0,0,0
ILLINOIS,MASSAC,2011-05-14,Flood,1,2000000.0,0.0,0,0
ILLINOIS,MASSAC,2011-05-15,Flood,1,2000000.0,0.0,0,0
ILLINOIS,MASSAC,2011-05-16,Flood,1,2000000.0,0.0,0,0
ILLINOIS,MASSAC,2011-05-17,Flood,1,2000000.0,0.0,0,0
ILLINOIS,MASSAC,2011-05-18,Flood,1,2000000.0,0.0,0,0
ILLINOIS,MASSAC,2011-05-19,Flood,1,2000000.0,0.0,0,0
ILLINOIS,MASSAC,2011-05-20,Flood,1,2000000.0,0.0,0,0
ILLINOIS,MASSAC,2011-05-21,Flood,1,2000000.0,0.0,0,0
ILLINOIS,MASSAC,2011-05-22,Flood,1,2000000.0,0.0,0,0
ILLINOIS,MASSAC,2011-05-23,Flood,1,2000000.0,0.0,0,0
ILLINOIS,MASSAC,2011-05-24,Flood,1,2000000.0,0.0,0,0
ILLINOIS,MASSAC,2011-05-25,Flood,1,2000000.0,0.0,0,0
ILLINOIS,MASSAC,2011-05-26,Flood,1,2000000.0,0.0,0,0
ILLINOIS,MASSAC,2011-05-27,Flood,1,2000000.0,0.0,0,0
ILLINOIS,MASSAC,2011-05-28,Flood,1,2000000.0,0.0,0,0
ILLINOIS,MASSAC,2011-05-29,Flood,1,2000000.0,0.0,0,0
ILLINOIS,MASSAC,2011-05-30,Flood,1,2000000.0,0.0,0,0
ILLINOIS,MASSAC,2011-05-31,Flood,1,2000000.0,0.0,0,0
ILLINOIS,MASSAC,2011-06-01,Flood,1,0.0,0.0,0,0
ILLINOIS,MASSAC,2011-06-02,Flood,1,0.0,0.0,0,0
ILLINOIS,MASSAC,2011-07-10,Excessive Heat,1,0.0,0.0,0,0
ILLINOIS,MASSAC,2011-07-11,Excessive Heat,1,0.0,0.0,0,0
ILLINOIS,MASSAC,2011-07-12,Excessive Heat,1,0.0,0.0,0,0
ILLINOIS,MASSAC,2011-07-19,Excessive Heat,1,0.0,0.0,0,0
ILLINOIS,MASSAC,2011-07-20,Excessive Heat,1,0.0,0.0,0,0
ILLINOIS,MASSAC,2011-07-21,Excessive Heat,1,0.0,0.0,0,0
ILLINOIS,MASSAC,2011-07-22,Excessive Heat,1,0.0,0.0,0,0
ILLINOIS,MASSAC,2011-07-23,Excessive Heat,1,0.0,0.0,0,0
ILLINOIS,MASSAC,2011-07-24,Excessive Heat,1,0.0,0.0,0,0
ILLINOIS,MASSAC,2011-08-03,Excessive Heat,1,0.0,0.0,0,0
ILLINOIS,MASSAC,2011-12-01,Flood,1,1000.0,0.0,0,0
ILLINOIS,MASSAC,2011-12-02,Flood,1,1000.0,0.0,0,0
ILLINOIS,MASSAC,2011-12-03,Flood,1,1000.0,0.0,0,0
ILLINOIS,MASSAC,2011-12-04,Flood,1,1000.0,0.0,0,0
ILLINOIS,MASSAC,2011-12-05,Flood,1,1000.0,0.0,0,0
ILLINOIS,MASSAC,2011-12-06,Flood,1,1000.0,0.0,0,0
ILLINOIS,MASSAC,2011-12-07,Flood,1,1000.0,0.0,0,0
ILLINOIS,MASSAC,2011-12-08,Flood,1,1000.0,0.0,0,0
ILLINOIS,MASSAC,2011-12-09,Flood,1,1000.0,0.0,0,0
ILLINOIS,MASSAC,2011-12-10,Flood,1,1000.0,0.0,0,0
ILLINOIS,MASSAC,2011-12-11,Flood,1,1000.0,0.0,0,0
ILLINOIS,MASSAC,2011-12-12,Flood,1,1000.0,0.0,0,0
ILLINOIS,MASSAC,2011-12-13,Flood,1,1000.0,0.0,0,0
ILLINOIS,MASSAC,2011-12-14,Flood,1,1000.0,0.0,0,0
ILLINOIS,MASSAC,2011-12-15,Flood,1,1000.0,0.0,0,0
ILLINOIS,MASSAC,2011-12-16,Flood,1,1000.0,0.0,0,0
ILLINOIS,MASSAC,2011-12-17,Flood,1,1000.0,0.0,0,0
ILLINOIS,MASSAC,2011-12-18,Flood,1,1000.0,0.0,0,0
ILLINOIS,MASSAC,2011-12-19,Flood,1,1000.0,0.0,0,0
ILLINOIS,MASSAC,2011-12-20,Flood,1,1000.0,0.0,0,0
ILLINOIS,MASSAC,2012-01-27,Flood,1,0.0,0.0,0,0
ILLINOIS,MASSAC,2012-01-28,Flood,1,0.0,0.0,0,0
ILLINOIS,MASSAC,2012-01-29,Flood,1,0.0,0.0,0,0
ILLINOIS,MASSAC,2012-01-30,Flood,1,0.0,0.0,0,0
ILLINOIS,MASSAC,2012-01-31,Flood,1,0.0,0.0,0,0
ILLINOIS,MASSAC,2012-02-01,Flood,1,0.0,0.0,0,0
ILLINOIS,MASSAC,2012-02-02,Flood,1,0.0,0.0,0,0
ILLINOIS,MASSAC,2012-02-03,Flood,1,0.0,0.0,0,0
ILLINOIS,MASSAC,2012-02-04,Flood,1,0.0,0.0,0,0
ILLINOIS,MASSAC,2012-02-05,Flood,1,0.0,0.0,0,0
ILLINOIS,MASSAC,2012-02-06,Flood,1,0.0,0.0,0,0
ILLINOIS,MASSAC,2012-02-07,Flood,1,0.0,0.0,0,0
ILLINOIS,MASSAC,2012-02-08,Flood,1,0.0,0.0,0,0
ILLINOIS,MASSAC,2012-07-01,Excessive Heat,1,0.0,0.0,0,0
ILLINOIS,MASSAC,2012-07-02,Excessive Heat,1,0.0,0.0,0,0
ILLINOIS,MASSAC,2012-07-03,Excessive Heat,1,0.0,0.0,0,0
ILLINOIS,MASSAC,2012-07-04,Excessive Heat,1,0.0,0.0,0,0
ILLINOIS,MASSAC,2012-07-05,Excessive Heat,1,0.0,0.0,0,0
ILLINOIS,MASSAC,2012-07-06,Excessive Heat,1,0.0,0.0,0,0
ILLINOIS,MASSAC,2012-07-07,Excessive Heat,1,0.0,0.0,0,0
ILLINOIS,MASSAC,2012-07-08,Excessive Heat,1,0.0,0.0,0,0
ILLINOIS,MASSAC,2012-12-26,Winter Storm,1,0.0,0.0,0,0
ILLINOIS,MASSAC,2013-01-20,Flood,1,0.0,0.0,0,0
ILLINOIS,MASSAC,2013-01-21,Flood,1,0.0,0.0,0,0
ILLINOIS,MASSAC,2013-01-22,Flood,1,0.0,0.0,0,0
ILLINOIS,MASSAC,2013-01-23,Flood,1,0.0,0.0,0,0
ILLINOIS,MASSAC,2013-01-24,Flood,1,0.0,0.0,0,0
ILLINOIS,MASSAC,2013-01-25,Flood,1,0.0,0.0,0,0
ILLINOIS,MASSAC,2013-01-26,Flood,1,0.0,0.0,0,0
ILLINOIS,MASSAC,2013-02-06,Flood,1,0.0,0.0,0,0
ILLINOIS,MASSAC,2013-02-07,Flood,1,0.0,0.0,0,0
ILLINOIS,MASSAC,2013-02-08,Flood,1,0.0,0.0,0,0
ILLINOIS,MASSAC,2013-02-09,Flood,1,0.0,0.0,0,0
ILLINOIS,MASSAC,2013-02-10,Flood,1,0.0,0.0,0,0
ILLINOIS,MASSAC,2013-02-11,Flood,1,0.0,0.0,0,0
ILLINOIS,MASSAC,2013-03-21,Flood,1,0.0,0.0,0,0
ILLINOIS,MASSAC,2013-03-22,Flood,1,0.0,0.0,0,0
ILLINOIS,MASSAC,2013-03-23,Flood,1,0.0,0.0,0,0
ILLINOIS,MASSAC,2013-03-24,Flood,1,0.0,0.0,0,0
ILLINOIS,MASSAC,2013-04-22,Flood,1,0.0,0.0,0,0
ILLINOIS,MASSAC,2013-04-23,Flood,1,0.0,0.0,0,0
ILLINOIS,MASSAC,2013-04-24,Flood,1,0.0,0.0,0,0
ILLINOIS,MASSAC,2013-04-25,Flood,1,0.0,0.0,0,0
ILLINOIS,MASSAC,2013-04-26,Flood,1,0.0,0.0,0,0
ILLINOIS,MASSAC,2013-04-27,Flood,1,0.0,0.0,0,0
ILLINOIS,MASSAC,2013-04-28,Flood,1,0.0,0.0,0,0
ILLINOIS,MASSAC,2013-04-29,Flood,1,0.0,0.0,0,0
ILLINOIS,MASSAC,2013-04-30,Flood,1,0.0,0.0,0,0
ILLINOIS,MASSAC,2013-05-01,Flood,1,2000.0,0.0,0,0
ILLINOIS,MASSAC,2013-05-02,Flood,1,2000.0,0.0,0,0
ILLINOIS,MASSAC,2013-05-03,Flood,1,2000.0,0.0,0,0
ILLINOIS,MASSAC,2013-05-04,Flood,1,2000.0,0.0,0,0
ILLINOIS,MASSAC,2013-05-05,Flood,1,2000.0,0.0,0,0
ILLINOIS,MASSAC,2013-05-06,Flood,1,2000.0,0.0,0,0
ILLINOIS,MASSAC,2013-05-07,Flood,1,2000.0,0.0,0,0
ILLINOIS,MASSAC,2013-05-08,Flood,1,2000.0,0.0,0,0
ILLINOIS,MASSAC,2013-05-09,Flood,1,2000.0,0.0,0,0
ILLINOIS,MASSAC,2013-05-10,Flood,1,2000.0,0.0,0,0
ILLINOIS,MASSAC,2013-05-11,Flood,1,2000.0,0.0,0,0
ILLINOIS,MASSAC,2013-05-12,Flood,1,2000.0,0.0,0,0
ILLINOIS,MASSAC,2013-05-13,Flood,1,2000.0,0.0,0,0
ILLINOIS,MASSAC,2013-05-14,Flood,1,2000.0,0.0,0,0
ILLINOIS,MASSAC,2013-05-15,Flood,1,2000.0,0.0,0,0
ILLINOIS,MASSAC,2013-05-16,Flood,1,2000.0,0.0,0,0
ILLINOIS,MASSAC,2013-05-17,Flood,1,2000.0,0.0,0,0
ILLINOIS,MASSAC,2013-05-18,Flood,1,2000.0,0.0,0,0
ILLINOIS,MASSAC,2013-12-05,Winter Storm,1,0.0,0.0,0,0
ILLINOIS,MASSAC,2013-12-06,Winter Storm,1,0.0,0.0,0,0
ILLINOIS,MASSAC,2013-12-21,Flood,1,10000.0,0.0,0,0
ILLINOIS,MASSAC,2013-12-27,Flood,1,1000.0,0.0,0,0
ILLINOIS,MASSAC,2013-12-28,Flood,1,1000.0,0.0,0,0
ILLINOIS,MASSAC,2013-12-29,Flood,1,1000.0,0.0,0,0
ILLINOIS,MASSAC,2013-12-30,Flood,1,1000.0,0.0,0,0
ILLINOIS,MASSAC,2013-12-31,Flood,1,1000.0,0.0,0,0
ILLINOIS,MASSAC,2014-01-01,Flood,1,0.0,0.0,0,0
ILLINOIS,MASSAC,2014-01-02,Flood,1,0.0,0.0,0,0
ILLINOIS,MASSAC,2014-01-03,Flood,1,0.0,0.0,0,0
ILLINOIS,MASSAC,2014-02-04,Winter Storm,1,0.0,0.0,0,0
ILLINOIS,MASSAC,2014-03-02,Winter Storm,1,0.0,0.0,0,0
ILLINOIS,MASSAC,2014-03-03,Winter Storm,1,0.0,0.0,0,0
ILLINOIS,MASSAC,2014-04-07,Flood,1,5000.0,0.0,0,0
ILLINOIS,MASSAC,2014-04-08,Flood,1,5000.0,0.0,0,0
ILLINOIS,MASSAC,2014-04-09,Flood,1,5000.0,0.0,0,0
ILLINOIS,MASSAC,2014-04-10,Flood,1,5000.0,0.0,0,0
ILLINOIS,MASSAC,2014-04-11,Flood,1,5000.0,0.0,0,0
ILLINOIS,MASSAC,2014-04-12,Flood,1,5000.0,0.0,0,0
ILLINOIS,MASSAC,2014-04-13,Flood,1,5000.0,0.0,0,0
ILLINOIS,MASSAC,2014-04-14,Flood,1,5000.0,0.0,0,0
ILLINOIS,MASSAC,2014-04-15,Flood,1,5000.0,0.0,0,0
ILLINOIS,MASSAC,2014-04-16,Flood,1,5000.0,0.0,0,0
ILLINOIS,MASSAC,2015-02-20,Winter Storm,1,0.0,0.0,0,0
ILLINOIS,MASSAC,2015-02-21,Winter Storm,1,0.0,0.0,0,0
ILLINOIS,MASSAC,2015-03-04,Winter Storm,1,0.0,0.0,0,0
ILLINOIS,MASSAC,2015-03-05,Winter Storm,1,0.0,0.0,0,0
ILLINOIS,MASSAC,2015-03-09,Flood,1,1000.0,0.0,0,0
ILLINOIS,MASSAC,2015-03-10,Flood,1,1000.0,0.0,0,0
ILLINOIS,MASSAC,2015-03-11,Flood,1,1000.0,0.0,0,0
ILLINOIS,MASSAC,2015-03-12,Flood,1,1000.0,0.0,0,0
ILLINOIS,MASSAC,2015-03-13,Flood,1,1000.0,0.0,0,0
ILLINOIS,MASSAC,2015-03-14,Flood,1,1000.0,0.0,0,0
ILLINOIS,MASSAC,2015-03-15,Flood,1,1000.0,0.0,0,0
ILLINOIS,MASSAC,2015-03-16,Flood,1,1000.0,0.0,0,0
ILLINOIS,MASSAC,2015-03-17,Flood,1,1000.0,0.0,0,0
ILLINOIS,MASSAC,2015-03-18,Flood,1,1000.0,0.0,0,0
ILLINOIS,MASSAC,2015-03-19,Flood,1,1000.0,0.0,0,0
ILLINOIS,MASSAC,2015-03-20,Flood,1,1000.0,0.0,0,0
ILLINOIS,MASSAC,2015-03-21,Flood,1,1000.0,0.0,0,0
ILLINOIS,MASSAC,2015-03-22,Flood,1,1000.0,0.0,0,0
ILLINOIS,MASSAC,2015-03-23,Flood,1,1000.0,0.0,0,0
ILLINOIS,MASSAC,2015-03-24,Flood,1,1000.0,0.0,0,0
ILLINOIS,MASSAC,2015-03-25,Flood,1,1000.0,0.0,0,0
ILLINOIS,MASSAC,2015-03-26,Flood,1,1000.0,0.0,0,0
ILLINOIS,MASSAC,2015-03-27,Flood,1,1000.0,0.0,0,0
ILLINOIS,MASSAC,2015-03-28,Flood,1,1000.0,0.0,0,0
ILLINOIS,MASSAC,2015-03-29,Flood,1,1000.0,0.0,0,0
ILLINOIS,MASSAC,2015-03-30,Flood,1,1000.0,0.0,0,0
ILLINOIS,MASSAC,2015-04-10,Flood,1,0.0,0.0,0,0
ILLINOIS,MASSAC,2015-04-11,Flood,1,0.0,0.0,0,0
ILLINOIS,MASSAC,2015-04-12,Flood,1,0.0,0.0,0,0
ILLINOIS,MASSAC,2015-04-13,Flood,1,0.0,0.0,0,0
ILLINOIS,MASSAC,2015-04-14,Flood,1,0.0,0.0,0,0
ILLINOIS,MASSAC,2015-04-15,Flood,1,0.0,0.0,0,0
ILLINOIS,MASSAC,2015-04-16,Flood,1,0.0,0.0,0,0
ILLINOIS,MASSAC,2015-04-17,Flood,1,0.0,0.0,0,0
ILLINOIS,MASSAC,2015-04-18,Flood,1,0.0,0.0,0,0
ILLINOIS,MASSAC,2015-04-19,Flood,1,0.0,0.0,0,0
ILLINOIS,MASSAC,2015-04-20,Flood,1,0.0,0.0,0,0
ILLINOIS,MASSAC,2015-04-21,Flood,1,0.0,0.0,0,0
ILLINOIS,MASSAC,2015-04-22,Flood,1,0.0,0.0,0,0
ILLINOIS,MASSAC,2015-04-23,Flood,1,0.0,0.0,0,0
ILLINOIS,MASSAC,2015-04-24,Flood,1,0.0,0.0,0,0
ILLINOIS,MASSAC,2015-04-25,Flood,1,0.0,0.0,0,0
ILLINOIS,MASSAC,2015-04-26,Flood,1,0.0,0.0,0,0
ILLINOIS,MASSAC,2015-04-27,Flood,1,0.0,0.0,0,0
ILLINOIS,MASSAC,2015-04-28,Flood,1,0.0,0.0,0,0
ILLINOIS,MASSAC,2015-04-29,Flood,1,0.0,0.0,0,0
ILLINOIS,MASSAC,2015-07-02,Flood,1,0.0,0.0,0,0
ILLINOIS,MASSAC,2015-07-03,Flood,1,0.0,0.0,0,0
ILLINOIS,MASSAC,2015-07-04,Flood,1,0.0,0.0,0,0
ILLINOIS,MASSAC,2015-07-05,Flood,1,0.0,0.0,0,0
ILLINOIS,MASSAC,2015-07-06,Flood,1,0.0,0.0,0,0
ILLINOIS,MASSAC,2015-07-07,Flood,1,0.0,0.0,0,0
ILLINOIS,MASSAC,2015-07-08,Flood,1,0.0,0.0,0,0
ILLINOIS,MASSAC,2015-07-09,Flood,1,0.0,0.0,0,0
ILLINOIS,MASSAC,2015-07-10,Flood,1,0.0,0.0,0,0
ILLINOIS,MASSAC,2015-07-11,Flood,1,0.0,0.0,0,0
ILLINOIS,MASSAC,2015-07-12,Flood,1,0.0,0.0,0,0
ILLINOIS,MASSAC,2015-07-13,Flood,1,0.0,0.0,0,0
ILLINOIS,MASSAC,2015-07-14,Flood,1,0.0,0.0,0,0
ILLINOIS,MASSAC,2015-07-15,Flood,1,0.0,0.0,0,0
ILLINOIS,MASSAC,2015-07-16,Flood,1,0.0,0.0,0,0
ILLINOIS,MASSAC,2015-07-17,Flood,1,0.0,0.0,0,0
ILLINOIS,MASSAC,2015-07-18,Flood,1,0.0,0.0,0,0
ILLINOIS,MASSAC,2015-07-19,Flood,1,0.0,0.0,0,0
ILLINOIS,MASSAC,2015-07-20,Flood,1,0.0,0.0,0,0
ILLINOIS,MASSAC,2015-07-21,Flood,1,0.0,0.0,0,0
ILLINOIS,MASSAC,2015-07-22,Flood,1,0.0,0.0,0,0
ILLINOIS,MASSAC,2015-07-23,Flood,1,0.0,0.0,0,0
ILLINOIS,MASSAC,2015-07-24,Flood,1,0.0,0.0,0,0
ILLINOIS,MASSAC,2015-12-26,Flood,1,0.0,0.0,0,0
ILLINOIS,MASSAC,2015-12-27,Flood,1,0.0,0.0,0,0
ILLINOIS,MASSAC,2015-12-28,Flood,1,0.0,0.0,0,0
ILLINOIS,MASSAC,2015-12-29,Flood,1,0.0,0.0,0,0
ILLINOIS,MASSAC,2015-12-30,Flood,1,0.0,0.0,0,0
ILLINOIS,MASSAC,2015-12-31,Flood,1,0.0,0.0,0,0
ILLINOIS,MASSAC,2016-01-01,Flood,1,6000.0,0.0,0,0
ILLINOIS,MASSAC,2016-01-02,Flood,1,6000.0,0.0,0,0
ILLINOIS,MASSAC,2016-01-03,Flood,1,6000.0,0.0,0,0
ILLINOIS,MASSAC,2016-01-04,Flood,1,6000.0,0.0,0,0
ILLINOIS,MASSAC,2016-01-05,Flood,1,6000.0,0.0,0,0
ILLINOIS,MASSAC,2016-01-06,Flood,1,6000.0,0.0,0,0
ILLINOIS,MASSAC,2016-01-07,Flood,1,6000.0,0.0,0,0
ILLINOIS,MASSAC,2016-01-08,Flood,1,6000.0,0.0,0,0
ILLINOIS,MASSAC,2016-01-09,Flood,1,6000.0,0.0,0,0
ILLINOIS,MASSAC,2016-01-10,Flood,1,6000.0,0.0,0,0
ILLINOIS,MASSAC,2016-01-11,Flood,1,6000.0,0.0,0,0
ILLINOIS,MASSAC,2016-01-12,Flood,1,6000.0,0.0,0,0
ILLINOIS,MASSAC,2016-01-13,Flood,1,6000.0,0.0,0,0
ILLINOIS,MASSAC,2016-01-14,Flood,1,6000.0,0.0,0,0
ILLINOIS,MASSAC,2016-01-15,Flood,1,6000.0,0.0,0,0
ILLINOIS,MASSAC,2016-01-16,Flood,1,6000.0,0.0,0,0
ILLINOIS,MASSAC,2016-01-22,Winter Storm,1,0.0,0.0,0,0
ILLINOIS,MASSAC,2016-02-25,Flood,1,0.0,0.0,0,0
ILLINOIS,MASSAC,2016-02-26,Flood,1,0.0,0.0,0,0
ILLINOIS,MASSAC,2016-02-27,Flood,1,0.0,0.0,0,0
ILLINOIS,MASSAC,2016-02-28,Flood,1,0.0,0.0,0,0
ILLINOIS,MASSAC,2016-02-29,Flood,1,0.0,0.0,0,0
ILLINOIS,MASSAC,2016-03-01,Flood,1,1000.0,0.0,0,0
ILLINOIS,MASSAC,2016-03-02,Flood,1,1000.0,0.0,0,0
ILLINOIS,MASSAC,2016-03-03,Flood,1,1000.0,0.0,0,0
ILLINOIS,MASSAC,2016-03-04,Flood,1,1000.0,0.0,0,0
ILLINOIS,MASSAC,2016-03-05,Flood,1,1000.0,0.0,0,0
ILLINOIS,MASSAC,2016-03-06,Flood,1,1000.0,0.0,0,0
ILLINOIS,MASSAC,2016-03-07,Flood,1,1000.0,0.0,0,0
ILLINOIS,MASSAC,2017-04-30,Flood,1,0.0,0.0,0,0
ILLINOIS,MASSAC,2017-05-01,Flood,1,0.0,0.0,0,0
ILLINOIS,MASSAC,2017-05-02,Flood,1,0.0,0.0,0,0
ILLINOIS,MASSAC,2017-05-03,Flood,1,0.0,0.0,0,0
ILLINOIS,MASSAC,2017-05-04,Flood,1,0.0,0.0,0,0
ILLINOIS,MASSAC,2017-05-05,Flood,1,0.0,0.0,0,0
ILLINOIS,MASSAC,2017-05-06,Flood,1,0.0,0.0,0,0
ILLINOIS,MASSAC,2017-05-07,Flood,1,0.0,0.0,0,0
ILLINOIS,MASSAC,2017-05-08,Flood,1,0.0,0.0,0,0
ILLINOIS,MASSAC,2017-05-09,Flood,1,0.0,0.0,0,0
ILLINOIS,MASSAC,2017-05-10,Flood,1,0.0,0.0,0,0
ILLINOIS,MASSAC,2017-05-11,Flood,1,0.0,0.0,0,0
ILLINOIS,MASSAC,2017-05-12,Flood,1,0.0,0.0,0,0
ILLINOIS,MASSAC,2017-05-13,Flood,1,0.0,0.0,0,0
ILLINOIS,MASSAC,2017-05-14,Flood,1,0.0,0.0,0,0
ILLINOIS,MASSAC,2017-05-15,Flood,1,0.0,0.0,0,0
ILLINOIS,MASSAC,2017-05-16,Flood,1,0.0,0.0,0,0
ILLINOIS,MASSAC,2017-05-17,Flood,1,0.0,0.0,0,0
ILLINOIS,MASSAC,2017-05-18,Flood,1,0.0,0.0,0,0
ILLINOIS,MASSAC,2017-05-19,Flood,1,0.0,0.0,0,0
ILLINOIS,MASSAC,2017-05-20,Flood,1,0.0,0.0,0,0
ILLINOIS,MASSAC,2017-05-21,Flood,1,0.0,0.0,0,0
ILLINOIS,MASSAC,2017-07-19,Excessive Heat,1,0.0,0.0,0,0
ILLINOIS,MASSAC,2017-07-20,Excessive Heat,1,0.0,0.0,0,0
ILLINOIS,MASSAC,2017-07-21,Excessive Heat,1,0.0,0.0,0,0
ILLINOIS,MASSAC,2017-07-22,Excessive Heat,1,0.0,0.0,0,0
ILLINOIS,MASSAC,2018-01-12,Winter Storm,1,0.0,0.0,0,0
ILLINOIS,MASSAC,2018-02-16,Flood,1,0.0,0.0,0,0
ILLINOIS,MASSAC,2018-02-17,Flood,1,0.0,0.0,0,0
ILLINOIS,MASSAC,2018-02-18,Flood,1,0.0,0.0,0,0
ILLINOIS,MASSAC,2018-02-19,Flood,1,0.0,0.0,0,0
ILLINOIS,MASSAC,2018-02-20,Flood,1,0.0,0.0,0,0
ILLINOIS,MASSAC,2018-02-21,Flood,1,0.0,0.0,0,0
ILLINOIS,MASSAC,2018-02-22,Flood,1,0.0,0.0,0,0
ILLINOIS,MASSAC,2018-02-23,Flood,1,0.0,0.0,0,0
ILLINOIS,MASSAC,2018-02-24,Flood,1,0.0,0.0,0,0
ILLINOIS,MASSAC,2018-02-25,Flood,1,0.0,0.0,0,0
ILLINOIS,MASSAC,2018-02-26,Flood,1,0.0,0.0,0,0
ILLINOIS,MASSAC,2018-02-27,Flood,1,0.0,0.0,0,0
ILLINOIS,MASSAC,2018-02-28,Flood,1,0.0,0.0,0,0
ILLINOIS,MASSAC,2018-03-01,Flood,1,100000.0,0.0,0,0
ILLINOIS,MASSAC,2018-03-02,Flood,1,100000.0,0.0,0,0
ILLINOIS,MASSAC,2018-03-03,Flood,1,100000.0,0.0,0,0
ILLINOIS,MASSAC,2018-03-04,Flood,1,100000.0,0.0,0,0
ILLINOIS,MASSAC,2018-03-05,Flood,1,100000.0,0.0,0,0
ILLINOIS,MASSAC,2018-03-06,Flood,1,100000.0,0.0,0,0
ILLINOIS,MASSAC,2018-03-07,Flood,1,100000.0,0.0,0,0
ILLINOIS,MASSAC,2018-03-08,Flood,1,100000.0,0.0,0,0
ILLINOIS,MASSAC,2018-03-09,Flood,1,100000.0,0.0,0,0
ILLINOIS,MASSAC,2018-03-10,Flood,1,100000.0,0.0,0,0
ILLINOIS,MASSAC,2018-03-11,Flood,1,100000.0,0.0,0,0
ILLINOIS,MASSAC,2018-03-12,Flood,1,100000.0,0.0,0,0
ILLINOIS,MASSAC,2018-03-13,Flood,1,100000.0,0.0,0,0
ILLINOIS,MASSAC,2018-03-14,Flood,1,100000.0,0.0,0,0
ILLINOIS,MASSAC,2018-03-15,Flood,1,100000.0,0.0,0,0
ILLINOIS,MASSAC,2018-03-16,Flood,1,100000.0,0.0,0,0
ILLINOIS,MASSAC,2018-03-17,Flood,1,100000.0,0.0,0,0
ILLINOIS,MASSAC,2018-03-18,Flood,1,100000.0,0.0,0,0
ILLINOIS,MASSAC,2018-03-30,Flood,1,0.0,0.0,0,0
ILLINOIS,MASSAC,2018-03-31,Flood,1,0.0,0.0,0,0
ILLINOIS,MASSAC,2018-04-01,Flood,1,5000.0,0.0,0,0
ILLINOIS,MASSAC,2018-04-02,Flood,1,5000.0,0.0,0,0
ILLINOIS,MASSAC,2018-04-03,Flood,1,5000.0,0.0,0,0
ILLINOIS,MASSAC,2018-04-04,Flood,1,5000.0,0.0,0,0
ILLINOIS,MASSAC,2018-04-05,Flood,1,5000.0,0.0,0,0
ILLINOIS,MASSAC,2018-04-06,Flood,1,5000.0,0.0,0,0
ILLINOIS,MASSAC,2018-04-07,Flood,1,5000.0,0.0,0,0
ILLINOIS,MASSAC,2018-04-08,Flood,1,5000.0,0.0,0,0
ILLINOIS,MASSAC,2018-04-09,Flood,1,5000.0,0.0,0,0
ILLINOIS,MASSAC,2018-04-10,Flood,1,5000.0,0.0,0,0
ILLINOIS,MASSAC,2018-04-11,Flood,1,5000.0,0.0,0,0
ILLINOIS,MASSAC,2018-04-12,Flood,1,5000.0,0.0,0,0
ILLINOIS,MASSAC,2018-04-13,Flood,1,5000.0,0.0,0,0
ILLINOIS,MASSAC,2018-04-14,Flood,1,5000.0,0.0,0,0
ILLINOIS,MASSAC,2018-04-15,Flood,1,5000.0,0.0,0,0
ILLINOIS,MASSAC,2018-04-16,Flood,1,5000.0,0.0,0,0
ILLINOIS,MASSAC,2018-04-17,Flood,1,5000.0,0.0,0,0
ILLINOIS,MASSAC,2018-04-18,Flood,1,5000.0,0.0,0,0
ILLINOIS,MASSAC,2018-04-19,Flood,1,5000.0,0.0,0,0
ILLINOIS,MASSAC,2018-04-20,Flood,1,5000.0,0.0,0,0
ILLINOIS,MASSAC,2018-04-21,Flood,1,5000.0,0.0,0,0
ILLINOIS,MASSAC,2018-04-22,Flood,1,5000.0,0.0,0,0
ILLINOIS,MASSAC,2018-04-23,Flood,1,5000.0,0.0,0,0
ILLINOIS,MASSAC,2018-04-24,Flood,1,5000.0,0.0,0,0
ILLINOIS,MASSAC,2018-04-25,Flood,1,5000.0,0.0,0,0
ILLINOIS,MASSAC,2018-04-26,Flood,1,5000.0,0.0,0,0
ILLINOIS,MASSAC,2018-04-27,Flood,1,5000.0,0.0,0,0
ILLINOIS,MASSAC,2018-04-28,Flood,1,5000.0,0.0,0,0
ILLINOIS,MASSAC,2018-04-29,Flood,1,5000.0,0.0,0,0
ILLINOIS,MASSAC,2018-04-30,Flood,1,5000.0,0.0,0,0
ILLINOIS,MASSAC,2018-05-01,Flood,1,0.0,0.0,0,0
ILLINOIS,MASSAC,2018-06-15,Flood,1,0.0,0.0,0,0
ILLINOIS,MASSAC,2018-07-05,Excessive Heat,1,0.0,0.0,0,0
ILLINOIS,MASSAC,2018-07-14,Excessive Heat,1,0.0,0.0,0,0
ILLINOIS,MASSAC,2019-01-01,Flood,1,0.0,0.0,0,0
ILLINOIS,MASSAC,2019-01-02,Flood,1,0.0,0.0,0,0
ILLINOIS,MASSAC,2019-01-03,Flood,1,0.0,0.0,0,0
ILLINOIS,MASSAC,2019-01-04,Flood,1,0.0,0.0,0,0
ILLINOIS,MASSAC,2019-01-05,Flood,1,0.0,0.0,0,0
ILLINOIS,MASSAC,2019-01-06,Flood,1,0.0,0.0,0,0
ILLINOIS,MASSAC,2019-01-07,Flood,1,0.0,0.0,0,0
ILLINOIS,MASSAC,2019-01-08,Flood,1,0.0,0.0,0,0
ILLINOIS,MASSAC,2019-01-09,Flood,1,0.0,0.0,0,0
ILLINOIS,MASSAC,2019-01-10,Flood,1,0.0,0.0,0,0
ILLINOIS,MASSAC,2019-01-11,Flood,1,0.0,0.0,0,0
ILLINOIS,MASSAC,2019-01-12,Flood,1,0.0,0.0,0,0
ILLINOIS,MASSAC,2019-01-13,Flood,1,0.0,0.0,0,0
ILLINOIS,MASSAC,2019-01-26,Flood,1,0.0,0.0,0,0
ILLINOIS,MASSAC,2019-01-27,Flood,1,0.0,0.0,0,0
ILLINOIS,MASSAC,2019-01-28,Flood,1,0.0,0.0,0,0
ILLINOIS,MASSAC,2019-01-29,Flood,1,0.0,0.0,0,0
ILLINOIS,MASSAC,2019-01-30,Flood,1,0.0,0.0,0,0
ILLINOIS,MASSAC,2019-01-31,Flood,1,0.0,0.0,0,0
ILLINOIS,MASSAC,2019-02-01,Flood,1,0.0,0.0,0,0
ILLINOIS,MASSAC,2019-02-02,Flood,1,0.0,0.0,0,0
ILLINOIS,MASSAC,2019-02-03,Flood,1,0.0,0.0,0,0
ILLINOIS,MASSAC,2019-02-04,Flood,1,0.0,0.0,0,0
ILLINOIS,MASSAC,2019-02-10,Flood,1,750000.0,0.0,0,0
ILLINOIS,MASSAC,2019-02-11,Flood,1,750000.0,0.0,0,0
ILLINOIS,MASSAC,2019-02-12,Flood,1,750000.0,0.0,0,0
ILLINOIS,MASSAC,2019-02-13,Flood,1,750000.0,0.0,0,0
ILLINOIS,MASSAC,2019-02-14,Flood,1,750000.0,0.0,0,0
ILLINOIS,MASSAC,2019-02-15,Flood,1,750000.0,0.0,0,0
ILLINOIS,MASSAC,2019-02-16,Flood,1,750000.0,0.0,0,0
ILLINOIS,MASSAC,2019-02-17,Flood,1,750000.0,0.0,0,0
ILLINOIS,MASSAC,2019-02-18,Flood,1,750000.0,0.0,0,0
ILLINOIS,MASSAC,2019-02-19,Flood,1,750000.0,0.0,0,0
ILLINOIS,MASSAC,2019-02-20,Flood,1,750000.0,0.0,0,0
ILLINOIS,MASSAC,2019-02-21,Flood,1,750000.0,0.0,0,0
ILLINOIS,MASSAC,2019-02-22,Flood,1,750000.0,0.0,0,0
ILLINOIS,MASSAC,2019-02-23,Flood,1,750000.0,0.0,0,0
ILLINOIS,MASSAC,2019-02-24,Flood,1,750000.0,0.0,0,0
ILLINOIS,MASSAC,2019-02-25,Flood,1,750000.0,0.0,0,0
ILLINOIS,MASSAC,2019-02-26,Flood,1,750000.0,0.0,0,0
ILLINOIS,MASSAC,2019-02-27,Flood,1,750000.0,0.0,0,0
ILLINOIS,MASSAC,2019-02-28,Flood,1,750000.0,0.0,0,0
ILLINOIS,MASSAC,2019-03-01,Flood,1,0.0,0.0,0,0
ILLINOIS,MASSAC,2019-03-02,Flood,1,0.0,0.0,0,0
ILLINOIS,MASSAC,2019-03-03,Flood,1,0.0,0.0,0,0
ILLINOIS,MASSAC,2019-03-04,Flood,1,0.0,0.0,0,0
ILLINOIS,MASSAC,2019-03-05,Flood,1,0.0,0.0,0,0
ILLINOIS,MASSAC,2019-03-06,Flood,1,0.0,0.0,0,0
ILLINOIS,MASSAC,2019-03-07,Flood,1,0.0,0.0,0,0
ILLINOIS,MASSAC,2019-03-08,Flood,1,0.0,0.0,0,0
ILLINOIS,MASSAC,2019-03-09,Flood,1,0.0,0.0,0,0
ILLINOIS,MASSAC,2019-03-10,Flood,1,0.0,0.0,0,0
ILLINOIS,MASSAC,2019-03-11,Flood,1,0.0,0.0,0,0
ILLINOIS,MASSAC,2019-03-12,Flood,1,0.0,0.0,0,0
ILLINOIS,MASSAC,2019-03-13,Flood,1,0.0,0.0,0,0
ILLINOIS,MASSAC,2019-03-14,Flood,1,0.0,0.0,0,0
ILLINOIS,MASSAC,2019-03-15,Flood,1,0.0,0.0,0,0
ILLINOIS,MASSAC,2019-03-16,Flood,1,0.0,0.0,0,0
ILLINOIS,MASSAC,2019-03-17,Flood,1,0.0,0.0,0,0
ILLINOIS,MASSAC,2019-03-18,Flood,1,0.0,0.0,0,0
ILLINOIS,MASSAC,2019-03-19,Flood,1,0.0,0.0,0,0
ILLINOIS,MASSAC,2019-03-20,Flood,1,0.0,0.0,0,0
ILLINOIS,MASSAC,2019-03-21,Flood,1,0.0,0.0,0,0
ILLINOIS,MASSAC,2019-03-22,Flood,1,0.0,0.0,0,0
ILLINOIS,MASSAC,2019-03-23,Flood,1,0.0,0.0,0,0
ILLINOIS,MASSAC,2019-06-24,Flood,1,0.0,0.0,0,0
ILLINOIS,MASSAC,2019-06-25,Flood,1,0.0,0.0,0,0
ILLINOIS,MASSAC,2019-06-26,Flood,1,0.0,0.0,0,0
ILLINOIS,MASSAC,2019-06-27,Flood,1,0.0,0.0,0,0
ILLINOIS,MASSAC,2019-06-28,Flood,1,0.0,0.0,0,0
ILLINOIS,MASSAC,2019-06-29,Flood,1,0.0,0.0,0,0
ILLINOIS,MASSAC,2019-06-30,Flood,1,0.0,0.0,0,0
ILLINOIS,MASSAC,2019-07-01,Flood,1,0.0,0.0,0,0
ILLINOIS,MASSAC,2019-07-18,Excessive Heat,1,0.0,0.0,0,0
ILLINOIS,MASSAC,2019-07-19,Excessive Heat,1,0.0,0.0,0,0
ILLINOIS,MASSAC,2019-07-20,Excessive Heat,1,0.0,0.0,0,0
ILLINOIS,MASSAC,2019-07-21,Excessive Heat,1,0.0,0.0,0,0
ILLINOIS,MASSAC,2019-08-12,Excessive Heat,1,0.0,0.0,0,0
ILLINOIS,MASSAC,2020-01-13,Flood,1,0.0,0.0,0,0
ILLINOIS,MASSAC,2020-01-14,Flood,1,0.0,0.0,0,0
ILLINOIS,MASSAC,2020-01-15,Flood,1,0.0,0.0,0,0
ILLINOIS,MASSAC,2020-01-16,Flood,1,0.0,0.0,0,0
ILLINOIS,MASSAC,2020-01-17,Flood,1,0.0,0.0,0,0
ILLINOIS,MASSAC,2020-01-18,Flood,1,0.0,0.0,0,0
ILLINOIS,MASSAC,2020-01-19,Flood,1,0.0,0.0,0,0
ILLINOIS,MASSAC,2020-01-20,Flood,1,0.0,0.0,0,0
ILLINOIS,MASSAC,2020-01-21,Flood,1,0.0,0.0,0,0
ILLINOIS,MASSAC,2020-01-22,Flood,1,0.0,0.0,0,0
ILLINOIS,MASSAC,2020-01-23,Flood,1,0.0,0.0,0,0
ILLINOIS,MASSAC,2020-01-24,Flood,1,0.0,0.0,0,0
ILLINOIS,MASSAC,2020-02-09,Flood,1,0.0,0.0,0,0
ILLINOIS,MASSAC,2020-02-10,Flood,1,0.0,0.0,0,0
ILLINOIS,MASSAC,2020-02-11,Flood,1,0.0,0.0,0,0
ILLINOIS,MASSAC,2020-02-12,Flood,1,0.0,0.0,0,0
ILLINOIS,MASSAC,2020-02-13,Flood,1,0.0,0.0,0,0
ILLINOIS,MASSAC,2020-02-14,Flood,1,0.0,0.0,0,0
ILLINOIS,MASSAC,2020-02-15,Flood,1,0.0,0.0,0,0
ILLINOIS,MASSAC,2020-02-16,Flood,1,0.0,0.0,0,0
ILLINOIS,MASSAC,2020-02-17,Flood,1,0.0,0.0,0,0
ILLINOIS,MASSAC,2020-02-18,Flood,1,0.0,0.0,0,0
ILLINOIS,MASSAC,2020-02-19,Flood,1,0.0,0.0,0,0
ILLINOIS,MASSAC,2020-02-20,Flood,1,0.0,0.0,0,0
ILLINOIS,MASSAC,2020-02-21,Flood,1,0.0,0.0,0,0
ILLINOIS,MASSAC,2020-02-22,Flood,1,0.0,0.0,0,0
ILLINOIS,MASSAC,2020-02-23,Flood,1,0.0,0.0,0,0
ILLINOIS,MASSAC,2020-02-24,Flood,1,0.0,0.0,0,0
ILLINOIS,MASSAC,2020-02-25,Flood,1,0.0,0.0,0,0
ILLINOIS,MASSAC,2020-02-26,Flood,1,0.0,0.0,0,0
ILLINOIS,MASSAC,2020-02-27,Flood,1,0.0,0.0,0,0
ILLINOIS,MASSAC,2020-02-28,Flood,1,0.0,0.0,0,0
ILLINOIS,MASSAC,2020-03-20,Flood,1,0.0,0.0,0,0
ILLINOIS,MASSAC,2020-03-21,Flood,1,0.0,0.0,0,0
ILLINOIS,MASSAC,2020-03-22,Flood,1,0.0,0.0,0,0
ILLINOIS,MASSAC,2020-03-23,Flood,1,0.0,0.0,0,0
ILLINOIS,MASSAC,2020-03-24,Flood,1,0.0,0.0,0,0
ILLINOIS,MASSAC,2020-03-25,Flood,1,0.0,0.0,0,0
ILLINOIS,MASSAC,2020-03-26,Flood,1,0.0,0.0,0,0
ILLINOIS,MASSAC,2020-03-27,Flood,1,0.0,0.0,0,0
ILLINOIS,MASSAC,2020-03-28,Flood,1,0.0,0.0,0,0
ILLINOIS,MASSAC,2020-03-29,Flood,1,0.0,0.0,0,0
ILLINOIS,MASSAC,2020-03-30,Flood,1,0.0,0.0,0,0
ILLINOIS,MASSAC,2020-03-31,Flood,1,0.0,0.0,0,0
ILLINOIS,MASSAC,2020-04-01,Flood,1,0.0,0.0,0,0
ILLINOIS,MASSAC,2020-04-02,Flood,1,0.0,0.0,0,0
ILLINOIS,MASSAC,2020-04-03,Flood,1,0.0,0.0,0,0
ILLINOIS,MASSAC,2020-04-04,Flood,1,0.0,0.0,0,0
ILLINOIS,MASSAC,2020-04-05,Flood,1,0.0,0.0,0,0
ILLINOIS,MASSAC,2020-04-06,Flood,1,0.0,0.0,0,0
ILLINOIS,MASSAC,2020-04-07,Flood,1,0.0,0.0,0,0
ILLINOIS,MASSAC,2020-04-08,Flood,1,0.0,0.0,0,0
ILLINOIS,MASSAC,2021-02-10,Winter Storm,1,0.0,0.0,0,0
ILLINOIS,MASSAC,2021-02-11,Winter Storm,1,0.0,0.0,0,0
ILLINOIS,MASSAC,2021-02-14,Winter Storm,1,0.0,0.0,0,0
ILLINOIS,MASSAC,2021-02-15,Winter Storm,1,0.0,0.0,0,0
ILLINOIS,MASSAC,2021-03-02,Flood,1,3000.0,0.0,0,0
ILLINOIS,MASSAC,2021-03-03,Flood,1,3000.0,0.0,0,0
ILLINOIS,MASSAC,2021-03-04,Flood,1,3000.0,0.0,0,0
ILLINOIS,MASSAC,2021-03-05,Flood,1,3000.0,0.0,0,0
ILLINOIS,MASSAC,2021-03-06,Flood,1,3000.0,0.0,0,0
ILLINOIS,MASSAC,2021-03-07,Flood,1,3000.0,0.0,0,0
ILLINOIS,MASSAC,2021-03-08,Flood,1,3000.0,0.0,0,0
ILLINOIS,MASSAC,2021-03-09,Flood,1,3000.0,0.0,0,0
ILLINOIS,MASSAC,2021-03-10,Flood,1,3000.0,0.0,0,0
ILLINOIS,MASSAC,2021-03-11,Flood,1,3000.0,0.0,0,0
ILLINOIS,MASSAC,2021-03-12,Flood,1,3000.0,0.0,0,0
ILLINOIS,MASSAC,2021-03-13,Flood,1,3000.0,0.0,0,0
ILLINOIS,MASSAC,2021-03-14,Flood,1,3000.0,0.0,0,0
ILLINOIS,MASSAC,2021-03-15,Flood,1,3000.0,0.0,0,0
ILLINOIS,MASSAC,2022-01-08,Flood,1,0.0,0.0,0,0
ILLINOIS,MASSAC,2022-01-09,Flood,1,0.0,0.0,0,0
ILLINOIS,MASSAC,2022-01-10,Flood,1,0.0,0.0,0,0
ILLINOIS,MASSAC,2022-01-11,Flood,1,0.0,0.0,0,0
ILLINOIS,MASSAC,2022-01-12,Flood,1,0.0,0.0,0,0
ILLINOIS,MASSAC,2022-01-13,Flood,1,0.0,0.0,0,0
ILLINOIS,MASSAC,2022-01-14,Flood,1,0.0,0.0,0,0
ILLINOIS,MASSAC,2022-01-15,Flood,1,0.0,0.0,0,0
ILLINOIS,MASSAC,2022-01-16,Flood,1,0.0,0.0,0,0
ILLINOIS,MASSAC,2022-01-17,Flood,1,0.0,0.0,0,0
ILLINOIS,MASSAC,2022-02-02,Winter Storm,1,0.0,0.0,0,0
ILLINOIS,MASSAC,2022-02-03,Winter Storm,1,0.0,0.0,0,0
ILLINOIS,MASSAC,2022-02-22,Flood,1,0.0,0.0,0,0
ILLINOIS,MASSAC,2022-02-23,Flood,1,0.0,0.0,0,0
ILLINOIS,MASSAC,2022-02-24,Flood,1,0.0,0.0,0,0
ILLINOIS,MASSAC,2022-02-25,Flood,1,0.0,0.0,0,0
ILLINOIS,MASSAC,2022-02-26,Flood,1,0.0,0.0,0,0
ILLINOIS,MASSAC,2022-02-27,Flood,1,0.0,0.0,0,0
ILLINOIS,MASSAC,2022-02-28,Flood,1,0.0,0.0,0,0
ILLINOIS,MASSAC,2022-03-01,Flood,1,0.0,0.0,0,0
ILLINOIS,MASSAC,2022-03-02,Flood,1,0.0,0.0,0,0
ILLINOIS,MASSAC,2022-03-03,Flood,1,0.0,0.0,0,0
ILLINOIS,MASSAC,2022-03-04,Flood,1,0.0,0.0,0,0
ILLINOIS,MASSAC,2022-03-05,Flood,1,0.0,0.0,0,0
ILLINOIS,MASSAC,2022-03-06,Flood,1,0.0,0.0,0,0
ILLINOIS,MASSAC,2022-03-07,Flood,1,0.0,0.0,0,0
ILLINOIS,MASSAC,2022-03-08,Flood,1,0.0,0.0,0,0
ILLINOIS,MASSAC,2022-03-09,Flood,1,0.0,0.0,0,0
ILLINOIS,MASSAC,2022-03-10,Flood,1,0.0,0.0,0,0
ILLINOIS,MASSAC,2022-03-11,Flood,1,0.0,0.0,0,0
ILLINOIS,MASSAC,2022-03-12,Flood,1,0.0,0.0,0,0
ILLINOIS,MASSAC,2022-03-13,Flood,1,0.0,0.0,0,0
ILLINOIS,MASSAC,2022-03-14,Flood,1,0.0,0.0,0,0
ILLINOIS,MASSAC,2022-03-15,Flood,1,0.0,0.0,0,0
ILLINOIS,MASSAC,2022-03-16,Flood,1,0.0,0.0,0,0
ILLINOIS,MASSAC,2022-03-17,Flood,1,0.0,0.0,0,0
ILLINOIS,MASSAC,2022-06-12,Excessive Heat,1,0.0,0.0,0,0
ILLINOIS,MASSAC,2022-06-13,Excessive Heat,1,0.0,0.0,0,0
ILLINOIS,MASSAC,2022-06-14,Excessive Heat,1,0.0,0.0,0,0
ILLINOIS,MASSAC,2022-06-15,Excessive Heat,1,0.0,0.0,0,0
ILLINOIS,MASSAC,2022-06-16,Excessive Heat,1,0.0,0.0,0,0
ILLINOIS,MASSAC,2022-07-04,Excessive Heat,1,0.0,0.0,0,0
ILLINOIS,MASSAC,2022-07-05,Excessive Heat,1,0.0,0.0,0,0
ILLINOIS,MASSAC,2022-07-06,Excessive Heat,1,0.0,0.0,0,0
ILLINOIS,MASSAC,2022-07-07,Excessive Heat,1,0.0,0.0,0,0
ILLINOIS,MASSAC,2022-07-08,Excessive Heat,1,0.0,0.0,0,0
ILLINOIS,MASSAC,2022-07-20,Excessive Heat,1,0.0,0.0,0,0
ILLINOIS,MASSAC,2022-07-22,Excessive Heat,1,0.0,0.0,0,0
ILLINOIS,MASSAC,2022-07-23,Excessive Heat,1,0.0,0.0,0,0
ILLINOIS,MASSAC,2022-07-24,Excessive Heat,1,0.0,0.0,0,0
ILLINOIS,MASSAC,2022-12-22,Winter Storm,1,0.0,0.0,0,0
ILLINOIS,MASSAC,2023-01-02,Flood,1,0.0,0.0,0,0
ILLINOIS,MASSAC,2023-01-30,Winter Storm,1,0.0,0.0,0,0
ILLINOIS,MASSAC,2023-01-31,Winter Storm,1,0.0,0.0,0,0
ILLINOIS,MASSAC,2023-06-29,Excessive Heat,1,0.0,0.0,0,0
ILLINOIS,MASSAC,2023-06-30,Excessive Heat,1,0.0,0.0,0,0
ILLINOIS,MASSAC,2023-07-27,Excessive Heat,1,0.0,0.0,0,0
ILLINOIS,MASSAC,2023-07-28,Excessive Heat,1,0.0,0.0,0,0
ILLINOIS,MASSAC,2023-08-20,Excessive Heat,1,0.0,0.0,0,0
ILLINOIS,MASSAC,2023-08-21,Excessive Heat,1,0.0,0.0,0,0
ILLINOIS,MASSAC,2023-08-22,Excessive Heat,1,0.0,0.0,0,0
ILLINOIS,MASSAC,2023-08-23,Excessive Heat,1,0.0,0.0,0,0
ILLINOIS,MASSAC,2023-08-24,Excessive Heat,1,0.0,0.0,0,0
ILLINOIS,MASSAC,2023-08-25,Excessive Heat,1,0.0,0.0,0,0
ILLINOIS,MASSAC,2024-07-04,Excessive Heat,1,0.0,0.0,0,0
ILLINOIS,MASSAC,2024-07-17,Flood,1,0.0,0.0,0,0
ILLINOIS,MASSAC,2025-02-15,Flood,1,0.0,0.0,0,0
ILLINOIS,MASSAC,2025-02-16,Flood,1,0.0,0.0,0,0
ILLINOIS,MASSAC,2025-02-17,Flood,1,0.0,0.0,0,0
ILLINOIS,MASSAC,2025-02-18,Flood,1,0.0,0.0,0,0
ILLINOIS,MASSAC,2025-02-19,Flood,1,0.0,0.0,0,0
ILLINOIS,MASSAC,2025-02-20,Flood,1,0.0,0.0,0,0
ILLINOIS,MASSAC,2025-02-21,Flood,1,0.0,0.0,0,0
ILLINOIS,MASSAC,2025-02-22,Flood,1,0.0,0.0,0,0
ILLINOIS,MASSAC,2025-02-23,Flood,1,0.0,0.0,0,0
ILLINOIS,MASSAC,2025-02-24,Flood,1,0.0,0.0,0,0
ILLINOIS,MASSAC,2025-02-25,Flood,1,0.0,0.0,0,0
ILLINOIS,MASSAC,2025-02-26,Flood,1,0.0,0.0,0,0
ILLINOIS,MASSAC,2025-02-27,Flood,1,0.0,0.0,0,0
ILLINOIS,MASSAC,2025-02-28,Flood,1,0.0,0.0,0,0
ILLINOIS,MASSAC,2025-05-16,Flood,1,0.0,0.0,0,0
ILLINOIS,MCDONOUGH,2010-01-06,Winter Storm,1,0.0,0.0,0,0
ILLINOIS,MCDONOUGH,2010-01-07,Winter Storm,1,0.0,0.0,0,0
ILLINOIS,MCDONOUGH,2010-02-21,Winter Storm,1,0.0,0.0,0,0
ILLINOIS,MCDONOUGH,2010-02-22,Winter Storm,1,0.0,0.0,0,0
ILLINOIS,MCDONOUGH,2010-05-13,Flood,1,250000.0,0.0,0,0
ILLINOIS,MCDONOUGH,2010-05-14,Flood,1,250000.0,0.0,0,0
ILLINOIS,MCDONOUGH,2010-05-15,Flood,1,250000.0,0.0,0,0
ILLINOIS,MCDONOUGH,2010-05-16,Flood,1,250000.0,0.0,0,0
ILLINOIS,MCDONOUGH,2010-06-14,Flood,1,250000.0,0.0,0,0
ILLINOIS,MCDONOUGH,2010-06-15,Flood,1,250000.0,0.0,0,0
ILLINOIS,MCDONOUGH,2010-06-16,Flood,1,250000.0,0.0,0,0
ILLINOIS,MCDONOUGH,2010-06-17,Flood,1,250000.0,0.0,0,0
ILLINOIS,MCDONOUGH,2010-06-22,Flood,1,250000.0,0.0,0,0
ILLINOIS,MCDONOUGH,2010-06-23,Flood,1,250000.0,0.0,0,0
ILLINOIS,MCDONOUGH,2010-06-24,Flood,1,250000.0,0.0,0,0
ILLINOIS,MCDONOUGH,2010-06-25,Flood,1,250000.0,0.0,0,0
ILLINOIS,MCDONOUGH,2010-06-26,Flood,1,250000.0,0.0,0,0
ILLINOIS,MCDONOUGH,2010-07-20,Flood,1,100000.0,0.0,0,0
ILLINOIS,MCDONOUGH,2010-07-21,Flood,1,100000.0,0.0,0,0
ILLINOIS,MCDONOUGH,2010-07-22,Flood,1,100000.0,0.0,0,0
ILLINOIS,MCDONOUGH,2010-07-23,Flood,1,100000.0,0.0,0,0
ILLINOIS,MCDONOUGH,2010-12-12,Blizzard,1,0.0,0.0,0,0
ILLINOIS,MCDONOUGH,2011-02-01,Blizzard,1,0.0,0.0,0,0
ILLINOIS,MCDONOUGH,2011-02-02,Blizzard,1,0.0,0.0,0,0
ILLINOIS,MCDONOUGH,2011-06-15,Flood,1,125000.0,0.0,0,0
ILLINOIS,MCDONOUGH,2011-06-16,Flood,1,125000.0,0.0,0,0
ILLINOIS,MCDONOUGH,2012-07-04,Excessive Heat,1,0.0,0.0,0,0
ILLINOIS,MCDONOUGH,2012-07-05,Excessive Heat,1,0.0,0.0,0,0
ILLINOIS,MCDONOUGH,2012-07-06,Excessive Heat,1,0.0,0.0,0,0
ILLINOIS,MCDONOUGH,2012-07-07,Excessive Heat,1,0.0,0.0,0,0
ILLINOIS,MCDONOUGH,2012-12-20,Blizzard,1,0.0,0.0,0,0
ILLINOIS,MCDONOUGH,2013-02-21,Winter Storm,1,0.0,0.0,0,0
ILLINOIS,MCDONOUGH,2013-02-22,Winter Storm,1,0.0,0.0,0,0
ILLINOIS,MCDONOUGH,2013-02-26,Winter Storm,1,0.0,0.0,0,0
ILLINOIS,MCDONOUGH,2013-02-27,Winter Storm,1,0.0,0.0,0,0
ILLINOIS,MCDONOUGH,2013-04-18,Flood,1,0.0,0.0,0,0
ILLINOIS,MCDONOUGH,2013-04-19,Flood,1,0.0,0.0,0,0
ILLINOIS,MCDONOUGH,2013-04-20,Flood,1,0.0,0.0,0,0
ILLINOIS,MCDONOUGH,2013-04-21,Flood,1,0.0,0.0,0,0
ILLINOIS,MCDONOUGH,2013-05-05,Flood,1,0.0,0.0,0,0
ILLINOIS,MCDONOUGH,2013-12-13,Winter Storm,1,0.0,0.0,0,0
ILLINOIS,MCDONOUGH,2013-12-14,Winter Storm,1,0.0,0.0,0,0
ILLINOIS,MCDONOUGH,2013-12-21,Winter Storm,1,0.0,0.0,0,0
ILLINOIS,MCDONOUGH,2013-12-22,Winter Storm,1,0.0,0.0,0,0
ILLINOIS,MCDONOUGH,2014-01-04,Winter Storm,1,0.0,0.0,0,0
ILLINOIS,MCDONOUGH,2014-01-05,Winter Storm,1,0.0,0.0,0,0
ILLINOIS,MCDONOUGH,2014-01-06,Winter Storm,1,0.0,0.0,0,0
ILLINOIS,MCDONOUGH,2014-02-01,Winter Storm,1,0.0,0.0,0,0
ILLINOIS,MCDONOUGH,2014-02-04,Winter Storm,1,0.0,0.0,0,0
ILLINOIS,MCDONOUGH,2014-02-05,Winter Storm,1,0.0,0.0,0,0
ILLINOIS,MCDONOUGH,2015-02-01,Winter Storm,1,0.0,0.0,0,0
ILLINOIS,MCDONOUGH,2015-12-28,Winter Storm,1,0.0,0.0,0,0
ILLINOIS,MCDONOUGH,2018-11-25,Blizzard,1,0.0,0.0,0,0
ILLINOIS,MCDONOUGH,2018-11-26,Blizzard,1,0.0,0.0,0,0
ILLINOIS,MCDONOUGH,2019-01-11,Winter Storm,1,0.0,0.0,0,0
ILLINOIS,MCDONOUGH,2019-01-12,Winter Storm,1,0.0,0.0,0,0
ILLINOIS,MCDONOUGH,2019-01-13,Winter Storm,1,0.0,0.0,0,0
ILLINOIS,MCDONOUGH,2019-01-18,Winter Storm,1,0.0,0.0,0,0
ILLINOIS,MCDONOUGH,2019-01-19,Winter Storm,1,0.0,0.0,0,0
ILLINOIS,MCDONOUGH,2019-05-26,Flood,1,0.0,0.0,0,0
ILLINOIS,MCDONOUGH,2020-01-17,Winter Storm,1,0.0,0.0,0,0
ILLINOIS,MCDONOUGH,2020-01-18,Winter Storm,1,0.0,0.0,0,0
ILLINOIS,MCDONOUGH,2021-01-01,Winter Storm,1,0.0,0.0,0,0
ILLINOIS,MCDONOUGH,2022-01-01,Winter Storm,1,0.0,0.0,0,0
ILLINOIS,MCDONOUGH,2022-02-01,Winter Storm,1,0.0,0.0,0,0
ILLINOIS,MCDONOUGH,2022-02-02,Winter Storm,1,0.0,0.0,0,0
ILLINOIS,MCDONOUGH,2022-02-17,Winter Storm,1,0.0,0.0,0,0
ILLINOIS,MCDONOUGH,2022-06-01,Flood,1,0.0,0.0,0,0
ILLINOIS,MCDONOUGH,2022-12-22,Winter Storm,1,0.0,0.0,0,0
ILLINOIS,MCDONOUGH,2022-12-23,Winter Storm,1,0.0,0.0,0,0
ILLINOIS,MCDONOUGH,2022-12-24,Winter Storm,1,0.0,0.0,0,0
ILLINOIS,MCDONOUGH,2024-01-08,Winter Storm,1,0.0,0.0,0,0
ILLINOIS,MCDONOUGH,2024-01-09,Winter Storm,1,0.0,0.0,0,0
ILLINOIS,MCDONOUGH,2025-11-28,Winter Storm,1,0.0,0.0,0,0
ILLINOIS,MCDONOUGH,2025-11-29,Winter Storm,1,0.0,0.0,0,0
ILLINOIS,MCHENRY,2010-01-07,Winter Storm,1,0.0,0.0,0,0
ILLINOIS,MCHENRY,2010-01-08,Winter Storm,1,0.0,0.0,0,0
ILLINOIS,MCHENRY,2010-02-08,Winter Storm,1,0.0,0.0,0,0
ILLINOIS,MCHENRY,2010-02-09,Winter Storm,1,0.0,0.0,0,0
ILLINOIS,MCHENRY,2010-12-11,Winter Storm,1,0.0,0.0,0,0
ILLINOIS,MCHENRY,2010-12-12,Winter Storm,1,0.0,0.0,0,0
ILLINOIS,MCHENRY,2011-02-01,Blizzard,1,0.0,0.0,0,0
ILLINOIS,MCHENRY,2011-02-02,Blizzard,1,0.0,0.0,0,0
ILLINOIS,MCHENRY,2011-05-11,Flood,1,0.0,0.0,0,0
ILLINOIS,MCHENRY,2012-01-12,Winter Storm,1,0.0,0.0,0,0
ILLINOIS,MCHENRY,2012-01-13,Winter Storm,1,0.0,0.0,0,0
ILLINOIS,MCHENRY,2012-01-20,Winter Storm,1,0.0,0.0,0,0
ILLINOIS,MCHENRY,2012-02-23,Winter Storm,1,0.0,0.0,0,0
ILLINOIS,MCHENRY,2012-02-24,Winter Storm,1,0.0,0.0,0,0
ILLINOIS,MCHENRY,2012-03-17,Flood,1,0.0,0.0,0,0
ILLINOIS,MCHENRY,2012-07-04,Excessive Heat,1,0.0,0.0,0,0
ILLINOIS,MCHENRY,2012-07-05,Excessive Heat,1,0.0,0.0,0,0
ILLINOIS,MCHENRY,2012-07-06,Excessive Heat,1,0.0,0.0,0,0
ILLINOIS,MCHENRY,2012-07-07,Excessive Heat,1,0.0,0.0,0,0
ILLINOIS,MCHENRY,2013-03-05,Winter Storm,1,0.0,0.0,0,0
ILLINOIS,MCHENRY,2017-06-14,Flood,1,0.0,0.0,0,0
ILLINOIS,MCHENRY,2017-07-12,Flood,1,3900000.0,0.0,0,0
ILLINOIS,MCHENRY,2017-07-13,Flood,1,3900000.0,0.0,0,0
ILLINOIS,MCHENRY,2017-07-14,Flood,1,3900000.0,0.0,0,0
ILLINOIS,MCHENRY,2017-07-15,Flood,1,3900000.0,0.0,0,0
ILLINOIS,MCHENRY,2017-07-16,Flood,1,3900000.0,0.0,0,0
ILLINOIS,MCHENRY,2017-07-17,Flood,1,3900000.0,0.0,0,0
ILLINOIS,MCHENRY,2017-07-18,Flood,1,3900000.0,0.0,0,0
ILLINOIS,MCHENRY,2017-07-19,Flood,1,3900000.0,0.0,0,0
ILLINOIS,MCHENRY,2017-07-20,Flood,1,3900000.0,0.0,0,0
ILLINOIS,MCHENRY,2017-07-21,Flood,1,3900000.0,0.0,0,0
ILLINOIS,MCHENRY,2017-07-22,Flood,1,3900000.0,0.0,0,0
ILLINOIS,MCHENRY,2017-07-23,Flood,1,3900000.0,0.0,0,0
ILLINOIS,MCHENRY,2017-07-24,Flood,1,3900000.0,0.0,0,0
ILLINOIS,MCHENRY,2017-07-25,Flood,1,3900000.0,0.0,0,0
ILLINOIS,MCHENRY,2017-07-26,Flood,1,3900000.0,0.0,0,0
ILLINOIS,MCHENRY,2017-07-27,Flood,1,3900000.0,0.0,0,0
ILLINOIS,MCHENRY,2017-07-28,Flood,1,3900000.0,0.0,0,0
ILLINOIS,MCHENRY,2017-07-29,Flood,1,3900000.0,0.0,0,0
ILLINOIS,MCHENRY,2017-07-30,Flood,1,3900000.0,0.0,0,0
ILLINOIS,MCHENRY,2017-07-31,Flood,1,3900000.0,0.0,0,0
ILLINOIS,MCHENRY,2018-02-08,Winter Storm,1,0.0,0.0,0,0
ILLINOIS,MCHENRY,2018-02-09,Winter Storm,1,0.0,0.0,0,0
ILLINOIS,MCHENRY,2018-09-02,Flood,1,0.0,0.0,0,0
ILLINOIS,MCHENRY,2018-09-03,Flood,1,0.0,0.0,0,0
ILLINOIS,MCHENRY,2018-11-25,Winter Storm,1,0.0,0.0,0,0
ILLINOIS,MCHENRY,2018-11-26,Winter Storm,1,0.0,0.0,0,0
ILLINOIS,MCHENRY,2019-01-18,Winter Storm,1,0.0,0.0,0,0
ILLINOIS,MCHENRY,2019-01-19,Winter Storm,1,0.0,0.0,0,0
ILLINOIS,MCHENRY,2019-01-27,Winter Storm,1,0.0,0.0,0,0
ILLINOIS,MCHENRY,2019-01-28,Winter Storm,1,0.0,0.0,0,0
ILLINOIS,MCHENRY,2019-04-14,Winter Storm,1,0.0,0.0,0,0
ILLINOIS,MCHENRY,2020-05-23,Flood,1,0.0,0.0,0,0
ILLINOIS,MCHENRY,2020-06-29,Flood,1,0.0,0.0,0,0
ILLINOIS,MCHENRY,2021-01-30,Winter Storm,1,0.0,0.0,0,0
ILLINOIS,MCHENRY,2021-01-31,Winter Storm,1,0.0,0.0,0,0
ILLINOIS,MCHENRY,2022-07-05,Flood,1,0.0,0.0,0,0
ILLINOIS,MCHENRY,2022-07-06,Flood,1,0.0,0.0,0,0
ILLINOIS,MCHENRY,2022-12-22,Winter Storm,1,0.0,0.0,0,0
ILLINOIS,MCHENRY,2022-12-23,Winter Storm,1,0.0,0.0,0,0
ILLINOIS,MCHENRY,2022-12-24,Winter Storm,1,0.0,0.0,0,0
ILLINOIS,MCHENRY,2023-01-28,Winter Storm,1,0.0,0.0,0,0
ILLINOIS,MCHENRY,2023-01-29,Winter Storm,1,0.0,0.0,0,0
ILLINOIS,MCHENRY,2023-03-09,Winter Storm,1,0.0,0.0,0,0
ILLINOIS,MCHENRY,2023-03-10,Winter Storm,1,0.0,0.0,0,0
ILLINOIS,MCHENRY,2023-07-26,Excessive Heat,1,0.0,0.0,0,0
ILLINOIS,MCHENRY,2023-07-27,Excessive Heat,1,0.0,0.0,0,0
ILLINOIS,MCHENRY,2023-07-28,Excessive Heat,1,0.0,0.0,0,0
ILLINOIS,MCHENRY,2023-08-23,Excessive Heat,1,0.0,0.0,0,0
ILLINOIS,MCHENRY,2023-08-24,Excessive Heat,1,0.0,0.0,0,0
ILLINOIS,MCHENRY,2024-01-08,Winter Storm,1,0.0,0.0,0,0
ILLINOIS,MCHENRY,2024-01-09,Winter Storm,1,0.0,0.0,0,0
ILLINOIS,MCHENRY,2024-01-12,Winter Storm,1,0.0,0.0,0,0
ILLINOIS,MCHENRY,2024-01-13,Winter Storm,1,0.0,0.0,0,0
ILLINOIS,MCHENRY,2024-03-22,Winter Storm,1,0.0,0.0,0,0
ILLINOIS,MCHENRY,2024-05-07,Flood,1,0.0,0.0,0,0
ILLINOIS,MCHENRY,2025-06-21,Excessive Heat,1,0.0,0.0,0,0
ILLINOIS,MCHENRY,2025-11-29,Winter Storm,1,0.0,0.0,0,0
ILLINOIS,MCHENRY,2025-11-30,Winter Storm,1,0.0,0.0,0,0
ILLINOIS,MCHENRY,2025-12-06,Winter Storm,1,0.0,0.0,0,0
ILLINOIS,MCHENRY,2025-12-07,Winter Storm,1,0.0,0.0,0,0
ILLINOIS,MCLEAN,2010-01-06,Winter Storm,1,0.0,0.0,0,0
ILLINOIS,MCLEAN,2010-01-07,Winter Storm,1,0.0,0.0,0,0
ILLINOIS,MCLEAN,2010-08-11,Excessive Heat,1,0.0,0.0,0,0
ILLINOIS,MCLEAN,2010-08-12,Excessive Heat,1,0.0,0.0,0,0
ILLINOIS,MCLEAN,2010-08-13,Excessive Heat,1,0.0,0.0,0,0
ILLINOIS,MCLEAN,2010-12-12,Blizzard,1,0.0,0.0,0,0
ILLINOIS,MCLEAN,2010-12-13,Blizzard,1,0.0,0.0,0,0
ILLINOIS,MCLEAN,2011-02-01,Blizzard,1,500000.0,0.0,0,0
ILLINOIS,MCLEAN,2011-02-02,Blizzard,1,500000.0,0.0,0,0
ILLINOIS,MCLEAN,2011-08-02,Excessive Heat,1,0.0,0.0,0,0
ILLINOIS,MCLEAN,2012-06-29,Excessive Heat,1,0.0,0.0,0,0
ILLINOIS,MCLEAN,2012-06-30,Excessive Heat,1,0.0,0.0,0,0
ILLINOIS,MCLEAN,2012-07-01,Excessive Heat,1,0.0,0.0,0,0
ILLINOIS,MCLEAN,2012-07-02,Excessive Heat,1,0.0,0.0,0,0
ILLINOIS,MCLEAN,2012-07-03,Excessive Heat,1,0.0,0.0,0,0
ILLINOIS,MCLEAN,2012-07-04,Excessive Heat,1,0.0,0.0,0,0
ILLINOIS,MCLEAN,2012-07-05,Excessive Heat,1,0.0,0.0,0,0
ILLINOIS,MCLEAN,2012-07-06,Excessive Heat,1,0.0,0.0,0,0
ILLINOIS,MCLEAN,2012-07-07,Excessive Heat,1,0.0,0.0,0,0
ILLINOIS,MCLEAN,2012-12-20,Blizzard,1,0.0,0.0,0,0
ILLINOIS,MCLEAN,2014-02-01,Winter Storm,1,0.0,0.0,0,0
ILLINOIS,MCLEAN,2014-02-17,Winter Storm,1,0.0,0.0,0,0
ILLINOIS,MCLEAN,2014-07-12,Flood,1,0.0,0.0,0,0
ILLINOIS,MCLEAN,2015-07-09,Flood,1,0.0,0.0,0,0
ILLINOIS,MCLEAN,2016-02-24,Blizzard,1,0.0,0.0,0,0
ILLINOIS,MCLEAN,2017-06-17,Flood,1,0.0,0.0,0,0
ILLINOIS,MCLEAN,2017-06-18,Flood,1,0.0,0.0,0,0
ILLINOIS,MCLEAN,2019-01-19,Winter Storm,1,0.0,0.0,0,0
ILLINOIS,MCLEAN,2019-05-01,Flood,1,0.0,0.0,0,0
ILLINOIS,MCLEAN,2020-04-26,Flood,1,0.0,0.0,0,0
ILLINOIS,MCLEAN,2021-07-16,Flood,1,0.0,0.0,0,0
ILLINOIS,MCLEAN,2021-07-17,Flood,1,0.0,0.0,0,0
ILLINOIS,MCLEAN,2022-02-01,Winter Storm,1,0.0,0.0,0,0
ILLINOIS,MCLEAN,2022-02-02,Winter Storm,1,0.0,0.0,0,0
ILLINOIS,MCLEAN,2022-02-03,Winter Storm,1,0.0,0.0,0,0
ILLINOIS,MCLEAN,2022-12-22,Winter Storm,1,0.0,0.0,0,0
ILLINOIS,MCLEAN,2022-12-23,Winter Storm,1,0.0,0.0,0,0
ILLINOIS,MCLEAN,2023-07-27,Excessive Heat,1,0.0,0.0,0,0
ILLINOIS,MCLEAN,2023-07-28,Excessive Heat,1,0.0,0.0,0,0
ILLINOIS,MCLEAN,2023-08-20,Excessive Heat,1,0.0,0.0,0,0
ILLINOIS,MCLEAN,2023-08-21,Excessive Heat,1,0.0,0.0,0,0
ILLINOIS,MCLEAN,2023-08-22,Excessive Heat,1,0.0,0.0,0,0
ILLINOIS,MCLEAN,2023-08-23,Excessive Heat,1,0.0,0.0,0,0
ILLINOIS,MCLEAN,2023-08-24,Excessive Heat,1,0.0,0.0,0,0
ILLINOIS,MCLEAN,2023-08-25,Excessive Heat,1,0.0,0.0,0,0
ILLINOIS,MCLEAN,2024-08-27,Excessive Heat,1,0.0,0.0,0,0
ILLINOIS,MENARD,2010-08-03,Excessive Heat,1,0.0,0.0,0,0
ILLINOIS,MENARD,2010-08-04,Excessive Heat,1,0.0,0.0,0,0
ILLINOIS,MENARD,2010-08-09,Excessive Heat,1,0.0,0.0,0,0
ILLINOIS,MENARD,2010-08-10,Excessive Heat,1,0.0,0.0,0,0
ILLINOIS,MENARD,2010-08-11,Excessive Heat,1,0.0,0.0,0,0
ILLINOIS,MENARD,2010-08-12,Excessive Heat,1,0.0,0.0,0,0
ILLINOIS,MENARD,2010-08-13,Excessive Heat,1,0.0,0.0,0,0
ILLINOIS,MENARD,2010-08-14,Excessive Heat,1,0.0,0.0,0,0
ILLINOIS,MENARD,2011-02-01,Blizzard,1,90000.0,0.0,0,0
ILLINOIS,MENARD,2011-02-02,Blizzard,1,90000.0,0.0,0,0
ILLINOIS,MENARD,2011-08-01,Excessive Heat,1,0.0,0.0,0,0
ILLINOIS,MENARD,2011-08-02,Excessive Heat,1,0.0,0.0,0,0
ILLINOIS,MENARD,2012-06-29,Excessive Heat,1,0.0,0.0,0,0
ILLINOIS,MENARD,2012-06-30,Excessive Heat,1,0.0,0.0,0,0
ILLINOIS,MENARD,2012-07-01,Excessive Heat,1,0.0,0.0,0,0
ILLINOIS,MENARD,2012-07-02,Excessive Heat,1,0.0,0.0,0,0
ILLINOIS,MENARD,2012-07-03,Excessive Heat,1,0.0,0.0,0,0
ILLINOIS,MENARD,2012-07-04,Excessive Heat,1,0.0,0.0,0,0
ILLINOIS,MENARD,2012-07-05,Excessive Heat,1,0.0,0.0,0,0
ILLINOIS,MENARD,2012-07-06,Excessive Heat,1,0.0,0.0,0,0
ILLINOIS,MENARD,2012-07-07,Excessive Heat,1,0.0,0.0,0,0
ILLINOIS,MENARD,2012-12-20,Blizzard,1,0.0,0.0,0,0
ILLINOIS,MENARD,2013-02-21,Winter Storm,1,0.0,0.0,0,0
ILLINOIS,MENARD,2013-02-22,Winter Storm,1,0.0,0.0,0,0
ILLINOIS,MENARD,2017-04-29,Flood,1,0.0,0.0,0,0
ILLINOIS,MENARD,2017-04-30,Flood,1,0.0,0.0,0,0
ILLINOIS,MENARD,2019-01-19,Winter Storm,1,0.0,0.0,0,0
ILLINOIS,MENARD,2019-05-01,Flood,1,0.0,0.0,0,0
ILLINOIS,MENARD,2022-02-01,Winter Storm,1,0.0,0.0,0,0
ILLINOIS,MENARD,2022-02-02,Winter Storm,1,0.0,0.0,0,0
ILLINOIS,MENARD,2022-02-03,Winter Storm,1,0.0,0.0,0,0
ILLINOIS,MENARD,2022-12-22,Winter Storm,1,0.0,0.0,0,0
ILLINOIS,MENARD,2022-12-23,Winter Storm,1,0.0,0.0,0,0
ILLINOIS,MENARD,2023-07-27,Excessive Heat,1,0.0,0.0,0,0
ILLINOIS,MENARD,2023-07-28,Excessive Heat,1,0.0,0.0,0,0
ILLINOIS,MENARD,2023-08-20,Excessive Heat,1,0.0,0.0,0,0
ILLINOIS,MENARD,2023-08-21,Excessive Heat,1,0.0,0.0,0,0
ILLINOIS,MENARD,2023-08-22,Excessive Heat,1,0.0,0.0,0,0
ILLINOIS,MENARD,2023-08-23,Excessive Heat,1,0.0,0.0,0,0
ILLINOIS,MENARD,2023-08-24,Excessive Heat,1,0.0,0.0,0,0
ILLINOIS,MENARD,2023-08-25,Excessive Heat,1,0.0,0.0,0,0
ILLINOIS,MENARD,2024-08-27,Excessive Heat,1,0.0,0.0,0,0
ILLINOIS,MERCER,2010-01-06,Winter Storm,1,0.0,0.0,0,0
ILLINOIS,MERCER,2010-01-07,Winter Storm,1,0.0,0.0,0,0
ILLINOIS,MERCER,2010-07-25,Flood,1,125000.0,0.0,0,0
ILLINOIS,MERCER,2010-07-26,Flood,1,125000.0,0.0,0,0
ILLINOIS,MERCER,2010-07-27,Flood,1,125000.0,0.0,0,0
ILLINOIS,MERCER,2010-07-28,Flood,1,125000.0,0.0,0,0
ILLINOIS,MERCER,2010-07-29,Flood,1,125000.0,0.0,0,0
ILLINOIS,MERCER,2010-07-30,Flood,1,125000.0,0.0,0,0
ILLINOIS,MERCER,2010-07-31,Flood,1,125000.0,0.0,0,0
ILLINOIS,MERCER,2010-10-02,Flood,1,0.0,0.0,0,0
ILLINOIS,MERCER,2010-10-03,Flood,1,0.0,0.0,0,0
ILLINOIS,MERCER,2010-10-04,Flood,1,0.0,0.0,0,0
ILLINOIS,MERCER,2010-10-05,Flood,1,0.0,0.0,0,0
ILLINOIS,MERCER,2010-10-06,Flood,1,0.0,0.0,0,0
ILLINOIS,MERCER,2010-10-07,Flood,1,0.0,0.0,0,0
ILLINOIS,MERCER,2010-10-08,Flood,1,0.0,0.0,0,0
ILLINOIS,MERCER,2010-10-09,Flood,1,0.0,0.0,0,0
ILLINOIS,MERCER,2010-10-10,Flood,1,0.0,0.0,0,0
ILLINOIS,MERCER,2010-10-11,Flood,1,0.0,0.0,0,0
ILLINOIS,MERCER,2010-10-12,Flood,1,0.0,0.0,0,0
ILLINOIS,MERCER,2010-10-13,Flood,1,0.0,0.0,0,0
ILLINOIS,MERCER,2010-10-14,Flood,1,0.0,0.0,0,0
ILLINOIS,MERCER,2011-02-01,Blizzard,1,0.0,0.0,0,0
ILLINOIS,MERCER,2011-02-02,Blizzard,1,0.0,0.0,0,0
ILLINOIS,MERCER,2011-04-18,Flood,1,250000.0,0.0,0,0
ILLINOIS,MERCER,2011-04-19,Flood,1,250000.0,0.0,0,0
ILLINOIS,MERCER,2011-04-20,Flood,1,250000.0,0.0,0,0
ILLINOIS,MERCER,2011-04-21,Flood,1,250000.0,0.0,0,0
ILLINOIS,MERCER,2011-04-22,Flood,1,250000.0,0.0,0,0
ILLINOIS,MERCER,2011-04-23,Flood,1,250000.0,0.0,0,0
ILLINOIS,MERCER,2011-04-24,Flood,1,250000.0,0.0,0,0
ILLINOIS,MERCER,2011-04-25,Flood,1,250000.0,0.0,0,0
ILLINOIS,MERCER,2011-04-26,Flood,1,250000.0,0.0,0,0
ILLINOIS,MERCER,2011-04-27,Flood,1,250000.0,0.0,0,0
ILLINOIS,MERCER,2011-04-28,Flood,1,250000.0,0.0,0,0
ILLINOIS,MERCER,2011-04-29,Flood,1,250000.0,0.0,0,0
ILLINOIS,MERCER,2011-04-30,Flood,1,250000.0,0.0,0,0
ILLINOIS,MERCER,2012-07-04,Excessive Heat,1,0.0,0.0,0,0
ILLINOIS,MERCER,2012-07-05,Excessive Heat,1,0.0,0.0,0,0
ILLINOIS,MERCER,2012-07-06,Excessive Heat,1,0.0,0.0,0,0
ILLINOIS,MERCER,2012-07-07,Excessive Heat,1,0.0,0.0,0,0
ILLINOIS,MERCER,2012-12-20,Blizzard,1,0.0,0.0,0,0
ILLINOIS,MERCER,2013-02-26,Winter Storm,1,0.0,0.0,0,0
ILLINOIS,MERCER,2013-02-27,Winter Storm,1,0.0,0.0,0,0
ILLINOIS,MERCER,2013-04-19,Flood,1,0.0,0.0,0,0
ILLINOIS,MERCER,2013-04-20,Flood,1,0.0,0.0,0,0
ILLINOIS,MERCER,2013-04-21,Flood,1,0.0,0.0,0,0
ILLINOIS,MERCER,2013-04-22,Flood,1,0.0,0.0,0,0
ILLINOIS,MERCER,2013-04-23,Flood,1,0.0,0.0,0,0
ILLINOIS,MERCER,2013-04-24,Flood,1,0.0,0.0,0,0
ILLINOIS,MERCER,2013-04-25,Flood,1,0.0,0.0,0,0
ILLINOIS,MERCER,2013-04-26,Flood,1,0.0,0.0,0,0
ILLINOIS,MERCER,2013-04-27,Flood,1,0.0,0.0,0,0
ILLINOIS,MERCER,2013-06-02,Flood,1,0.0,0.0,0,0
ILLINOIS,MERCER,2013-06-03,Flood,1,0.0,0.0,0,0
ILLINOIS,MERCER,2013-06-04,Flood,1,0.0,0.0,0,0
ILLINOIS,MERCER,2013-06-05,Flood,1,0.0,0.0,0,0
ILLINOIS,MERCER,2013-06-06,Flood,1,0.0,0.0,0,0
ILLINOIS,MERCER,2013-06-07,Flood,1,0.0,0.0,0,0
ILLINOIS,MERCER,2013-06-08,Flood,1,0.0,0.0,0,0
ILLINOIS,MERCER,2013-06-09,Flood,1,0.0,0.0,0,0
ILLINOIS,MERCER,2013-06-10,Flood,1,0.0,0.0,0,0
ILLINOIS,MERCER,2013-06-27,Flood,1,0.0,0.0,0,0
ILLINOIS,MERCER,2013-06-28,Flood,1,0.0,0.0,0,0
ILLINOIS,MERCER,2013-06-29,Flood,1,0.0,0.0,0,0
ILLINOIS,MERCER,2013-06-30,Flood,1,0.0,0.0,0,0
ILLINOIS,MERCER,2014-02-04,Winter Storm,1,0.0,0.0,0,0
ILLINOIS,MERCER,2014-02-05,Winter Storm,1,0.0,0.0,0,0
ILLINOIS,MERCER,2014-06-26,Flood,1,0.0,0.0,0,0
ILLINOIS,MERCER,2014-06-27,Flood,1,0.0,0.0,0,0
ILLINOIS,MERCER,2014-06-28,Flood,1,0.0,0.0,0,0
ILLINOIS,MERCER,2014-06-29,Flood,1,0.0,0.0,0,0
ILLINOIS,MERCER,2014-06-30,Flood,1,0.0,0.0,0,0
ILLINOIS,MERCER,2015-01-05,Winter Storm,1,0.0,0.0,0,0
ILLINOIS,MERCER,2015-01-06,Winter Storm,1,0.0,0.0,0,0
ILLINOIS,MERCER,2015-02-01,Winter Storm,1,0.0,0.0,0,0
ILLINOIS,MERCER,2015-11-20,Winter Storm,1,0.0,0.0,0,0
ILLINOIS,MERCER,2015-11-21,Winter Storm,1,0.0,0.0,0,0
ILLINOIS,MERCER,2015-12-28,Winter Storm,1,0.0,0.0,0,0
ILLINOIS,MERCER,2016-09-30,Flood,1,200000.0,0.0,0,0
ILLINOIS,MERCER,2016-10-01,Flood,1,0.0,0.0,0,0
ILLINOIS,MERCER,2016-10-02,Flood,1,0.0,0.0,0,0
ILLINOIS,MERCER,2016-10-03,Flood,1,0.0,0.0,0,0
ILLINOIS,MERCER,2016-10-04,Flood,1,0.0,0.0,0,0
ILLINOIS,MERCER,2016-10-05,Flood,1,0.0,0.0,0,0
ILLINOIS,MERCER,2016-12-04,Winter Storm,1,0.0,0.0,0,0
ILLINOIS,MERCER,2018-09-09,Flood,1,0.0,0.0,0,0
ILLINOIS,MERCER,2018-09-10,Flood,1,0.0,0.0,0,0
ILLINOIS,MERCER,2018-09-11,Flood,1,0.0,0.0,0,0
ILLINOIS,MERCER,2018-09-12,Flood,1,0.0,0.0,0,0
ILLINOIS,MERCER,2018-10-08,Flood,1,0.0,0.0,0,0
ILLINOIS,MERCER,2018-10-09,Flood,1,0.0,0.0,0,0
ILLINOIS,MERCER,2018-10-10,Flood,1,0.0,0.0,0,0
ILLINOIS,MERCER,2018-10-11,Flood,1,0.0,0.0,0,0
ILLINOIS,MERCER,2018-10-12,Flood,1,0.0,0.0,0,0
ILLINOIS,MERCER,2018-10-13,Flood,1,0.0,0.0,0,0
ILLINOIS,MERCER,2018-10-14,Flood,1,0.0,0.0,0,0
ILLINOIS,MERCER,2018-10-15,Flood,1,0.0,0.0,0,0
ILLINOIS,MERCER,2018-10-16,Flood,1,0.0,0.0,0,0
ILLINOIS,MERCER,2018-10-17,Flood,1,0.0,0.0,0,0
ILLINOIS,MERCER,2018-10-18,Flood,1,0.0,0.0,0,0
ILLINOIS,MERCER,2018-10-19,Flood,1,0.0,0.0,0,0
ILLINOIS,MERCER,2018-10-20,Flood,1,0.0,0.0,0,0
ILLINOIS,MERCER,2018-10-21,Flood,1,0.0,0.0,0,0
ILLINOIS,MERCER,2018-10-22,Flood,1,0.0,0.0,0,0
ILLINOIS,MERCER,2018-10-23,Flood,1,0.0,0.0,0,0
ILLINOIS,MERCER,2018-11-25,Blizzard,1,0.0,0.0,0,0
ILLINOIS,MERCER,2018-11-26,Blizzard,1,0.0,0.0,0,0
ILLINOIS,MERCER,2019-01-11,Winter Storm,1,0.0,0.0,0,0
ILLINOIS,MERCER,2019-01-12,Winter Storm,1,0.0,0.0,0,0
ILLINOIS,MERCER,2019-01-13,Winter Storm,1,0.0,0.0,0,0
ILLINOIS,MERCER,2019-01-18,Winter Storm,1,0.0,0.0,0,0
ILLINOIS,MERCER,2019-01-19,Winter Storm,1,0.0,0.0,0,0
ILLINOIS,MERCER,2019-03-16,Flood,1,0.0,0.0,0,0
ILLINOIS,MERCER,2019-03-17,Flood,1,0.0,0.0,0,0
ILLINOIS,MERCER,2019-03-18,Flood,1,0.0,0.0,0,0
ILLINOIS,MERCER,2019-03-19,Flood,1,0.0,0.0,0,0
ILLINOIS,MERCER,2019-03-20,Flood,1,0.0,0.0,0,0
ILLINOIS,MERCER,2019-03-21,Flood,1,0.0,0.0,0,0
ILLINOIS,MERCER,2019-03-22,Flood,1,0.0,0.0,0,0
ILLINOIS,MERCER,2019-03-23,Flood,1,0.0,0.0,0,0
ILLINOIS,MERCER,2019-03-24,Flood,1,0.0,0.0,0,0
ILLINOIS,MERCER,2019-03-25,Flood,1,0.0,0.0,0,0
ILLINOIS,MERCER,2019-03-26,Flood,1,0.0,0.0,0,0
ILLINOIS,MERCER,2019-03-27,Flood,1,0.0,0.0,0,0
ILLINOIS,MERCER,2019-03-28,Flood,1,0.0,0.0,0,0
ILLINOIS,MERCER,2019-03-29,Flood,1,0.0,0.0,0,0
ILLINOIS,MERCER,2019-03-30,Flood,1,0.0,0.0,0,0
ILLINOIS,MERCER,2019-03-31,Flood,1,0.0,0.0,0,0
ILLINOIS,MERCER,2019-04-01,Flood,1,0.0,0.0,0,0
ILLINOIS,MERCER,2019-04-02,Flood,1,0.0,0.0,0,0
ILLINOIS,MERCER,2019-04-03,Flood,1,0.0,0.0,0,0
ILLINOIS,MERCER,2019-04-04,Flood,1,0.0,0.0,0,0
ILLINOIS,MERCER,2019-04-05,Flood,1,0.0,0.0,0,0
ILLINOIS,MERCER,2019-04-06,Flood,1,0.0,0.0,0,0
ILLINOIS,MERCER,2019-04-07,Flood,1,0.0,0.0,0,0
ILLINOIS,MERCER,2019-04-08,Flood,1,0.0,0.0,0,0
ILLINOIS,MERCER,2019-04-09,Flood,1,0.0,0.0,0,0
ILLINOIS,MERCER,2019-04-10,Flood,1,0.0,0.0,0,0
ILLINOIS,MERCER,2019-04-11,Flood,1,0.0,0.0,0,0
ILLINOIS,MERCER,2019-04-12,Flood,1,0.0,0.0,0,0
ILLINOIS,MERCER,2019-04-13,Flood,1,0.0,0.0,0,0
ILLINOIS,MERCER,2019-04-14,Flood,1,0.0,0.0,0,0
ILLINOIS,MERCER,2019-04-15,Flood,1,0.0,0.0,0,0
ILLINOIS,MERCER,2019-04-16,Flood,1,0.0,0.0,0,0
ILLINOIS,MERCER,2019-04-17,Flood,1,0.0,0.0,0,0
ILLINOIS,MERCER,2019-04-18,Flood,1,0.0,0.0,0,0
ILLINOIS,MERCER,2019-04-19,Flood,1,0.0,0.0,0,0
ILLINOIS,MERCER,2019-04-20,Flood,1,0.0,0.0,0,0
ILLINOIS,MERCER,2019-04-26,Flood,1,0.0,0.0,0,0
ILLINOIS,MERCER,2019-04-27,Flood,1,0.0,0.0,0,0
ILLINOIS,MERCER,2019-04-28,Flood,1,0.0,0.0,0,0
ILLINOIS,MERCER,2019-04-29,Flood,1,0.0,0.0,0,0
ILLINOIS,MERCER,2019-04-30,Flood,1,0.0,0.0,0,0
ILLINOIS,MERCER,2019-05-01,Flood,1,0.0,0.0,0,0
ILLINOIS,MERCER,2019-05-02,Flood,1,0.0,0.0,0,0
ILLINOIS,MERCER,2019-05-03,Flood,1,0.0,0.0,0,0
ILLINOIS,MERCER,2019-05-04,Flood,1,0.0,0.0,0,0
ILLINOIS,MERCER,2019-05-05,Flood,1,0.0,0.0,0,0
ILLINOIS,MERCER,2019-05-06,Flood,1,0.0,0.0,0,0
ILLINOIS,MERCER,2019-05-07,Flood,1,0.0,0.0,0,0
ILLINOIS,MERCER,2019-05-08,Flood,1,0.0,0.0,0,0
ILLINOIS,MERCER,2019-05-09,Flood,1,0.0,0.0,0,0
ILLINOIS,MERCER,2019-05-10,Flood,1,0.0,0.0,0,0
ILLINOIS,MERCER,2019-05-11,Flood,1,0.0,0.0,0,0
ILLINOIS,MERCER,2019-05-12,Flood,1,0.0,0.0,0,0
ILLINOIS,MERCER,2019-05-13,Flood,1,0.0,0.0,0,0
ILLINOIS,MERCER,2019-05-14,Flood,1,0.0,0.0,0,0
ILLINOIS,MERCER,2019-05-20,Flood,1,0.0,0.0,0,0
ILLINOIS,MERCER,2019-05-21,Flood,1,0.0,0.0,0,0
ILLINOIS,MERCER,2019-05-22,Flood,1,0.0,0.0,0,0
ILLINOIS,MERCER,2019-05-23,Flood,1,0.0,0.0,0,0
ILLINOIS,MERCER,2019-05-24,Flood,1,0.0,0.0,0,0
ILLINOIS,MERCER,2019-05-25,Flood,1,0.0,0.0,0,0
ILLINOIS,MERCER,2019-05-26,Flood,1,0.0,0.0,0,0
ILLINOIS,MERCER,2019-05-27,Flood,1,0.0,0.0,0,0
ILLINOIS,MERCER,2019-05-28,Flood,1,0.0,0.0,0,0
ILLINOIS,MERCER,2019-05-29,Flood,1,0.0,0.0,0,0
ILLINOIS,MERCER,2019-05-30,Flood,1,0.0,0.0,0,0
ILLINOIS,MERCER,2019-05-31,Flood,1,0.0,0.0,0,0
ILLINOIS,MERCER,2019-06-01,Flood,1,0.0,0.0,0,0
ILLINOIS,MERCER,2019-06-02,Flood,1,0.0,0.0,0,0
ILLINOIS,MERCER,2019-06-03,Flood,1,0.0,0.0,0,0
ILLINOIS,MERCER,2019-06-04,Flood,1,0.0,0.0,0,0
ILLINOIS,MERCER,2019-06-05,Flood,1,0.0,0.0,0,0
ILLINOIS,MERCER,2019-06-06,Flood,1,0.0,0.0,0,0
ILLINOIS,MERCER,2019-06-07,Flood,1,0.0,0.0,0,0
ILLINOIS,MERCER,2019-06-08,Flood,1,0.0,0.0,0,0
ILLINOIS,MERCER,2019-06-09,Flood,1,0.0,0.0,0,0
ILLINOIS,MERCER,2019-06-10,Flood,1,0.0,0.0,0,0
ILLINOIS,MERCER,2019-06-11,Flood,1,0.0,0.0,0,0
ILLINOIS,MERCER,2019-06-12,Flood,1,0.0,0.0,0,0
ILLINOIS,MERCER,2019-06-13,Flood,1,0.0,0.0,0,0
ILLINOIS,MERCER,2019-06-14,Flood,1,0.0,0.0,0,0
ILLINOIS,MERCER,2019-06-15,Flood,1,0.0,0.0,0,0
ILLINOIS,MERCER,2019-10-13,Flood,1,0.0,0.0,0,0
ILLINOIS,MERCER,2019-10-14,Flood,1,0.0,0.0,0,0
ILLINOIS,MERCER,2019-10-15,Flood,1,0.0,0.0,0,0
ILLINOIS,MERCER,2019-10-16,Flood,1,0.0,0.0,0,0
ILLINOIS,MERCER,2019-10-17,Flood,1,0.0,0.0,0,0
ILLINOIS,MERCER,2020-04-16,Winter Storm,1,0.0,0.0,0,0
ILLINOIS,MERCER,2020-04-17,Winter Storm,1,0.0,0.0,0,0
ILLINOIS,MERCER,2020-12-29,Winter Storm,1,0.0,0.0,0,0
ILLINOIS,MERCER,2020-12-30,Winter Storm,1,0.0,0.0,0,0
ILLINOIS,MERCER,2021-01-01,Winter Storm,1,0.0,0.0,0,0
ILLINOIS,MERCER,2021-01-25,Winter Storm,1,0.0,0.0,0,0
ILLINOIS,MERCER,2021-01-26,Winter Storm,1,0.0,0.0,0,0
ILLINOIS,MERCER,2022-01-01,Winter Storm,1,0.0,0.0,0,0
ILLINOIS,MERCER,2022-01-02,Winter Storm,1,0.0,0.0,0,0
ILLINOIS,MERCER,2022-12-22,Winter Storm,1,0.0,0.0,0,0
ILLINOIS,MERCER,2022-12-23,Winter Storm,1,0.0,0.0,0,0
ILLINOIS,MERCER,2022-12-24,Winter Storm,1,0.0,0.0,0,0
ILLINOIS,MERCER,2023-04-26,Flood,1,0.0,0.0,0,0
ILLINOIS,MERCER,2023-04-27,Flood,1,0.0,0.0,0,0
ILLINOIS,MERCER,2023-04-28,Flood,1,0.0,0.0,0,0
ILLINOIS,MERCER,2023-04-29,Flood,1,0.0,0.0,0,0
ILLINOIS,MERCER,2023-04-30,Flood,1,0.0,0.0,0,0
ILLINOIS,MERCER,2024-01-08,Winter Storm,1,0.0,0.0,0,0
ILLINOIS,MERCER,2024-01-09,Winter Storm,1,0.0,0.0,0,0
ILLINOIS,MERCER,2024-01-11,Winter Storm,1,0.0,0.0,0,0
ILLINOIS,MERCER,2024-01-12,Winter Storm,1,0.0,0.0,0,0
ILLINOIS,MERCER,2024-07-02,Flood,1,0.0,0.0,0,0
ILLINOIS,MERCER,2024-07-03,Flood,1,0.0,0.0,0,0
ILLINOIS,MERCER,2024-07-04,Flood,1,0.0,0.0,0,0
ILLINOIS,MERCER,2024-07-05,Flood,1,0.0,0.0,0,0
ILLINOIS,MERCER,2024-07-06,Flood,1,0.0,0.0,0,0
ILLINOIS,MERCER,2024-07-07,Flood,1,0.0,0.0,0,0
ILLINOIS,MERCER,2024-07-08,Flood,1,0.0,0.0,0,0
ILLINOIS,MERCER,2024-07-09,Flood,1,0.0,0.0,0,0
ILLINOIS,MERCER,2024-07-10,Flood,1,0.0,0.0,0,0
ILLINOIS,MERCER,2024-07-11,Flood,1,0.0,0.0,0,0
ILLINOIS,MERCER,2024-07-12,Flood,1,0.0,0.0,0,0
ILLINOIS,MERCER,2024-07-13,Flood,1,0.0,0.0,0,0
ILLINOIS,MERCER,2024-07-14,Flood,1,0.0,0.0,0,0
ILLINOIS,MERCER,2024-07-15,Flood,1,0.0,0.0,0,0
ILLINOIS,MERCER,2024-07-16,Flood,1,0.0,0.0,0,0
ILLINOIS,MERCER,2024-07-17,Flood,1,0.0,0.0,0,0
ILLINOIS,MERCER,2024-07-18,Flood,1,0.0,0.0,0,0
ILLINOIS,MERCER,2024-07-19,Flood,1,0.0,0.0,0,0
ILLINOIS,MERCER,2024-07-20,Flood,1,0.0,0.0,0,0
ILLINOIS,MERCER,2025-11-28,Winter Storm,1,0.0,0.0,0,0
ILLINOIS,MERCER,2025-11-29,Winter Storm,1,0.0,0.0,0,0
ILLINOIS,MERCER,2025-11-30,Winter Storm,1,0.0,0.0,0,0
ILLINOIS,MONROE,2010-06-16,Flood,1,0.0,0.0,0,0
ILLINOIS,MONROE,2010-06-17,Flood,1,0.0,0.0,0,0
ILLINOIS,MONROE,2010-06-18,Flood,1,0.0,0.0,0,0
ILLINOIS,MONROE,2010-06-19,Flood,1,0.0,0.0,0,0
ILLINOIS,MONROE,2010-06-20,Flood,1,0.0,0.0,0,0
ILLINOIS,MONROE,2010-06-21,Flood,1,0.0,0.0,0,0
ILLINOIS,MONROE,2010-06-22,Flood,1,0.0,0.0,0,0
ILLINOIS,MONROE,2010-06-23,Flood,1,0.0,0.0,0,0
ILLINOIS,MONROE,2010-06-24,Flood,1,0.0,0.0,0,0
ILLINOIS,MONROE,2010-06-25,Flood,1,0.0,0.0,0,0
ILLINOIS,MONROE,2010-06-26,Excessive Heat,1,0.0,0.0,0,0
ILLINOIS,MONROE,2010-06-26,Flood,1,0.0,0.0,0,0
ILLINOIS,MONROE,2010-06-27,Excessive Heat,1,0.0,0.0,0,0
ILLINOIS,MONROE,2010-06-27,Flood,1,0.0,0.0,0,0
ILLINOIS,MONROE,2010-06-28,Flood,1,0.0,0.0,0,0
ILLINOIS,MONROE,2010-06-29,Flood,1,0.0,0.0,0,0
ILLINOIS,MONROE,2010-06-30,Flood,1,0.0,0.0,0,0
ILLINOIS,MONROE,2010-07-14,Excessive Heat,1,0.0,0.0,0,0
ILLINOIS,MONROE,2010-07-17,Excessive Heat,1,0.0,0.0,0,0
ILLINOIS,MONROE,2010-07-22,Excessive Heat,1,0.0,0.0,0,0
ILLINOIS,MONROE,2010-07-23,Excessive Heat,1,0.0,0.0,0,0
ILLINOIS,MONROE,2010-07-24,Excessive Heat,1,0.0,0.0,0,0
ILLINOIS,MONROE,2010-08-02,Excessive Heat,1,0.0,0.0,0,0
ILLINOIS,MONROE,2010-08-03,Excessive Heat,1,0.0,0.0,0,0
ILLINOIS,MONROE,2010-08-04,Excessive Heat,1,0.0,0.0,0,0
ILLINOIS,MONROE,2010-08-08,Excessive Heat,1,0.0,0.0,0,0
ILLINOIS,MONROE,2010-08-09,Excessive Heat,1,0.0,0.0,0,0
ILLINOIS,MONROE,2010-08-10,Excessive Heat,1,0.0,0.0,0,0
ILLINOIS,MONROE,2010-08-11,Excessive Heat,1,0.0,0.0,0,0
ILLINOIS,MONROE,2010-08-12,Excessive Heat,1,0.0,0.0,0,0
ILLINOIS,MONROE,2010-08-13,Excessive Heat,1,0.0,0.0,0,0
ILLINOIS,MONROE,2010-08-14,Excessive Heat,1,0.0,0.0,0,0
ILLINOIS,MONROE,2011-01-31,Winter Storm,1,0.0,0.0,0,0
ILLINOIS,MONROE,2011-02-01,Winter Storm,1,0.0,0.0,0,0
ILLINOIS,MONROE,2011-02-02,Winter Storm,1,0.0,0.0,0,0
ILLINOIS,MONROE,2011-07-10,Excessive Heat,1,0.0,0.0,0,0
ILLINOIS,MONROE,2011-07-11,Excessive Heat,1,0.0,0.0,0,0
ILLINOIS,MONROE,2011-07-12,Excessive Heat,1,0.0,0.0,0,0
ILLINOIS,MONROE,2011-07-17,Excessive Heat,1,0.0,0.0,0,0
ILLINOIS,MONROE,2011-07-18,Excessive Heat,1,0.0,0.0,0,0
ILLINOIS,MONROE,2011-07-19,Excessive Heat,1,0.0,0.0,0,0
ILLINOIS,MONROE,2011-07-20,Excessive Heat,1,0.0,0.0,0,0
ILLINOIS,MONROE,2011-07-21,Excessive Heat,1,0.0,0.0,0,0
ILLINOIS,MONROE,2011-07-22,Excessive Heat,1,0.0,0.0,0,0
ILLINOIS,MONROE,2011-07-23,Excessive Heat,1,0.0,0.0,0,0
ILLINOIS,MONROE,2011-07-24,Excessive Heat,1,0.0,0.0,0,0
ILLINOIS,MONROE,2011-07-25,Excessive Heat,1,0.0,0.0,0,0
ILLINOIS,MONROE,2011-07-26,Excessive Heat,1,0.0,0.0,0,0
ILLINOIS,MONROE,2011-07-27,Excessive Heat,1,0.0,0.0,0,0
ILLINOIS,MONROE,2011-07-28,Excessive Heat,1,0.0,0.0,0,0
ILLINOIS,MONROE,2011-07-29,Excessive Heat,1,0.0,0.0,0,0
ILLINOIS,MONROE,2011-07-30,Excessive Heat,1,0.0,0.0,0,0
ILLINOIS,MONROE,2011-07-31,Excessive Heat,1,0.0,0.0,0,0
ILLINOIS,MONROE,2011-08-01,Excessive Heat,1,0.0,0.0,0,0
ILLINOIS,MONROE,2011-08-02,Excessive Heat,1,0.0,0.0,0,0
ILLINOIS,MONROE,2011-08-03,Excessive Heat,1,0.0,0.0,0,0
ILLINOIS,MONROE,2012-06-27,Excessive Heat,1,0.0,0.0,0,0
ILLINOIS,MONROE,2012-06-28,Excessive Heat,1,0.0,0.0,0,0
ILLINOIS,MONROE,2012-06-29,Excessive Heat,1,0.0,0.0,0,0
ILLINOIS,MONROE,2012-06-30,Excessive Heat,1,0.0,0.0,0,0
ILLINOIS,MONROE,2012-07-01,Excessive Heat,1,0.0,0.0,0,0
ILLINOIS,MONROE,2012-07-02,Excessive Heat,1,0.0,0.0,0,0
ILLINOIS,MONROE,2012-07-03,Excessive Heat,1,0.0,0.0,0,0
ILLINOIS,MONROE,2012-07-04,Excessive Heat,1,0.0,0.0,0,0
ILLINOIS,MONROE,2012-07-05,Excessive Heat,1,0.0,0.0,0,0
ILLINOIS,MONROE,2012-07-06,Excessive Heat,1,0.0,0.0,0,0
ILLINOIS,MONROE,2012-07-07,Excessive Heat,1,0.0,0.0,0,0
ILLINOIS,MONROE,2012-07-08,Excessive Heat,1,0.0,0.0,0,0
ILLINOIS,MONROE,2012-07-16,Excessive Heat,1,0.0,0.0,0,0
ILLINOIS,MONROE,2012-07-17,Excessive Heat,1,0.0,0.0,0,0
ILLINOIS,MONROE,2012-07-18,Excessive Heat,1,0.0,0.0,0,0
ILLINOIS,MONROE,2012-07-19,Excessive Heat,1,0.0,0.0,0,0
ILLINOIS,MONROE,2012-07-22,Excessive Heat,1,0.0,0.0,0,0
ILLINOIS,MONROE,2012-07-23,Excessive Heat,1,0.0,0.0,0,0
ILLINOIS,MONROE,2012-07-24,Excessive Heat,1,0.0,0.0,0,0
ILLINOIS,MONROE,2012-07-25,Excessive Heat,1,0.0,0.0,0,0
ILLINOIS,MONROE,2012-07-26,Excessive Heat,1,0.0,0.0,0,0
ILLINOIS,MONROE,2012-07-27,Excessive Heat,1,0.0,0.0,0,0
ILLINOIS,MONROE,2012-07-31,Excessive Heat,1,0.0,0.0,0,0
ILLINOIS,MONROE,2012-08-01,Excessive Heat,1,0.0,0.0,0,0
ILLINOIS,MONROE,2013-02-21,Winter Storm,1,0.0,0.0,0,0
ILLINOIS,MONROE,2014-01-05,Winter Storm,1,0.0,0.0,0,0
ILLINOIS,MONROE,2014-03-01,Winter Storm,1,0.0,0.0,0,0
ILLINOIS,MONROE,2014-03-02,Winter Storm,1,0.0,0.0,0,0
ILLINOIS,MONROE,2014-07-26,Excessive Heat,1,0.0,0.0,0,0
ILLINOIS,MONROE,2014-08-20,Excessive Heat,1,0.0,0.0,0,0
ILLINOIS,MONROE,2014-08-21,Excessive Heat,1,0.0,0.0,0,0
ILLINOIS,MONROE,2014-08-22,Excessive Heat,1,0.0,0.0,0,0
ILLINOIS,MONROE,2014-08-23,Excessive Heat,1,0.0,0.0,0,0
ILLINOIS,MONROE,2014-08-24,Excessive Heat,1,0.0,0.0,0,0
ILLINOIS,MONROE,2014-08-25,Excessive Heat,1,0.0,0.0,0,0
ILLINOIS,MONROE,2014-08-26,Excessive Heat,1,0.0,0.0,0,0
ILLINOIS,MONROE,2014-08-27,Excessive Heat,1,0.0,0.0,0,0
ILLINOIS,MONROE,2015-07-12,Excessive Heat,1,0.0,0.0,0,0
ILLINOIS,MONROE,2015-07-13,Excessive Heat,1,0.0,0.0,0,0
ILLINOIS,MONROE,2015-07-14,Excessive Heat,1,0.0,0.0,0,0
ILLINOIS,MONROE,2015-07-17,Excessive Heat,1,0.0,0.0,0,0
ILLINOIS,MONROE,2015-07-18,Excessive Heat,1,0.0,0.0,0,0
ILLINOIS,MONROE,2015-07-19,Excessive Heat,1,0.0,0.0,0,0
ILLINOIS,MONROE,2016-07-18,Excessive Heat,1,0.0,0.0,0,0
ILLINOIS,MONROE,2016-07-19,Excessive Heat,1,0.0,0.0,0,0
ILLINOIS,MONROE,2016-07-20,Excessive Heat,1,0.0,0.0,0,0
ILLINOIS,MONROE,2016-07-21,Excessive Heat,1,0.0,0.0,0,0
ILLINOIS,MONROE,2016-07-22,Excessive Heat,1,0.0,0.0,0,0
ILLINOIS,MONROE,2016-07-23,Excessive Heat,1,0.0,0.0,0,0
ILLINOIS,MONROE,2016-07-24,Excessive Heat,1,0.0,0.0,0,0
ILLINOIS,MONROE,2017-07-18,Excessive Heat,1,0.0,0.0,0,0
ILLINOIS,MONROE,2017-07-19,Excessive Heat,1,0.0,0.0,0,0
ILLINOIS,MONROE,2017-07-20,Excessive Heat,1,0.0,0.0,0,0
ILLINOIS,MONROE,2017-07-21,Excessive Heat,1,0.0,0.0,0,0
ILLINOIS,MONROE,2017-07-22,Excessive Heat,1,0.0,0.0,0,0
ILLINOIS,MONROE,2017-07-23,Excessive Heat,1,0.0,0.0,0,0
ILLINOIS,MONROE,2018-06-15,Excessive Heat,1,0.0,0.0,0,0
ILLINOIS,MONROE,2018-06-16,Excessive Heat,1,0.0,0.0,0,0
ILLINOIS,MONROE,2018-06-17,Excessive Heat,1,0.0,0.0,0,0
ILLINOIS,MONROE,2018-06-18,Excessive Heat,1,0.0,0.0,0,0
ILLINOIS,MONROE,2018-06-19,Excessive Heat,1,0.0,0.0,0,0
ILLINOIS,MONROE,2018-06-28,Excessive Heat,1,0.0,0.0,0,0
ILLINOIS,MONROE,2018-06-29,Excessive Heat,1,0.0,0.0,0,0
ILLINOIS,MONROE,2018-06-30,Excessive Heat,1,0.0,0.0,0,0
ILLINOIS,MONROE,2019-06-02,Flood,1,0.0,0.0,0,0
ILLINOIS,MONROE,2019-06-03,Flood,1,0.0,0.0,0,0
ILLINOIS,MONROE,2019-06-04,Flood,1,0.0,0.0,0,0
ILLINOIS,MONROE,2019-06-05,Flood,1,0.0,0.0,0,0
ILLINOIS,MONROE,2019-06-06,Flood,1,0.0,0.0,0,0
ILLINOIS,MONROE,2019-06-07,Flood,1,0.0,0.0,0,0
ILLINOIS,MONROE,2019-06-08,Flood,1,0.0,0.0,0,0
ILLINOIS,MONROE,2019-06-09,Flood,1,0.0,0.0,0,0
ILLINOIS,MONROE,2019-06-10,Flood,1,0.0,0.0,0,0
ILLINOIS,MONROE,2019-06-11,Flood,1,0.0,0.0,0,0
ILLINOIS,MONROE,2019-06-12,Flood,1,0.0,0.0,0,0
ILLINOIS,MONROE,2019-06-13,Flood,1,0.0,0.0,0,0
ILLINOIS,MONROE,2019-12-15,Winter Storm,1,0.0,0.0,0,0
ILLINOIS,MONROE,2019-12-16,Winter Storm,1,0.0,0.0,0,0
ILLINOIS,MONROE,2022-12-22,Winter Storm,1,0.0,0.0,0,0
ILLINOIS,MONROE,2023-07-27,Excessive Heat,1,0.0,0.0,0,0
ILLINOIS,MONROE,2023-07-28,Excessive Heat,1,0.0,0.0,0,0
ILLINOIS,MONROE,2023-07-29,Excessive Heat,1,0.0,0.0,0,0
ILLINOIS,MONROE,2023-08-20,Excessive Heat,1,0.0,0.0,0,0
ILLINOIS,MONROE,2023-08-21,Excessive Heat,1,0.0,0.0,0,0
ILLINOIS,MONROE,2023-08-22,Excessive Heat,1,0.0,0.0,0,0
ILLINOIS,MONROE,2023-08-23,Excessive Heat,1,0.0,0.0,0,0
ILLINOIS,MONROE,2023-08-24,Excessive Heat,1,0.0,0.0,0,0
ILLINOIS,MONROE,2023-08-25,Excessive Heat,1,0.0,0.0,0,0
ILLINOIS,MONROE,2025-01-05,Winter Storm,1,0.0,0.0,0,0
ILLINOIS,MONROE,2025-01-06,Winter Storm,1,0.0,0.0,0,0
ILLINOIS,MONROE,2025-07-22,Excessive Heat,1,0.0,0.0,0,0
ILLINOIS,MONROE,2025-07-23,Excessive Heat,1,0.0,0.0,0,0
ILLINOIS,MONROE,2025-07-24,Excessive Heat,1,0.0,0.0,0,0
ILLINOIS,MONROE,2025-07-25,Excessive Heat,1,0.0,0.0,0,0
ILLINOIS,MONROE,2025-07-26,Excessive Heat,1,0.0,0.0,0,0
ILLINOIS,MONROE,2025-07-27,Excessive Heat,1,0.0,0.0,0,0
ILLINOIS,MONROE,2025-07-28,Excessive Heat,1,0.0,0.0,0,0
ILLINOIS,MONROE,2025-07-29,Excessive Heat,1,0.0,0.0,0,0
ILLINOIS,MONROE,2025-07-30,Excessive Heat,1,0.0,0.0,0,0
ILLINOIS,MONROE,2025-08-15,Excessive Heat,1,0.0,0.0,0,0
ILLINOIS,MONROE,2025-08-16,Excessive Heat,1,0.0,0.0,0,0
ILLINOIS,MONROE,2025-08-17,Excessive Heat,1,0.0,0.0,0,0
ILLINOIS,MONROE,2025-08-18,Excessive Heat,1,0.0,0.0,0,0
ILLINOIS,MONTGOMERY,2010-07-14,Excessive Heat,1,0.0,0.0,0,0
ILLINOIS,MONTGOMERY,2010-07-17,Excessive Heat,1,0.0,0.0,0,0
ILLINOIS,MONTGOMERY,2010-07-22,Excessive Heat,1,0.0,0.0,0,0
ILLINOIS,MONTGOMERY,2010-07-23,Excessive Heat,1,0.0,0.0,0,0
ILLINOIS,MONTGOMERY,2010-07-24,Excessive Heat,1,0.0,0.0,0,0
ILLINOIS,MONTGOMERY,2010-08-02,Excessive Heat,1,0.0,0.0,0,0
ILLINOIS,MONTGOMERY,2010-08-03,Excessive Heat,1,0.0,0.0,0,0
ILLINOIS,MONTGOMERY,2010-08-04,Excessive Heat,1,0.0,0.0,0,0
ILLINOIS,MONTGOMERY,2010-08-08,Excessive Heat,1,0.0,0.0,0,0
ILLINOIS,MONTGOMERY,2010-08-09,Excessive Heat,1,0.0,0.0,0,0
ILLINOIS,MONTGOMERY,2010-08-10,Excessive Heat,1,0.0,0.0,0,0
ILLINOIS,MONTGOMERY,2010-08-11,Excessive Heat,1,0.0,0.0,0,0
ILLINOIS,MONTGOMERY,2010-08-12,Excessive Heat,1,0.0,0.0,0,0
ILLINOIS,MONTGOMERY,2010-08-13,Excessive Heat,1,0.0,0.0,0,0
ILLINOIS,MONTGOMERY,2010-08-14,Excessive Heat,1,0.0,0.0,0,0
ILLINOIS,MONTGOMERY,2011-01-31,Winter Storm,1,0.0,0.0,0,0
ILLINOIS,MONTGOMERY,2011-02-01,Winter Storm,1,0.0,0.0,0,0
ILLINOIS,MONTGOMERY,2011-02-02,Winter Storm,1,0.0,0.0,0,0
ILLINOIS,MONTGOMERY,2011-07-10,Excessive Heat,1,0.0,0.0,0,0
ILLINOIS,MONTGOMERY,2011-07-11,Excessive Heat,1,0.0,0.0,0,0
ILLINOIS,MONTGOMERY,2011-07-12,Excessive Heat,1,0.0,0.0,0,0
ILLINOIS,MONTGOMERY,2011-07-17,Excessive Heat,1,0.0,0.0,0,0
ILLINOIS,MONTGOMERY,2011-07-18,Excessive Heat,1,0.0,0.0,0,0
ILLINOIS,MONTGOMERY,2011-07-19,Excessive Heat,1,0.0,0.0,0,0
ILLINOIS,MONTGOMERY,2011-07-20,Excessive Heat,1,0.0,0.0,0,0
ILLINOIS,MONTGOMERY,2011-07-21,Excessive Heat,1,0.0,0.0,0,0
ILLINOIS,MONTGOMERY,2011-07-22,Excessive Heat,1,0.0,0.0,0,0
ILLINOIS,MONTGOMERY,2011-07-23,Excessive Heat,1,0.0,0.0,0,0
ILLINOIS,MONTGOMERY,2011-07-24,Excessive Heat,1,0.0,0.0,0,0
ILLINOIS,MONTGOMERY,2011-07-25,Excessive Heat,1,0.0,0.0,0,0
ILLINOIS,MONTGOMERY,2011-07-26,Excessive Heat,1,0.0,0.0,0,0
ILLINOIS,MONTGOMERY,2011-07-27,Excessive Heat,1,0.0,0.0,0,0
ILLINOIS,MONTGOMERY,2011-07-28,Excessive Heat,1,0.0,0.0,0,0
ILLINOIS,MONTGOMERY,2011-07-29,Excessive Heat,1,0.0,0.0,0,0
ILLINOIS,MONTGOMERY,2011-07-30,Excessive Heat,1,0.0,0.0,0,0
ILLINOIS,MONTGOMERY,2011-07-31,Excessive Heat,1,0.0,0.0,0,0
ILLINOIS,MONTGOMERY,2011-08-01,Excessive Heat,1,0.0,0.0,0,0
ILLINOIS,MONTGOMERY,2011-08-02,Excessive Heat,1,0.0,0.0,0,0
ILLINOIS,MONTGOMERY,2011-08-03,Excessive Heat,1,0.0,0.0,0,0
ILLINOIS,MONTGOMERY,2012-06-27,Excessive Heat,1,0.0,0.0,0,0
ILLINOIS,MONTGOMERY,2012-06-28,Excessive Heat,1,0.0,0.0,0,0
ILLINOIS,MONTGOMERY,2012-06-29,Excessive Heat,1,0.0,0.0,0,0
ILLINOIS,MONTGOMERY,2012-06-30,Excessive Heat,1,0.0,0.0,0,0
ILLINOIS,MONTGOMERY,2012-07-01,Excessive Heat,1,0.0,0.0,0,0
ILLINOIS,MONTGOMERY,2012-07-02,Excessive Heat,1,0.0,0.0,0,0
ILLINOIS,MONTGOMERY,2012-07-03,Excessive Heat,1,0.0,0.0,0,0
ILLINOIS,MONTGOMERY,2012-07-04,Excessive Heat,1,0.0,0.0,0,0
ILLINOIS,MONTGOMERY,2012-07-05,Excessive Heat,1,0.0,0.0,0,0
ILLINOIS,MONTGOMERY,2012-07-06,Excessive Heat,1,0.0,0.0,0,0
ILLINOIS,MONTGOMERY,2012-07-07,Excessive Heat,1,0.0,0.0,0,0
ILLINOIS,MONTGOMERY,2012-07-08,Excessive Heat,1,0.0,0.0,0,0
ILLINOIS,MONTGOMERY,2012-07-16,Excessive Heat,1,0.0,0.0,0,0
ILLINOIS,MONTGOMERY,2012-07-17,Excessive Heat,1,0.0,0.0,0,0
ILLINOIS,MONTGOMERY,2012-07-18,Excessive Heat,1,0.0,0.0,0,0
ILLINOIS,MONTGOMERY,2012-07-19,Excessive Heat,1,0.0,0.0,0,0
ILLINOIS,MONTGOMERY,2012-07-22,Excessive Heat,1,0.0,0.0,0,0
ILLINOIS,MONTGOMERY,2012-07-23,Excessive Heat,1,0.0,0.0,0,0
ILLINOIS,MONTGOMERY,2012-07-24,Excessive Heat,1,0.0,0.0,0,0
ILLINOIS,MONTGOMERY,2012-07-25,Excessive Heat,1,0.0,0.0,0,0
ILLINOIS,MONTGOMERY,2012-07-26,Excessive Heat,1,0.0,0.0,0,0
ILLINOIS,MONTGOMERY,2012-07-27,Excessive Heat,1,0.0,0.0,0,0
ILLINOIS,MONTGOMERY,2013-02-21,Winter Storm,1,0.0,0.0,0,0
ILLINOIS,MONTGOMERY,2014-01-01,Winter Storm,1,0.0,0.0,0,0
ILLINOIS,MONTGOMERY,2014-01-02,Winter Storm,1,0.0,0.0,0,0
ILLINOIS,MONTGOMERY,2014-01-05,Winter Storm,1,0.0,0.0,0,0
ILLINOIS,MONTGOMERY,2014-02-04,Winter Storm,1,0.0,0.0,0,0
ILLINOIS,MONTGOMERY,2014-02-05,Winter Storm,1,0.0,0.0,0,0
ILLINOIS,MONTGOMERY,2014-08-20,Excessive Heat,1,0.0,0.0,0,0
ILLINOIS,MONTGOMERY,2014-08-21,Excessive Heat,1,0.0,0.0,0,0
ILLINOIS,MONTGOMERY,2014-08-22,Excessive Heat,1,0.0,0.0,0,0
ILLINOIS,MONTGOMERY,2014-08-23,Excessive Heat,1,0.0,0.0,0,0
ILLINOIS,MONTGOMERY,2014-08-24,Excessive Heat,1,0.0,0.0,0,0
ILLINOIS,MONTGOMERY,2014-08-25,Excessive Heat,1,0.0,0.0,0,0
ILLINOIS,MONTGOMERY,2014-08-26,Excessive Heat,1,0.0,0.0,0,0
ILLINOIS,MONTGOMERY,2014-08-27,Excessive Heat,1,0.0,0.0,0,0
ILLINOIS,MONTGOMERY,2015-02-20,Winter Storm,1,0.0,0.0,0,0
ILLINOIS,MONTGOMERY,2015-02-21,Winter Storm,1,0.0,0.0,0,0
ILLINOIS,MONTGOMERY,2015-07-12,Excessive Heat,1,0.0,0.0,0,0
ILLINOIS,MONTGOMERY,2015-07-13,Excessive Heat,1,0.0,0.0,0,0
ILLINOIS,MONTGOMERY,2015-07-18,Excessive Heat,1,0.0,0.0,0,0
ILLINOIS,MONTGOMERY,2015-07-19,Excessive Heat,1,0.0,0.0,0,0
ILLINOIS,MONTGOMERY,2015-07-27,Excessive Heat,1,0.0,0.0,0,0
ILLINOIS,MONTGOMERY,2015-07-28,Excessive Heat,1,0.0,0.0,0,0
ILLINOIS,MONTGOMERY,2015-07-29,Excessive Heat,1,0.0,0.0,0,0
ILLINOIS,MONTGOMERY,2016-07-18,Excessive Heat,1,0.0,0.0,0,0
ILLINOIS,MONTGOMERY,2016-07-19,Excessive Heat,1,0.0,0.0,0,0
ILLINOIS,MONTGOMERY,2016-07-20,Excessive Heat,1,0.0,0.0,0,0
ILLINOIS,MONTGOMERY,2016-07-21,Excessive Heat,1,0.0,0.0,0,0
ILLINOIS,MONTGOMERY,2016-07-22,Excessive Heat,1,0.0,0.0,0,0
ILLINOIS,MONTGOMERY,2016-07-23,Excessive Heat,1,0.0,0.0,0,0
ILLINOIS,MONTGOMERY,2016-07-24,Excessive Heat,1,0.0,0.0,0,0
ILLINOIS,MONTGOMERY,2017-07-19,Excessive Heat,1,0.0,0.0,0,0
ILLINOIS,MONTGOMERY,2017-07-20,Excessive Heat,1,0.0,0.0,0,0
ILLINOIS,MONTGOMERY,2017-07-21,Excessive Heat,1,0.0,0.0,0,0
ILLINOIS,MONTGOMERY,2017-07-22,Excessive Heat,1,0.0,0.0,0,0
ILLINOIS,MONTGOMERY,2017-07-23,Excessive Heat,1,0.0,0.0,0,0
ILLINOIS,MONTGOMERY,2018-06-28,Excessive Heat,1,0.0,0.0,0,0
ILLINOIS,MONTGOMERY,2018-06-29,Excessive Heat,1,0.0,0.0,0,0
ILLINOIS,MONTGOMERY,2018-06-30,Excessive Heat,1,0.0,0.0,0,0
ILLINOIS,MONTGOMERY,2019-12-15,Winter Storm,1,0.0,0.0,0,0
ILLINOIS,MONTGOMERY,2019-12-16,Winter Storm,1,0.0,0.0,0,0
ILLINOIS,MONTGOMERY,2022-12-22,Winter Storm,1,0.0,0.0,0,0
ILLINOIS,MONTGOMERY,2023-07-27,Excessive Heat,1,0.0,0.0,0,0
ILLINOIS,MONTGOMERY,2023-07-28,Excessive Heat,1,0.0,0.0,0,0
ILLINOIS,MONTGOMERY,2023-08-20,Excessive Heat,1,0.0,0.0,0,0
ILLINOIS,MONTGOMERY,2023-08-21,Excessive Heat,1,0.0,0.0,0,0
ILLINOIS,MONTGOMERY,2023-08-22,Excessive Heat,1,0.0,0.0,0,0
ILLINOIS,MONTGOMERY,2023-08-23,Excessive Heat,1,0.0,0.0,0,0
ILLINOIS,MONTGOMERY,2023-08-24,Excessive Heat,1,0.0,0.0,0,0
ILLINOIS,MONTGOMERY,2023-08-25,Excessive Heat,1,0.0,0.0,0,0
ILLINOIS,MONTGOMERY,2025-01-05,Winter Storm,1,0.0,0.0,0,0
ILLINOIS,MONTGOMERY,2025-01-06,Winter Storm,1,0.0,0.0,0,0
ILLINOIS,MONTGOMERY,2025-11-29,Winter Storm,1,0.0,0.0,0,0
ILLINOIS,MORGAN,2010-08-03,Excessive Heat,1,0.0,0.0,0,0
ILLINOIS,MORGAN,2010-08-04,Excessive Heat,1,0.0,0.0,0,0
ILLINOIS,MORGAN,2010-08-09,Excessive Heat,1,0.0,0.0,0,0
ILLINOIS,MORGAN,2010-08-10,Excessive Heat,1,0.0,0.0,0,0
ILLINOIS,MORGAN,2010-08-11,Excessive Heat,1,0.0,0.0,0,0
ILLINOIS,MORGAN,2010-08-12,Excessive Heat,1,0.0,0.0,0,0
ILLINOIS,MORGAN,2010-08-13,Excessive Heat,1,0.0,0.0,0,0
ILLINOIS,MORGAN,2010-08-14,Excessive Heat,1,0.0,0.0,0,0
ILLINOIS,MORGAN,2011-02-01,Blizzard,1,220000.0,0.0,0,0
ILLINOIS,MORGAN,2011-02-02,Blizzard,1,220000.0,0.0,0,0
ILLINOIS,MORGAN,2011-06-18,Flood,1,0.0,0.0,0,0
ILLINOIS,MORGAN,2011-06-19,Flood,1,0.0,0.0,0,0
ILLINOIS,MORGAN,2011-06-20,Flood,1,0.0,0.0,0,0
ILLINOIS,MORGAN,2011-06-26,Flood,1,0.0,0.0,0,0
ILLINOIS,MORGAN,2011-07-20,Excessive Heat,1,0.0,0.0,0,1
ILLINOIS,MORGAN,2011-08-01,Excessive Heat,1,0.0,0.0,0,0
ILLINOIS,MORGAN,2011-08-02,Excessive Heat,1,0.0,0.0,0,0
ILLINOIS,MORGAN,2012-06-29,Excessive Heat,1,0.0,0.0,0,0
ILLINOIS,MORGAN,2012-06-30,Excessive Heat,1,0.0,0.0,0,0
ILLINOIS,MORGAN,2012-07-01,Excessive Heat,1,0.0,0.0,0,0
ILLINOIS,MORGAN,2012-07-02,Excessive Heat,1,0.0,0.0,0,0
ILLINOIS,MORGAN,2012-07-03,Excessive Heat,1,0.0,0.0,0,0
ILLINOIS,MORGAN,2012-07-04,Excessive Heat,1,0.0,0.0,0,0
ILLINOIS,MORGAN,2012-07-05,Excessive Heat,1,0.0,0.0,0,0
ILLINOIS,MORGAN,2012-07-06,Excessive Heat,1,0.0,0.0,0,0
ILLINOIS,MORGAN,2012-07-07,Excessive Heat,1,0.0,0.0,0,0
ILLINOIS,MORGAN,2012-12-20,Blizzard,1,0.0,0.0,0,0
ILLINOIS,MORGAN,2013-04-21,Flood,1,0.0,0.0,0,0
ILLINOIS,MORGAN,2013-04-22,Flood,1,0.0,0.0,0,0
ILLINOIS,MORGAN,2013-04-23,Flood,1,0.0,0.0,0,0
ILLINOIS,MORGAN,2013-04-24,Flood,1,0.0,0.0,0,0
ILLINOIS,MORGAN,2013-04-25,Flood,1,0.0,0.0,0,0
ILLINOIS,MORGAN,2013-04-26,Flood,1,0.0,0.0,0,0
ILLINOIS,MORGAN,2013-04-27,Flood,1,0.0,0.0,0,0
ILLINOIS,MORGAN,2013-04-28,Flood,1,0.0,0.0,0,0
ILLINOIS,MORGAN,2013-04-29,Flood,1,0.0,0.0,0,0
ILLINOIS,MORGAN,2013-04-30,Flood,1,0.0,0.0,0,0
ILLINOIS,MORGAN,2013-05-01,Flood,1,0.0,0.0,0,0
ILLINOIS,MORGAN,2013-05-02,Flood,1,0.0,0.0,0,0
ILLINOIS,MORGAN,2013-05-03,Flood,1,0.0,0.0,0,0
ILLINOIS,MORGAN,2013-05-04,Flood,1,0.0,0.0,0,0
ILLINOIS,MORGAN,2013-05-05,Flood,1,0.0,0.0,0,0
ILLINOIS,MORGAN,2013-05-06,Flood,1,0.0,0.0,0,0
ILLINOIS,MORGAN,2013-05-07,Flood,1,0.0,0.0,0,0
ILLINOIS,MORGAN,2013-05-08,Flood,1,0.0,0.0,0,0
ILLINOIS,MORGAN,2013-05-09,Flood,1,0.0,0.0,0,0
ILLINOIS,MORGAN,2013-05-10,Flood,1,0.0,0.0,0,0
ILLINOIS,MORGAN,2013-05-11,Flood,1,0.0,0.0,0,0
ILLINOIS,MORGAN,2013-05-12,Flood,1,0.0,0.0,0,0
ILLINOIS,MORGAN,2013-05-13,Flood,1,0.0,0.0,0,0
ILLINOIS,MORGAN,2013-05-14,Flood,1,0.0,0.0,0,0
ILLINOIS,MORGAN,2014-06-11,Flood,1,0.0,0.0,0,0
ILLINOIS,MORGAN,2015-07-12,Flood,1,0.0,0.0,0,0
ILLINOIS,MORGAN,2017-04-29,Flood,1,0.0,0.0,0,0
ILLINOIS,MORGAN,2017-04-30,Flood,1,0.0,0.0,0,0
ILLINOIS,MORGAN,2019-05-01,Flood,1,0.0,0.0,0,0
ILLINOIS,MORGAN,2020-05-16,Flood,1,0.0,0.0,0,0
ILLINOIS,MORGAN,2020-05-17,Flood,1,0.0,0.0,0,0
ILLINOIS,MORGAN,2022-02-01,Winter Storm,1,0.0,0.0,0,0
ILLINOIS,MORGAN,2022-02-02,Winter Storm,1,0.0,0.0,0,0
ILLINOIS,MORGAN,2022-02-03,Winter Storm,1,0.0,0.0,0,0
ILLINOIS,MORGAN,2022-12-22,Winter Storm,1,0.0,0.0,0,0
ILLINOIS,MORGAN,2022-12-23,Winter Storm,1,0.0,0.0,0,0
ILLINOIS,MORGAN,2023-07-27,Excessive Heat,1,0.0,0.0,0,0
ILLINOIS,MORGAN,2023-07-28,Excessive Heat,1,0.0,0.0,0,0
ILLINOIS,MORGAN,2023-08-20,Excessive Heat,1,0.0,0.0,0,0
ILLINOIS,MORGAN,2023-08-21,Excessive Heat,1,0.0,0.0,0,0
ILLINOIS,MORGAN,2023-08-22,Excessive Heat,1,0.0,0.0,0,0
ILLINOIS,MORGAN,2023-08-23,Excessive Heat,1,0.0,0.0,0,0
ILLINOIS,MORGAN,2023-08-24,Excessive Heat,1,0.0,0.0,0,0
ILLINOIS,MORGAN,2023-08-25,Excessive Heat,1,0.0,0.0,0,0
ILLINOIS,MORGAN,2024-08-27,Excessive Heat,1,0.0,0.0,0,0
ILLINOIS,MOULTRIE,2010-08-03,Excessive Heat,1,0.0,0.0,0,0
ILLINOIS,MOULTRIE,2010-08-04,Excessive Heat,1,0.0,0.0,0,0
ILLINOIS,MOULTRIE,2010-08-09,Excessive Heat,1,0.0,0.0,0,0
ILLINOIS,MOULTRIE,2010-08-10,Excessive Heat,1,0.0,0.0,0,0
ILLINOIS,MOULTRIE,2010-08-11,Excessive Heat,1,0.0,0.0,0,0
ILLINOIS,MOULTRIE,2010-08-12,Excessive Heat,1,0.0,0.0,0,0
ILLINOIS,MOULTRIE,2010-08-13,Excessive Heat,1,0.0,0.0,0,0
ILLINOIS,MOULTRIE,2010-08-14,Excessive Heat,1,0.0,0.0,0,0
ILLINOIS,MOULTRIE,2011-02-01,Winter Storm,1,200000.0,0.0,0,0
ILLINOIS,MOULTRIE,2011-02-02,Winter Storm,1,200000.0,0.0,0,0
ILLINOIS,MOULTRIE,2012-06-29,Excessive Heat,1,0.0,0.0,0,0
ILLINOIS,MOULTRIE,2012-06-30,Excessive Heat,1,0.0,0.0,0,0
ILLINOIS,MOULTRIE,2012-07-01,Excessive Heat,1,0.0,0.0,0,0
ILLINOIS,MOULTRIE,2012-07-02,Excessive Heat,1,0.0,0.0,0,0
ILLINOIS,MOULTRIE,2012-07-03,Excessive Heat,1,0.0,0.0,0,0
ILLINOIS,MOULTRIE,2012-07-04,Excessive Heat,1,0.0,0.0,0,0
ILLINOIS,MOULTRIE,2012-07-05,Excessive Heat,1,0.0,0.0,0,0
ILLINOIS,MOULTRIE,2012-07-06,Excessive Heat,1,0.0,0.0,0,0
ILLINOIS,MOULTRIE,2012-07-07,Excessive Heat,1,0.0,0.0,0,0
ILLINOIS,MOULTRIE,2015-06-19,Flood,1,0.0,0.0,0,0
ILLINOIS,MOULTRIE,2015-06-20,Flood,1,0.0,0.0,0,0
ILLINOIS,MOULTRIE,2015-12-27,Flood,1,500000.0,0.0,0,0
ILLINOIS,MOULTRIE,2015-12-28,Flood,1,500000.0,0.0,0,0
ILLINOIS,MOULTRIE,2015-12-29,Flood,1,500000.0,0.0,0,0
ILLINOIS,MOULTRIE,2015-12-30,Flood,1,500000.0,0.0,0,0
ILLINOIS,MOULTRIE,2015-12-31,Flood,1,500000.0,0.0,0,0
ILLINOIS,MOULTRIE,2016-02-24,Blizzard,1,0.0,0.0,0,0
ILLINOIS,MOULTRIE,2017-04-29,Flood,1,0.0,0.0,0,0
ILLINOIS,MOULTRIE,2017-04-30,Flood,1,0.0,0.0,0,0
ILLINOIS,MOULTRIE,2017-05-01,Flood,1,0.0,0.0,0,0
ILLINOIS,MOULTRIE,2017-05-04,Flood,1,0.0,0.0,0,0
ILLINOIS,MOULTRIE,2017-05-05,Flood,1,0.0,0.0,0,0
ILLINOIS,MOULTRIE,2020-01-11,Flood,1,0.0,0.0,0,0
ILLINOIS,MOULTRIE,2020-01-12,Flood,1,0.0,0.0,0,0
ILLINOIS,MOULTRIE,2022-02-02,Winter Storm,1,0.0,0.0,0,0
ILLINOIS,MOULTRIE,2022-02-03,Winter Storm,1,0.0,0.0,0,0
ILLINOIS,MOULTRIE,2022-12-22,Winter Storm,1,0.0,0.0,0,0
ILLINOIS,MOULTRIE,2022-12-23,Winter Storm,1,0.0,0.0,0,0
ILLINOIS,MOULTRIE,2023-07-27,Excessive Heat,1,0.0,0.0,0,0
ILLINOIS,MOULTRIE,2023-07-28,Excessive Heat,1,0.0,0.0,0,0
ILLINOIS,MOULTRIE,2023-08-20,Excessive Heat,1,0.0,0.0,0,0
ILLINOIS,MOULTRIE,2023-08-21,Excessive Heat,1,0.0,0.0,0,0
ILLINOIS,MOULTRIE,2023-08-22,Excessive Heat,1,0.0,0.0,0,0
ILLINOIS,MOULTRIE,2023-08-23,Excessive Heat,1,0.0,0.0,0,0
ILLINOIS,MOULTRIE,2023-08-24,Excessive Heat,1,0.0,0.0,0,0
ILLINOIS,MOULTRIE,2023-08-25,Excessive Heat,1,0.0,0.0,0,0
ILLINOIS,Massac,2015-07-27,Excessive Heat,1,0.0,0.0,0,0
ILLINOIS,Massac,2015-07-28,Excessive Heat,1,0.0,0.0,0,0
ILLINOIS,Massac,2015-07-29,Excessive Heat,1,0.0,0.0,0,0
ILLINOIS,NORTHERN COOK COUNTY,2021-01-25,Winter Storm,1,0.0,0.0,0,0
ILLINOIS,NORTHERN COOK COUNTY,2021-01-26,Winter Storm,1,0.0,0.0,0,0
ILLINOIS,NORTHERN COOK COUNTY,2021-01-30,Winter Storm,1,0.0,0.0,0,0
ILLINOIS,NORTHERN COOK COUNTY,2021-01-31,Winter Storm,1,0.0,0.0,0,0
ILLINOIS,NORTHERN COOK COUNTY,2021-02-15,Winter Storm,1,0.0,0.0,0,0
ILLINOIS,NORTHERN COOK COUNTY,2021-02-16,Winter Storm,1,0.0,0.0,0,0
ILLINOIS,NORTHERN COOK COUNTY,2022-01-01,Winter Storm,1,0.0,0.0,0,0
ILLINOIS,NORTHERN COOK COUNTY,2022-01-02,Winter Storm,1,0.0,0.0,0,0
ILLINOIS,NORTHERN COOK COUNTY,2022-12-22,Winter Storm,1,0.0,0.0,0,0
ILLINOIS,NORTHERN COOK COUNTY,2022-12-23,Winter Storm,1,0.0,0.0,0,0
ILLINOIS,NORTHERN COOK COUNTY,2022-12-24,Winter Storm,1,0.0,0.0,0,0
ILLINOIS,NORTHERN COOK COUNTY,2023-07-26,Excessive Heat,1,0.0,0.0,0,0
ILLINOIS,NORTHERN COOK COUNTY,2023-07-27,Excessive Heat,1,0.0,0.0,0,0
ILLINOIS,NORTHERN COOK COUNTY,2023-07-28,Excessive Heat,1,0.0,0.0,0,0
ILLINOIS,NORTHERN COOK COUNTY,2023-08-23,Excessive Heat,1,0.0,0.0,0,0
ILLINOIS,NORTHERN COOK COUNTY,2023-08-24,Excessive Heat,1,0.0,0.0,0,0
ILLINOIS,NORTHERN COOK COUNTY,2024-01-08,Winter Storm,1,0.0,0.0,0,0
ILLINOIS,NORTHERN COOK COUNTY,2024-01-09,Winter Storm,1,0.0,0.0,0,0
ILLINOIS,NORTHERN COOK COUNTY,2024-01-12,Winter Storm,1,0.0,0.0,0,0
ILLINOIS,NORTHERN COOK COUNTY,2024-01-13,Winter Storm,1,0.0,0.0,0,0
ILLINOIS,NORTHERN COOK COUNTY,2025-06-21,Excessive Heat,1,0.0,0.0,0,0
ILLINOIS,NORTHERN COOK COUNTY,2025-11-29,Winter Storm,1,0.0,0.0,0,0
ILLINOIS,NORTHERN COOK COUNTY,2025-11-30,Winter Storm,1,0.0,0.0,0,0
ILLINOIS,NORTHERN COOK COUNTY,2025-12-06,Winter Storm,1,0.0,0.0,0,0
ILLINOIS,NORTHERN COOK COUNTY,2025-12-07,Winter Storm,1,0.0,0.0,0,0
ILLINOIS,NORTHERN WILL COUNTY,2021-01-30,Winter Storm,1,0.0,0.0,0,0
ILLINOIS,NORTHERN WILL COUNTY,2021-01-31,Winter Storm,1,0.0,0.0,0,0
ILLINOIS,NORTHERN WILL COUNTY,2021-02-15,Winter Storm,1,0.0,0.0,0,0
ILLINOIS,NORTHERN WILL COUNTY,2021-02-16,Winter Storm,1,0.0,0.0,0,0
ILLINOIS,NORTHERN WILL COUNTY,2022-02-01,Winter Storm,1,0.0,0.0,0,0
ILLINOIS,NORTHERN WILL COUNTY,2022-02-02,Winter Storm,1,0.0,0.0,0,0
ILLINOIS,NORTHERN WILL COUNTY,2022-12-22,Winter Storm,1,0.0,0.0,0,0
ILLINOIS,NORTHERN WILL COUNTY,2022-12-23,Winter Storm,1,0.0,0.0,0,0
ILLINOIS,NORTHERN WILL COUNTY,2022-12-24,Winter Storm,1,0.0,0.0,0,0
ILLINOIS,NORTHERN WILL COUNTY,2023-07-26,Excessive Heat,1,0.0,0.0,0,0
ILLINOIS,NORTHERN WILL COUNTY,2023-07-27,Excessive Heat,1,0.0,0.0,0,0
ILLINOIS,NORTHERN WILL COUNTY,2023-07-28,Excessive Heat,1,0.0,0.0,0,0
ILLINOIS,NORTHERN WILL COUNTY,2023-08-23,Excessive Heat,1,0.0,0.0,0,0
ILLINOIS,NORTHERN WILL COUNTY,2023-08-24,Excessive Heat,1,0.0,0.0,0,0
ILLINOIS,NORTHERN WILL COUNTY,2024-01-12,Winter Storm,1,0.0,0.0,0,0
ILLINOIS,NORTHERN WILL COUNTY,2025-06-21,Excessive Heat,1,0.0,0.0,0,0
ILLINOIS,NORTHERN WILL COUNTY,2025-07-23,Excessive Heat,1,0.0,0.0,0,0
ILLINOIS,NORTHERN WILL COUNTY,2025-11-29,Winter Storm,1,0.0,0.0,0,0
ILLINOIS,NORTHERN WILL COUNTY,2025-11-30,Winter Storm,1,0.0,0.0,0,0
ILLINOIS,OGLE,2010-02-08,Winter Storm,1,0.0,0.0,0,0
ILLINOIS,OGLE,2010-02-09,Winter Storm,1,0.0,0.0,0,0
ILLINOIS,OGLE,2010-07-24,Flood,1,0.0,0.0,0,0
ILLINOIS,OGLE,2010-12-11,Winter Storm,1,0.0,0.0,0,0
ILLINOIS,OGLE,2010-12-12,Winter Storm,1,0.0,0.0,0,0
ILLINOIS,OGLE,2011-02-01,Blizzard,1,0.0,0.0,0,0
ILLINOIS,OGLE,2011-02-02,Blizzard,1,0.0,0.0,0,0
ILLINOIS,OGLE,2011-05-29,Flood,1,0.0,0.0,0,0
ILLINOIS,OGLE,2012-01-20,Winter Storm,1,0.0,0.0,0,0
ILLINOIS,OGLE,2012-07-04,Excessive Heat,1,0.0,0.0,0,0
ILLINOIS,OGLE,2012-07-05,Excessive Heat,1,0.0,0.0,0,0
ILLINOIS,OGLE,2012-07-06,Excessive Heat,1,0.0,0.0,0,0
ILLINOIS,OGLE,2012-07-07,Excessive Heat,1,0.0,0.0,0,0
ILLINOIS,OGLE,2013-03-05,Winter Storm,1,0.0,0.0,0,0
ILLINOIS,OGLE,2014-01-26,Winter Storm,1,0.0,0.0,0,0
ILLINOIS,OGLE,2014-01-27,Winter Storm,1,0.0,0.0,0,0
ILLINOIS,OGLE,2015-02-01,Blizzard,1,0.0,0.0,0,0
ILLINOIS,OGLE,2015-02-02,Blizzard,1,0.0,0.0,0,0
ILLINOIS,OGLE,2015-06-15,Flood,1,0.0,0.0,0,0
ILLINOIS,OGLE,2017-07-05,Flood,1,0.0,0.0,0,0
ILLINOIS,OGLE,2017-07-21,Flood,1,0.0,0.0,0,0
ILLINOIS,OGLE,2018-02-20,Flood,1,0.0,0.0,0,0
ILLINOIS,OGLE,2018-06-15,Flood,1,0.0,0.0,0,0
ILLINOIS,OGLE,2018-08-07,Flood,1,0.0,0.0,0,0
ILLINOIS,OGLE,2018-10-07,Flood,1,0.0,0.0,0,0
ILLINOIS,OGLE,2018-10-08,Flood,1,0.0,0.0,0,0
ILLINOIS,OGLE,2018-10-09,Flood,1,0.0,0.0,0,0
ILLINOIS,OGLE,2018-10-10,Flood,1,0.0,0.0,0,0
ILLINOIS,OGLE,2018-10-11,Flood,1,0.0,0.0,0,0
ILLINOIS,OGLE,2018-10-12,Flood,1,0.0,0.0,0,0
ILLINOIS,OGLE,2018-10-13,Flood,1,0.0,0.0,0,0
ILLINOIS,OGLE,2018-10-14,Flood,1,0.0,0.0,0,0
ILLINOIS,OGLE,2018-10-15,Flood,1,0.0,0.0,0,0
ILLINOIS,OGLE,2018-10-16,Flood,1,0.0,0.0,0,0
ILLINOIS,OGLE,2018-11-25,Winter Storm,1,0.0,0.0,0,0
ILLINOIS,OGLE,2018-11-26,Winter Storm,1,0.0,0.0,0,0
ILLINOIS,OGLE,2019-01-18,Winter Storm,1,0.0,0.0,0,0
ILLINOIS,OGLE,2019-01-19,Winter Storm,1,0.0,0.0,0,0
ILLINOIS,OGLE,2019-03-13,Flood,1,0.0,0.0,0,0
ILLINOIS,OGLE,2019-03-14,Flood,1,0.0,0.0,0,0
ILLINOIS,OGLE,2019-03-15,Flood,1,0.0,0.0,0,0
ILLINOIS,OGLE,2019-03-16,Flood,1,0.0,0.0,0,0
ILLINOIS,OGLE,2019-03-17,Flood,1,0.0,0.0,0,0
ILLINOIS,OGLE,2019-03-18,Flood,1,0.0,0.0,0,0
ILLINOIS,OGLE,2019-03-19,Flood,1,0.0,0.0,0,0
ILLINOIS,OGLE,2019-03-20,Flood,1,0.0,0.0,0,0
ILLINOIS,OGLE,2019-03-21,Flood,1,0.0,0.0,0,0
ILLINOIS,OGLE,2019-03-22,Flood,1,0.0,0.0,0,0
ILLINOIS,OGLE,2019-03-23,Flood,1,0.0,0.0,0,0
ILLINOIS,OGLE,2019-07-19,Excessive Heat,1,0.0,0.0,0,0
ILLINOIS,OGLE,2019-07-20,Excessive Heat,1,0.0,0.0,0,0
ILLINOIS,OGLE,2019-09-03,Flood,1,0.0,0.0,0,0
ILLINOIS,OGLE,2020-12-29,Winter Storm,1,0.0,0.0,0,0
ILLINOIS,OGLE,2020-12-30,Winter Storm,1,0.0,0.0,0,0
ILLINOIS,OGLE,2021-01-30,Winter Storm,1,0.0,0.0,0,0
ILLINOIS,OGLE,2021-01-31,Winter Storm,1,0.0,0.0,0,0
ILLINOIS,OGLE,2021-02-04,Winter Storm,1,0.0,0.0,0,0
ILLINOIS,OGLE,2021-02-05,Winter Storm,1,0.0,0.0,0,0
ILLINOIS,OGLE,2022-12-22,Winter Storm,1,0.0,0.0,0,0
ILLINOIS,OGLE,2022-12-23,Winter Storm,1,0.0,0.0,0,0
ILLINOIS,OGLE,2022-12-24,Winter Storm,1,0.0,0.0,0,0
ILLINOIS,OGLE,2023-03-09,Winter Storm,1,0.0,0.0,0,0
ILLINOIS,OGLE,2023-03-10,Winter Storm,1,0.0,0.0,0,0
ILLINOIS,OGLE,2023-03-25,Winter Storm,1,0.0,0.0,0,0
ILLINOIS,OGLE,2023-04-04,Flood,1,0.0,0.0,0,0
ILLINOIS,OGLE,2023-07-26,Excessive Heat,1,0.0,0.0,0,0
ILLINOIS,OGLE,2023-07-27,Excessive Heat,1,0.0,0.0,0,0
ILLINOIS,OGLE,2023-07-28,Excessive Heat,1,0.0,0.0,0,0
ILLINOIS,OGLE,2023-08-23,Excessive Heat,1,0.0,0.0,0,0
ILLINOIS,OGLE,2023-08-24,Excessive Heat,1,0.0,0.0,0,0
ILLINOIS,OGLE,2024-01-12,Winter Storm,1,0.0,0.0,0,0
ILLINOIS,OGLE,2024-01-13,Winter Storm,1,0.0,0.0,0,0
ILLINOIS,OGLE,2024-03-22,Winter Storm,1,0.0,0.0,0,0
ILLINOIS,OGLE,2025-06-21,Excessive Heat,1,0.0,0.0,0,0
ILLINOIS,OGLE,2025-11-28,Winter Storm,1,0.0,0.0,0,0
ILLINOIS,OGLE,2025-11-29,Winter Storm,1,0.0,0.0,0,0
ILLINOIS,OGLE,2025-11-30,Winter Storm,1,0.0,0.0,0,0
ILLINOIS,OGLE,2025-12-06,Winter Storm,1,0.0,0.0,0,0
ILLINOIS,OGLE,2025-12-07,Winter Storm,1,0.0,0.0,0,0
ILLINOIS,PEORIA,2010-01-06,Winter Storm,1,0.0,0.0,0,0
ILLINOIS,PEORIA,2010-01-07,Winter Storm,1,0.0,0.0,0,0
ILLINOIS,PEORIA,2010-02-08,Winter Storm,1,0.0,0.0,0,0
ILLINOIS,PEORIA,2010-02-09,Winter Storm,1,0.0,0.0,0,0
ILLINOIS,PEORIA,2010-08-11,Excessive Heat,1,0.0,0.0,0,0
ILLINOIS,PEORIA,2010-08-12,Excessive Heat,1,0.0,0.0,0,0
ILLINOIS,PEORIA,2010-08-13,Excessive Heat,1,0.0,0.0,0,0
ILLINOIS,PEORIA,2010-12-12,Blizzard,1,0.0,0.0,0,0
ILLINOIS,PEORIA,2010-12-13,Blizzard,1,0.0,0.0,0,0
ILLINOIS,PEORIA,2011-02-01,Blizzard,1,750000.0,0.0,0,0
ILLINOIS,PEORIA,2011-02-02,Blizzard,1,750000.0,0.0,0,0
ILLINOIS,PEORIA,2011-08-02,Excessive Heat,1,0.0,0.0,0,0
ILLINOIS,PEORIA,2012-06-29,Excessive Heat,1,0.0,0.0,0,0
ILLINOIS,PEORIA,2012-06-30,Excessive Heat,1,0.0,0.0,0,0
ILLINOIS,PEORIA,2012-07-01,Excessive Heat,1,0.0,0.0,0,1
ILLINOIS,PEORIA,2012-07-02,Excessive Heat,1,0.0,0.0,0,1
ILLINOIS,PEORIA,2012-07-03,Excessive Heat,1,0.0,0.0,0,1
ILLINOIS,PEORIA,2012-07-04,Excessive Heat,1,0.0,0.0,0,1
ILLINOIS,PEORIA,2012-07-05,Excessive Heat,1,0.0,0.0,0,1
ILLINOIS,PEORIA,2012-07-06,Excessive Heat,1,0.0,0.0,0,1
ILLINOIS,PEORIA,2012-07-07,Excessive Heat,1,0.0,0.0,0,1
ILLINOIS,PEORIA,2012-12-20,Blizzard,1,0.0,0.0,0,0
ILLINOIS,PEORIA,2013-04-18,Flood,1,0.0,0.0,0,0
ILLINOIS,PEORIA,2013-04-19,Flood,1,0.0,0.0,0,0
ILLINOIS,PEORIA,2013-04-20,Flood,1,0.0,0.0,0,0
ILLINOIS,PEORIA,2013-04-21,Flood,1,0.0,0.0,0,0
ILLINOIS,PEORIA,2013-04-22,Flood,1,0.0,0.0,0,0
ILLINOIS,PEORIA,2013-04-23,Flood,1,0.0,0.0,0,0
ILLINOIS,PEORIA,2013-04-24,Flood,1,0.0,0.0,0,0
ILLINOIS,PEORIA,2013-04-25,Flood,1,0.0,0.0,0,0
ILLINOIS,PEORIA,2013-04-26,Flood,1,0.0,0.0,0,0
ILLINOIS,PEORIA,2013-04-27,Flood,1,0.0,0.0,0,0
ILLINOIS,PEORIA,2013-04-28,Flood,1,0.0,0.0,0,0
ILLINOIS,PEORIA,2013-04-29,Flood,1,0.0,0.0,0,0
ILLINOIS,PEORIA,2013-04-30,Flood,1,0.0,0.0,0,0
ILLINOIS,PEORIA,2013-05-01,Flood,1,28000000.0,0.0,0,1
ILLINOIS,PEORIA,2013-05-02,Flood,1,28000000.0,0.0,0,1
ILLINOIS,PEORIA,2013-05-03,Flood,1,28000000.0,0.0,0,1
ILLINOIS,PEORIA,2013-05-04,Flood,1,28000000.0,0.0,0,1
ILLINOIS,PEORIA,2013-05-05,Flood,1,28000000.0,0.0,0,1
ILLINOIS,PEORIA,2013-05-06,Flood,1,28000000.0,0.0,0,1
ILLINOIS,PEORIA,2013-05-07,Flood,1,28000000.0,0.0,0,1
ILLINOIS,PEORIA,2013-05-08,Flood,1,28000000.0,0.0,0,1
ILLINOIS,PEORIA,2013-05-27,Flood,1,0.0,0.0,0,0
ILLINOIS,PEORIA,2014-02-17,Winter Storm,1,0.0,0.0,0,0
ILLINOIS,PEORIA,2017-04-29,Flood,1,0.0,0.0,0,0
ILLINOIS,PEORIA,2017-04-30,Flood,1,0.0,0.0,0,0
ILLINOIS,PEORIA,2017-06-17,Flood,1,0.0,0.0,0,0
ILLINOIS,PEORIA,2017-06-18,Flood,1,0.0,0.0,0,0
ILLINOIS,PEORIA,2018-11-25,Blizzard,1,0.0,0.0,0,0
ILLINOIS,PEORIA,2018-11-26,Blizzard,1,0.0,0.0,0,0
ILLINOIS,PEORIA,2019-01-19,Winter Storm,1,0.0,0.0,0,0
ILLINOIS,PEORIA,2019-07-17,Excessive Heat,1,0.0,0.0,0,1
ILLINOIS,PEORIA,2019-07-18,Excessive Heat,1,0.0,0.0,0,1
ILLINOIS,PEORIA,2019-07-19,Excessive Heat,1,0.0,0.0,0,1
ILLINOIS,PEORIA,2019-07-20,Excessive Heat,1,0.0,0.0,0,1
ILLINOIS,PEORIA,2022-02-01,Winter Storm,1,0.0,0.0,0,0
ILLINOIS,PEORIA,2022-02-02,Winter Storm,1,0.0,0.0,0,0
ILLINOIS,PEORIA,2022-02-03,Winter Storm,1,0.0,0.0,0,0
ILLINOIS,PEORIA,2022-12-22,Winter Storm,1,0.0,0.0,0,0
ILLINOIS,PEORIA,2022-12-23,Winter Storm,1,0.0,0.0,0,0
ILLINOIS,PEORIA,2023-07-27,Excessive Heat,1,0.0,0.0,0,1
ILLINOIS,PEORIA,2023-07-28,Excessive Heat,1,0.0,0.0,0,1
ILLINOIS,PEORIA,2023-08-20,Excessive Heat,1,0.0,0.0,0,0
ILLINOIS,PEORIA,2023-08-21,Excessive Heat,1,0.0,0.0,0,0
ILLINOIS,PEORIA,2023-08-22,Excessive Heat,1,0.0,0.0,0,0
ILLINOIS,PEORIA,2023-08-23,Excessive Heat,1,0.0,0.0,0,0
ILLINOIS,PEORIA,2023-08-24,Excessive Heat,1,0.0,0.0,0,0
ILLINOIS,PEORIA,2023-08-25,Excessive Heat,1,0.0,0.0,0,0
ILLINOIS,PEORIA,2024-08-27,Excessive Heat,1,0.0,0.0,0,0
ILLINOIS,PERRY,2010-08-03,Excessive Heat,1,0.0,0.0,0,0
ILLINOIS,PERRY,2010-08-04,Excessive Heat,1,0.0,0.0,0,0
ILLINOIS,PERRY,2010-08-09,Excessive Heat,1,0.0,0.0,0,0
ILLINOIS,PERRY,2010-08-10,Excessive Heat,1,0.0,0.0,0,0
ILLINOIS,PERRY,2010-08-11,Excessive Heat,1,0.0,0.0,0,0
ILLINOIS,PERRY,2010-08-12,Excessive Heat,1,0.0,0.0,0,0
ILLINOIS,PERRY,2010-08-13,Excessive Heat,1,0.0,0.0,0,0
ILLINOIS,PERRY,2010-08-14,Excessive Heat,1,0.0,0.0,0,0
ILLINOIS,PERRY,2010-08-15,Excessive Heat,1,0.0,0.0,0,0
ILLINOIS,PERRY,2011-02-05,Winter Storm,1,0.0,0.0,0,0
ILLINOIS,PERRY,2011-04-24,Flood,1,0.0,0.0,0,0
ILLINOIS,PERRY,2011-04-25,Flood,1,0.0,0.0,0,0
ILLINOIS,PERRY,2011-04-26,Flood,1,0.0,0.0,0,0
ILLINOIS,PERRY,2011-04-27,Flood,1,0.0,0.0,0,0
ILLINOIS,PERRY,2011-04-28,Flood,1,0.0,0.0,0,0
ILLINOIS,PERRY,2011-04-29,Flood,1,0.0,0.0,0,0
ILLINOIS,PERRY,2011-04-30,Flood,1,0.0,0.0,0,0
ILLINOIS,PERRY,2011-05-01,Flood,1,30000.0,0.0,0,0
ILLINOIS,PERRY,2011-05-02,Flood,1,30000.0,0.0,0,0
ILLINOIS,PERRY,2011-05-03,Flood,1,30000.0,0.0,0,0
ILLINOIS,PERRY,2011-05-04,Flood,1,30000.0,0.0,0,0
ILLINOIS,PERRY,2011-05-05,Flood,1,30000.0,0.0,0,0
ILLINOIS,PERRY,2011-05-06,Flood,1,30000.0,0.0,0,0
ILLINOIS,PERRY,2011-05-07,Flood,1,30000.0,0.0,0,0
ILLINOIS,PERRY,2011-05-08,Flood,1,30000.0,0.0,0,0
ILLINOIS,PERRY,2011-05-09,Flood,1,30000.0,0.0,0,0
ILLINOIS,PERRY,2011-05-10,Flood,1,30000.0,0.0,0,0
ILLINOIS,PERRY,2011-07-10,Excessive Heat,1,0.0,0.0,0,0
ILLINOIS,PERRY,2011-07-11,Excessive Heat,1,0.0,0.0,0,0
ILLINOIS,PERRY,2011-07-12,Excessive Heat,1,0.0,0.0,0,0
ILLINOIS,PERRY,2011-07-19,Excessive Heat,1,0.0,0.0,0,0
ILLINOIS,PERRY,2011-07-20,Excessive Heat,1,0.0,0.0,0,0
ILLINOIS,PERRY,2011-07-21,Excessive Heat,1,0.0,0.0,0,0
ILLINOIS,PERRY,2011-07-22,Excessive Heat,1,0.0,0.0,0,0
ILLINOIS,PERRY,2011-07-23,Excessive Heat,1,0.0,0.0,0,0
ILLINOIS,PERRY,2011-07-24,Excessive Heat,1,0.0,0.0,0,0
ILLINOIS,PERRY,2011-08-03,Excessive Heat,1,0.0,0.0,0,0
ILLINOIS,PERRY,2012-07-01,Excessive Heat,1,0.0,0.0,0,0
ILLINOIS,PERRY,2012-07-02,Excessive Heat,1,0.0,0.0,0,0
ILLINOIS,PERRY,2012-07-03,Excessive Heat,1,0.0,0.0,0,0
ILLINOIS,PERRY,2012-07-04,Excessive Heat,1,0.0,0.0,0,0
ILLINOIS,PERRY,2012-07-05,Excessive Heat,1,0.0,0.0,0,0
ILLINOIS,PERRY,2012-07-06,Excessive Heat,1,0.0,0.0,0,0
ILLINOIS,PERRY,2012-07-07,Excessive Heat,1,0.0,0.0,0,0
ILLINOIS,PERRY,2012-07-08,Excessive Heat,1,0.0,0.0,0,0
ILLINOIS,PERRY,2012-12-26,Winter Storm,1,0.0,0.0,0,0
ILLINOIS,PERRY,2012-12-28,Winter Storm,1,0.0,0.0,0,0
ILLINOIS,PERRY,2012-12-29,Winter Storm,1,0.0,0.0,0,0
ILLINOIS,PERRY,2013-02-21,Winter Storm,1,0.0,0.0,0,0
ILLINOIS,PERRY,2013-12-05,Winter Storm,1,0.0,0.0,0,0
ILLINOIS,PERRY,2013-12-06,Winter Storm,1,0.0,0.0,0,0
ILLINOIS,PERRY,2014-01-05,Winter Storm,1,0.0,0.0,0,0
ILLINOIS,PERRY,2014-02-04,Winter Storm,1,0.0,0.0,0,0
ILLINOIS,PERRY,2014-03-02,Winter Storm,1,0.0,0.0,0,0
ILLINOIS,PERRY,2014-03-03,Winter Storm,1,0.0,0.0,0,0
ILLINOIS,PERRY,2015-02-20,Winter Storm,1,0.0,0.0,0,0
ILLINOIS,PERRY,2015-02-21,Winter Storm,1,0.0,0.0,0,0
ILLINOIS,PERRY,2015-03-04,Winter Storm,1,0.0,0.0,0,0
ILLINOIS,PERRY,2015-12-28,Flood,1,0.0,0.0,0,0
ILLINOIS,PERRY,2015-12-29,Flood,1,0.0,0.0,0,0
ILLINOIS,PERRY,2016-02-24,Winter Storm,1,30000.0,0.0,0,0
ILLINOIS,PERRY,2016-08-14,Flood,1,0.0,0.0,0,0
ILLINOIS,PERRY,2016-09-16,Flood,1,0.0,0.0,0,0
ILLINOIS,PERRY,2017-07-19,Excessive Heat,1,0.0,0.0,0,0
ILLINOIS,PERRY,2017-07-20,Excessive Heat,1,0.0,0.0,0,0
ILLINOIS,PERRY,2017-07-21,Excessive Heat,1,0.0,0.0,0,0
ILLINOIS,PERRY,2017-07-22,Excessive Heat,1,0.0,0.0,0,0
ILLINOIS,PERRY,2018-05-18,Flood,1,0.0,0.0,0,0
ILLINOIS,PERRY,2018-07-05,Excessive Heat,1,0.0,0.0,0,0
ILLINOIS,PERRY,2018-07-14,Excessive Heat,1,0.0,0.0,0,0
ILLINOIS,PERRY,2018-12-15,Flood,1,0.0,0.0,0,0
ILLINOIS,PERRY,2018-12-16,Flood,1,0.0,0.0,0,0
ILLINOIS,PERRY,2019-03-24,Flood,1,0.0,0.0,0,0
ILLINOIS,PERRY,2019-07-18,Excessive Heat,1,0.0,0.0,0,0
ILLINOIS,PERRY,2019-07-19,Excessive Heat,1,0.0,0.0,0,0
ILLINOIS,PERRY,2019-07-20,Excessive Heat,1,0.0,0.0,0,0
ILLINOIS,PERRY,2019-07-21,Excessive Heat,1,0.0,0.0,0,0
ILLINOIS,PERRY,2021-02-14,Winter Storm,1,0.0,0.0,0,0
ILLINOIS,PERRY,2021-02-15,Winter Storm,1,0.0,0.0,0,0
ILLINOIS,PERRY,2022-02-02,Winter Storm,1,0.0,0.0,0,0
ILLINOIS,PERRY,2022-02-03,Winter Storm,1,0.0,0.0,0,0
ILLINOIS,PERRY,2022-02-23,Winter Storm,1,5000.0,0.0,0,0
ILLINOIS,PERRY,2022-02-24,Winter Storm,1,5000.0,0.0,0,0
ILLINOIS,PERRY,2022-06-12,Excessive Heat,1,0.0,0.0,0,0
ILLINOIS,PERRY,2022-06-13,Excessive Heat,1,0.0,0.0,0,0
ILLINOIS,PERRY,2022-06-14,Excessive Heat,1,0.0,0.0,0,0
ILLINOIS,PERRY,2022-06-15,Excessive Heat,1,0.0,0.0,0,0
ILLINOIS,PERRY,2022-06-16,Excessive Heat,1,0.0,0.0,0,0
ILLINOIS,PERRY,2022-07-04,Excessive Heat,1,0.0,0.0,0,0
ILLINOIS,PERRY,2022-07-05,Excessive Heat,1,0.0,0.0,0,0
ILLINOIS,PERRY,2022-07-06,Excessive Heat,1,0.0,0.0,0,0
ILLINOIS,PERRY,2022-07-07,Excessive Heat,1,0.0,0.0,0,0
ILLINOIS,PERRY,2022-07-08,Excessive Heat,1,0.0,0.0,0,0
ILLINOIS,PERRY,2022-07-20,Excessive Heat,1,0.0,0.0,0,0
ILLINOIS,PERRY,2022-07-22,Excessive Heat,1,0.0,0.0,0,0
ILLINOIS,PERRY,2022-07-23,Excessive Heat,1,0.0,0.0,0,0
ILLINOIS,PERRY,2022-07-24,Excessive Heat,1,0.0,0.0,0,0
ILLINOIS,PERRY,2022-07-28,Flood,1,0.0,0.0,0,0
ILLINOIS,PERRY,2023-03-25,Flood,1,0.0,0.0,0,0
ILLINOIS,PERRY,2023-06-30,Excessive Heat,1,0.0,0.0,0,0
ILLINOIS,PERRY,2023-07-27,Excessive Heat,1,0.0,0.0,0,0
ILLINOIS,PERRY,2023-07-28,Excessive Heat,1,0.0,0.0,0,0
ILLINOIS,PERRY,2023-08-20,Excessive Heat,1,0.0,0.0,0,0
ILLINOIS,PERRY,2023-08-21,Excessive Heat,1,0.0,0.0,0,0
ILLINOIS,PERRY,2023-08-22,Excessive Heat,1,0.0,0.0,0,0
ILLINOIS,PERRY,2023-08-23,Excessive Heat,1,0.0,0.0,0,0
ILLINOIS,PERRY,2023-08-24,Excessive Heat,1,0.0,0.0,0,0
ILLINOIS,PERRY,2023-08-25,Excessive Heat,1,0.0,0.0,0,0
ILLINOIS,PERRY,2024-07-16,Flood,1,0.0,0.0,0,0
ILLINOIS,PERRY,2024-07-17,Flood,1,0.0,0.0,0,0
ILLINOIS,PERRY,2024-07-31,Excessive Heat,1,0.0,0.0,0,0
ILLINOIS,PERRY,2025-01-05,Winter Storm,1,0.0,0.0,0,0
ILLINOIS,PERRY,2025-01-06,Winter Storm,1,0.0,0.0,0,0
ILLINOIS,PERRY,2025-07-22,Excessive Heat,1,0.0,0.0,0,0
ILLINOIS,PERRY,2025-07-23,Excessive Heat,1,0.0,0.0,0,0
ILLINOIS,PERRY,2025-07-24,Excessive Heat,1,0.0,0.0,0,0
ILLINOIS,PERRY,2025-07-25,Excessive Heat,1,0.0,0.0,0,0
ILLINOIS,PERRY,2025-07-26,Excessive Heat,1,0.0,0.0,0,0
ILLINOIS,PERRY,2025-07-27,Excessive Heat,1,0.0,0.0,0,0
ILLINOIS,PERRY,2025-07-28,Excessive Heat,1,0.0,0.0,0,0
ILLINOIS,PERRY,2025-07-29,Excessive Heat,1,0.0,0.0,0,0
ILLINOIS,PERRY,2025-07-30,Excessive Heat,1,0.0,0.0,0,0
ILLINOIS,PIATT,2010-01-06,Winter Storm,1,0.0,0.0,0,0
ILLINOIS,PIATT,2010-01-07,Winter Storm,1,0.0,0.0,0,0
ILLINOIS,PIATT,2010-08-03,Excessive Heat,1,0.0,0.0,0,0
ILLINOIS,PIATT,2010-08-04,Excessive Heat,1,0.0,0.0,0,0
ILLINOIS,PIATT,2010-08-11,Excessive Heat,1,0.0,0.0,0,0
ILLINOIS,PIATT,2010-08-12,Excessive Heat,1,0.0,0.0,0,0
ILLINOIS,PIATT,2010-08-13,Excessive Heat,1,0.0,0.0,0,0
ILLINOIS,PIATT,2010-08-14,Excessive Heat,1,0.0,0.0,0,0
ILLINOIS,PIATT,2010-12-12,Blizzard,1,0.0,0.0,0,0
ILLINOIS,PIATT,2010-12-13,Blizzard,1,0.0,0.0,0,0
ILLINOIS,PIATT,2011-02-01,Winter Storm,1,10000.0,0.0,0,0
ILLINOIS,PIATT,2011-02-02,Winter Storm,1,10000.0,0.0,0,0
ILLINOIS,PIATT,2012-06-29,Excessive Heat,1,0.0,0.0,0,0
ILLINOIS,PIATT,2012-06-30,Excessive Heat,1,0.0,0.0,0,0
ILLINOIS,PIATT,2012-07-01,Excessive Heat,1,0.0,0.0,0,0
ILLINOIS,PIATT,2012-07-02,Excessive Heat,1,0.0,0.0,0,0
ILLINOIS,PIATT,2012-07-03,Excessive Heat,1,0.0,0.0,0,0
ILLINOIS,PIATT,2012-07-04,Excessive Heat,1,0.0,0.0,0,0
ILLINOIS,PIATT,2012-07-05,Excessive Heat,1,0.0,0.0,0,0
ILLINOIS,PIATT,2012-07-06,Excessive Heat,1,0.0,0.0,0,0
ILLINOIS,PIATT,2012-07-07,Excessive Heat,1,0.0,0.0,0,0
ILLINOIS,PIATT,2014-07-12,Flood,1,0.0,0.0,0,0
ILLINOIS,PIATT,2016-02-24,Blizzard,1,0.0,0.0,0,0
ILLINOIS,PIATT,2017-05-04,Flood,1,0.0,0.0,0,0
ILLINOIS,PIATT,2017-05-05,Flood,1,0.0,0.0,0,0
ILLINOIS,PIATT,2022-02-02,Winter Storm,1,0.0,0.0,0,0
ILLINOIS,PIATT,2022-02-03,Winter Storm,1,0.0,0.0,0,0
ILLINOIS,PIATT,2022-12-22,Winter Storm,1,0.0,0.0,0,0
ILLINOIS,PIATT,2022-12-23,Winter Storm,1,0.0,0.0,0,0
ILLINOIS,PIATT,2023-07-27,Excessive Heat,1,0.0,0.0,0,0
ILLINOIS,PIATT,2023-07-28,Excessive Heat,1,0.0,0.0,0,0
ILLINOIS,PIATT,2023-08-20,Excessive Heat,1,0.0,0.0,0,0
ILLINOIS,PIATT,2023-08-21,Excessive Heat,1,0.0,0.0,0,0
ILLINOIS,PIATT,2023-08-22,Excessive Heat,1,0.0,0.0,0,0
ILLINOIS,PIATT,2023-08-23,Excessive Heat,1,0.0,0.0,0,0
ILLINOIS,PIATT,2023-08-24,Excessive Heat,1,0.0,0.0,0,0
ILLINOIS,PIATT,2023-08-25,Excessive Heat,1,0.0,0.0,0,0
ILLINOIS,PIATT,2024-05-24,Flood,1,0.0,0.0,0,0
ILLINOIS,PIATT,2024-08-27,Excessive Heat,1,0.0,0.0,0,0
ILLINOIS,PIKE,2010-06-14,Flood,1,0.0,0.0,0,0
ILLINOIS,PIKE,2010-06-15,Flood,1,0.0,0.0,0,0
ILLINOIS,PIKE,2010-06-16,Flood,1,0.0,0.0,0,0
ILLINOIS,PIKE,2010-06-17,Flood,1,0.0,0.0,0,0
ILLINOIS,PIKE,2010-06-18,Excessive Heat,1,0.0,0.0,0,0
ILLINOIS,PIKE,2010-06-18,Flood,1,0.0,0.0,0,0
ILLINOIS,PIKE,2010-06-19,Excessive Heat,1,0.0,0.0,0,0
ILLINOIS,PIKE,2010-06-19,Flood,1,0.0,0.0,0,0
ILLINOIS,PIKE,2010-06-20,Excessive Heat,1,0.0,0.0,0,0
ILLINOIS,PIKE,2010-06-20,Flood,1,0.0,0.0,0,0
ILLINOIS,PIKE,2010-06-21,Excessive Heat,1,0.0,0.0,0,0
ILLINOIS,PIKE,2010-06-21,Flood,1,0.0,0.0,0,0
ILLINOIS,PIKE,2010-06-22,Excessive Heat,1,0.0,0.0,0,0
ILLINOIS,PIKE,2010-06-22,Flood,1,0.0,0.0,0,0
ILLINOIS,PIKE,2010-06-23,Excessive Heat,1,0.0,0.0,0,0
ILLINOIS,PIKE,2010-06-23,Flood,1,0.0,0.0,0,0
ILLINOIS,PIKE,2010-06-24,Flood,1,0.0,0.0,0,0
ILLINOIS,PIKE,2010-06-25,Flood,1,0.0,0.0,0,0
ILLINOIS,PIKE,2010-06-26,Flood,1,0.0,0.0,0,0
ILLINOIS,PIKE,2010-06-27,Flood,1,0.0,0.0,0,0
ILLINOIS,PIKE,2010-06-28,Flood,1,0.0,0.0,0,0
ILLINOIS,PIKE,2010-06-29,Flood,1,0.0,0.0,0,0
ILLINOIS,PIKE,2010-06-30,Flood,1,0.0,0.0,0,0
ILLINOIS,PIKE,2010-07-14,Excessive Heat,1,0.0,0.0,0,0
ILLINOIS,PIKE,2010-07-17,Excessive Heat,1,0.0,0.0,0,0
ILLINOIS,PIKE,2010-07-22,Excessive Heat,1,0.0,0.0,0,0
ILLINOIS,PIKE,2010-07-23,Excessive Heat,1,0.0,0.0,0,0
ILLINOIS,PIKE,2010-07-24,Excessive Heat,1,0.0,0.0,0,0
ILLINOIS,PIKE,2010-08-02,Excessive Heat,1,0.0,0.0,0,0
ILLINOIS,PIKE,2010-08-03,Excessive Heat,1,0.0,0.0,0,0
ILLINOIS,PIKE,2010-08-04,Excessive Heat,1,0.0,0.0,0,0
ILLINOIS,PIKE,2010-08-08,Excessive Heat,1,0.0,0.0,0,0
ILLINOIS,PIKE,2010-08-09,Excessive Heat,1,0.0,0.0,0,0
ILLINOIS,PIKE,2010-08-10,Excessive Heat,1,0.0,0.0,0,0
ILLINOIS,PIKE,2010-08-11,Excessive Heat,1,0.0,0.0,0,0
ILLINOIS,PIKE,2010-08-12,Excessive Heat,1,0.0,0.0,0,0
ILLINOIS,PIKE,2010-08-13,Excessive Heat,1,0.0,0.0,0,0
ILLINOIS,PIKE,2010-08-14,Excessive Heat,1,0.0,0.0,0,0
ILLINOIS,PIKE,2011-01-31,Winter Storm,1,0.0,0.0,0,0
ILLINOIS,PIKE,2011-02-01,Blizzard,1,0.0,0.0,0,0
ILLINOIS,PIKE,2011-02-01,Winter Storm,1,0.0,0.0,0,0
ILLINOIS,PIKE,2011-02-02,Blizzard,1,0.0,0.0,0,0
ILLINOIS,PIKE,2011-07-10,Excessive Heat,1,0.0,0.0,0,0
ILLINOIS,PIKE,2011-07-11,Excessive Heat,1,0.0,0.0,0,0
ILLINOIS,PIKE,2011-07-12,Excessive Heat,1,0.0,0.0,0,0
ILLINOIS,PIKE,2011-07-17,Excessive Heat,1,0.0,0.0,0,0
ILLINOIS,PIKE,2011-07-18,Excessive Heat,1,0.0,0.0,0,0
ILLINOIS,PIKE,2011-07-19,Excessive Heat,1,0.0,0.0,0,0
ILLINOIS,PIKE,2011-07-20,Excessive Heat,1,0.0,0.0,0,0
ILLINOIS,PIKE,2011-07-21,Excessive Heat,1,0.0,0.0,0,0
ILLINOIS,PIKE,2011-07-22,Excessive Heat,1,0.0,0.0,0,0
ILLINOIS,PIKE,2011-07-23,Excessive Heat,1,0.0,0.0,0,0
ILLINOIS,PIKE,2011-07-24,Excessive Heat,1,0.0,0.0,0,0
ILLINOIS,PIKE,2011-07-25,Excessive Heat,1,0.0,0.0,0,0
ILLINOIS,PIKE,2011-07-26,Excessive Heat,1,0.0,0.0,0,0
ILLINOIS,PIKE,2011-07-27,Excessive Heat,1,0.0,0.0,0,0
ILLINOIS,PIKE,2011-07-28,Excessive Heat,1,0.0,0.0,0,0
ILLINOIS,PIKE,2011-08-01,Excessive Heat,1,0.0,0.0,0,0
ILLINOIS,PIKE,2011-08-02,Excessive Heat,1,0.0,0.0,0,0
ILLINOIS,PIKE,2011-08-03,Excessive Heat,1,0.0,0.0,0,0
ILLINOIS,PIKE,2012-06-27,Excessive Heat,1,0.0,0.0,0,0
ILLINOIS,PIKE,2012-06-28,Excessive Heat,1,0.0,0.0,0,0
ILLINOIS,PIKE,2012-06-29,Excessive Heat,1,0.0,0.0,0,0
ILLINOIS,PIKE,2012-06-30,Excessive Heat,1,0.0,0.0,0,0
ILLINOIS,PIKE,2012-07-01,Excessive Heat,1,0.0,0.0,0,0
ILLINOIS,PIKE,2012-07-02,Excessive Heat,1,0.0,0.0,0,0
ILLINOIS,PIKE,2012-07-03,Excessive Heat,1,0.0,0.0,0,0
ILLINOIS,PIKE,2012-07-04,Excessive Heat,1,0.0,0.0,0,0
ILLINOIS,PIKE,2012-07-05,Excessive Heat,1,0.0,0.0,0,0
ILLINOIS,PIKE,2012-07-06,Excessive Heat,1,0.0,0.0,0,0
ILLINOIS,PIKE,2012-07-07,Excessive Heat,1,0.0,0.0,0,0
ILLINOIS,PIKE,2012-07-08,Excessive Heat,1,0.0,0.0,0,0
ILLINOIS,PIKE,2012-07-16,Excessive Heat,1,0.0,0.0,0,0
ILLINOIS,PIKE,2012-07-17,Excessive Heat,1,0.0,0.0,0,0
ILLINOIS,PIKE,2012-07-18,Excessive Heat,1,0.0,0.0,0,0
ILLINOIS,PIKE,2012-07-19,Excessive Heat,1,0.0,0.0,0,0
ILLINOIS,PIKE,2012-07-22,Excessive Heat,1,0.0,0.0,0,0
ILLINOIS,PIKE,2012-07-23,Excessive Heat,1,0.0,0.0,0,0
ILLINOIS,PIKE,2012-07-24,Excessive Heat,1,0.0,0.0,0,0
ILLINOIS,PIKE,2012-07-25,Excessive Heat,1,0.0,0.0,0,0
ILLINOIS,PIKE,2012-07-26,Excessive Heat,1,0.0,0.0,0,0
ILLINOIS,PIKE,2012-07-27,Excessive Heat,1,0.0,0.0,0,0
ILLINOIS,PIKE,2013-02-21,Winter Storm,1,0.0,0.0,0,0
ILLINOIS,PIKE,2013-02-22,Winter Storm,1,0.0,0.0,0,0
ILLINOIS,PIKE,2013-03-24,Blizzard,1,0.0,0.0,0,0
ILLINOIS,PIKE,2013-04-12,Flood,1,2000.0,20000.0,0,0
ILLINOIS,PIKE,2013-04-13,Flood,1,2000.0,20000.0,0,0
ILLINOIS,PIKE,2013-04-14,Flood,1,2000.0,20000.0,0,0
ILLINOIS,PIKE,2013-04-15,Flood,1,2000.0,20000.0,0,0
ILLINOIS,PIKE,2013-04-16,Flood,1,2000.0,20000.0,0,0
ILLINOIS,PIKE,2013-04-17,Flood,1,2000.0,20000.0,0,0
ILLINOIS,PIKE,2013-04-18,Flood,1,2000.0,20000.0,0,0
ILLINOIS,PIKE,2013-04-19,Flood,1,7000.0,40000.0,0,0
ILLINOIS,PIKE,2013-04-20,Flood,1,7000.0,40000.0,0,0
ILLINOIS,PIKE,2013-04-21,Flood,1,7000.0,40000.0,0,0
ILLINOIS,PIKE,2013-04-22,Flood,1,7000.0,40000.0,0,0
ILLINOIS,PIKE,2013-04-23,Flood,1,7000.0,40000.0,0,0
ILLINOIS,PIKE,2013-04-24,Flood,1,7000.0,40000.0,0,0
ILLINOIS,PIKE,2013-04-25,Flood,1,7000.0,40000.0,0,0
ILLINOIS,PIKE,2013-04-26,Flood,1,7000.0,40000.0,0,0
ILLINOIS,PIKE,2013-04-27,Flood,1,7000.0,40000.0,0,0
ILLINOIS,PIKE,2013-04-28,Flood,1,7000.0,40000.0,0,0
ILLINOIS,PIKE,2013-04-29,Flood,1,7000.0,40000.0,0,0
ILLINOIS,PIKE,2013-04-30,Flood,1,7000.0,40000.0,0,0
ILLINOIS,PIKE,2013-05-01,Flood,1,4000.0,20000.0,0,0
ILLINOIS,PIKE,2013-05-02,Flood,1,4000.0,20000.0,0,0
ILLINOIS,PIKE,2013-05-03,Flood,1,4000.0,20000.0,0,0
ILLINOIS,PIKE,2013-05-04,Flood,1,4000.0,20000.0,0,0
ILLINOIS,PIKE,2013-05-05,Flood,1,4000.0,20000.0,0,0
ILLINOIS,PIKE,2013-05-06,Flood,1,4000.0,20000.0,0,0
ILLINOIS,PIKE,2013-05-07,Flood,1,4000.0,20000.0,0,0
ILLINOIS,PIKE,2013-05-08,Flood,1,4000.0,20000.0,0,0
ILLINOIS,PIKE,2013-05-09,Flood,1,4000.0,20000.0,0,0
ILLINOIS,PIKE,2013-05-10,Flood,1,4000.0,20000.0,0,0
ILLINOIS,PIKE,2013-05-11,Flood,1,4000.0,20000.0,0,0
ILLINOIS,PIKE,2013-05-12,Flood,1,4000.0,20000.0,0,0
ILLINOIS,PIKE,2013-05-13,Flood,1,4000.0,20000.0,0,0
ILLINOIS,PIKE,2013-05-14,Flood,1,4000.0,20000.0,0,0
ILLINOIS,PIKE,2013-05-15,Flood,1,4000.0,20000.0,0,0
ILLINOIS,PIKE,2013-05-16,Flood,1,4000.0,20000.0,0,0
ILLINOIS,PIKE,2013-05-17,Flood,1,4000.0,20000.0,0,0
ILLINOIS,PIKE,2013-05-18,Flood,1,4000.0,20000.0,0,0
ILLINOIS,PIKE,2013-05-19,Flood,1,4000.0,20000.0,0,0
ILLINOIS,PIKE,2013-05-20,Flood,1,4000.0,20000.0,0,0
ILLINOIS,PIKE,2013-05-21,Flood,1,4000.0,20000.0,0,0
ILLINOIS,PIKE,2013-05-22,Flood,1,4000.0,20000.0,0,0
ILLINOIS,PIKE,2013-05-23,Flood,1,4000.0,20000.0,0,0
ILLINOIS,PIKE,2013-05-24,Flood,1,4000.0,20000.0,0,0
ILLINOIS,PIKE,2013-05-25,Flood,1,4000.0,20000.0,0,0
ILLINOIS,PIKE,2013-05-26,Flood,1,4000.0,20000.0,0,0
ILLINOIS,PIKE,2013-05-27,Flood,1,4000.0,20000.0,0,0
ILLINOIS,PIKE,2013-05-28,Flood,1,4000.0,20000.0,0,0
ILLINOIS,PIKE,2013-05-29,Flood,1,4000.0,20000.0,0,0
ILLINOIS,PIKE,2013-05-30,Flood,1,4000.0,20000.0,0,0
ILLINOIS,PIKE,2013-05-31,Flood,1,4000.0,20000.0,0,0
ILLINOIS,PIKE,2013-06-01,Flood,1,2000.0,10000.0,0,0
ILLINOIS,PIKE,2013-06-02,Flood,1,2000.0,10000.0,0,0
ILLINOIS,PIKE,2013-06-03,Flood,1,2000.0,10000.0,0,0
ILLINOIS,PIKE,2013-06-04,Flood,1,2000.0,10000.0,0,0
ILLINOIS,PIKE,2013-06-05,Flood,1,2000.0,10000.0,0,0
ILLINOIS,PIKE,2013-06-06,Flood,1,2000.0,10000.0,0,0
ILLINOIS,PIKE,2013-06-07,Flood,1,2000.0,10000.0,0,0
ILLINOIS,PIKE,2013-06-08,Flood,1,2000.0,10000.0,0,0
ILLINOIS,PIKE,2013-06-09,Flood,1,2000.0,10000.0,0,0
ILLINOIS,PIKE,2013-06-10,Flood,1,2000.0,10000.0,0,0
ILLINOIS,PIKE,2013-06-11,Flood,1,2000.0,10000.0,0,0
ILLINOIS,PIKE,2013-06-12,Flood,1,2000.0,10000.0,0,0
ILLINOIS,PIKE,2013-06-13,Flood,1,2000.0,10000.0,0,0
ILLINOIS,PIKE,2013-06-14,Flood,1,2000.0,10000.0,0,0
ILLINOIS,PIKE,2013-06-15,Flood,1,2000.0,10000.0,0,0
ILLINOIS,PIKE,2013-06-16,Flood,1,2000.0,10000.0,0,0
ILLINOIS,PIKE,2013-06-17,Flood,1,2000.0,10000.0,0,0
ILLINOIS,PIKE,2013-06-18,Flood,1,2000.0,10000.0,0,0
ILLINOIS,PIKE,2013-06-19,Flood,1,2000.0,10000.0,0,0
ILLINOIS,PIKE,2013-06-20,Flood,1,2000.0,10000.0,0,0
ILLINOIS,PIKE,2013-06-21,Flood,1,2000.0,10000.0,0,0
ILLINOIS,PIKE,2013-06-22,Flood,1,2000.0,10000.0,0,0
ILLINOIS,PIKE,2013-06-23,Flood,1,2000.0,10000.0,0,0
ILLINOIS,PIKE,2013-06-24,Flood,1,2000.0,10000.0,0,0
ILLINOIS,PIKE,2013-06-25,Flood,1,2000.0,10000.0,0,0
ILLINOIS,PIKE,2013-06-26,Flood,1,2000.0,10000.0,0,0
ILLINOIS,PIKE,2013-06-27,Flood,1,2000.0,10000.0,0,0
ILLINOIS,PIKE,2013-06-28,Flood,1,2000.0,10000.0,0,0
ILLINOIS,PIKE,2013-06-29,Flood,1,1000.0,5000.0,0,0
ILLINOIS,PIKE,2013-06-30,Flood,1,1000.0,5000.0,0,0
ILLINOIS,PIKE,2013-12-21,Winter Storm,1,0.0,0.0,0,0
ILLINOIS,PIKE,2013-12-22,Winter Storm,1,0.0,0.0,0,0
ILLINOIS,PIKE,2014-01-05,Winter Storm,1,0.0,0.0,0,0
ILLINOIS,PIKE,2014-02-04,Winter Storm,1,0.0,0.0,0,0
ILLINOIS,PIKE,2014-02-05,Winter Storm,1,0.0,0.0,0,0
ILLINOIS,PIKE,2014-08-20,Excessive Heat,1,0.0,0.0,0,0
ILLINOIS,PIKE,2014-08-21,Excessive Heat,1,0.0,0.0,0,0
ILLINOIS,PIKE,2014-08-22,Excessive Heat,1,0.0,0.0,0,0
ILLINOIS,PIKE,2014-08-23,Excessive Heat,1,0.0,0.0,0,0
ILLINOIS,PIKE,2014-08-24,Excessive Heat,1,0.0,0.0,0,0
ILLINOIS,PIKE,2014-08-25,Excessive Heat,1,0.0,0.0,0,0
ILLINOIS,PIKE,2014-08-26,Excessive Heat,1,0.0,0.0,0,0
ILLINOIS,PIKE,2014-08-27,Excessive Heat,1,0.0,0.0,0,0
ILLINOIS,PIKE,2015-07-12,Excessive Heat,1,0.0,0.0,0,0
ILLINOIS,PIKE,2015-07-13,Excessive Heat,1,0.0,0.0,0,0
ILLINOIS,PIKE,2015-07-17,Excessive Heat,1,0.0,0.0,0,0
ILLINOIS,PIKE,2015-07-18,Excessive Heat,1,0.0,0.0,0,0
ILLINOIS,PIKE,2015-07-27,Excessive Heat,1,0.0,0.0,0,0
ILLINOIS,PIKE,2015-07-28,Excessive Heat,1,0.0,0.0,0,0
ILLINOIS,PIKE,2015-07-29,Excessive Heat,1,0.0,0.0,0,0
ILLINOIS,PIKE,2016-07-18,Excessive Heat,1,0.0,0.0,0,0
ILLINOIS,PIKE,2016-07-19,Excessive Heat,1,0.0,0.0,0,0
ILLINOIS,PIKE,2016-07-20,Excessive Heat,1,0.0,0.0,0,0
ILLINOIS,PIKE,2016-07-21,Excessive Heat,1,0.0,0.0,0,0
ILLINOIS,PIKE,2016-07-22,Excessive Heat,1,0.0,0.0,0,0
ILLINOIS,PIKE,2016-07-23,Excessive Heat,1,0.0,0.0,0,0
ILLINOIS,PIKE,2016-07-24,Excessive Heat,1,0.0,0.0,0,0
ILLINOIS,PIKE,2017-07-19,Excessive Heat,1,0.0,0.0,0,0
ILLINOIS,PIKE,2017-07-20,Excessive Heat,1,0.0,0.0,0,0
ILLINOIS,PIKE,2017-07-21,Excessive Heat,1,0.0,0.0,0,0
ILLINOIS,PIKE,2017-07-22,Excessive Heat,1,0.0,0.0,0,0
ILLINOIS,PIKE,2017-07-23,Excessive Heat,1,0.0,0.0,0,0
ILLINOIS,PIKE,2018-11-25,Blizzard,1,0.0,0.0,0,0
ILLINOIS,PIKE,2018-11-26,Blizzard,1,0.0,0.0,0,0
ILLINOIS,PIKE,2021-01-01,Winter Storm,1,0.0,0.0,0,0
ILLINOIS,PIKE,2022-12-22,Winter Storm,1,0.0,0.0,0,0
ILLINOIS,PIKE,2023-07-27,Excessive Heat,1,0.0,0.0,0,0
ILLINOIS,PIKE,2023-07-28,Excessive Heat,1,0.0,0.0,0,0
ILLINOIS,PIKE,2023-08-20,Excessive Heat,1,0.0,0.0,0,0
ILLINOIS,PIKE,2023-08-21,Excessive Heat,1,0.0,0.0,0,0
ILLINOIS,PIKE,2023-08-22,Excessive Heat,1,0.0,0.0,0,0
ILLINOIS,PIKE,2023-08-23,Excessive Heat,1,0.0,0.0,0,0
ILLINOIS,PIKE,2023-08-24,Excessive Heat,1,0.0,0.0,0,0
ILLINOIS,PIKE,2023-08-25,Excessive Heat,1,0.0,0.0,0,0
ILLINOIS,PIKE,2025-01-05,Winter Storm,1,0.0,0.0,0,0
ILLINOIS,PIKE,2025-01-06,Winter Storm,1,0.0,0.0,0,0
ILLINOIS,PIKE,2025-08-15,Excessive Heat,1,0.0,0.0,0,0
ILLINOIS,PIKE,2025-08-16,Excessive Heat,1,0.0,0.0,0,0
ILLINOIS,PIKE,2025-08-17,Excessive Heat,1,0.0,0.0,0,0
ILLINOIS,PIKE,2025-08-18,Excessive Heat,1,0.0,0.0,0,0
ILLINOIS,PIKE,2025-11-29,Winter Storm,1,0.0,0.0,0,0
ILLINOIS,POPE,2010-05-05,Flood,1,0.0,0.0,0,0
ILLINOIS,POPE,2010-05-06,Flood,1,0.0,0.0,0,0
ILLINOIS,POPE,2010-05-07,Flood,1,0.0,0.0,0,0
ILLINOIS,POPE,2010-05-08,Flood,1,0.0,0.0,0,0
ILLINOIS,POPE,2010-05-09,Flood,1,0.0,0.0,0,0
ILLINOIS,POPE,2010-05-10,Flood,1,0.0,0.0,0,0
ILLINOIS,POPE,2010-05-11,Flood,1,0.0,0.0,0,0
ILLINOIS,POPE,2010-05-12,Flood,1,0.0,0.0,0,0
ILLINOIS,POPE,2010-08-03,Excessive Heat,1,0.0,0.0,2,0
ILLINOIS,POPE,2010-08-04,Excessive Heat,1,0.0,0.0,2,0
ILLINOIS,POPE,2010-08-09,Excessive Heat,1,0.0,0.0,0,0
ILLINOIS,POPE,2010-08-10,Excessive Heat,1,0.0,0.0,0,0
ILLINOIS,POPE,2010-08-11,Excessive Heat,1,0.0,0.0,0,0
ILLINOIS,POPE,2010-08-12,Excessive Heat,1,0.0,0.0,0,0
ILLINOIS,POPE,2010-08-13,Excessive Heat,1,0.0,0.0,0,0
ILLINOIS,POPE,2010-08-14,Excessive Heat,1,0.0,0.0,0,0
ILLINOIS,POPE,2010-08-15,Excessive Heat,1,0.0,0.0,0,0
ILLINOIS,POPE,2011-03-01,Flood,1,50000.0,0.0,0,0
ILLINOIS,POPE,2011-03-02,Flood,1,50000.0,0.0,0,0
ILLINOIS,POPE,2011-03-03,Flood,1,50000.0,0.0,0,0
ILLINOIS,POPE,2011-03-04,Flood,1,50000.0,0.0,0,0
ILLINOIS,POPE,2011-03-05,Flood,1,50000.0,0.0,0,0
ILLINOIS,POPE,2011-03-06,Flood,1,50000.0,0.0,0,0
ILLINOIS,POPE,2011-03-07,Flood,1,50000.0,0.0,0,0
ILLINOIS,POPE,2011-03-08,Flood,1,50000.0,0.0,0,0
ILLINOIS,POPE,2011-03-09,Flood,1,50000.0,0.0,0,0
ILLINOIS,POPE,2011-03-10,Flood,1,50000.0,0.0,0,0
ILLINOIS,POPE,2011-03-11,Flood,1,50000.0,0.0,0,0
ILLINOIS,POPE,2011-03-12,Flood,1,50000.0,0.0,0,0
ILLINOIS,POPE,2011-03-13,Flood,1,50000.0,0.0,0,0
ILLINOIS,POPE,2011-03-14,Flood,1,50000.0,0.0,0,0
ILLINOIS,POPE,2011-03-15,Flood,1,50000.0,0.0,0,0
ILLINOIS,POPE,2011-03-16,Flood,1,50000.0,0.0,0,0
ILLINOIS,POPE,2011-03-17,Flood,1,50000.0,0.0,0,0
ILLINOIS,POPE,2011-03-18,Flood,1,50000.0,0.0,0,0
ILLINOIS,POPE,2011-03-19,Flood,1,50000.0,0.0,0,0
ILLINOIS,POPE,2011-03-20,Flood,1,50000.0,0.0,0,0
ILLINOIS,POPE,2011-03-21,Flood,1,50000.0,0.0,0,0
ILLINOIS,POPE,2011-03-22,Flood,1,50000.0,0.0,0,0
ILLINOIS,POPE,2011-03-23,Flood,1,50000.0,0.0,0,0
ILLINOIS,POPE,2011-03-24,Flood,1,50000.0,0.0,0,0
ILLINOIS,POPE,2011-03-25,Flood,1,50000.0,0.0,0,0
ILLINOIS,POPE,2011-03-26,Flood,1,50000.0,0.0,0,0
ILLINOIS,POPE,2011-03-27,Flood,1,50000.0,0.0,0,0
ILLINOIS,POPE,2011-03-28,Flood,1,50000.0,0.0,0,0
ILLINOIS,POPE,2011-04-14,Flood,1,0.0,0.0,0,0
ILLINOIS,POPE,2011-04-15,Flood,1,0.0,0.0,0,0
ILLINOIS,POPE,2011-04-16,Flood,1,0.0,0.0,0,0
ILLINOIS,POPE,2011-04-17,Flood,1,0.0,0.0,0,0
ILLINOIS,POPE,2011-04-18,Flood,1,0.0,0.0,0,0
ILLINOIS,POPE,2011-04-19,Flood,1,0.0,0.0,0,0
ILLINOIS,POPE,2011-04-20,Flood,1,0.0,0.0,0,0
ILLINOIS,POPE,2011-04-21,Flood,1,0.0,0.0,0,0
ILLINOIS,POPE,2011-04-22,Flood,1,0.0,0.0,0,0
ILLINOIS,POPE,2011-04-23,Flood,1,0.0,0.0,0,0
ILLINOIS,POPE,2011-04-24,Flood,1,0.0,0.0,0,0
ILLINOIS,POPE,2011-04-25,Flood,1,0.0,0.0,0,0
ILLINOIS,POPE,2011-04-26,Flood,1,0.0,0.0,0,0
ILLINOIS,POPE,2011-04-27,Flood,1,0.0,0.0,0,0
ILLINOIS,POPE,2011-04-28,Flood,1,0.0,0.0,0,0
ILLINOIS,POPE,2011-04-29,Flood,1,0.0,0.0,0,0
ILLINOIS,POPE,2011-04-30,Flood,1,0.0,0.0,0,0
ILLINOIS,POPE,2011-05-01,Flood,1,280000.0,0.0,0,0
ILLINOIS,POPE,2011-05-02,Flood,1,280000.0,0.0,0,0
ILLINOIS,POPE,2011-05-03,Flood,1,280000.0,0.0,0,0
ILLINOIS,POPE,2011-05-04,Flood,1,280000.0,0.0,0,0
ILLINOIS,POPE,2011-05-05,Flood,1,280000.0,0.0,0,0
ILLINOIS,POPE,2011-05-06,Flood,1,280000.0,0.0,0,0
ILLINOIS,POPE,2011-05-07,Flood,1,280000.0,0.0,0,0
ILLINOIS,POPE,2011-05-08,Flood,1,280000.0,0.0,0,0
ILLINOIS,POPE,2011-05-09,Flood,1,280000.0,0.0,0,0
ILLINOIS,POPE,2011-05-10,Flood,1,280000.0,0.0,0,0
ILLINOIS,POPE,2011-05-11,Flood,1,250000.0,0.0,0,0
ILLINOIS,POPE,2011-05-12,Flood,1,250000.0,0.0,0,0
ILLINOIS,POPE,2011-05-13,Flood,1,250000.0,0.0,0,0
ILLINOIS,POPE,2011-05-14,Flood,1,250000.0,0.0,0,0
ILLINOIS,POPE,2011-05-15,Flood,1,250000.0,0.0,0,0
ILLINOIS,POPE,2011-05-16,Flood,1,250000.0,0.0,0,0
ILLINOIS,POPE,2011-05-17,Flood,1,250000.0,0.0,0,0
ILLINOIS,POPE,2011-05-18,Flood,1,250000.0,0.0,0,0
ILLINOIS,POPE,2011-05-19,Flood,1,250000.0,0.0,0,0
ILLINOIS,POPE,2011-05-20,Flood,1,250000.0,0.0,0,0
ILLINOIS,POPE,2011-05-21,Flood,1,250000.0,0.0,0,0
ILLINOIS,POPE,2011-05-22,Flood,1,250000.0,0.0,0,0
ILLINOIS,POPE,2011-05-23,Flood,1,250000.0,0.0,0,0
ILLINOIS,POPE,2011-05-24,Flood,1,250000.0,0.0,0,0
ILLINOIS,POPE,2011-05-25,Flood,1,250000.0,0.0,0,0
ILLINOIS,POPE,2011-05-26,Flood,1,250000.0,0.0,0,0
ILLINOIS,POPE,2011-07-10,Excessive Heat,1,0.0,0.0,0,0
ILLINOIS,POPE,2011-07-11,Excessive Heat,1,0.0,0.0,0,0
ILLINOIS,POPE,2011-07-12,Excessive Heat,1,0.0,0.0,0,0
ILLINOIS,POPE,2011-07-19,Excessive Heat,1,0.0,0.0,0,0
ILLINOIS,POPE,2011-07-20,Excessive Heat,1,0.0,0.0,0,0
ILLINOIS,POPE,2011-07-21,Excessive Heat,1,0.0,0.0,0,0
ILLINOIS,POPE,2011-07-22,Excessive Heat,1,0.0,0.0,0,0
ILLINOIS,POPE,2011-07-23,Excessive Heat,1,0.0,0.0,0,0
ILLINOIS,POPE,2011-07-24,Excessive Heat,1,0.0,0.0,0,0
ILLINOIS,POPE,2011-08-03,Excessive Heat,1,0.0,0.0,0,0
ILLINOIS,POPE,2011-12-03,Flood,1,1000.0,0.0,0,0
ILLINOIS,POPE,2011-12-04,Flood,1,1000.0,0.0,0,0
ILLINOIS,POPE,2011-12-05,Flood,1,1000.0,0.0,0,0
ILLINOIS,POPE,2011-12-06,Flood,1,1000.0,0.0,0,0
ILLINOIS,POPE,2011-12-07,Flood,1,1000.0,0.0,0,0
ILLINOIS,POPE,2011-12-08,Flood,1,1000.0,0.0,0,0
ILLINOIS,POPE,2011-12-09,Flood,1,1000.0,0.0,0,0
ILLINOIS,POPE,2011-12-10,Flood,1,1000.0,0.0,0,0
ILLINOIS,POPE,2011-12-11,Flood,1,1000.0,0.0,0,0
ILLINOIS,POPE,2011-12-12,Flood,1,1000.0,0.0,0,0
ILLINOIS,POPE,2011-12-13,Flood,1,1000.0,0.0,0,0
ILLINOIS,POPE,2011-12-14,Flood,1,1000.0,0.0,0,0
ILLINOIS,POPE,2011-12-15,Flood,1,1000.0,0.0,0,0
ILLINOIS,POPE,2011-12-16,Flood,1,1000.0,0.0,0,0
ILLINOIS,POPE,2011-12-17,Flood,1,1000.0,0.0,0,0
ILLINOIS,POPE,2012-02-01,Flood,1,0.0,0.0,0,0
ILLINOIS,POPE,2012-02-02,Flood,1,0.0,0.0,0,0
ILLINOIS,POPE,2012-02-03,Flood,1,0.0,0.0,0,0
ILLINOIS,POPE,2012-02-04,Flood,1,0.0,0.0,0,0
ILLINOIS,POPE,2012-07-01,Excessive Heat,1,0.0,0.0,0,0
ILLINOIS,POPE,2012-07-02,Excessive Heat,1,0.0,0.0,0,0
ILLINOIS,POPE,2012-07-03,Excessive Heat,1,0.0,0.0,0,0
ILLINOIS,POPE,2012-07-04,Excessive Heat,1,0.0,0.0,0,0
ILLINOIS,POPE,2012-07-05,Excessive Heat,1,0.0,0.0,0,0
ILLINOIS,POPE,2012-07-06,Excessive Heat,1,0.0,0.0,0,0
ILLINOIS,POPE,2012-07-07,Excessive Heat,1,0.0,0.0,0,0
ILLINOIS,POPE,2012-07-08,Excessive Heat,1,0.0,0.0,0,0
ILLINOIS,POPE,2012-12-26,Winter Storm,1,0.0,0.0,0,0
ILLINOIS,POPE,2013-12-05,Winter Storm,1,0.0,0.0,0,0
ILLINOIS,POPE,2013-12-06,Winter Storm,1,0.0,0.0,0,0
ILLINOIS,POPE,2013-12-21,Flood,1,0.0,0.0,0,0
ILLINOIS,POPE,2013-12-22,Flood,1,0.0,0.0,0,0
ILLINOIS,POPE,2014-02-04,Winter Storm,1,0.0,0.0,0,0
ILLINOIS,POPE,2014-03-02,Winter Storm,1,0.0,0.0,0,0
ILLINOIS,POPE,2014-03-03,Winter Storm,1,0.0,0.0,0,0
ILLINOIS,POPE,2014-04-08,Flood,1,0.0,0.0,0,0
ILLINOIS,POPE,2014-04-09,Flood,1,0.0,0.0,0,0
ILLINOIS,POPE,2014-04-10,Flood,1,0.0,0.0,0,0
ILLINOIS,POPE,2014-04-11,Flood,1,0.0,0.0,0,0
ILLINOIS,POPE,2014-04-12,Flood,1,0.0,0.0,0,0
ILLINOIS,POPE,2014-04-13,Flood,1,0.0,0.0,0,0
ILLINOIS,POPE,2014-04-14,Flood,1,0.0,0.0,0,0
ILLINOIS,POPE,2014-04-15,Flood,1,0.0,0.0,0,0
ILLINOIS,POPE,2015-02-20,Winter Storm,1,0.0,0.0,0,0
ILLINOIS,POPE,2015-02-21,Winter Storm,1,0.0,0.0,0,0
ILLINOIS,POPE,2015-03-04,Winter Storm,1,0.0,0.0,0,0
ILLINOIS,POPE,2015-03-05,Winter Storm,1,0.0,0.0,0,0
ILLINOIS,POPE,2015-03-10,Flood,1,10000.0,0.0,0,0
ILLINOIS,POPE,2015-03-11,Flood,1,10000.0,0.0,0,0
ILLINOIS,POPE,2015-03-12,Flood,1,10000.0,0.0,0,0
ILLINOIS,POPE,2015-03-13,Flood,1,10000.0,0.0,0,0
ILLINOIS,POPE,2015-03-14,Flood,1,10000.0,0.0,0,0
ILLINOIS,POPE,2015-03-15,Flood,1,10000.0,0.0,0,0
ILLINOIS,POPE,2015-03-16,Flood,1,10000.0,0.0,0,0
ILLINOIS,POPE,2015-03-17,Flood,1,10000.0,0.0,0,0
ILLINOIS,POPE,2015-03-18,Flood,1,10000.0,0.0,0,0
ILLINOIS,POPE,2015-03-19,Flood,1,10000.0,0.0,0,0
ILLINOIS,POPE,2015-03-20,Flood,1,10000.0,0.0,0,0
ILLINOIS,POPE,2015-03-21,Flood,1,10000.0,0.0,0,0
ILLINOIS,POPE,2015-03-22,Flood,1,10000.0,0.0,0,0
ILLINOIS,POPE,2015-03-23,Flood,1,10000.0,0.0,0,0
ILLINOIS,POPE,2015-03-24,Flood,1,10000.0,0.0,0,0
ILLINOIS,POPE,2015-03-25,Flood,1,10000.0,0.0,0,0
ILLINOIS,POPE,2015-03-26,Flood,1,10000.0,0.0,0,0
ILLINOIS,POPE,2015-03-27,Flood,1,10000.0,0.0,0,0
ILLINOIS,POPE,2015-03-28,Flood,1,10000.0,0.0,0,0
ILLINOIS,POPE,2015-03-29,Flood,1,10000.0,0.0,0,0
ILLINOIS,POPE,2015-04-10,Flood,1,0.0,0.0,0,0
ILLINOIS,POPE,2015-04-11,Flood,1,0.0,0.0,0,0
ILLINOIS,POPE,2015-04-12,Flood,1,0.0,0.0,0,0
ILLINOIS,POPE,2015-04-13,Flood,1,0.0,0.0,0,0
ILLINOIS,POPE,2015-04-14,Flood,1,0.0,0.0,0,0
ILLINOIS,POPE,2015-04-15,Flood,1,0.0,0.0,0,0
ILLINOIS,POPE,2015-04-16,Flood,1,0.0,0.0,0,0
ILLINOIS,POPE,2015-04-17,Flood,1,0.0,0.0,0,0
ILLINOIS,POPE,2015-04-18,Flood,1,0.0,0.0,0,0
ILLINOIS,POPE,2015-04-19,Flood,1,0.0,0.0,0,0
ILLINOIS,POPE,2015-04-20,Flood,1,0.0,0.0,0,0
ILLINOIS,POPE,2015-04-21,Flood,1,0.0,0.0,0,0
ILLINOIS,POPE,2015-04-22,Flood,1,0.0,0.0,0,0
ILLINOIS,POPE,2015-04-23,Flood,1,0.0,0.0,0,0
ILLINOIS,POPE,2015-04-24,Flood,1,0.0,0.0,0,0
ILLINOIS,POPE,2015-04-25,Flood,1,0.0,0.0,0,0
ILLINOIS,POPE,2015-04-26,Flood,1,0.0,0.0,0,0
ILLINOIS,POPE,2015-12-29,Flood,1,0.0,0.0,0,0
ILLINOIS,POPE,2015-12-30,Flood,1,0.0,0.0,0,0
ILLINOIS,POPE,2015-12-31,Flood,1,0.0,0.0,0,0
ILLINOIS,POPE,2016-01-01,Flood,1,15000.0,0.0,0,0
ILLINOIS,POPE,2016-01-02,Flood,1,15000.0,0.0,0,0
ILLINOIS,POPE,2016-01-03,Flood,1,15000.0,0.0,0,0
ILLINOIS,POPE,2016-01-04,Flood,1,15000.0,0.0,0,0
ILLINOIS,POPE,2016-01-05,Flood,1,15000.0,0.0,0,0
ILLINOIS,POPE,2016-01-06,Flood,1,15000.0,0.0,0,0
ILLINOIS,POPE,2016-01-07,Flood,1,15000.0,0.0,0,0
ILLINOIS,POPE,2016-01-08,Flood,1,15000.0,0.0,0,0
ILLINOIS,POPE,2016-01-09,Flood,1,15000.0,0.0,0,0
ILLINOIS,POPE,2016-01-10,Flood,1,15000.0,0.0,0,0
ILLINOIS,POPE,2016-01-11,Flood,1,15000.0,0.0,0,0
ILLINOIS,POPE,2016-01-22,Winter Storm,1,0.0,0.0,0,0
ILLINOIS,POPE,2017-07-19,Excessive Heat,1,0.0,0.0,0,0
ILLINOIS,POPE,2017-07-20,Excessive Heat,1,0.0,0.0,0,0
ILLINOIS,POPE,2017-07-21,Excessive Heat,1,0.0,0.0,0,0
ILLINOIS,POPE,2017-07-22,Excessive Heat,1,0.0,0.0,0,0
ILLINOIS,POPE,2018-01-12,Winter Storm,1,0.0,0.0,0,0
ILLINOIS,POPE,2018-02-20,Flood,1,0.0,0.0,0,0
ILLINOIS,POPE,2018-02-21,Flood,1,0.0,0.0,0,0
ILLINOIS,POPE,2018-02-22,Flood,1,0.0,0.0,0,0
ILLINOIS,POPE,2018-02-23,Flood,1,0.0,0.0,0,0
ILLINOIS,POPE,2018-02-24,Flood,1,0.0,0.0,0,0
ILLINOIS,POPE,2018-02-25,Flood,1,0.0,0.0,0,0
ILLINOIS,POPE,2018-02-26,Flood,1,0.0,0.0,0,0
ILLINOIS,POPE,2018-02-27,Flood,1,0.0,0.0,0,0
ILLINOIS,POPE,2018-02-28,Flood,1,0.0,0.0,0,0
ILLINOIS,POPE,2018-03-01,Flood,1,100000.0,0.0,0,0
ILLINOIS,POPE,2018-03-02,Flood,1,100000.0,0.0,0,0
ILLINOIS,POPE,2018-03-03,Flood,1,100000.0,0.0,0,0
ILLINOIS,POPE,2018-03-04,Flood,1,100000.0,0.0,0,0
ILLINOIS,POPE,2018-03-05,Flood,1,100000.0,0.0,0,0
ILLINOIS,POPE,2018-03-06,Flood,1,100000.0,0.0,0,0
ILLINOIS,POPE,2018-03-07,Flood,1,100000.0,0.0,0,0
ILLINOIS,POPE,2018-03-08,Flood,1,100000.0,0.0,0,0
ILLINOIS,POPE,2018-03-09,Flood,1,100000.0,0.0,0,0
ILLINOIS,POPE,2018-03-10,Flood,1,100000.0,0.0,0,0
ILLINOIS,POPE,2018-03-11,Flood,1,100000.0,0.0,0,0
ILLINOIS,POPE,2018-03-12,Flood,1,100000.0,0.0,0,0
ILLINOIS,POPE,2018-03-13,Flood,1,100000.0,0.0,0,0
ILLINOIS,POPE,2018-03-14,Flood,1,100000.0,0.0,0,0
ILLINOIS,POPE,2018-03-15,Flood,1,100000.0,0.0,0,0
ILLINOIS,POPE,2018-04-04,Flood,1,5000.0,0.0,0,0
ILLINOIS,POPE,2018-04-05,Flood,1,5000.0,0.0,0,0
ILLINOIS,POPE,2018-04-06,Flood,1,5000.0,0.0,0,0
ILLINOIS,POPE,2018-04-07,Flood,1,5000.0,0.0,0,0
ILLINOIS,POPE,2018-04-08,Flood,1,5000.0,0.0,0,0
ILLINOIS,POPE,2018-04-09,Flood,1,5000.0,0.0,0,0
ILLINOIS,POPE,2018-04-10,Flood,1,5000.0,0.0,0,0
ILLINOIS,POPE,2018-04-11,Flood,1,5000.0,0.0,0,0
ILLINOIS,POPE,2018-04-12,Flood,1,5000.0,0.0,0,0
ILLINOIS,POPE,2018-04-13,Flood,1,5000.0,0.0,0,0
ILLINOIS,POPE,2018-04-14,Flood,1,5000.0,0.0,0,0
ILLINOIS,POPE,2018-04-15,Flood,1,5000.0,0.0,0,0
ILLINOIS,POPE,2018-04-16,Flood,1,5000.0,0.0,0,0
ILLINOIS,POPE,2018-04-17,Flood,1,5000.0,0.0,0,0
ILLINOIS,POPE,2018-07-05,Excessive Heat,1,0.0,0.0,0,0
ILLINOIS,POPE,2018-07-14,Excessive Heat,1,0.0,0.0,0,0
ILLINOIS,POPE,2019-01-04,Flood,1,0.0,0.0,0,0
ILLINOIS,POPE,2019-01-05,Flood,1,0.0,0.0,0,0
ILLINOIS,POPE,2019-01-06,Flood,1,0.0,0.0,0,0
ILLINOIS,POPE,2019-01-07,Flood,1,0.0,0.0,0,0
ILLINOIS,POPE,2019-01-08,Flood,1,0.0,0.0,0,0
ILLINOIS,POPE,2019-01-09,Flood,1,0.0,0.0,0,0
ILLINOIS,POPE,2019-01-10,Flood,1,0.0,0.0,0,0
ILLINOIS,POPE,2019-01-11,Flood,1,0.0,0.0,0,0
ILLINOIS,POPE,2019-01-27,Flood,1,0.0,0.0,0,0
ILLINOIS,POPE,2019-01-28,Flood,1,0.0,0.0,0,0
ILLINOIS,POPE,2019-01-29,Flood,1,0.0,0.0,0,0
ILLINOIS,POPE,2019-01-30,Flood,1,0.0,0.0,0,0
ILLINOIS,POPE,2019-01-31,Flood,1,0.0,0.0,0,0
ILLINOIS,POPE,2019-02-01,Flood,1,0.0,0.0,0,0
ILLINOIS,POPE,2019-02-02,Flood,1,0.0,0.0,0,0
ILLINOIS,POPE,2019-02-03,Flood,1,0.0,0.0,0,0
ILLINOIS,POPE,2019-02-11,Flood,1,30000.0,0.0,0,0
ILLINOIS,POPE,2019-02-12,Flood,1,30000.0,0.0,0,0
ILLINOIS,POPE,2019-02-13,Flood,1,30000.0,0.0,0,0
ILLINOIS,POPE,2019-02-14,Flood,1,30000.0,0.0,0,0
ILLINOIS,POPE,2019-02-15,Flood,1,30000.0,0.0,0,0
ILLINOIS,POPE,2019-02-16,Flood,1,30000.0,0.0,0,0
ILLINOIS,POPE,2019-02-17,Flood,1,30000.0,0.0,0,0
ILLINOIS,POPE,2019-02-18,Flood,1,30000.0,0.0,0,0
ILLINOIS,POPE,2019-02-19,Flood,1,30000.0,0.0,0,0
ILLINOIS,POPE,2019-02-20,Flood,1,30000.0,0.0,0,0
ILLINOIS,POPE,2019-02-21,Flood,1,30000.0,0.0,0,0
ILLINOIS,POPE,2019-02-22,Flood,1,30000.0,0.0,0,0
ILLINOIS,POPE,2019-02-23,Flood,1,30000.0,0.0,0,0
ILLINOIS,POPE,2019-02-24,Flood,1,30000.0,0.0,0,0
ILLINOIS,POPE,2019-02-25,Flood,1,30000.0,0.0,0,0
ILLINOIS,POPE,2019-02-26,Flood,1,30000.0,0.0,0,0
ILLINOIS,POPE,2019-02-27,Flood,1,30000.0,0.0,0,0
ILLINOIS,POPE,2019-02-28,Flood,1,30000.0,0.0,0,0
ILLINOIS,POPE,2019-03-01,Flood,1,0.0,0.0,0,0
ILLINOIS,POPE,2019-03-02,Flood,1,0.0,0.0,0,0
ILLINOIS,POPE,2019-03-03,Flood,1,0.0,0.0,0,0
ILLINOIS,POPE,2019-03-04,Flood,1,0.0,0.0,0,0
ILLINOIS,POPE,2019-03-05,Flood,1,0.0,0.0,0,0
ILLINOIS,POPE,2019-03-06,Flood,1,0.0,0.0,0,0
ILLINOIS,POPE,2019-03-07,Flood,1,0.0,0.0,0,0
ILLINOIS,POPE,2019-03-08,Flood,1,0.0,0.0,0,0
ILLINOIS,POPE,2019-03-09,Flood,1,0.0,0.0,0,0
ILLINOIS,POPE,2019-03-10,Flood,1,0.0,0.0,0,0
ILLINOIS,POPE,2019-03-11,Flood,1,0.0,0.0,0,0
ILLINOIS,POPE,2019-03-12,Flood,1,0.0,0.0,0,0
ILLINOIS,POPE,2019-03-13,Flood,1,0.0,0.0,0,0
ILLINOIS,POPE,2019-03-14,Flood,1,0.0,0.0,0,0
ILLINOIS,POPE,2019-03-15,Flood,1,0.0,0.0,0,0
ILLINOIS,POPE,2019-03-16,Flood,1,0.0,0.0,0,0
ILLINOIS,POPE,2019-03-17,Flood,1,0.0,0.0,0,0
ILLINOIS,POPE,2019-03-18,Flood,1,0.0,0.0,0,0
ILLINOIS,POPE,2019-03-19,Flood,1,0.0,0.0,0,0
ILLINOIS,POPE,2019-03-20,Flood,1,0.0,0.0,0,0
ILLINOIS,POPE,2019-03-21,Flood,1,0.0,0.0,0,0
ILLINOIS,POPE,2019-03-22,Flood,1,0.0,0.0,0,0
ILLINOIS,POPE,2019-03-23,Flood,1,0.0,0.0,0,0
ILLINOIS,POPE,2019-03-24,Flood,1,0.0,0.0,0,0
ILLINOIS,POPE,2019-06-25,Flood,1,0.0,0.0,0,0
ILLINOIS,POPE,2019-06-26,Flood,1,0.0,0.0,0,0
ILLINOIS,POPE,2019-06-27,Flood,1,0.0,0.0,0,0
ILLINOIS,POPE,2019-06-28,Flood,1,0.0,0.0,0,0
ILLINOIS,POPE,2019-06-29,Flood,1,0.0,0.0,0,0
ILLINOIS,POPE,2019-07-18,Excessive Heat,1,0.0,0.0,0,0
ILLINOIS,POPE,2019-07-19,Excessive Heat,1,0.0,0.0,0,0
ILLINOIS,POPE,2019-07-20,Excessive Heat,1,0.0,0.0,0,0
ILLINOIS,POPE,2019-07-21,Excessive Heat,1,0.0,0.0,0,0
ILLINOIS,POPE,2020-02-12,Flood,1,0.0,0.0,0,0
ILLINOIS,POPE,2020-02-13,Flood,1,0.0,0.0,0,0
ILLINOIS,POPE,2020-02-14,Flood,1,0.0,0.0,0,0
ILLINOIS,POPE,2020-02-15,Flood,1,0.0,0.0,0,0
ILLINOIS,POPE,2020-02-16,Flood,1,0.0,0.0,0,0
ILLINOIS,POPE,2020-02-17,Flood,1,0.0,0.0,0,0
ILLINOIS,POPE,2020-02-18,Flood,1,0.0,0.0,0,0
ILLINOIS,POPE,2020-02-19,Flood,1,0.0,0.0,0,0
ILLINOIS,POPE,2020-02-20,Flood,1,0.0,0.0,0,0
ILLINOIS,POPE,2020-02-21,Flood,1,0.0,0.0,0,0
ILLINOIS,POPE,2020-02-22,Flood,1,0.0,0.0,0,0
ILLINOIS,POPE,2020-02-23,Flood,1,0.0,0.0,0,0
ILLINOIS,POPE,2020-02-24,Flood,1,0.0,0.0,0,0
ILLINOIS,POPE,2020-02-25,Flood,1,0.0,0.0,0,0
ILLINOIS,POPE,2020-02-26,Flood,1,0.0,0.0,0,0
ILLINOIS,POPE,2020-02-27,Flood,1,0.0,0.0,0,0
ILLINOIS,POPE,2020-03-23,Flood,1,0.0,0.0,0,0
ILLINOIS,POPE,2020-03-24,Flood,1,0.0,0.0,0,0
ILLINOIS,POPE,2020-03-25,Flood,1,0.0,0.0,0,0
ILLINOIS,POPE,2020-03-26,Flood,1,0.0,0.0,0,0
ILLINOIS,POPE,2020-03-27,Flood,1,0.0,0.0,0,0
ILLINOIS,POPE,2020-03-28,Flood,1,0.0,0.0,0,0
ILLINOIS,POPE,2020-03-29,Flood,1,0.0,0.0,0,0
ILLINOIS,POPE,2020-03-30,Flood,1,0.0,0.0,0,0
ILLINOIS,POPE,2020-03-31,Flood,1,0.0,0.0,0,0
ILLINOIS,POPE,2020-04-01,Flood,1,0.0,0.0,0,0
ILLINOIS,POPE,2020-04-02,Flood,1,0.0,0.0,0,0
ILLINOIS,POPE,2020-04-03,Flood,1,0.0,0.0,0,0
ILLINOIS,POPE,2020-04-04,Flood,1,0.0,0.0,0,0
ILLINOIS,POPE,2020-04-05,Flood,1,0.0,0.0,0,0
ILLINOIS,POPE,2020-04-06,Flood,1,0.0,0.0,0,0
ILLINOIS,POPE,2020-04-07,Flood,1,0.0,0.0,0,0
ILLINOIS,POPE,2021-02-10,Winter Storm,1,0.0,0.0,0,0
ILLINOIS,POPE,2021-02-11,Winter Storm,1,0.0,0.0,0,0
ILLINOIS,POPE,2021-02-14,Winter Storm,1,0.0,0.0,0,0
ILLINOIS,POPE,2021-02-15,Winter Storm,1,0.0,0.0,0,0
ILLINOIS,POPE,2021-02-28,Flood,1,20000.0,0.0,0,0
ILLINOIS,POPE,2021-03-03,Flood,1,0.0,0.0,0,0
ILLINOIS,POPE,2021-03-04,Flood,1,0.0,0.0,0,0
ILLINOIS,POPE,2021-03-05,Flood,1,0.0,0.0,0,0
ILLINOIS,POPE,2021-03-06,Flood,1,0.0,0.0,0,0
ILLINOIS,POPE,2021-03-07,Flood,1,0.0,0.0,0,0
ILLINOIS,POPE,2021-03-08,Flood,1,0.0,0.0,0,0
ILLINOIS,POPE,2021-03-09,Flood,1,0.0,0.0,0,0
ILLINOIS,POPE,2021-03-10,Flood,1,0.0,0.0,0,0
ILLINOIS,POPE,2021-03-11,Flood,1,0.0,0.0,0,0
ILLINOIS,POPE,2021-03-12,Flood,1,0.0,0.0,0,0
ILLINOIS,POPE,2021-03-13,Flood,1,0.0,0.0,0,0
ILLINOIS,POPE,2021-03-14,Flood,1,0.0,0.0,0,0
ILLINOIS,POPE,2021-03-15,Flood,1,0.0,0.0,0,0
ILLINOIS,POPE,2022-01-09,Flood,1,0.0,0.0,0,0
ILLINOIS,POPE,2022-01-10,Flood,1,0.0,0.0,0,0
ILLINOIS,POPE,2022-01-11,Flood,1,0.0,0.0,0,0
ILLINOIS,POPE,2022-01-12,Flood,1,0.0,0.0,0,0
ILLINOIS,POPE,2022-02-02,Winter Storm,1,0.0,0.0,0,0
ILLINOIS,POPE,2022-02-03,Winter Storm,1,0.0,0.0,0,0
ILLINOIS,POPE,2022-02-22,Flood,1,0.0,0.0,0,0
ILLINOIS,POPE,2022-02-23,Flood,1,0.0,0.0,0,0
ILLINOIS,POPE,2022-02-24,Flood,1,0.0,0.0,0,0
ILLINOIS,POPE,2022-02-25,Flood,1,0.0,0.0,0,0
ILLINOIS,POPE,2022-02-26,Flood,1,0.0,0.0,0,0
ILLINOIS,POPE,2022-02-27,Flood,1,0.0,0.0,0,0
ILLINOIS,POPE,2022-02-28,Flood,1,0.0,0.0,0,0
ILLINOIS,POPE,2022-03-01,Flood,1,0.0,0.0,0,0
ILLINOIS,POPE,2022-03-02,Flood,1,0.0,0.0,0,0
ILLINOIS,POPE,2022-03-03,Flood,1,0.0,0.0,0,0
ILLINOIS,POPE,2022-03-04,Flood,1,0.0,0.0,0,0
ILLINOIS,POPE,2022-03-05,Flood,1,0.0,0.0,0,0
ILLINOIS,POPE,2022-03-06,Flood,1,0.0,0.0,0,0
ILLINOIS,POPE,2022-03-07,Flood,1,0.0,0.0,0,0
ILLINOIS,POPE,2022-03-08,Flood,1,0.0,0.0,0,0
ILLINOIS,POPE,2022-03-09,Flood,1,0.0,0.0,0,0
ILLINOIS,POPE,2022-03-10,Flood,1,0.0,0.0,0,0
ILLINOIS,POPE,2022-03-11,Flood,1,0.0,0.0,0,0
ILLINOIS,POPE,2022-03-12,Flood,1,0.0,0.0,0,0
ILLINOIS,POPE,2022-03-13,Flood,1,0.0,0.0,0,0
ILLINOIS,POPE,2022-03-14,Flood,1,0.0,0.0,0,0
ILLINOIS,POPE,2022-03-15,Flood,1,0.0,0.0,0,0
ILLINOIS,POPE,2022-03-16,Flood,1,0.0,0.0,0,0
ILLINOIS,POPE,2022-03-17,Flood,1,0.0,0.0,0,0
ILLINOIS,POPE,2022-06-13,Excessive Heat,1,0.0,0.0,0,0
ILLINOIS,POPE,2022-06-14,Excessive Heat,1,0.0,0.0,0,0
ILLINOIS,POPE,2022-06-15,Excessive Heat,1,0.0,0.0,0,0
ILLINOIS,POPE,2022-06-16,Excessive Heat,1,0.0,0.0,0,0
ILLINOIS,POPE,2022-07-04,Excessive Heat,1,0.0,0.0,0,0
ILLINOIS,POPE,2022-07-05,Excessive Heat,1,0.0,0.0,0,0
ILLINOIS,POPE,2022-07-06,Excessive Heat,1,0.0,0.0,0,0
ILLINOIS,POPE,2022-07-07,Excessive Heat,1,0.0,0.0,0,0
ILLINOIS,POPE,2022-07-08,Excessive Heat,1,0.0,0.0,0,0
ILLINOIS,POPE,2022-07-20,Excessive Heat,1,0.0,0.0,0,0
ILLINOIS,POPE,2022-07-22,Excessive Heat,1,0.0,0.0,0,0
ILLINOIS,POPE,2022-07-23,Excessive Heat,1,0.0,0.0,0,0
ILLINOIS,POPE,2022-07-24,Excessive Heat,1,0.0,0.0,0,0
ILLINOIS,POPE,2022-12-22,Winter Storm,1,0.0,0.0,0,0
ILLINOIS,POPE,2023-01-30,Winter Storm,1,0.0,0.0,0,0
ILLINOIS,POPE,2023-01-31,Winter Storm,1,0.0,0.0,0,0
ILLINOIS,POPE,2023-06-30,Excessive Heat,1,0.0,0.0,0,0
ILLINOIS,POPE,2023-07-27,Excessive Heat,1,0.0,0.0,0,0
ILLINOIS,POPE,2023-07-28,Excessive Heat,1,0.0,0.0,0,0
ILLINOIS,POPE,2023-08-20,Excessive Heat,1,0.0,0.0,0,0
ILLINOIS,POPE,2023-08-21,Excessive Heat,1,0.0,0.0,0,0
ILLINOIS,POPE,2023-08-22,Excessive Heat,1,0.0,0.0,0,0
ILLINOIS,POPE,2023-08-23,Excessive Heat,1,0.0,0.0,0,0
ILLINOIS,POPE,2023-08-24,Excessive Heat,1,0.0,0.0,0,0
ILLINOIS,POPE,2023-08-25,Excessive Heat,1,0.0,0.0,0,0
ILLINOIS,POPE,2024-06-25,Excessive Heat,1,0.0,0.0,0,0
ILLINOIS,POPE,2024-06-29,Excessive Heat,1,0.0,0.0,0,0
ILLINOIS,POPE,2024-07-04,Excessive Heat,1,0.0,0.0,0,0
ILLINOIS,POPE,2024-07-29,Excessive Heat,1,0.0,0.0,0,0
ILLINOIS,POPE,2024-07-30,Excessive Heat,1,0.0,0.0,0,0
ILLINOIS,POPE,2024-07-31,Excessive Heat,1,0.0,0.0,0,0
ILLINOIS,POPE,2024-08-01,Excessive Heat,1,0.0,0.0,0,0
ILLINOIS,POPE,2025-02-17,Flood,1,0.0,0.0,0,0
ILLINOIS,POPE,2025-02-18,Flood,1,0.0,0.0,0,0
ILLINOIS,POPE,2025-02-19,Flood,1,0.0,0.0,0,0
ILLINOIS,POPE,2025-02-20,Flood,1,0.0,0.0,0,0
ILLINOIS,POPE,2025-02-21,Flood,1,0.0,0.0,0,0
ILLINOIS,POPE,2025-02-22,Flood,1,0.0,0.0,0,0
ILLINOIS,POPE,2025-02-23,Flood,1,0.0,0.0,0,0
ILLINOIS,POPE,2025-02-24,Flood,1,0.0,0.0,0,0
ILLINOIS,POPE,2025-02-25,Flood,1,0.0,0.0,0,0
ILLINOIS,POPE,2025-02-26,Flood,1,0.0,0.0,0,0
ILLINOIS,POPE,2025-02-27,Flood,1,0.0,0.0,0,0
ILLINOIS,POPE,2025-02-28,Flood,1,0.0,0.0,0,0
ILLINOIS,POPE,2025-07-22,Excessive Heat,1,0.0,0.0,0,0
ILLINOIS,POPE,2025-07-23,Excessive Heat,1,0.0,0.0,0,0
ILLINOIS,POPE,2025-07-24,Excessive Heat,1,0.0,0.0,0,0
ILLINOIS,POPE,2025-07-25,Excessive Heat,1,0.0,0.0,0,0
ILLINOIS,POPE,2025-07-26,Excessive Heat,1,0.0,0.0,0,0
ILLINOIS,PULASKI,2010-01-25,Flood,1,0.0,0.0,0,0
ILLINOIS,PULASKI,2010-01-26,Flood,1,0.0,0.0,0,0
ILLINOIS,PULASKI,2010-01-27,Flood,1,0.0,0.0,0,0
ILLINOIS,PULASKI,2010-01-28,Flood,1,0.0,0.0,0,0
ILLINOIS,PULASKI,2010-01-29,Flood,1,0.0,0.0,0,0
ILLINOIS,PULASKI,2010-01-30,Flood,1,0.0,0.0,0,0
ILLINOIS,PULASKI,2010-01-31,Flood,1,0.0,0.0,0,0
ILLINOIS,PULASKI,2010-02-01,Flood,1,0.0,0.0,0,0
ILLINOIS,PULASKI,2010-02-02,Flood,1,0.0,0.0,0,0
ILLINOIS,PULASKI,2010-02-03,Flood,1,0.0,0.0,0,0
ILLINOIS,PULASKI,2010-02-04,Flood,1,0.0,0.0,0,0
ILLINOIS,PULASKI,2010-02-05,Flood,1,0.0,0.0,0,0
ILLINOIS,PULASKI,2010-02-06,Flood,1,0.0,0.0,0,0
ILLINOIS,PULASKI,2010-02-07,Flood,1,0.0,0.0,0,0
ILLINOIS,PULASKI,2010-02-08,Flood,1,0.0,0.0,0,0
ILLINOIS,PULASKI,2010-02-09,Flood,1,0.0,0.0,0,0
ILLINOIS,PULASKI,2010-02-10,Flood,1,0.0,0.0,0,0
ILLINOIS,PULASKI,2010-02-11,Flood,1,0.0,0.0,0,0
ILLINOIS,PULASKI,2010-02-12,Flood,1,0.0,0.0,0,0
ILLINOIS,PULASKI,2010-02-13,Flood,1,0.0,0.0,0,0
ILLINOIS,PULASKI,2010-02-14,Flood,1,0.0,0.0,0,0
ILLINOIS,PULASKI,2010-03-18,Flood,1,0.0,0.0,0,0
ILLINOIS,PULASKI,2010-03-19,Flood,1,0.0,0.0,0,0
ILLINOIS,PULASKI,2010-03-20,Flood,1,0.0,0.0,0,0
ILLINOIS,PULASKI,2010-03-21,Flood,1,0.0,0.0,0,0
ILLINOIS,PULASKI,2010-03-22,Flood,1,0.0,0.0,0,0
ILLINOIS,PULASKI,2010-03-23,Flood,1,0.0,0.0,0,0
ILLINOIS,PULASKI,2010-03-24,Flood,1,0.0,0.0,0,0
ILLINOIS,PULASKI,2010-03-25,Flood,1,0.0,0.0,0,0
ILLINOIS,PULASKI,2010-03-26,Flood,1,0.0,0.0,0,0
ILLINOIS,PULASKI,2010-03-27,Flood,1,0.0,0.0,0,0
ILLINOIS,PULASKI,2010-03-28,Flood,1,0.0,0.0,0,0
ILLINOIS,PULASKI,2010-03-29,Flood,1,0.0,0.0,0,0
ILLINOIS,PULASKI,2010-03-30,Flood,1,0.0,0.0,0,0
ILLINOIS,PULASKI,2010-03-31,Flood,1,0.0,0.0,0,0
ILLINOIS,PULASKI,2010-04-01,Flood,1,0.0,0.0,0,0
ILLINOIS,PULASKI,2010-04-02,Flood,1,0.0,0.0,0,0
ILLINOIS,PULASKI,2010-04-03,Flood,1,0.0,0.0,0,0
ILLINOIS,PULASKI,2010-04-04,Flood,1,0.0,0.0,0,0
ILLINOIS,PULASKI,2010-04-05,Flood,1,0.0,0.0,0,0
ILLINOIS,PULASKI,2010-04-06,Flood,1,0.0,0.0,0,0
ILLINOIS,PULASKI,2010-05-03,Flood,1,0.0,10000.0,0,0
ILLINOIS,PULASKI,2010-05-04,Flood,1,0.0,10000.0,0,0
ILLINOIS,PULASKI,2010-05-05,Flood,1,0.0,10000.0,0,0
ILLINOIS,PULASKI,2010-05-06,Flood,1,0.0,10000.0,0,0
ILLINOIS,PULASKI,2010-05-07,Flood,1,0.0,10000.0,0,0
ILLINOIS,PULASKI,2010-05-08,Flood,1,0.0,10000.0,0,0
ILLINOIS,PULASKI,2010-05-09,Flood,1,0.0,10000.0,0,0
ILLINOIS,PULASKI,2010-05-10,Flood,1,0.0,10000.0,0,0
ILLINOIS,PULASKI,2010-05-11,Flood,1,0.0,10000.0,0,0
ILLINOIS,PULASKI,2010-05-12,Flood,1,0.0,10000.0,0,0
ILLINOIS,PULASKI,2010-05-13,Flood,1,0.0,10000.0,0,0
ILLINOIS,PULASKI,2010-05-14,Flood,1,0.0,10000.0,0,0
ILLINOIS,PULASKI,2010-05-15,Flood,1,0.0,10000.0,0,0
ILLINOIS,PULASKI,2010-05-16,Flood,1,0.0,10000.0,0,0
ILLINOIS,PULASKI,2010-05-17,Flood,1,0.0,10000.0,0,0
ILLINOIS,PULASKI,2010-05-18,Flood,1,0.0,10000.0,0,0
ILLINOIS,PULASKI,2010-05-19,Flood,1,0.0,10000.0,0,0
ILLINOIS,PULASKI,2010-05-20,Flood,1,0.0,10000.0,0,0
ILLINOIS,PULASKI,2010-05-21,Flood,1,0.0,10000.0,0,0
ILLINOIS,PULASKI,2010-05-22,Flood,1,0.0,10000.0,0,0
ILLINOIS,PULASKI,2010-05-23,Flood,1,0.0,10000.0,0,0
ILLINOIS,PULASKI,2010-05-24,Flood,1,0.0,10000.0,0,0
ILLINOIS,PULASKI,2010-05-25,Flood,1,0.0,10000.0,0,0
ILLINOIS,PULASKI,2010-05-26,Flood,1,0.0,10000.0,0,0
ILLINOIS,PULASKI,2010-05-27,Flood,1,0.0,10000.0,0,0
ILLINOIS,PULASKI,2010-08-03,Excessive Heat,1,0.0,0.0,0,0
ILLINOIS,PULASKI,2010-08-04,Excessive Heat,1,0.0,0.0,0,0
ILLINOIS,PULASKI,2010-08-09,Excessive Heat,1,0.0,0.0,0,0
ILLINOIS,PULASKI,2010-08-10,Excessive Heat,1,0.0,0.0,0,0
ILLINOIS,PULASKI,2010-08-11,Excessive Heat,1,0.0,0.0,0,0
ILLINOIS,PULASKI,2010-08-12,Excessive Heat,1,0.0,0.0,0,0
ILLINOIS,PULASKI,2010-08-13,Excessive Heat,1,0.0,0.0,0,0
ILLINOIS,PULASKI,2010-08-14,Excessive Heat,1,0.0,0.0,0,0
ILLINOIS,PULASKI,2010-08-15,Excessive Heat,1,0.0,0.0,0,0
ILLINOIS,PULASKI,2011-02-27,Flood,1,0.0,0.0,0,0
ILLINOIS,PULASKI,2011-02-28,Flood,1,0.0,0.0,0,0
ILLINOIS,PULASKI,2011-03-01,Flood,1,100000.0,0.0,0,0
ILLINOIS,PULASKI,2011-03-02,Flood,1,100000.0,0.0,0,0
ILLINOIS,PULASKI,2011-03-03,Flood,1,100000.0,0.0,0,0
ILLINOIS,PULASKI,2011-03-04,Flood,1,100000.0,0.0,0,0
ILLINOIS,PULASKI,2011-03-05,Flood,1,100000.0,0.0,0,0
ILLINOIS,PULASKI,2011-03-06,Flood,1,100000.0,0.0,0,0
ILLINOIS,PULASKI,2011-03-07,Flood,1,100000.0,0.0,0,0
ILLINOIS,PULASKI,2011-03-08,Flood,1,100000.0,0.0,0,0
ILLINOIS,PULASKI,2011-03-09,Flood,1,100000.0,0.0,0,0
ILLINOIS,PULASKI,2011-03-10,Flood,1,100000.0,0.0,0,0
ILLINOIS,PULASKI,2011-03-11,Flood,1,100000.0,0.0,0,0
ILLINOIS,PULASKI,2011-03-12,Flood,1,100000.0,0.0,0,0
ILLINOIS,PULASKI,2011-03-13,Flood,1,100000.0,0.0,0,0
ILLINOIS,PULASKI,2011-03-14,Flood,1,100000.0,0.0,0,0
ILLINOIS,PULASKI,2011-03-15,Flood,1,100000.0,0.0,0,0
ILLINOIS,PULASKI,2011-03-16,Flood,1,100000.0,0.0,0,0
ILLINOIS,PULASKI,2011-03-17,Flood,1,100000.0,0.0,0,0
ILLINOIS,PULASKI,2011-03-18,Flood,1,100000.0,0.0,0,0
ILLINOIS,PULASKI,2011-03-19,Flood,1,100000.0,0.0,0,0
ILLINOIS,PULASKI,2011-03-20,Flood,1,100000.0,0.0,0,0
ILLINOIS,PULASKI,2011-03-21,Flood,1,100000.0,0.0,0,0
ILLINOIS,PULASKI,2011-03-22,Flood,1,100000.0,0.0,0,0
ILLINOIS,PULASKI,2011-03-23,Flood,1,100000.0,0.0,0,0
ILLINOIS,PULASKI,2011-03-24,Flood,1,100000.0,0.0,0,0
ILLINOIS,PULASKI,2011-03-25,Flood,1,100000.0,0.0,0,0
ILLINOIS,PULASKI,2011-03-26,Flood,1,100000.0,0.0,0,0
ILLINOIS,PULASKI,2011-03-27,Flood,1,100000.0,0.0,0,0
ILLINOIS,PULASKI,2011-03-28,Flood,1,100000.0,0.0,0,0
ILLINOIS,PULASKI,2011-03-29,Flood,1,100000.0,0.0,0,0
ILLINOIS,PULASKI,2011-03-30,Flood,1,100000.0,0.0,0,0
ILLINOIS,PULASKI,2011-03-31,Flood,1,100000.0,0.0,0,0
ILLINOIS,PULASKI,2011-04-12,Flood,1,0.0,0.0,0,0
ILLINOIS,PULASKI,2011-04-13,Flood,1,0.0,0.0,0,0
ILLINOIS,PULASKI,2011-04-14,Flood,1,0.0,0.0,0,0
ILLINOIS,PULASKI,2011-04-15,Flood,1,0.0,0.0,0,0
ILLINOIS,PULASKI,2011-04-16,Flood,1,0.0,0.0,0,0
ILLINOIS,PULASKI,2011-04-17,Flood,1,0.0,0.0,0,0
ILLINOIS,PULASKI,2011-04-18,Flood,1,0.0,0.0,0,0
ILLINOIS,PULASKI,2011-04-19,Flood,1,0.0,0.0,0,0
ILLINOIS,PULASKI,2011-04-20,Flood,1,0.0,0.0,0,0
ILLINOIS,PULASKI,2011-04-21,Flood,1,0.0,0.0,0,0
ILLINOIS,PULASKI,2011-04-22,Flood,1,0.0,0.0,0,0
ILLINOIS,PULASKI,2011-04-23,Flood,1,0.0,0.0,0,0
ILLINOIS,PULASKI,2011-04-24,Flood,1,0.0,0.0,0,0
ILLINOIS,PULASKI,2011-04-25,Flood,1,0.0,0.0,0,0
ILLINOIS,PULASKI,2011-04-26,Flood,1,0.0,0.0,0,0
ILLINOIS,PULASKI,2011-04-27,Flood,1,0.0,0.0,0,0
ILLINOIS,PULASKI,2011-04-28,Flood,1,0.0,0.0,0,0
ILLINOIS,PULASKI,2011-04-29,Flood,1,0.0,0.0,0,0
ILLINOIS,PULASKI,2011-04-30,Flood,1,0.0,0.0,0,0
ILLINOIS,PULASKI,2011-05-01,Flood,1,230000.0,0.0,0,0
ILLINOIS,PULASKI,2011-05-02,Flood,1,230000.0,0.0,0,0
ILLINOIS,PULASKI,2011-05-03,Flood,1,230000.0,0.0,0,0
ILLINOIS,PULASKI,2011-05-04,Flood,1,230000.0,0.0,0,0
ILLINOIS,PULASKI,2011-05-05,Flood,1,230000.0,0.0,0,0
ILLINOIS,PULASKI,2011-05-06,Flood,1,230000.0,0.0,0,0
ILLINOIS,PULASKI,2011-05-07,Flood,1,230000.0,0.0,0,0
ILLINOIS,PULASKI,2011-05-08,Flood,1,230000.0,0.0,0,0
ILLINOIS,PULASKI,2011-05-09,Flood,1,230000.0,0.0,0,0
ILLINOIS,PULASKI,2011-05-10,Flood,1,230000.0,0.0,0,0
ILLINOIS,PULASKI,2011-05-11,Flood,1,200000.0,0.0,0,0
ILLINOIS,PULASKI,2011-05-12,Flood,1,200000.0,0.0,0,0
ILLINOIS,PULASKI,2011-05-13,Flood,1,200000.0,0.0,0,0
ILLINOIS,PULASKI,2011-05-14,Flood,1,200000.0,0.0,0,0
ILLINOIS,PULASKI,2011-05-15,Flood,1,200000.0,0.0,0,0
ILLINOIS,PULASKI,2011-05-16,Flood,1,200000.0,0.0,0,0
ILLINOIS,PULASKI,2011-05-17,Flood,1,200000.0,0.0,0,0
ILLINOIS,PULASKI,2011-05-18,Flood,1,200000.0,0.0,0,0
ILLINOIS,PULASKI,2011-05-19,Flood,1,200000.0,0.0,0,0
ILLINOIS,PULASKI,2011-05-20,Flood,1,200000.0,0.0,0,0
ILLINOIS,PULASKI,2011-05-21,Flood,1,200000.0,0.0,0,0
ILLINOIS,PULASKI,2011-05-22,Flood,1,200000.0,0.0,0,0
ILLINOIS,PULASKI,2011-05-23,Flood,1,200000.0,0.0,0,0
ILLINOIS,PULASKI,2011-05-24,Flood,1,200000.0,0.0,0,0
ILLINOIS,PULASKI,2011-05-25,Flood,1,200000.0,0.0,0,0
ILLINOIS,PULASKI,2011-05-26,Flood,1,200000.0,0.0,0,0
ILLINOIS,PULASKI,2011-05-27,Flood,1,200000.0,0.0,0,0
ILLINOIS,PULASKI,2011-05-28,Flood,1,200000.0,0.0,0,0
ILLINOIS,PULASKI,2011-05-29,Flood,1,200000.0,0.0,0,0
ILLINOIS,PULASKI,2011-05-30,Flood,1,200000.0,0.0,0,0
ILLINOIS,PULASKI,2011-05-31,Flood,1,200000.0,0.0,0,0
ILLINOIS,PULASKI,2011-06-01,Flood,1,0.0,0.0,0,0
ILLINOIS,PULASKI,2011-06-02,Flood,1,0.0,0.0,0,0
ILLINOIS,PULASKI,2011-06-03,Flood,1,0.0,0.0,0,0
ILLINOIS,PULASKI,2011-06-04,Flood,1,0.0,0.0,0,0
ILLINOIS,PULASKI,2011-06-05,Flood,1,0.0,0.0,0,0
ILLINOIS,PULASKI,2011-07-10,Excessive Heat,1,0.0,0.0,0,0
ILLINOIS,PULASKI,2011-07-11,Excessive Heat,1,0.0,0.0,0,0
ILLINOIS,PULASKI,2011-07-12,Excessive Heat,1,0.0,0.0,0,0
ILLINOIS,PULASKI,2011-07-19,Excessive Heat,1,0.0,0.0,0,0
ILLINOIS,PULASKI,2011-07-20,Excessive Heat,1,0.0,0.0,0,0
ILLINOIS,PULASKI,2011-07-21,Excessive Heat,1,0.0,0.0,0,0
ILLINOIS,PULASKI,2011-07-22,Excessive Heat,1,0.0,0.0,0,0
ILLINOIS,PULASKI,2011-07-23,Excessive Heat,1,0.0,0.0,0,0
ILLINOIS,PULASKI,2011-07-24,Excessive Heat,1,0.0,0.0,0,0
ILLINOIS,PULASKI,2011-08-03,Excessive Heat,1,0.0,0.0,0,0
ILLINOIS,PULASKI,2011-12-01,Flood,1,1000.0,0.0,0,0
ILLINOIS,PULASKI,2011-12-02,Flood,1,1000.0,0.0,0,0
ILLINOIS,PULASKI,2011-12-03,Flood,1,1000.0,0.0,0,0
ILLINOIS,PULASKI,2011-12-04,Flood,1,1000.0,0.0,0,0
ILLINOIS,PULASKI,2011-12-05,Flood,1,1000.0,0.0,0,0
ILLINOIS,PULASKI,2011-12-06,Flood,1,1000.0,0.0,0,0
ILLINOIS,PULASKI,2011-12-07,Flood,1,1000.0,0.0,0,0
ILLINOIS,PULASKI,2011-12-08,Flood,1,1000.0,0.0,0,0
ILLINOIS,PULASKI,2011-12-09,Flood,1,1000.0,0.0,0,0
ILLINOIS,PULASKI,2011-12-10,Flood,1,1000.0,0.0,0,0
ILLINOIS,PULASKI,2011-12-11,Flood,1,1000.0,0.0,0,0
ILLINOIS,PULASKI,2011-12-12,Flood,1,1000.0,0.0,0,0
ILLINOIS,PULASKI,2011-12-13,Flood,1,1000.0,0.0,0,0
ILLINOIS,PULASKI,2011-12-14,Flood,1,1000.0,0.0,0,0
ILLINOIS,PULASKI,2011-12-15,Flood,1,1000.0,0.0,0,0
ILLINOIS,PULASKI,2011-12-16,Flood,1,1000.0,0.0,0,0
ILLINOIS,PULASKI,2011-12-17,Flood,1,1000.0,0.0,0,0
ILLINOIS,PULASKI,2011-12-18,Flood,1,1000.0,0.0,0,0
ILLINOIS,PULASKI,2011-12-19,Flood,1,1000.0,0.0,0,0
ILLINOIS,PULASKI,2011-12-20,Flood,1,1000.0,0.0,0,0
ILLINOIS,PULASKI,2012-01-28,Flood,1,0.0,0.0,0,0
ILLINOIS,PULASKI,2012-01-29,Flood,1,0.0,0.0,0,0
ILLINOIS,PULASKI,2012-01-30,Flood,1,0.0,0.0,0,0
ILLINOIS,PULASKI,2012-01-31,Flood,1,0.0,0.0,0,0
ILLINOIS,PULASKI,2012-02-01,Flood,1,0.0,0.0,0,0
ILLINOIS,PULASKI,2012-02-02,Flood,1,0.0,0.0,0,0
ILLINOIS,PULASKI,2012-02-03,Flood,1,0.0,0.0,0,0
ILLINOIS,PULASKI,2012-02-04,Flood,1,0.0,0.0,0,0
ILLINOIS,PULASKI,2012-02-05,Flood,1,0.0,0.0,0,0
ILLINOIS,PULASKI,2012-02-06,Flood,1,0.0,0.0,0,0
ILLINOIS,PULASKI,2012-02-07,Flood,1,0.0,0.0,0,0
ILLINOIS,PULASKI,2012-02-08,Flood,1,0.0,0.0,0,0
ILLINOIS,PULASKI,2012-07-01,Excessive Heat,1,0.0,0.0,0,0
ILLINOIS,PULASKI,2012-07-02,Excessive Heat,1,0.0,0.0,0,0
ILLINOIS,PULASKI,2012-07-03,Excessive Heat,1,0.0,0.0,0,0
ILLINOIS,PULASKI,2012-07-04,Excessive Heat,1,0.0,0.0,0,0
ILLINOIS,PULASKI,2012-07-05,Excessive Heat,1,0.0,0.0,0,0
ILLINOIS,PULASKI,2012-07-06,Excessive Heat,1,0.0,0.0,0,0
ILLINOIS,PULASKI,2012-07-07,Excessive Heat,1,0.0,0.0,0,0
ILLINOIS,PULASKI,2012-07-08,Excessive Heat,1,0.0,0.0,0,0
ILLINOIS,PULASKI,2012-12-26,Winter Storm,1,0.0,0.0,0,0
ILLINOIS,PULASKI,2013-01-13,Flood,1,0.0,0.0,0,0
ILLINOIS,PULASKI,2013-01-17,Flood,1,0.0,0.0,0,0
ILLINOIS,PULASKI,2013-01-18,Flood,1,0.0,0.0,0,0
ILLINOIS,PULASKI,2013-01-19,Flood,1,0.0,0.0,0,0
ILLINOIS,PULASKI,2013-01-20,Flood,1,0.0,0.0,0,0
ILLINOIS,PULASKI,2013-01-21,Flood,1,0.0,0.0,0,0
ILLINOIS,PULASKI,2013-01-22,Flood,1,0.0,0.0,0,0
ILLINOIS,PULASKI,2013-01-23,Flood,1,0.0,0.0,0,0
ILLINOIS,PULASKI,2013-01-24,Flood,1,0.0,0.0,0,0
ILLINOIS,PULASKI,2013-01-25,Flood,1,0.0,0.0,0,0
ILLINOIS,PULASKI,2013-01-26,Flood,1,0.0,0.0,0,0
ILLINOIS,PULASKI,2013-02-07,Flood,1,0.0,0.0,0,0
ILLINOIS,PULASKI,2013-02-08,Flood,1,0.0,0.0,0,0
ILLINOIS,PULASKI,2013-02-09,Flood,1,0.0,0.0,0,0
ILLINOIS,PULASKI,2013-02-10,Flood,1,0.0,0.0,0,0
ILLINOIS,PULASKI,2013-02-11,Flood,1,0.0,0.0,0,0
ILLINOIS,PULASKI,2013-03-19,Flood,1,0.0,0.0,0,0
ILLINOIS,PULASKI,2013-03-20,Flood,1,0.0,0.0,0,0
ILLINOIS,PULASKI,2013-03-21,Flood,1,0.0,0.0,0,0
ILLINOIS,PULASKI,2013-03-22,Flood,1,0.0,0.0,0,0
ILLINOIS,PULASKI,2013-03-23,Flood,1,0.0,0.0,0,0
ILLINOIS,PULASKI,2013-03-24,Flood,1,0.0,0.0,0,0
ILLINOIS,PULASKI,2013-03-25,Flood,1,0.0,0.0,0,0
ILLINOIS,PULASKI,2013-03-26,Flood,1,0.0,0.0,0,0
ILLINOIS,PULASKI,2013-04-20,Flood,1,2000.0,0.0,0,0
ILLINOIS,PULASKI,2013-04-21,Flood,1,2000.0,0.0,0,0
ILLINOIS,PULASKI,2013-04-22,Flood,1,2000.0,0.0,0,0
ILLINOIS,PULASKI,2013-04-23,Flood,1,2000.0,0.0,0,0
ILLINOIS,PULASKI,2013-04-24,Flood,1,2000.0,0.0,0,0
ILLINOIS,PULASKI,2013-04-25,Flood,1,2000.0,0.0,0,0
ILLINOIS,PULASKI,2013-04-26,Flood,1,2000.0,0.0,0,0
ILLINOIS,PULASKI,2013-04-27,Flood,1,2000.0,0.0,0,0
ILLINOIS,PULASKI,2013-04-28,Flood,1,2000.0,0.0,0,0
ILLINOIS,PULASKI,2013-04-29,Flood,1,2000.0,0.0,0,0
ILLINOIS,PULASKI,2013-04-30,Flood,1,2000.0,0.0,0,0
ILLINOIS,PULASKI,2013-05-01,Flood,1,20000.0,0.0,0,0
ILLINOIS,PULASKI,2013-05-02,Flood,1,20000.0,0.0,0,0
ILLINOIS,PULASKI,2013-05-03,Flood,1,20000.0,0.0,0,0
ILLINOIS,PULASKI,2013-05-04,Flood,1,20000.0,0.0,0,0
ILLINOIS,PULASKI,2013-05-05,Flood,1,20000.0,0.0,0,0
ILLINOIS,PULASKI,2013-05-06,Flood,1,20000.0,0.0,0,0
ILLINOIS,PULASKI,2013-05-07,Flood,1,20000.0,0.0,0,0
ILLINOIS,PULASKI,2013-05-08,Flood,1,20000.0,0.0,0,0
ILLINOIS,PULASKI,2013-05-09,Flood,1,20000.0,0.0,0,0
ILLINOIS,PULASKI,2013-05-10,Flood,1,20000.0,0.0,0,0
ILLINOIS,PULASKI,2013-05-11,Flood,1,20000.0,0.0,0,0
ILLINOIS,PULASKI,2013-05-12,Flood,1,20000.0,0.0,0,0
ILLINOIS,PULASKI,2013-05-13,Flood,1,20000.0,0.0,0,0
ILLINOIS,PULASKI,2013-05-14,Flood,1,20000.0,0.0,0,0
ILLINOIS,PULASKI,2013-05-15,Flood,1,20000.0,0.0,0,0
ILLINOIS,PULASKI,2013-05-16,Flood,1,20000.0,0.0,0,0
ILLINOIS,PULASKI,2013-05-17,Flood,1,20000.0,0.0,0,0
ILLINOIS,PULASKI,2013-05-18,Flood,1,20000.0,0.0,0,0
ILLINOIS,PULASKI,2013-05-19,Flood,1,20000.0,0.0,0,0
ILLINOIS,PULASKI,2013-07-08,Flood,1,0.0,0.0,0,0
ILLINOIS,PULASKI,2013-07-09,Flood,1,0.0,0.0,0,0
ILLINOIS,PULASKI,2013-07-10,Flood,1,0.0,0.0,0,0
ILLINOIS,PULASKI,2013-07-11,Flood,1,0.0,0.0,0,0
ILLINOIS,PULASKI,2013-07-12,Flood,1,0.0,0.0,0,0
ILLINOIS,PULASKI,2013-07-13,Flood,1,0.0,0.0,0,0
ILLINOIS,PULASKI,2013-07-14,Flood,1,0.0,0.0,0,0
ILLINOIS,PULASKI,2013-07-15,Flood,1,0.0,0.0,0,0
ILLINOIS,PULASKI,2013-07-16,Flood,1,0.0,0.0,0,0
ILLINOIS,PULASKI,2013-07-17,Flood,1,0.0,0.0,0,0
ILLINOIS,PULASKI,2013-12-05,Winter Storm,1,0.0,0.0,0,0
ILLINOIS,PULASKI,2013-12-06,Winter Storm,1,0.0,0.0,0,0
ILLINOIS,PULASKI,2013-12-29,Flood,1,0.0,0.0,0,0
ILLINOIS,PULASKI,2013-12-30,Flood,1,0.0,0.0,0,0
ILLINOIS,PULASKI,2013-12-31,Flood,1,0.0,0.0,0,0
ILLINOIS,PULASKI,2014-01-01,Flood,1,0.0,0.0,0,0
ILLINOIS,PULASKI,2014-01-02,Flood,1,0.0,0.0,0,0
ILLINOIS,PULASKI,2014-02-04,Winter Storm,1,0.0,0.0,0,0
ILLINOIS,PULASKI,2014-03-02,Winter Storm,1,0.0,0.0,0,0
ILLINOIS,PULASKI,2014-03-03,Winter Storm,1,0.0,0.0,0,0
ILLINOIS,PULASKI,2014-04-06,Flood,1,0.0,0.0,0,0
ILLINOIS,PULASKI,2014-04-07,Flood,1,0.0,0.0,0,0
ILLINOIS,PULASKI,2014-04-08,Flood,1,0.0,0.0,0,0
ILLINOIS,PULASKI,2014-04-09,Flood,1,0.0,0.0,0,0
ILLINOIS,PULASKI,2014-04-10,Flood,1,0.0,0.0,0,0
ILLINOIS,PULASKI,2014-04-11,Flood,1,0.0,0.0,0,0
ILLINOIS,PULASKI,2014-04-12,Flood,1,0.0,0.0,0,0
ILLINOIS,PULASKI,2014-04-13,Flood,1,0.0,0.0,0,0
ILLINOIS,PULASKI,2014-04-14,Flood,1,0.0,0.0,0,0
ILLINOIS,PULASKI,2014-04-15,Flood,1,0.0,0.0,0,0
ILLINOIS,PULASKI,2014-04-16,Flood,1,0.0,0.0,0,0
ILLINOIS,PULASKI,2014-04-17,Flood,1,0.0,0.0,0,0
ILLINOIS,PULASKI,2015-01-03,Flood,1,40000.0,0.0,0,1
ILLINOIS,PULASKI,2015-01-04,Flood,1,40000.0,0.0,0,1
ILLINOIS,PULASKI,2015-01-05,Flood,1,40000.0,0.0,0,1
ILLINOIS,PULASKI,2015-02-20,Winter Storm,1,40000.0,0.0,0,0
ILLINOIS,PULASKI,2015-02-21,Winter Storm,1,40000.0,0.0,0,0
ILLINOIS,PULASKI,2015-03-04,Winter Storm,1,0.0,0.0,0,0
ILLINOIS,PULASKI,2015-03-05,Winter Storm,1,0.0,0.0,0,0
ILLINOIS,PULASKI,2015-03-09,Flood,1,0.0,0.0,0,0
ILLINOIS,PULASKI,2015-03-10,Flood,1,0.0,0.0,0,0
ILLINOIS,PULASKI,2015-03-11,Flood,1,0.0,0.0,0,0
ILLINOIS,PULASKI,2015-03-12,Flood,1,0.0,0.0,0,0
ILLINOIS,PULASKI,2015-03-13,Flood,1,0.0,0.0,0,0
ILLINOIS,PULASKI,2015-03-14,Flood,1,0.0,0.0,0,0
ILLINOIS,PULASKI,2015-03-15,Flood,1,0.0,0.0,0,0
ILLINOIS,PULASKI,2015-03-16,Flood,1,0.0,0.0,0,0
ILLINOIS,PULASKI,2015-03-17,Flood,1,0.0,0.0,0,0
ILLINOIS,PULASKI,2015-03-18,Flood,1,0.0,0.0,0,0
ILLINOIS,PULASKI,2015-03-19,Flood,1,0.0,0.0,0,0
ILLINOIS,PULASKI,2015-03-20,Flood,1,0.0,0.0,0,0
ILLINOIS,PULASKI,2015-03-21,Flood,1,0.0,0.0,0,0
ILLINOIS,PULASKI,2015-03-22,Flood,1,0.0,0.0,0,0
ILLINOIS,PULASKI,2015-03-23,Flood,1,0.0,0.0,0,0
ILLINOIS,PULASKI,2015-03-24,Flood,1,0.0,0.0,0,0
ILLINOIS,PULASKI,2015-03-25,Flood,1,0.0,0.0,0,0
ILLINOIS,PULASKI,2015-03-26,Flood,1,0.0,0.0,0,0
ILLINOIS,PULASKI,2015-03-27,Flood,1,0.0,0.0,0,0
ILLINOIS,PULASKI,2015-03-28,Flood,1,0.0,0.0,0,0
ILLINOIS,PULASKI,2015-03-29,Flood,1,0.0,0.0,0,0
ILLINOIS,PULASKI,2015-03-30,Flood,1,0.0,0.0,0,0
ILLINOIS,PULASKI,2015-03-31,Flood,1,0.0,0.0,0,0
ILLINOIS,PULASKI,2015-04-10,Flood,1,0.0,0.0,0,0
ILLINOIS,PULASKI,2015-04-11,Flood,1,0.0,0.0,0,0
ILLINOIS,PULASKI,2015-04-12,Flood,1,0.0,0.0,0,0
ILLINOIS,PULASKI,2015-04-13,Flood,1,0.0,0.0,0,0
ILLINOIS,PULASKI,2015-04-14,Flood,1,0.0,0.0,0,0
ILLINOIS,PULASKI,2015-04-15,Flood,1,0.0,0.0,0,0
ILLINOIS,PULASKI,2015-04-16,Flood,1,0.0,0.0,0,0
ILLINOIS,PULASKI,2015-04-17,Flood,1,0.0,0.0,0,0
ILLINOIS,PULASKI,2015-04-18,Flood,1,0.0,0.0,0,0
ILLINOIS,PULASKI,2015-04-19,Flood,1,0.0,0.0,0,0
ILLINOIS,PULASKI,2015-04-20,Flood,1,0.0,0.0,0,0
ILLINOIS,PULASKI,2015-04-21,Flood,1,0.0,0.0,0,0
ILLINOIS,PULASKI,2015-04-22,Flood,1,0.0,0.0,0,0
ILLINOIS,PULASKI,2015-04-23,Flood,1,0.0,0.0,0,0
ILLINOIS,PULASKI,2015-04-24,Flood,1,0.0,0.0,0,0
ILLINOIS,PULASKI,2015-04-25,Flood,1,0.0,0.0,0,0
ILLINOIS,PULASKI,2015-04-26,Flood,1,0.0,0.0,0,0
ILLINOIS,PULASKI,2015-04-27,Flood,1,0.0,0.0,0,0
ILLINOIS,PULASKI,2015-04-28,Flood,1,0.0,0.0,0,0
ILLINOIS,PULASKI,2015-04-29,Flood,1,0.0,0.0,0,0
ILLINOIS,PULASKI,2015-06-22,Flood,1,1000.0,4000.0,0,0
ILLINOIS,PULASKI,2015-06-23,Flood,1,1000.0,4000.0,0,0
ILLINOIS,PULASKI,2015-06-24,Flood,1,1000.0,4000.0,0,0
ILLINOIS,PULASKI,2015-06-25,Flood,1,1000.0,4000.0,0,0
ILLINOIS,PULASKI,2015-06-26,Flood,1,1000.0,4000.0,0,0
ILLINOIS,PULASKI,2015-06-27,Flood,1,1000.0,4000.0,0,0
ILLINOIS,PULASKI,2015-06-28,Flood,1,1000.0,4000.0,0,0
ILLINOIS,PULASKI,2015-06-29,Flood,1,1000.0,4000.0,0,0
ILLINOIS,PULASKI,2015-06-30,Flood,1,1000.0,4000.0,0,0
ILLINOIS,PULASKI,2015-07-01,Flood,1,0.0,20000.0,0,0
ILLINOIS,PULASKI,2015-07-02,Flood,1,0.0,20000.0,0,0
ILLINOIS,PULASKI,2015-07-03,Flood,1,0.0,20000.0,0,0
ILLINOIS,PULASKI,2015-07-04,Flood,1,0.0,20000.0,0,0
ILLINOIS,PULASKI,2015-07-05,Flood,1,0.0,20000.0,0,0
ILLINOIS,PULASKI,2015-07-06,Flood,1,0.0,20000.0,0,0
ILLINOIS,PULASKI,2015-07-07,Flood,1,0.0,20000.0,0,0
ILLINOIS,PULASKI,2015-07-08,Flood,1,0.0,20000.0,0,0
ILLINOIS,PULASKI,2015-07-09,Flood,1,0.0,20000.0,0,0
ILLINOIS,PULASKI,2015-07-10,Flood,1,0.0,20000.0,0,0
ILLINOIS,PULASKI,2015-07-11,Flood,1,0.0,20000.0,0,0
ILLINOIS,PULASKI,2015-07-12,Flood,1,0.0,20000.0,0,0
ILLINOIS,PULASKI,2015-07-13,Flood,1,0.0,20000.0,0,0
ILLINOIS,PULASKI,2015-07-14,Flood,1,0.0,20000.0,0,0
ILLINOIS,PULASKI,2015-07-15,Flood,1,0.0,20000.0,0,0
ILLINOIS,PULASKI,2015-07-16,Flood,1,0.0,20000.0,0,0
ILLINOIS,PULASKI,2015-07-17,Flood,1,0.0,20000.0,0,0
ILLINOIS,PULASKI,2015-07-18,Flood,1,0.0,20000.0,0,0
ILLINOIS,PULASKI,2015-07-19,Flood,1,0.0,20000.0,0,0
ILLINOIS,PULASKI,2015-07-20,Flood,1,0.0,20000.0,0,0
ILLINOIS,PULASKI,2015-07-21,Flood,1,0.0,20000.0,0,0
ILLINOIS,PULASKI,2015-07-22,Flood,1,0.0,20000.0,0,0
ILLINOIS,PULASKI,2015-07-23,Flood,1,0.0,20000.0,0,0
ILLINOIS,PULASKI,2015-07-24,Flood,1,0.0,20000.0,0,0
ILLINOIS,PULASKI,2015-07-25,Flood,1,0.0,20000.0,0,0
ILLINOIS,PULASKI,2015-07-26,Flood,1,0.0,20000.0,0,0
ILLINOIS,PULASKI,2015-07-27,Flood,1,0.0,20000.0,0,0
ILLINOIS,PULASKI,2015-12-26,Flood,1,0.0,0.0,0,0
ILLINOIS,PULASKI,2015-12-27,Flood,1,0.0,0.0,0,0
ILLINOIS,PULASKI,2015-12-28,Flood,1,0.0,0.0,0,0
ILLINOIS,PULASKI,2015-12-29,Flood,1,0.0,0.0,0,0
ILLINOIS,PULASKI,2015-12-30,Flood,1,0.0,0.0,0,0
ILLINOIS,PULASKI,2015-12-31,Flood,1,0.0,0.0,0,0
ILLINOIS,PULASKI,2016-01-01,Flood,1,50000.0,0.0,0,0
ILLINOIS,PULASKI,2016-01-02,Flood,1,50000.0,0.0,0,0
ILLINOIS,PULASKI,2016-01-03,Flood,1,50000.0,0.0,0,0
ILLINOIS,PULASKI,2016-01-04,Flood,1,50000.0,0.0,0,0
ILLINOIS,PULASKI,2016-01-05,Flood,1,50000.0,0.0,0,0
ILLINOIS,PULASKI,2016-01-06,Flood,1,50000.0,0.0,0,0
ILLINOIS,PULASKI,2016-01-07,Flood,1,50000.0,0.0,0,0
ILLINOIS,PULASKI,2016-01-08,Flood,1,50000.0,0.0,0,0
ILLINOIS,PULASKI,2016-01-09,Flood,1,50000.0,0.0,0,0
ILLINOIS,PULASKI,2016-01-10,Flood,1,50000.0,0.0,0,0
ILLINOIS,PULASKI,2016-01-11,Flood,1,50000.0,0.0,0,0
ILLINOIS,PULASKI,2016-01-12,Flood,1,50000.0,0.0,0,0
ILLINOIS,PULASKI,2016-01-13,Flood,1,50000.0,0.0,0,0
ILLINOIS,PULASKI,2016-01-14,Flood,1,50000.0,0.0,0,0
ILLINOIS,PULASKI,2016-01-15,Flood,1,50000.0,0.0,0,0
ILLINOIS,PULASKI,2016-01-16,Flood,1,50000.0,0.0,0,0
ILLINOIS,PULASKI,2016-01-17,Flood,1,50000.0,0.0,0,0
ILLINOIS,PULASKI,2016-01-18,Flood,1,50000.0,0.0,0,0
ILLINOIS,PULASKI,2016-02-25,Flood,1,0.0,0.0,0,0
ILLINOIS,PULASKI,2016-02-26,Flood,1,0.0,0.0,0,0
ILLINOIS,PULASKI,2016-02-27,Flood,1,0.0,0.0,0,0
ILLINOIS,PULASKI,2016-02-28,Flood,1,0.0,0.0,0,0
ILLINOIS,PULASKI,2016-02-29,Flood,1,0.0,0.0,0,0
ILLINOIS,PULASKI,2016-03-01,Flood,1,1000.0,0.0,0,0
ILLINOIS,PULASKI,2016-03-02,Flood,1,1000.0,0.0,0,0
ILLINOIS,PULASKI,2016-03-03,Flood,1,1000.0,0.0,0,0
ILLINOIS,PULASKI,2016-03-04,Flood,1,1000.0,0.0,0,0
ILLINOIS,PULASKI,2016-03-05,Flood,1,1000.0,0.0,0,0
ILLINOIS,PULASKI,2016-03-06,Flood,1,1000.0,0.0,0,0
ILLINOIS,PULASKI,2016-03-07,Flood,1,1000.0,0.0,0,0
ILLINOIS,PULASKI,2016-03-08,Flood,1,1000.0,0.0,0,0
ILLINOIS,PULASKI,2017-04-28,Flood,1,0.0,0.0,0,0
ILLINOIS,PULASKI,2017-04-29,Flood,1,0.0,0.0,0,0
ILLINOIS,PULASKI,2017-04-30,Flood,1,0.0,0.0,0,0
ILLINOIS,PULASKI,2017-05-01,Flood,1,0.0,50000.0,0,0
ILLINOIS,PULASKI,2017-05-02,Flood,1,0.0,50000.0,0,0
ILLINOIS,PULASKI,2017-05-03,Flood,1,0.0,50000.0,0,0
ILLINOIS,PULASKI,2017-05-04,Flood,1,0.0,50000.0,0,0
ILLINOIS,PULASKI,2017-05-05,Flood,1,0.0,50000.0,0,0
ILLINOIS,PULASKI,2017-05-06,Flood,1,0.0,50000.0,0,0
ILLINOIS,PULASKI,2017-05-07,Flood,1,0.0,50000.0,0,0
ILLINOIS,PULASKI,2017-05-08,Flood,1,0.0,50000.0,0,0
ILLINOIS,PULASKI,2017-05-09,Flood,1,0.0,50000.0,0,0
ILLINOIS,PULASKI,2017-05-10,Flood,1,0.0,50000.0,0,0
ILLINOIS,PULASKI,2017-05-11,Flood,1,0.0,50000.0,0,0
ILLINOIS,PULASKI,2017-05-12,Flood,1,0.0,50000.0,0,0
ILLINOIS,PULASKI,2017-05-13,Flood,1,0.0,50000.0,0,0
ILLINOIS,PULASKI,2017-05-14,Flood,1,0.0,50000.0,0,0
ILLINOIS,PULASKI,2017-05-15,Flood,1,0.0,50000.0,0,0
ILLINOIS,PULASKI,2017-05-16,Flood,1,0.0,50000.0,0,0
ILLINOIS,PULASKI,2017-05-17,Flood,1,0.0,50000.0,0,0
ILLINOIS,PULASKI,2017-05-18,Flood,1,0.0,50000.0,0,0
ILLINOIS,PULASKI,2017-05-19,Flood,1,0.0,50000.0,0,0
ILLINOIS,PULASKI,2017-05-20,Flood,1,0.0,50000.0,0,0
ILLINOIS,PULASKI,2017-05-21,Flood,1,0.0,50000.0,0,0
ILLINOIS,PULASKI,2017-05-22,Flood,1,0.0,50000.0,0,0
ILLINOIS,PULASKI,2017-05-23,Flood,1,0.0,50000.0,0,0
ILLINOIS,PULASKI,2017-07-19,Excessive Heat,1,0.0,0.0,0,0
ILLINOIS,PULASKI,2017-07-20,Excessive Heat,1,0.0,0.0,0,0
ILLINOIS,PULASKI,2017-07-21,Excessive Heat,1,0.0,0.0,0,0
ILLINOIS,PULASKI,2017-07-22,Excessive Heat,1,0.0,0.0,0,0
ILLINOIS,PULASKI,2018-01-12,Winter Storm,1,0.0,0.0,0,0
ILLINOIS,PULASKI,2018-02-20,Flood,1,0.0,0.0,0,0
ILLINOIS,PULASKI,2018-02-21,Flood,1,0.0,0.0,0,0
ILLINOIS,PULASKI,2018-02-22,Flood,1,0.0,0.0,0,0
ILLINOIS,PULASKI,2018-02-23,Flood,1,0.0,0.0,0,0
ILLINOIS,PULASKI,2018-02-24,Flood,1,0.0,0.0,0,0
ILLINOIS,PULASKI,2018-02-25,Flood,1,0.0,0.0,0,0
ILLINOIS,PULASKI,2018-02-26,Flood,1,0.0,0.0,0,0
ILLINOIS,PULASKI,2018-02-27,Flood,1,0.0,0.0,0,0
ILLINOIS,PULASKI,2018-02-28,Flood,1,0.0,0.0,0,0
ILLINOIS,PULASKI,2018-03-01,Flood,1,100000.0,0.0,0,0
ILLINOIS,PULASKI,2018-03-02,Flood,1,100000.0,0.0,0,0
ILLINOIS,PULASKI,2018-03-03,Flood,1,100000.0,0.0,0,0
ILLINOIS,PULASKI,2018-03-04,Flood,1,100000.0,0.0,0,0
ILLINOIS,PULASKI,2018-03-05,Flood,1,100000.0,0.0,0,0
ILLINOIS,PULASKI,2018-03-06,Flood,1,100000.0,0.0,0,0
ILLINOIS,PULASKI,2018-03-07,Flood,1,100000.0,0.0,0,0
ILLINOIS,PULASKI,2018-03-08,Flood,1,100000.0,0.0,0,0
ILLINOIS,PULASKI,2018-03-09,Flood,1,100000.0,0.0,0,0
ILLINOIS,PULASKI,2018-03-10,Flood,1,100000.0,0.0,0,0
ILLINOIS,PULASKI,2018-03-11,Flood,1,100000.0,0.0,0,0
ILLINOIS,PULASKI,2018-03-12,Flood,1,100000.0,0.0,0,0
ILLINOIS,PULASKI,2018-03-13,Flood,1,100000.0,0.0,0,0
ILLINOIS,PULASKI,2018-03-14,Flood,1,100000.0,0.0,0,0
ILLINOIS,PULASKI,2018-03-15,Flood,1,100000.0,0.0,0,0
ILLINOIS,PULASKI,2018-03-16,Flood,1,100000.0,0.0,0,0
ILLINOIS,PULASKI,2018-03-17,Flood,1,100000.0,0.0,0,0
ILLINOIS,PULASKI,2018-03-18,Flood,1,100000.0,0.0,0,0
ILLINOIS,PULASKI,2018-03-30,Flood,1,0.0,0.0,0,0
ILLINOIS,PULASKI,2018-03-31,Flood,1,0.0,0.0,0,0
ILLINOIS,PULASKI,2018-04-01,Flood,1,0.0,0.0,0,0
ILLINOIS,PULASKI,2018-04-02,Flood,1,0.0,0.0,0,0
ILLINOIS,PULASKI,2018-04-03,Flood,1,0.0,0.0,0,0
ILLINOIS,PULASKI,2018-04-04,Flood,1,0.0,0.0,0,0
ILLINOIS,PULASKI,2018-04-05,Flood,1,0.0,0.0,0,0
ILLINOIS,PULASKI,2018-04-06,Flood,1,0.0,0.0,0,0
ILLINOIS,PULASKI,2018-04-07,Flood,1,0.0,0.0,0,0
ILLINOIS,PULASKI,2018-04-08,Flood,1,0.0,0.0,0,0
ILLINOIS,PULASKI,2018-04-09,Flood,1,0.0,0.0,0,0
ILLINOIS,PULASKI,2018-04-10,Flood,1,0.0,0.0,0,0
ILLINOIS,PULASKI,2018-04-11,Flood,1,0.0,0.0,0,0
ILLINOIS,PULASKI,2018-04-12,Flood,1,0.0,0.0,0,0
ILLINOIS,PULASKI,2018-04-13,Flood,1,0.0,0.0,0,0
ILLINOIS,PULASKI,2018-04-14,Flood,1,0.0,0.0,0,0
ILLINOIS,PULASKI,2018-04-15,Flood,1,0.0,0.0,0,0
ILLINOIS,PULASKI,2018-04-16,Flood,1,0.0,0.0,0,0
ILLINOIS,PULASKI,2018-04-17,Flood,1,0.0,0.0,0,0
ILLINOIS,PULASKI,2018-04-18,Flood,1,0.0,0.0,0,0
ILLINOIS,PULASKI,2018-04-19,Flood,1,0.0,0.0,0,0
ILLINOIS,PULASKI,2018-04-20,Flood,1,0.0,0.0,0,0
ILLINOIS,PULASKI,2018-04-21,Flood,1,0.0,0.0,0,0
ILLINOIS,PULASKI,2018-04-22,Flood,1,0.0,0.0,0,0
ILLINOIS,PULASKI,2018-04-23,Flood,1,0.0,0.0,0,0
ILLINOIS,PULASKI,2018-04-24,Flood,1,0.0,0.0,0,0
ILLINOIS,PULASKI,2018-04-25,Flood,1,0.0,0.0,0,0
ILLINOIS,PULASKI,2018-04-26,Flood,1,0.0,0.0,0,0
ILLINOIS,PULASKI,2018-04-27,Flood,1,0.0,0.0,0,0
ILLINOIS,PULASKI,2018-04-28,Flood,1,0.0,0.0,0,0
ILLINOIS,PULASKI,2018-04-29,Flood,1,0.0,0.0,0,0
ILLINOIS,PULASKI,2018-04-30,Flood,1,0.0,0.0,0,0
ILLINOIS,PULASKI,2018-05-01,Flood,1,0.0,0.0,0,0
ILLINOIS,PULASKI,2018-05-02,Flood,1,0.0,0.0,0,0
ILLINOIS,PULASKI,2018-07-05,Excessive Heat,1,0.0,0.0,0,0
ILLINOIS,PULASKI,2018-07-14,Excessive Heat,1,0.0,0.0,0,0
ILLINOIS,PULASKI,2019-01-01,Flood,1,0.0,0.0,0,0
ILLINOIS,PULASKI,2019-01-02,Flood,1,0.0,0.0,0,0
ILLINOIS,PULASKI,2019-01-03,Flood,1,0.0,0.0,0,0
ILLINOIS,PULASKI,2019-01-04,Flood,1,0.0,0.0,0,0
ILLINOIS,PULASKI,2019-01-05,Flood,1,0.0,0.0,0,0
ILLINOIS,PULASKI,2019-01-06,Flood,1,0.0,0.0,0,0
ILLINOIS,PULASKI,2019-01-07,Flood,1,0.0,0.0,0,0
ILLINOIS,PULASKI,2019-01-08,Flood,1,0.0,0.0,0,0
ILLINOIS,PULASKI,2019-01-09,Flood,1,0.0,0.0,0,0
ILLINOIS,PULASKI,2019-01-10,Flood,1,0.0,0.0,0,0
ILLINOIS,PULASKI,2019-01-11,Flood,1,0.0,0.0,0,0
ILLINOIS,PULASKI,2019-01-12,Flood,1,0.0,0.0,0,0
ILLINOIS,PULASKI,2019-01-13,Flood,1,0.0,0.0,0,0
ILLINOIS,PULASKI,2019-01-26,Flood,1,0.0,0.0,0,0
ILLINOIS,PULASKI,2019-01-27,Flood,1,0.0,0.0,0,0
ILLINOIS,PULASKI,2019-01-28,Flood,1,0.0,0.0,0,0
ILLINOIS,PULASKI,2019-01-29,Flood,1,0.0,0.0,0,0
ILLINOIS,PULASKI,2019-01-30,Flood,1,0.0,0.0,0,0
ILLINOIS,PULASKI,2019-01-31,Flood,1,0.0,0.0,0,0
ILLINOIS,PULASKI,2019-02-01,Flood,1,0.0,0.0,0,0
ILLINOIS,PULASKI,2019-02-02,Flood,1,0.0,0.0,0,0
ILLINOIS,PULASKI,2019-02-03,Flood,1,0.0,0.0,0,0
ILLINOIS,PULASKI,2019-02-04,Flood,1,0.0,0.0,0,0
ILLINOIS,PULASKI,2019-02-10,Flood,1,20000.0,0.0,0,0
ILLINOIS,PULASKI,2019-02-11,Flood,1,20000.0,0.0,0,0
ILLINOIS,PULASKI,2019-02-12,Flood,1,20000.0,0.0,0,0
ILLINOIS,PULASKI,2019-02-13,Flood,1,20000.0,0.0,0,0
ILLINOIS,PULASKI,2019-02-14,Flood,1,20000.0,0.0,0,0
ILLINOIS,PULASKI,2019-02-15,Flood,1,20000.0,0.0,0,0
ILLINOIS,PULASKI,2019-02-16,Flood,1,20000.0,0.0,0,0
ILLINOIS,PULASKI,2019-02-17,Flood,1,20000.0,0.0,0,0
ILLINOIS,PULASKI,2019-02-18,Flood,1,20000.0,0.0,0,0
ILLINOIS,PULASKI,2019-02-19,Flood,1,20000.0,0.0,0,0
ILLINOIS,PULASKI,2019-02-20,Flood,1,20000.0,0.0,0,0
ILLINOIS,PULASKI,2019-02-21,Flood,1,20000.0,0.0,0,0
ILLINOIS,PULASKI,2019-02-22,Flood,1,20000.0,0.0,0,0
ILLINOIS,PULASKI,2019-02-23,Flood,1,20000.0,0.0,0,0
ILLINOIS,PULASKI,2019-02-24,Flood,1,20000.0,0.0,0,0
ILLINOIS,PULASKI,2019-02-25,Flood,1,20000.0,0.0,0,0
ILLINOIS,PULASKI,2019-02-26,Flood,1,20000.0,0.0,0,0
ILLINOIS,PULASKI,2019-02-27,Flood,1,20000.0,0.0,0,0
ILLINOIS,PULASKI,2019-02-28,Flood,1,20000.0,0.0,0,0
ILLINOIS,PULASKI,2019-03-01,Flood,1,0.0,0.0,0,0
ILLINOIS,PULASKI,2019-03-02,Flood,1,0.0,0.0,0,0
ILLINOIS,PULASKI,2019-03-03,Flood,1,0.0,0.0,0,0
ILLINOIS,PULASKI,2019-03-04,Flood,1,0.0,0.0,0,0
ILLINOIS,PULASKI,2019-03-05,Flood,1,0.0,0.0,0,0
ILLINOIS,PULASKI,2019-03-06,Flood,1,0.0,0.0,0,0
ILLINOIS,PULASKI,2019-03-07,Flood,1,0.0,0.0,0,0
ILLINOIS,PULASKI,2019-03-08,Flood,1,0.0,0.0,0,0
ILLINOIS,PULASKI,2019-03-09,Flood,1,0.0,0.0,0,0
ILLINOIS,PULASKI,2019-03-10,Flood,1,0.0,0.0,0,0
ILLINOIS,PULASKI,2019-03-11,Flood,1,0.0,0.0,0,0
ILLINOIS,PULASKI,2019-03-12,Flood,1,0.0,0.0,0,0
ILLINOIS,PULASKI,2019-03-13,Flood,1,0.0,0.0,0,0
ILLINOIS,PULASKI,2019-03-14,Flood,1,0.0,0.0,0,0
ILLINOIS,PULASKI,2019-03-15,Flood,1,0.0,0.0,0,0
ILLINOIS,PULASKI,2019-03-16,Flood,1,0.0,0.0,0,0
ILLINOIS,PULASKI,2019-03-17,Flood,1,0.0,0.0,0,0
ILLINOIS,PULASKI,2019-03-18,Flood,1,0.0,0.0,0,0
ILLINOIS,PULASKI,2019-03-19,Flood,1,0.0,0.0,0,0
ILLINOIS,PULASKI,2019-03-20,Flood,1,0.0,0.0,0,0
ILLINOIS,PULASKI,2019-03-21,Flood,1,0.0,0.0,0,0
ILLINOIS,PULASKI,2019-03-22,Flood,1,0.0,0.0,0,0
ILLINOIS,PULASKI,2019-03-23,Flood,1,0.0,0.0,0,0
ILLINOIS,PULASKI,2019-03-24,Flood,1,0.0,0.0,0,0
ILLINOIS,PULASKI,2019-03-25,Flood,1,0.0,0.0,0,0
ILLINOIS,PULASKI,2019-03-26,Flood,1,0.0,0.0,0,0
ILLINOIS,PULASKI,2019-03-27,Flood,1,0.0,0.0,0,0
ILLINOIS,PULASKI,2019-03-28,Flood,1,0.0,0.0,0,0
ILLINOIS,PULASKI,2019-03-29,Flood,1,0.0,0.0,0,0
ILLINOIS,PULASKI,2019-03-30,Flood,1,0.0,0.0,0,0
ILLINOIS,PULASKI,2019-03-31,Flood,1,0.0,0.0,0,0
ILLINOIS,PULASKI,2019-04-01,Flood,1,0.0,0.0,0,0
ILLINOIS,PULASKI,2019-04-02,Flood,1,0.0,0.0,0,0
ILLINOIS,PULASKI,2019-04-03,Flood,1,0.0,0.0,0,0
ILLINOIS,PULASKI,2019-04-04,Flood,1,0.0,0.0,0,0
ILLINOIS,PULASKI,2019-04-05,Flood,1,0.0,0.0,0,0
ILLINOIS,PULASKI,2019-04-06,Flood,1,0.0,0.0,0,0
ILLINOIS,PULASKI,2019-04-07,Flood,1,0.0,0.0,0,0
ILLINOIS,PULASKI,2019-04-08,Flood,1,0.0,0.0,0,0
ILLINOIS,PULASKI,2019-04-09,Flood,1,0.0,0.0,0,0
ILLINOIS,PULASKI,2019-04-10,Flood,1,0.0,0.0,0,0
ILLINOIS,PULASKI,2019-04-11,Flood,1,0.0,0.0,0,0
ILLINOIS,PULASKI,2019-04-12,Flood,1,0.0,0.0,0,0
ILLINOIS,PULASKI,2019-04-13,Flood,1,0.0,0.0,0,0
ILLINOIS,PULASKI,2019-04-14,Flood,1,0.0,0.0,0,0
ILLINOIS,PULASKI,2019-04-15,Flood,1,0.0,0.0,0,0
ILLINOIS,PULASKI,2019-04-16,Flood,1,0.0,0.0,0,0
ILLINOIS,PULASKI,2019-04-17,Flood,1,0.0,0.0,0,0
ILLINOIS,PULASKI,2019-04-18,Flood,1,0.0,0.0,0,0
ILLINOIS,PULASKI,2019-04-19,Flood,1,0.0,0.0,0,0
ILLINOIS,PULASKI,2019-04-20,Flood,1,0.0,0.0,0,0
ILLINOIS,PULASKI,2019-04-21,Flood,1,0.0,0.0,0,0
ILLINOIS,PULASKI,2019-04-22,Flood,1,0.0,0.0,0,0
ILLINOIS,PULASKI,2019-04-23,Flood,1,0.0,0.0,0,0
ILLINOIS,PULASKI,2019-04-24,Flood,1,0.0,0.0,0,0
ILLINOIS,PULASKI,2019-04-25,Flood,1,0.0,0.0,0,0
ILLINOIS,PULASKI,2019-04-26,Flood,1,0.0,0.0,0,0
ILLINOIS,PULASKI,2019-04-27,Flood,1,0.0,0.0,0,0
ILLINOIS,PULASKI,2019-04-28,Flood,1,0.0,0.0,0,0
ILLINOIS,PULASKI,2019-04-29,Flood,1,0.0,0.0,0,0
ILLINOIS,PULASKI,2019-04-30,Flood,1,0.0,0.0,0,0
ILLINOIS,PULASKI,2019-05-01,Flood,1,0.0,0.0,0,0
ILLINOIS,PULASKI,2019-05-02,Flood,1,0.0,0.0,0,0
ILLINOIS,PULASKI,2019-05-03,Flood,1,0.0,0.0,0,0
ILLINOIS,PULASKI,2019-05-04,Flood,1,0.0,0.0,0,0
ILLINOIS,PULASKI,2019-05-05,Flood,1,0.0,0.0,0,0
ILLINOIS,PULASKI,2019-05-06,Flood,1,0.0,0.0,0,0
ILLINOIS,PULASKI,2019-05-07,Flood,1,0.0,0.0,0,0
ILLINOIS,PULASKI,2019-05-08,Flood,1,0.0,0.0,0,0
ILLINOIS,PULASKI,2019-05-09,Flood,1,0.0,0.0,0,0
ILLINOIS,PULASKI,2019-05-10,Flood,1,0.0,0.0,0,0
ILLINOIS,PULASKI,2019-05-11,Flood,1,0.0,0.0,0,0
ILLINOIS,PULASKI,2019-05-12,Flood,1,0.0,0.0,0,0
ILLINOIS,PULASKI,2019-05-13,Flood,1,0.0,0.0,0,0
ILLINOIS,PULASKI,2019-05-14,Flood,1,0.0,0.0,0,0
ILLINOIS,PULASKI,2019-05-15,Flood,1,0.0,0.0,0,0
ILLINOIS,PULASKI,2019-05-16,Flood,1,0.0,0.0,0,0
ILLINOIS,PULASKI,2019-05-17,Flood,1,0.0,0.0,0,0
ILLINOIS,PULASKI,2019-05-18,Flood,1,0.0,0.0,0,0
ILLINOIS,PULASKI,2019-05-19,Flood,1,0.0,0.0,0,0
ILLINOIS,PULASKI,2019-05-20,Flood,1,0.0,0.0,0,0
ILLINOIS,PULASKI,2019-05-21,Flood,1,0.0,0.0,0,0
ILLINOIS,PULASKI,2019-05-22,Flood,1,0.0,0.0,0,0
ILLINOIS,PULASKI,2019-05-23,Flood,1,0.0,0.0,0,0
ILLINOIS,PULASKI,2019-05-24,Flood,1,0.0,0.0,0,0
ILLINOIS,PULASKI,2019-05-25,Flood,1,0.0,0.0,0,0
ILLINOIS,PULASKI,2019-05-26,Flood,1,0.0,0.0,0,0
ILLINOIS,PULASKI,2019-05-27,Flood,1,0.0,0.0,0,0
ILLINOIS,PULASKI,2019-05-28,Flood,1,0.0,0.0,0,0
ILLINOIS,PULASKI,2019-05-29,Flood,1,0.0,0.0,0,0
ILLINOIS,PULASKI,2019-05-30,Flood,1,0.0,0.0,0,0
ILLINOIS,PULASKI,2019-05-31,Flood,1,0.0,0.0,0,0
ILLINOIS,PULASKI,2019-06-01,Flood,1,20000.0,10000.0,0,0
ILLINOIS,PULASKI,2019-06-02,Flood,1,20000.0,10000.0,0,0
ILLINOIS,PULASKI,2019-06-03,Flood,1,20000.0,10000.0,0,0
ILLINOIS,PULASKI,2019-06-04,Flood,1,20000.0,10000.0,0,0
ILLINOIS,PULASKI,2019-06-05,Flood,1,20000.0,10000.0,0,0
ILLINOIS,PULASKI,2019-06-06,Flood,1,20000.0,10000.0,0,0
ILLINOIS,PULASKI,2019-06-07,Flood,1,20000.0,10000.0,0,0
ILLINOIS,PULASKI,2019-06-08,Flood,1,20000.0,10000.0,0,0
ILLINOIS,PULASKI,2019-06-09,Flood,1,20000.0,10000.0,0,0
ILLINOIS,PULASKI,2019-06-10,Flood,1,20000.0,10000.0,0,0
ILLINOIS,PULASKI,2019-06-11,Flood,1,20000.0,10000.0,0,0
ILLINOIS,PULASKI,2019-06-12,Flood,1,20000.0,10000.0,0,0
ILLINOIS,PULASKI,2019-06-13,Flood,1,20000.0,10000.0,0,0
ILLINOIS,PULASKI,2019-06-14,Flood,1,20000.0,10000.0,0,0
ILLINOIS,PULASKI,2019-06-15,Flood,1,20000.0,10000.0,0,0
ILLINOIS,PULASKI,2019-06-16,Flood,1,20000.0,10000.0,0,0
ILLINOIS,PULASKI,2019-06-17,Flood,1,20000.0,10000.0,0,0
ILLINOIS,PULASKI,2019-06-18,Flood,1,20000.0,10000.0,0,0
ILLINOIS,PULASKI,2019-06-19,Flood,1,20000.0,10000.0,0,0
ILLINOIS,PULASKI,2019-06-20,Flood,1,20000.0,10000.0,0,0
ILLINOIS,PULASKI,2019-06-21,Flood,1,20000.0,10000.0,0,0
ILLINOIS,PULASKI,2019-06-22,Flood,1,20000.0,10000.0,0,0
ILLINOIS,PULASKI,2019-06-23,Flood,1,20000.0,10000.0,0,0
ILLINOIS,PULASKI,2019-06-24,Flood,1,20000.0,10000.0,0,0
ILLINOIS,PULASKI,2019-06-25,Flood,1,20000.0,10000.0,0,0
ILLINOIS,PULASKI,2019-06-26,Flood,1,20000.0,10000.0,0,0
ILLINOIS,PULASKI,2019-06-27,Flood,1,20000.0,10000.0,0,0
ILLINOIS,PULASKI,2019-06-28,Flood,1,20000.0,10000.0,0,0
ILLINOIS,PULASKI,2019-06-29,Flood,1,20000.0,10000.0,0,0
ILLINOIS,PULASKI,2019-06-30,Flood,1,20000.0,10000.0,0,0
ILLINOIS,PULASKI,2019-07-01,Flood,1,30000.0,500000.0,0,0
ILLINOIS,PULASKI,2019-07-02,Flood,1,30000.0,500000.0,0,0
ILLINOIS,PULASKI,2019-07-03,Flood,1,30000.0,500000.0,0,0
ILLINOIS,PULASKI,2019-07-04,Flood,1,30000.0,500000.0,0,0
ILLINOIS,PULASKI,2019-07-05,Flood,1,30000.0,500000.0,0,0
ILLINOIS,PULASKI,2019-07-06,Flood,1,30000.0,500000.0,0,0
ILLINOIS,PULASKI,2019-07-07,Flood,1,30000.0,500000.0,0,0
ILLINOIS,PULASKI,2019-07-08,Flood,1,30000.0,500000.0,0,0
ILLINOIS,PULASKI,2019-07-09,Flood,1,30000.0,500000.0,0,0
ILLINOIS,PULASKI,2019-07-10,Flood,1,30000.0,500000.0,0,0
ILLINOIS,PULASKI,2019-07-11,Flood,1,30000.0,500000.0,0,0
ILLINOIS,PULASKI,2019-07-12,Flood,1,30000.0,500000.0,0,0
ILLINOIS,PULASKI,2019-07-13,Flood,1,30000.0,500000.0,0,0
ILLINOIS,PULASKI,2019-07-18,Excessive Heat,1,0.0,0.0,0,0
ILLINOIS,PULASKI,2019-07-19,Excessive Heat,1,0.0,0.0,0,0
ILLINOIS,PULASKI,2019-07-20,Excessive Heat,1,0.0,0.0,0,0
ILLINOIS,PULASKI,2019-07-21,Excessive Heat,1,0.0,0.0,0,0
ILLINOIS,PULASKI,2019-08-12,Excessive Heat,1,0.0,0.0,0,0
ILLINOIS,PULASKI,2020-01-02,Flood,1,0.0,0.0,0,0
ILLINOIS,PULASKI,2020-01-03,Flood,1,0.0,0.0,0,0
ILLINOIS,PULASKI,2020-01-04,Flood,1,0.0,0.0,0,0
ILLINOIS,PULASKI,2020-01-05,Flood,1,0.0,0.0,0,0
ILLINOIS,PULASKI,2020-01-06,Flood,1,0.0,0.0,0,0
ILLINOIS,PULASKI,2020-01-07,Flood,1,0.0,0.0,0,0
ILLINOIS,PULASKI,2020-01-08,Flood,1,0.0,0.0,0,0
ILLINOIS,PULASKI,2020-01-09,Flood,1,0.0,0.0,0,0
ILLINOIS,PULASKI,2020-01-10,Flood,1,0.0,0.0,0,0
ILLINOIS,PULASKI,2020-01-11,Flood,1,0.0,0.0,0,0
ILLINOIS,PULASKI,2020-01-12,Flood,1,0.0,0.0,0,0
ILLINOIS,PULASKI,2020-01-13,Flood,1,0.0,0.0,0,0
ILLINOIS,PULASKI,2020-01-14,Flood,1,0.0,0.0,0,0
ILLINOIS,PULASKI,2020-01-15,Flood,1,0.0,0.0,0,0
ILLINOIS,PULASKI,2020-01-16,Flood,1,0.0,0.0,0,0
ILLINOIS,PULASKI,2020-01-17,Flood,1,0.0,0.0,0,0
ILLINOIS,PULASKI,2020-01-18,Flood,1,0.0,0.0,0,0
ILLINOIS,PULASKI,2020-01-19,Flood,1,0.0,0.0,0,0
ILLINOIS,PULASKI,2020-01-20,Flood,1,0.0,0.0,0,0
ILLINOIS,PULASKI,2020-01-21,Flood,1,0.0,0.0,0,0
ILLINOIS,PULASKI,2020-01-22,Flood,1,0.0,0.0,0,0
ILLINOIS,PULASKI,2020-01-23,Flood,1,0.0,0.0,0,0
ILLINOIS,PULASKI,2020-01-24,Flood,1,0.0,0.0,0,0
ILLINOIS,PULASKI,2020-01-25,Flood,1,0.0,0.0,0,0
ILLINOIS,PULASKI,2020-01-26,Flood,1,0.0,0.0,0,0
ILLINOIS,PULASKI,2020-01-27,Flood,1,0.0,0.0,0,0
ILLINOIS,PULASKI,2020-01-28,Flood,1,0.0,0.0,0,0
ILLINOIS,PULASKI,2020-01-29,Flood,1,0.0,0.0,0,0
ILLINOIS,PULASKI,2020-01-30,Flood,1,0.0,0.0,0,0
ILLINOIS,PULASKI,2020-02-08,Flood,1,0.0,0.0,0,0
ILLINOIS,PULASKI,2020-02-09,Flood,1,0.0,0.0,0,0
ILLINOIS,PULASKI,2020-02-10,Flood,1,0.0,0.0,0,0
ILLINOIS,PULASKI,2020-02-11,Flood,1,0.0,0.0,0,0
ILLINOIS,PULASKI,2020-02-12,Flood,1,0.0,0.0,0,0
ILLINOIS,PULASKI,2020-02-13,Flood,1,0.0,0.0,0,0
ILLINOIS,PULASKI,2020-02-14,Flood,1,0.0,0.0,0,0
ILLINOIS,PULASKI,2020-02-15,Flood,1,0.0,0.0,0,0
ILLINOIS,PULASKI,2020-02-16,Flood,1,0.0,0.0,0,0
ILLINOIS,PULASKI,2020-02-17,Flood,1,0.0,0.0,0,0
ILLINOIS,PULASKI,2020-02-18,Flood,1,0.0,0.0,0,0
ILLINOIS,PULASKI,2020-02-19,Flood,1,0.0,0.0,0,0
ILLINOIS,PULASKI,2020-02-20,Flood,1,0.0,0.0,0,0
ILLINOIS,PULASKI,2020-02-21,Flood,1,0.0,0.0,0,0
ILLINOIS,PULASKI,2020-02-22,Flood,1,0.0,0.0,0,0
ILLINOIS,PULASKI,2020-02-23,Flood,1,0.0,0.0,0,0
ILLINOIS,PULASKI,2020-02-24,Flood,1,0.0,0.0,0,0
ILLINOIS,PULASKI,2020-02-25,Flood,1,0.0,0.0,0,0
ILLINOIS,PULASKI,2020-02-26,Flood,1,0.0,0.0,0,0
ILLINOIS,PULASKI,2020-02-27,Flood,1,0.0,0.0,0,0
ILLINOIS,PULASKI,2020-02-28,Flood,1,0.0,0.0,0,0
ILLINOIS,PULASKI,2020-02-29,Flood,1,0.0,0.0,0,0
ILLINOIS,PULASKI,2020-03-18,Flood,1,0.0,0.0,0,0
ILLINOIS,PULASKI,2020-03-19,Flood,1,0.0,0.0,0,0
ILLINOIS,PULASKI,2020-03-20,Flood,1,0.0,0.0,0,0
ILLINOIS,PULASKI,2020-03-21,Flood,1,0.0,0.0,0,0
ILLINOIS,PULASKI,2020-03-22,Flood,1,0.0,0.0,0,0
ILLINOIS,PULASKI,2020-03-23,Flood,1,0.0,0.0,0,0
ILLINOIS,PULASKI,2020-03-24,Flood,1,0.0,0.0,0,0
ILLINOIS,PULASKI,2020-03-25,Flood,1,0.0,0.0,0,0
ILLINOIS,PULASKI,2020-03-26,Flood,1,0.0,0.0,0,0
ILLINOIS,PULASKI,2020-03-27,Flood,1,0.0,0.0,0,0
ILLINOIS,PULASKI,2020-03-28,Flood,1,0.0,0.0,0,0
ILLINOIS,PULASKI,2020-03-29,Flood,1,0.0,0.0,0,0
ILLINOIS,PULASKI,2020-03-30,Flood,1,0.0,0.0,0,0
ILLINOIS,PULASKI,2020-03-31,Flood,1,0.0,0.0,0,0
ILLINOIS,PULASKI,2020-04-01,Flood,1,0.0,0.0,0,0
ILLINOIS,PULASKI,2020-04-02,Flood,1,0.0,0.0,0,0
ILLINOIS,PULASKI,2020-04-03,Flood,1,0.0,0.0,0,0
ILLINOIS,PULASKI,2020-04-04,Flood,1,0.0,0.0,0,0
ILLINOIS,PULASKI,2020-04-05,Flood,1,0.0,0.0,0,0
ILLINOIS,PULASKI,2020-04-06,Flood,1,0.0,0.0,0,0
ILLINOIS,PULASKI,2020-04-07,Flood,1,0.0,0.0,0,0
ILLINOIS,PULASKI,2020-04-08,Flood,1,0.0,0.0,0,0
ILLINOIS,PULASKI,2020-04-09,Flood,1,0.0,0.0,0,0
ILLINOIS,PULASKI,2020-04-10,Flood,1,0.0,0.0,0,0
ILLINOIS,PULASKI,2020-04-11,Flood,1,0.0,0.0,0,0
ILLINOIS,PULASKI,2020-04-12,Flood,1,0.0,0.0,0,0
ILLINOIS,PULASKI,2020-04-13,Flood,1,0.0,0.0,0,0
ILLINOIS,PULASKI,2020-04-14,Flood,1,0.0,0.0,0,0
ILLINOIS,PULASKI,2020-04-15,Flood,1,0.0,0.0,0,0
ILLINOIS,PULASKI,2020-04-16,Flood,1,0.0,0.0,0,0
ILLINOIS,PULASKI,2020-04-17,Flood,1,0.0,0.0,0,0
ILLINOIS,PULASKI,2020-04-18,Flood,1,0.0,0.0,0,0
ILLINOIS,PULASKI,2020-04-19,Flood,1,0.0,0.0,0,0
ILLINOIS,PULASKI,2020-04-20,Flood,1,0.0,0.0,0,0
ILLINOIS,PULASKI,2020-04-21,Flood,1,0.0,0.0,0,0
ILLINOIS,PULASKI,2020-04-22,Flood,1,0.0,0.0,0,0
ILLINOIS,PULASKI,2020-04-23,Flood,1,0.0,0.0,0,0
ILLINOIS,PULASKI,2020-04-24,Flood,1,0.0,0.0,0,0
ILLINOIS,PULASKI,2020-04-25,Flood,1,0.0,0.0,0,0
ILLINOIS,PULASKI,2020-04-26,Flood,1,0.0,0.0,0,0
ILLINOIS,PULASKI,2020-04-27,Flood,1,0.0,0.0,0,0
ILLINOIS,PULASKI,2020-04-28,Flood,1,0.0,0.0,0,0
ILLINOIS,PULASKI,2020-04-29,Flood,1,0.0,0.0,0,0
ILLINOIS,PULASKI,2020-04-30,Flood,1,0.0,0.0,0,0
ILLINOIS,PULASKI,2020-05-01,Flood,1,0.0,20000.0,0,0
ILLINOIS,PULASKI,2020-05-02,Flood,1,0.0,20000.0,0,0
ILLINOIS,PULASKI,2020-05-03,Flood,1,0.0,20000.0,0,0
ILLINOIS,PULASKI,2020-05-04,Flood,1,0.0,20000.0,0,0
ILLINOIS,PULASKI,2020-05-05,Flood,1,0.0,20000.0,0,0
ILLINOIS,PULASKI,2020-05-06,Flood,1,0.0,20000.0,0,0
ILLINOIS,PULASKI,2020-05-07,Flood,1,0.0,20000.0,0,0
ILLINOIS,PULASKI,2020-05-08,Flood,1,0.0,20000.0,0,0
ILLINOIS,PULASKI,2020-05-09,Flood,1,0.0,20000.0,0,0
ILLINOIS,PULASKI,2020-05-10,Flood,1,0.0,20000.0,0,0
ILLINOIS,PULASKI,2020-05-11,Flood,1,0.0,20000.0,0,0
ILLINOIS,PULASKI,2020-05-12,Flood,1,0.0,20000.0,0,0
ILLINOIS,PULASKI,2020-05-23,Flood,1,0.0,20000.0,0,0
ILLINOIS,PULASKI,2020-05-24,Flood,1,0.0,20000.0,0,0
ILLINOIS,PULASKI,2020-05-25,Flood,1,0.0,20000.0,0,0
ILLINOIS,PULASKI,2020-05-26,Flood,1,0.0,20000.0,0,0
ILLINOIS,PULASKI,2020-05-27,Flood,1,0.0,20000.0,0,0
ILLINOIS,PULASKI,2020-05-28,Flood,1,0.0,20000.0,0,0
ILLINOIS,PULASKI,2020-05-29,Flood,1,0.0,20000.0,0,0
ILLINOIS,PULASKI,2020-05-30,Flood,1,0.0,20000.0,0,0
ILLINOIS,PULASKI,2020-05-31,Flood,1,0.0,20000.0,0,0
ILLINOIS,PULASKI,2020-06-01,Flood,1,0.0,10000.0,0,0
ILLINOIS,PULASKI,2020-06-02,Flood,1,0.0,10000.0,0,0
ILLINOIS,PULASKI,2020-06-03,Flood,1,0.0,10000.0,0,0
ILLINOIS,PULASKI,2020-06-04,Flood,1,0.0,10000.0,0,0
ILLINOIS,PULASKI,2020-06-05,Flood,1,0.0,10000.0,0,0
ILLINOIS,PULASKI,2021-02-10,Winter Storm,1,0.0,0.0,0,0
ILLINOIS,PULASKI,2021-02-11,Winter Storm,1,0.0,0.0,0,0
ILLINOIS,PULASKI,2021-02-14,Winter Storm,1,0.0,0.0,0,0
ILLINOIS,PULASKI,2021-02-15,Winter Storm,1,0.0,0.0,0,0
ILLINOIS,PULASKI,2021-03-01,Flood,1,0.0,0.0,0,0
ILLINOIS,PULASKI,2021-03-02,Flood,1,0.0,0.0,0,0
ILLINOIS,PULASKI,2021-03-03,Flood,1,0.0,0.0,0,0
ILLINOIS,PULASKI,2021-03-04,Flood,1,0.0,0.0,0,0
ILLINOIS,PULASKI,2021-03-05,Flood,1,0.0,0.0,0,0
ILLINOIS,PULASKI,2021-03-06,Flood,1,0.0,0.0,0,0
ILLINOIS,PULASKI,2021-03-07,Flood,1,0.0,0.0,0,0
ILLINOIS,PULASKI,2021-03-08,Flood,1,0.0,0.0,0,0
ILLINOIS,PULASKI,2021-03-09,Flood,1,0.0,0.0,0,0
ILLINOIS,PULASKI,2021-03-10,Flood,1,0.0,0.0,0,0
ILLINOIS,PULASKI,2021-03-11,Flood,1,0.0,0.0,0,0
ILLINOIS,PULASKI,2021-03-12,Flood,1,0.0,0.0,0,0
ILLINOIS,PULASKI,2021-03-13,Flood,1,0.0,0.0,0,0
ILLINOIS,PULASKI,2021-03-14,Flood,1,0.0,0.0,0,0
ILLINOIS,PULASKI,2021-03-15,Flood,1,0.0,0.0,0,0
ILLINOIS,PULASKI,2021-03-16,Flood,1,0.0,0.0,0,0
ILLINOIS,PULASKI,2021-03-17,Flood,1,0.0,0.0,0,0
ILLINOIS,PULASKI,2021-03-18,Flood,1,0.0,0.0,0,0
ILLINOIS,PULASKI,2021-03-19,Flood,1,0.0,0.0,0,0
ILLINOIS,PULASKI,2021-03-20,Flood,1,0.0,0.0,0,0
ILLINOIS,PULASKI,2021-03-21,Flood,1,0.0,0.0,0,0
ILLINOIS,PULASKI,2021-03-22,Flood,1,0.0,0.0,0,0
ILLINOIS,PULASKI,2021-03-23,Flood,1,0.0,0.0,0,0
ILLINOIS,PULASKI,2021-03-24,Flood,1,0.0,0.0,0,0
ILLINOIS,PULASKI,2021-03-25,Flood,1,0.0,0.0,0,0
ILLINOIS,PULASKI,2021-03-26,Flood,1,0.0,0.0,0,0
ILLINOIS,PULASKI,2021-03-27,Flood,1,0.0,0.0,0,0
ILLINOIS,PULASKI,2021-03-28,Flood,1,0.0,0.0,0,0
ILLINOIS,PULASKI,2021-03-29,Flood,1,0.0,0.0,0,0
ILLINOIS,PULASKI,2021-03-30,Flood,1,0.0,0.0,0,0
ILLINOIS,PULASKI,2021-03-31,Flood,1,0.0,0.0,0,0
ILLINOIS,PULASKI,2021-04-01,Flood,1,0.0,0.0,0,0
ILLINOIS,PULASKI,2021-04-02,Flood,1,0.0,0.0,0,0
ILLINOIS,PULASKI,2021-04-03,Flood,1,0.0,0.0,0,0
ILLINOIS,PULASKI,2021-04-04,Flood,1,0.0,0.0,0,0
ILLINOIS,PULASKI,2021-04-05,Flood,1,0.0,0.0,0,0
ILLINOIS,PULASKI,2021-04-06,Flood,1,0.0,0.0,0,0
ILLINOIS,PULASKI,2021-04-07,Flood,1,0.0,0.0,0,0
ILLINOIS,PULASKI,2021-04-08,Flood,1,0.0,0.0,0,0
ILLINOIS,PULASKI,2021-04-09,Flood,1,0.0,0.0,0,0
ILLINOIS,PULASKI,2022-01-08,Flood,1,0.0,0.0,0,0
ILLINOIS,PULASKI,2022-01-09,Flood,1,0.0,0.0,0,0
ILLINOIS,PULASKI,2022-01-10,Flood,1,0.0,0.0,0,0
ILLINOIS,PULASKI,2022-01-11,Flood,1,0.0,0.0,0,0
ILLINOIS,PULASKI,2022-01-12,Flood,1,0.0,0.0,0,0
ILLINOIS,PULASKI,2022-01-13,Flood,1,0.0,0.0,0,0
ILLINOIS,PULASKI,2022-01-14,Flood,1,0.0,0.0,0,0
ILLINOIS,PULASKI,2022-01-15,Flood,1,0.0,0.0,0,0
ILLINOIS,PULASKI,2022-01-16,Flood,1,0.0,0.0,0,0
ILLINOIS,PULASKI,2022-01-17,Flood,1,0.0,0.0,0,0
ILLINOIS,PULASKI,2022-02-02,Winter Storm,1,0.0,0.0,0,0
ILLINOIS,PULASKI,2022-02-03,Winter Storm,1,0.0,0.0,0,0
ILLINOIS,PULASKI,2022-02-22,Flood,1,0.0,0.0,0,0
ILLINOIS,PULASKI,2022-02-23,Flood,1,0.0,0.0,0,0
ILLINOIS,PULASKI,2022-02-24,Flood,1,0.0,0.0,0,0
ILLINOIS,PULASKI,2022-02-25,Flood,1,0.0,0.0,0,0
ILLINOIS,PULASKI,2022-02-26,Flood,1,0.0,0.0,0,0
ILLINOIS,PULASKI,2022-02-27,Flood,1,0.0,0.0,0,0
ILLINOIS,PULASKI,2022-02-28,Flood,1,0.0,0.0,0,0
ILLINOIS,PULASKI,2022-03-01,Flood,1,0.0,0.0,0,0
ILLINOIS,PULASKI,2022-03-02,Flood,1,0.0,0.0,0,0
ILLINOIS,PULASKI,2022-03-03,Flood,1,0.0,0.0,0,0
ILLINOIS,PULASKI,2022-03-04,Flood,1,0.0,0.0,0,0
ILLINOIS,PULASKI,2022-03-05,Flood,1,0.0,0.0,0,0
ILLINOIS,PULASKI,2022-03-06,Flood,1,0.0,0.0,0,0
ILLINOIS,PULASKI,2022-03-07,Flood,1,0.0,0.0,0,0
ILLINOIS,PULASKI,2022-03-08,Flood,1,0.0,0.0,0,0
ILLINOIS,PULASKI,2022-03-09,Flood,1,0.0,0.0,0,0
ILLINOIS,PULASKI,2022-03-10,Flood,1,0.0,0.0,0,0
ILLINOIS,PULASKI,2022-03-11,Flood,1,0.0,0.0,0,0
ILLINOIS,PULASKI,2022-03-12,Flood,1,0.0,0.0,0,0
ILLINOIS,PULASKI,2022-03-13,Flood,1,0.0,0.0,0,0
ILLINOIS,PULASKI,2022-03-14,Flood,1,0.0,0.0,0,0
ILLINOIS,PULASKI,2022-03-15,Flood,1,0.0,0.0,0,0
ILLINOIS,PULASKI,2022-03-16,Flood,1,0.0,0.0,0,0
ILLINOIS,PULASKI,2022-03-17,Flood,1,0.0,0.0,0,0
ILLINOIS,PULASKI,2022-03-18,Flood,1,0.0,0.0,0,0
ILLINOIS,PULASKI,2022-03-19,Flood,1,0.0,0.0,0,0
ILLINOIS,PULASKI,2022-03-20,Flood,1,0.0,0.0,0,0
ILLINOIS,PULASKI,2022-06-12,Excessive Heat,1,0.0,0.0,0,0
ILLINOIS,PULASKI,2022-06-13,Excessive Heat,1,0.0,0.0,0,0
ILLINOIS,PULASKI,2022-06-14,Excessive Heat,1,0.0,0.0,0,0
ILLINOIS,PULASKI,2022-06-15,Excessive Heat,1,0.0,0.0,0,0
ILLINOIS,PULASKI,2022-06-16,Excessive Heat,1,0.0,0.0,0,0
ILLINOIS,PULASKI,2022-07-04,Excessive Heat,1,0.0,0.0,0,0
ILLINOIS,PULASKI,2022-07-05,Excessive Heat,1,0.0,0.0,0,0
ILLINOIS,PULASKI,2022-07-06,Excessive Heat,1,0.0,0.0,0,0
ILLINOIS,PULASKI,2022-07-07,Excessive Heat,1,0.0,0.0,0,0
ILLINOIS,PULASKI,2022-07-08,Excessive Heat,1,0.0,0.0,0,0
ILLINOIS,PULASKI,2022-07-20,Excessive Heat,1,0.0,0.0,0,0
ILLINOIS,PULASKI,2022-07-22,Excessive Heat,1,0.0,0.0,0,0
ILLINOIS,PULASKI,2022-07-23,Excessive Heat,1,0.0,0.0,0,0
ILLINOIS,PULASKI,2022-07-24,Excessive Heat,1,0.0,0.0,0,0
ILLINOIS,PULASKI,2022-12-22,Winter Storm,1,0.0,0.0,0,0
ILLINOIS,PULASKI,2023-01-30,Winter Storm,1,0.0,0.0,0,0
ILLINOIS,PULASKI,2023-01-31,Winter Storm,1,0.0,0.0,0,0
ILLINOIS,PULASKI,2023-03-05,Flood,1,0.0,0.0,0,0
ILLINOIS,PULASKI,2023-03-06,Flood,1,0.0,0.0,0,0
ILLINOIS,PULASKI,2023-03-07,Flood,1,0.0,0.0,0,0
ILLINOIS,PULASKI,2023-03-08,Flood,1,0.0,0.0,0,0
ILLINOIS,PULASKI,2023-03-09,Flood,1,0.0,0.0,0,0
ILLINOIS,PULASKI,2023-03-10,Flood,1,0.0,0.0,0,0
ILLINOIS,PULASKI,2023-03-11,Flood,1,0.0,0.0,0,0
ILLINOIS,PULASKI,2023-03-12,Flood,1,0.0,0.0,0,0
ILLINOIS,PULASKI,2023-03-13,Flood,1,0.0,0.0,0,0
ILLINOIS,PULASKI,2023-03-14,Flood,1,0.0,0.0,0,0
ILLINOIS,PULASKI,2023-03-28,Flood,1,0.0,0.0,0,0
ILLINOIS,PULASKI,2023-03-29,Flood,1,0.0,0.0,0,0
ILLINOIS,PULASKI,2023-03-30,Flood,1,0.0,0.0,0,0
ILLINOIS,PULASKI,2023-03-31,Flood,1,0.0,0.0,0,0
ILLINOIS,PULASKI,2023-04-01,Flood,1,0.0,0.0,0,0
ILLINOIS,PULASKI,2023-04-02,Flood,1,0.0,0.0,0,0
ILLINOIS,PULASKI,2023-06-29,Excessive Heat,1,0.0,0.0,0,0
ILLINOIS,PULASKI,2023-06-30,Excessive Heat,1,0.0,0.0,0,0
ILLINOIS,PULASKI,2023-07-27,Excessive Heat,1,0.0,0.0,0,0
ILLINOIS,PULASKI,2023-07-28,Excessive Heat,1,0.0,0.0,0,0
ILLINOIS,PULASKI,2023-08-20,Excessive Heat,1,0.0,0.0,0,0
ILLINOIS,PULASKI,2023-08-21,Excessive Heat,1,0.0,0.0,0,0
ILLINOIS,PULASKI,2023-08-22,Excessive Heat,1,0.0,0.0,0,0
ILLINOIS,PULASKI,2023-08-23,Excessive Heat,1,0.0,0.0,0,0
ILLINOIS,PULASKI,2023-08-24,Excessive Heat,1,0.0,0.0,0,0
ILLINOIS,PULASKI,2023-08-25,Excessive Heat,1,0.0,0.0,0,0
ILLINOIS,PULASKI,2024-05-11,Flood,1,0.0,0.0,0,0
ILLINOIS,PULASKI,2024-05-12,Flood,1,0.0,0.0,0,0
ILLINOIS,PULASKI,2024-05-13,Flood,1,0.0,0.0,0,0
ILLINOIS,PULASKI,2024-05-14,Flood,1,0.0,0.0,0,0
ILLINOIS,PULASKI,2024-05-15,Flood,1,0.0,0.0,0,0
ILLINOIS,PULASKI,2024-05-16,Flood,1,0.0,0.0,0,0
ILLINOIS,PULASKI,2024-06-25,Excessive Heat,1,0.0,0.0,0,0
ILLINOIS,PULASKI,2024-06-29,Excessive Heat,1,0.0,0.0,0,0
ILLINOIS,PULASKI,2024-07-03,Excessive Heat,1,0.0,0.0,0,0
ILLINOIS,PULASKI,2024-07-04,Excessive Heat,1,0.0,0.0,0,0
ILLINOIS,PULASKI,2024-07-29,Excessive Heat,1,0.0,0.0,0,0
ILLINOIS,PULASKI,2024-07-30,Excessive Heat,1,0.0,0.0,0,0
ILLINOIS,PULASKI,2024-07-31,Excessive Heat,1,0.0,0.0,0,0
ILLINOIS,PULASKI,2024-08-01,Excessive Heat,1,0.0,0.0,0,0
ILLINOIS,PULASKI,2025-02-15,Flood,1,0.0,0.0,0,0
ILLINOIS,PULASKI,2025-02-16,Flood,1,0.0,0.0,0,0
ILLINOIS,PULASKI,2025-02-17,Flood,1,0.0,0.0,0,0
ILLINOIS,PULASKI,2025-02-18,Flood,1,0.0,0.0,0,0
ILLINOIS,PULASKI,2025-02-19,Flood,1,0.0,0.0,0,0
ILLINOIS,PULASKI,2025-02-20,Flood,1,0.0,0.0,0,0
ILLINOIS,PULASKI,2025-02-21,Flood,1,0.0,0.0,0,0
ILLINOIS,PULASKI,2025-02-22,Flood,1,0.0,0.0,0,0
ILLINOIS,PULASKI,2025-02-23,Flood,1,0.0,0.0,0,0
ILLINOIS,PULASKI,2025-02-24,Flood,1,0.0,0.0,0,0
ILLINOIS,PULASKI,2025-02-25,Flood,1,0.0,0.0,0,0
ILLINOIS,PULASKI,2025-02-26,Flood,1,0.0,0.0,0,0
ILLINOIS,PULASKI,2025-02-27,Flood,1,0.0,0.0,0,0
ILLINOIS,PULASKI,2025-02-28,Flood,1,0.0,0.0,0,0
ILLINOIS,PULASKI,2025-03-01,Flood,1,0.0,0.0,0,0
ILLINOIS,PULASKI,2025-03-02,Flood,1,0.0,0.0,0,0
ILLINOIS,PULASKI,2025-07-21,Excessive Heat,1,0.0,0.0,0,0
ILLINOIS,PULASKI,2025-07-22,Excessive Heat,1,0.0,0.0,0,0
ILLINOIS,PULASKI,2025-07-23,Excessive Heat,1,0.0,0.0,0,0
ILLINOIS,PULASKI,2025-07-24,Excessive Heat,1,0.0,0.0,0,0
ILLINOIS,PULASKI,2025-07-25,Excessive Heat,1,0.0,0.0,0,0
ILLINOIS,PULASKI,2025-07-26,Excessive Heat,1,0.0,0.0,0,0
ILLINOIS,PULASKI,2025-08-15,Excessive Heat,1,0.0,0.0,0,0
ILLINOIS,PULASKI,2025-08-16,Excessive Heat,1,0.0,0.0,0,0
ILLINOIS,PULASKI,2025-08-17,Excessive Heat,1,0.0,0.0,0,0
ILLINOIS,PULASKI,2025-08-18,Excessive Heat,1,0.0,0.0,0,0
ILLINOIS,PULASKI,2025-08-19,Excessive Heat,1,0.0,0.0,0,0
ILLINOIS,PUTNAM,2010-01-06,Winter Storm,1,0.0,0.0,0,0
ILLINOIS,PUTNAM,2010-01-07,Winter Storm,1,0.0,0.0,0,0
ILLINOIS,PUTNAM,2010-12-03,Winter Storm,1,0.0,0.0,0,0
ILLINOIS,PUTNAM,2010-12-04,Winter Storm,1,0.0,0.0,0,0
ILLINOIS,PUTNAM,2010-12-12,Blizzard,1,0.0,0.0,0,0
ILLINOIS,PUTNAM,2011-02-01,Blizzard,1,0.0,0.0,0,0
ILLINOIS,PUTNAM,2011-02-02,Blizzard,1,0.0,0.0,0,0
ILLINOIS,PUTNAM,2012-01-12,Winter Storm,1,0.0,0.0,0,0
ILLINOIS,PUTNAM,2012-07-04,Excessive Heat,1,0.0,0.0,0,0
ILLINOIS,PUTNAM,2012-07-05,Excessive Heat,1,0.0,0.0,0,0
ILLINOIS,PUTNAM,2012-07-06,Excessive Heat,1,0.0,0.0,0,0
ILLINOIS,PUTNAM,2012-07-07,Excessive Heat,1,0.0,0.0,0,0
ILLINOIS,PUTNAM,2012-12-20,Blizzard,1,0.0,0.0,0,0
ILLINOIS,PUTNAM,2013-02-26,Winter Storm,1,0.0,0.0,0,0
ILLINOIS,PUTNAM,2013-02-27,Winter Storm,1,0.0,0.0,0,0
ILLINOIS,PUTNAM,2013-03-04,Winter Storm,1,0.0,0.0,0,0
ILLINOIS,PUTNAM,2013-03-05,Winter Storm,1,0.0,0.0,0,0
ILLINOIS,PUTNAM,2014-01-04,Winter Storm,1,0.0,0.0,0,0
ILLINOIS,PUTNAM,2014-01-05,Winter Storm,1,0.0,0.0,0,0
ILLINOIS,PUTNAM,2014-01-06,Winter Storm,1,0.0,0.0,0,0
ILLINOIS,PUTNAM,2014-02-01,Winter Storm,1,0.0,0.0,0,0
ILLINOIS,PUTNAM,2014-02-04,Winter Storm,1,0.0,0.0,0,0
ILLINOIS,PUTNAM,2014-02-05,Winter Storm,1,0.0,0.0,0,0
ILLINOIS,PUTNAM,2014-02-17,Winter Storm,1,0.0,0.0,0,0
ILLINOIS,PUTNAM,2015-01-05,Winter Storm,1,0.0,0.0,0,0
ILLINOIS,PUTNAM,2015-01-06,Winter Storm,1,0.0,0.0,0,0
ILLINOIS,PUTNAM,2015-02-01,Winter Storm,1,0.0,0.0,0,0
ILLINOIS,PUTNAM,2015-11-20,Winter Storm,1,0.0,0.0,0,0
ILLINOIS,PUTNAM,2015-11-21,Winter Storm,1,0.0,0.0,0,0
ILLINOIS,PUTNAM,2016-12-04,Winter Storm,1,0.0,0.0,0,0
ILLINOIS,PUTNAM,2017-12-29,Winter Storm,1,0.0,0.0,0,0
ILLINOIS,PUTNAM,2018-11-25,Blizzard,1,0.0,0.0,0,0
ILLINOIS,PUTNAM,2018-11-26,Blizzard,1,0.0,0.0,0,0
ILLINOIS,PUTNAM,2019-01-12,Winter Storm,1,0.0,0.0,0,0
ILLINOIS,PUTNAM,2019-01-13,Winter Storm,1,0.0,0.0,0,0
ILLINOIS,PUTNAM,2019-01-18,Winter Storm,1,0.0,0.0,0,0
ILLINOIS,PUTNAM,2019-01-19,Winter Storm,1,0.0,0.0,0,0
ILLINOIS,PUTNAM,2020-01-18,Winter Storm,1,0.0,0.0,0,0
ILLINOIS,PUTNAM,2022-02-01,Winter Storm,1,0.0,0.0,0,0
ILLINOIS,PUTNAM,2022-02-02,Winter Storm,1,0.0,0.0,0,0
ILLINOIS,PUTNAM,2022-12-22,Winter Storm,1,0.0,0.0,0,0
ILLINOIS,PUTNAM,2022-12-23,Winter Storm,1,0.0,0.0,0,0
ILLINOIS,PUTNAM,2022-12-24,Winter Storm,1,0.0,0.0,0,0
ILLINOIS,PUTNAM,2024-01-12,Winter Storm,1,0.0,0.0,0,0
ILLINOIS,PUTNAM,2025-11-29,Winter Storm,1,0.0,0.0,0,0
ILLINOIS,PUTNAM,2025-11-30,Winter Storm,1,0.0,0.0,0,0
ILLINOIS,Perry,2015-07-28,Excessive Heat,1,0.0,0.0,0,0
ILLINOIS,Perry,2015-07-29,Excessive Heat,1,0.0,0.0,0,0
ILLINOIS,Pope,2015-07-27,Excessive Heat,1,0.0,0.0,0,0
ILLINOIS,Pope,2015-07-28,Excessive Heat,1,0.0,0.0,0,0
ILLINOIS,Pope,2015-07-29,Excessive Heat,1,0.0,0.0,0,0
ILLINOIS,Pulaski,2015-07-27,Excessive Heat,1,0.0,0.0,0,0
ILLINOIS,Pulaski,2015-07-28,Excessive Heat,1,0.0,0.0,0,0
ILLINOIS,Pulaski,2015-07-29,Excessive Heat,1,0.0,0.0,0,0
ILLINOIS,RANDOLPH,2010-06-12,Flood,1,0.0,0.0,0,0
ILLINOIS,RANDOLPH,2010-06-13,Flood,1,0.0,0.0,0,0
ILLINOIS,RANDOLPH,2010-06-14,Flood,1,0.0,0.0,0,0
ILLINOIS,RANDOLPH,2010-06-15,Flood,1,0.0,0.0,0,0
ILLINOIS,RANDOLPH,2010-06-16,Flood,1,0.0,0.0,0,0
ILLINOIS,RANDOLPH,2010-06-17,Flood,1,0.0,0.0,0,0
ILLINOIS,RANDOLPH,2010-06-18,Flood,1,0.0,0.0,0,0
ILLINOIS,RANDOLPH,2010-06-19,Flood,1,0.0,0.0,0,0
ILLINOIS,RANDOLPH,2010-06-20,Flood,1,0.0,0.0,0,0
ILLINOIS,RANDOLPH,2010-06-21,Flood,1,0.0,0.0,0,0
ILLINOIS,RANDOLPH,2010-06-22,Flood,1,0.0,0.0,0,0
ILLINOIS,RANDOLPH,2010-06-23,Flood,1,0.0,0.0,0,0
ILLINOIS,RANDOLPH,2010-06-24,Flood,1,0.0,0.0,0,0
ILLINOIS,RANDOLPH,2010-06-25,Flood,1,0.0,0.0,0,0
ILLINOIS,RANDOLPH,2010-06-26,Flood,1,0.0,0.0,0,0
ILLINOIS,RANDOLPH,2010-06-27,Flood,1,0.0,0.0,0,0
ILLINOIS,RANDOLPH,2010-06-28,Flood,1,0.0,0.0,0,0
ILLINOIS,RANDOLPH,2010-06-29,Flood,1,0.0,0.0,0,0
ILLINOIS,RANDOLPH,2010-06-30,Flood,1,0.0,0.0,0,0
ILLINOIS,RANDOLPH,2010-07-14,Excessive Heat,1,0.0,0.0,0,0
ILLINOIS,RANDOLPH,2010-07-17,Excessive Heat,1,0.0,0.0,0,0
ILLINOIS,RANDOLPH,2010-07-22,Excessive Heat,1,0.0,0.0,0,0
ILLINOIS,RANDOLPH,2010-07-23,Excessive Heat,1,0.0,0.0,0,0
ILLINOIS,RANDOLPH,2010-07-24,Excessive Heat,1,0.0,0.0,0,0
ILLINOIS,RANDOLPH,2010-08-02,Excessive Heat,1,0.0,0.0,0,0
ILLINOIS,RANDOLPH,2010-08-03,Excessive Heat,1,0.0,0.0,0,0
ILLINOIS,RANDOLPH,2010-08-04,Excessive Heat,1,0.0,0.0,0,0
ILLINOIS,RANDOLPH,2010-08-08,Excessive Heat,1,0.0,0.0,0,0
ILLINOIS,RANDOLPH,2010-08-09,Excessive Heat,1,0.0,0.0,0,0
ILLINOIS,RANDOLPH,2010-08-10,Excessive Heat,1,0.0,0.0,0,0
ILLINOIS,RANDOLPH,2010-08-11,Excessive Heat,1,0.0,0.0,0,0
ILLINOIS,RANDOLPH,2010-08-12,Excessive Heat,1,0.0,0.0,0,0
ILLINOIS,RANDOLPH,2010-08-13,Excessive Heat,1,0.0,0.0,0,0
ILLINOIS,RANDOLPH,2010-08-14,Excessive Heat,1,0.0,0.0,0,0
ILLINOIS,RANDOLPH,2011-01-31,Winter Storm,1,0.0,0.0,0,0
ILLINOIS,RANDOLPH,2011-02-01,Winter Storm,1,0.0,0.0,0,0
ILLINOIS,RANDOLPH,2011-02-02,Winter Storm,1,0.0,0.0,0,0
ILLINOIS,RANDOLPH,2011-07-10,Excessive Heat,1,0.0,0.0,0,0
ILLINOIS,RANDOLPH,2011-07-11,Excessive Heat,1,0.0,0.0,0,0
ILLINOIS,RANDOLPH,2011-07-12,Excessive Heat,1,0.0,0.0,0,0
ILLINOIS,RANDOLPH,2011-07-17,Excessive Heat,1,0.0,0.0,0,0
ILLINOIS,RANDOLPH,2011-07-18,Excessive Heat,1,0.0,0.0,0,0
ILLINOIS,RANDOLPH,2011-07-19,Excessive Heat,1,0.0,0.0,0,0
ILLINOIS,RANDOLPH,2011-07-20,Excessive Heat,1,0.0,0.0,0,0
ILLINOIS,RANDOLPH,2011-07-21,Excessive Heat,1,0.0,0.0,0,0
ILLINOIS,RANDOLPH,2011-07-22,Excessive Heat,1,0.0,0.0,0,0
ILLINOIS,RANDOLPH,2011-07-23,Excessive Heat,1,0.0,0.0,0,0
ILLINOIS,RANDOLPH,2011-07-24,Excessive Heat,1,0.0,0.0,0,0
ILLINOIS,RANDOLPH,2011-07-25,Excessive Heat,1,0.0,0.0,0,0
ILLINOIS,RANDOLPH,2011-07-26,Excessive Heat,1,0.0,0.0,0,0
ILLINOIS,RANDOLPH,2011-07-27,Excessive Heat,1,0.0,0.0,0,0
ILLINOIS,RANDOLPH,2011-07-28,Excessive Heat,1,0.0,0.0,0,0
ILLINOIS,RANDOLPH,2011-07-29,Excessive Heat,1,0.0,0.0,0,0
ILLINOIS,RANDOLPH,2011-07-30,Excessive Heat,1,0.0,0.0,0,0
ILLINOIS,RANDOLPH,2011-07-31,Excessive Heat,1,0.0,0.0,0,0
ILLINOIS,RANDOLPH,2011-08-01,Excessive Heat,1,0.0,0.0,0,0
ILLINOIS,RANDOLPH,2011-08-02,Excessive Heat,1,0.0,0.0,0,0
ILLINOIS,RANDOLPH,2011-08-03,Excessive Heat,1,0.0,0.0,0,0
ILLINOIS,RANDOLPH,2012-06-27,Excessive Heat,1,0.0,0.0,0,0
ILLINOIS,RANDOLPH,2012-06-28,Excessive Heat,1,0.0,0.0,0,0
ILLINOIS,RANDOLPH,2012-06-29,Excessive Heat,1,0.0,0.0,0,0
ILLINOIS,RANDOLPH,2012-06-30,Excessive Heat,1,0.0,0.0,0,0
ILLINOIS,RANDOLPH,2012-07-01,Excessive Heat,1,0.0,0.0,0,0
ILLINOIS,RANDOLPH,2012-07-02,Excessive Heat,1,0.0,0.0,0,0
ILLINOIS,RANDOLPH,2012-07-03,Excessive Heat,1,0.0,0.0,0,0
ILLINOIS,RANDOLPH,2012-07-04,Excessive Heat,1,0.0,0.0,0,0
ILLINOIS,RANDOLPH,2012-07-05,Excessive Heat,1,0.0,0.0,0,0
ILLINOIS,RANDOLPH,2012-07-06,Excessive Heat,1,0.0,0.0,0,0
ILLINOIS,RANDOLPH,2012-07-07,Excessive Heat,1,0.0,0.0,0,0
ILLINOIS,RANDOLPH,2012-07-08,Excessive Heat,1,0.0,0.0,0,0
ILLINOIS,RANDOLPH,2012-07-16,Excessive Heat,1,0.0,0.0,0,0
ILLINOIS,RANDOLPH,2012-07-17,Excessive Heat,1,0.0,0.0,0,0
ILLINOIS,RANDOLPH,2012-07-18,Excessive Heat,1,0.0,0.0,0,0
ILLINOIS,RANDOLPH,2012-07-19,Excessive Heat,1,0.0,0.0,0,0
ILLINOIS,RANDOLPH,2012-07-22,Excessive Heat,1,0.0,0.0,0,0
ILLINOIS,RANDOLPH,2012-07-23,Excessive Heat,1,0.0,0.0,0,0
ILLINOIS,RANDOLPH,2012-07-24,Excessive Heat,1,0.0,0.0,0,0
ILLINOIS,RANDOLPH,2012-07-25,Excessive Heat,1,0.0,0.0,0,0
ILLINOIS,RANDOLPH,2012-07-26,Excessive Heat,1,0.0,0.0,0,0
ILLINOIS,RANDOLPH,2012-07-27,Excessive Heat,1,0.0,0.0,0,0
ILLINOIS,RANDOLPH,2012-07-31,Excessive Heat,1,0.0,0.0,0,0
ILLINOIS,RANDOLPH,2012-08-01,Excessive Heat,1,0.0,0.0,0,0
ILLINOIS,RANDOLPH,2013-02-21,Winter Storm,1,0.0,0.0,0,0
ILLINOIS,RANDOLPH,2013-06-01,Flood,1,1000.0,5000.0,0,0
ILLINOIS,RANDOLPH,2013-06-02,Flood,1,1000.0,5000.0,0,0
ILLINOIS,RANDOLPH,2013-06-03,Flood,1,1000.0,5000.0,0,0
ILLINOIS,RANDOLPH,2013-06-04,Flood,1,1000.0,5000.0,0,0
ILLINOIS,RANDOLPH,2013-06-05,Flood,1,1000.0,5000.0,0,0
ILLINOIS,RANDOLPH,2013-06-06,Flood,1,1000.0,5000.0,0,0
ILLINOIS,RANDOLPH,2013-06-07,Flood,1,1000.0,5000.0,0,0
ILLINOIS,RANDOLPH,2013-06-08,Flood,1,1000.0,5000.0,0,0
ILLINOIS,RANDOLPH,2013-06-09,Flood,1,1000.0,5000.0,0,0
ILLINOIS,RANDOLPH,2013-06-10,Flood,1,1000.0,5000.0,0,0
ILLINOIS,RANDOLPH,2013-06-11,Flood,1,1000.0,5000.0,0,0
ILLINOIS,RANDOLPH,2013-06-12,Flood,1,1000.0,5000.0,0,0
ILLINOIS,RANDOLPH,2013-06-13,Flood,1,1000.0,5000.0,0,0
ILLINOIS,RANDOLPH,2013-06-14,Flood,1,1000.0,5000.0,0,0
ILLINOIS,RANDOLPH,2013-06-15,Flood,1,1000.0,5000.0,0,0
ILLINOIS,RANDOLPH,2013-06-16,Flood,1,1000.0,5000.0,0,0
ILLINOIS,RANDOLPH,2013-06-17,Flood,1,1000.0,5000.0,0,0
ILLINOIS,RANDOLPH,2013-06-18,Flood,1,1000.0,5000.0,0,0
ILLINOIS,RANDOLPH,2013-06-19,Flood,1,1000.0,5000.0,0,0
ILLINOIS,RANDOLPH,2013-06-20,Flood,1,1000.0,5000.0,0,0
ILLINOIS,RANDOLPH,2013-06-21,Flood,1,1000.0,5000.0,0,0
ILLINOIS,RANDOLPH,2013-06-22,Flood,1,1000.0,5000.0,0,0
ILLINOIS,RANDOLPH,2013-06-23,Flood,1,1000.0,5000.0,0,0
ILLINOIS,RANDOLPH,2013-06-24,Flood,1,1000.0,5000.0,0,0
ILLINOIS,RANDOLPH,2013-06-25,Flood,1,1000.0,5000.0,0,0
ILLINOIS,RANDOLPH,2013-06-26,Flood,1,1000.0,5000.0,0,0
ILLINOIS,RANDOLPH,2013-12-05,Winter Storm,1,0.0,0.0,0,0
ILLINOIS,RANDOLPH,2013-12-06,Winter Storm,1,0.0,0.0,0,0
ILLINOIS,RANDOLPH,2014-01-05,Winter Storm,1,0.0,0.0,0,0
ILLINOIS,RANDOLPH,2014-03-01,Winter Storm,1,0.0,0.0,0,0
ILLINOIS,RANDOLPH,2014-03-02,Winter Storm,1,0.0,0.0,0,0
ILLINOIS,RANDOLPH,2014-08-20,Excessive Heat,1,0.0,0.0,0,0
ILLINOIS,RANDOLPH,2014-08-21,Excessive Heat,1,0.0,0.0,0,0
ILLINOIS,RANDOLPH,2014-08-22,Excessive Heat,1,0.0,0.0,0,0
ILLINOIS,RANDOLPH,2014-08-23,Excessive Heat,1,0.0,0.0,0,0
ILLINOIS,RANDOLPH,2014-08-24,Excessive Heat,1,0.0,0.0,0,0
ILLINOIS,RANDOLPH,2014-08-25,Excessive Heat,1,0.0,0.0,0,0
ILLINOIS,RANDOLPH,2014-08-26,Excessive Heat,1,0.0,0.0,0,0
ILLINOIS,RANDOLPH,2014-08-27,Excessive Heat,1,0.0,0.0,0,0
ILLINOIS,RANDOLPH,2015-02-20,Winter Storm,1,0.0,0.0,0,0
ILLINOIS,RANDOLPH,2015-02-21,Winter Storm,1,0.0,0.0,0,0
ILLINOIS,RANDOLPH,2015-07-12,Excessive Heat,1,0.0,0.0,0,0
ILLINOIS,RANDOLPH,2015-07-13,Excessive Heat,1,0.0,0.0,0,0
ILLINOIS,RANDOLPH,2015-07-14,Excessive Heat,1,0.0,0.0,0,0
ILLINOIS,RANDOLPH,2015-07-27,Excessive Heat,1,0.0,0.0,0,0
ILLINOIS,RANDOLPH,2015-07-28,Excessive Heat,1,0.0,0.0,0,0
ILLINOIS,RANDOLPH,2015-07-29,Excessive Heat,1,0.0,0.0,0,0
ILLINOIS,RANDOLPH,2015-12-28,Flood,1,0.0,0.0,0,0
ILLINOIS,RANDOLPH,2015-12-29,Flood,1,0.0,0.0,0,0
ILLINOIS,RANDOLPH,2015-12-30,Flood,1,0.0,0.0,0,0
ILLINOIS,RANDOLPH,2015-12-31,Flood,1,0.0,0.0,0,0
ILLINOIS,RANDOLPH,2016-01-01,Flood,1,0.0,0.0,0,0
ILLINOIS,RANDOLPH,2016-01-02,Flood,1,0.0,0.0,0,0
ILLINOIS,RANDOLPH,2016-01-03,Flood,1,0.0,0.0,0,0
ILLINOIS,RANDOLPH,2016-01-04,Flood,1,0.0,0.0,0,0
ILLINOIS,RANDOLPH,2016-07-18,Excessive Heat,1,0.0,0.0,0,0
ILLINOIS,RANDOLPH,2016-07-19,Excessive Heat,1,0.0,0.0,0,0
ILLINOIS,RANDOLPH,2016-07-20,Excessive Heat,1,0.0,0.0,0,0
ILLINOIS,RANDOLPH,2016-07-21,Excessive Heat,1,0.0,0.0,0,0
ILLINOIS,RANDOLPH,2016-07-22,Excessive Heat,1,0.0,0.0,0,0
ILLINOIS,RANDOLPH,2016-07-23,Excessive Heat,1,0.0,0.0,0,0
ILLINOIS,RANDOLPH,2016-07-24,Excessive Heat,1,0.0,0.0,0,0
ILLINOIS,RANDOLPH,2017-07-21,Excessive Heat,1,0.0,0.0,0,0
ILLINOIS,RANDOLPH,2017-07-22,Excessive Heat,1,0.0,0.0,0,0
ILLINOIS,RANDOLPH,2017-07-23,Excessive Heat,1,0.0,0.0,0,0
ILLINOIS,RANDOLPH,2018-06-29,Excessive Heat,1,0.0,0.0,0,0
ILLINOIS,RANDOLPH,2018-06-30,Excessive Heat,1,0.0,0.0,0,0
ILLINOIS,RANDOLPH,2022-12-22,Winter Storm,1,0.0,0.0,0,0
ILLINOIS,RANDOLPH,2023-07-27,Excessive Heat,1,0.0,0.0,0,0
ILLINOIS,RANDOLPH,2023-07-28,Excessive Heat,1,0.0,0.0,0,0
ILLINOIS,RANDOLPH,2023-07-29,Excessive Heat,1,0.0,0.0,0,0
ILLINOIS,RANDOLPH,2023-08-20,Excessive Heat,1,0.0,0.0,0,0
ILLINOIS,RANDOLPH,2023-08-21,Excessive Heat,1,0.0,0.0,0,0
ILLINOIS,RANDOLPH,2023-08-22,Excessive Heat,1,0.0,0.0,0,0
ILLINOIS,RANDOLPH,2023-08-23,Excessive Heat,1,0.0,0.0,0,0
ILLINOIS,RANDOLPH,2023-08-24,Excessive Heat,1,0.0,0.0,0,0
ILLINOIS,RANDOLPH,2023-08-25,Excessive Heat,1,0.0,0.0,0,0
ILLINOIS,RANDOLPH,2025-01-05,Winter Storm,1,0.0,0.0,0,0
ILLINOIS,RANDOLPH,2025-01-06,Winter Storm,1,0.0,0.0,0,0
ILLINOIS,RANDOLPH,2025-07-22,Excessive Heat,1,0.0,0.0,0,0
ILLINOIS,RANDOLPH,2025-07-23,Excessive Heat,1,0.0,0.0,0,0
ILLINOIS,RANDOLPH,2025-07-24,Excessive Heat,1,0.0,0.0,0,0
ILLINOIS,RANDOLPH,2025-07-25,Excessive Heat,1,0.0,0.0,0,0
ILLINOIS,RANDOLPH,2025-07-26,Excessive Heat,1,0.0,0.0,0,0
ILLINOIS,RANDOLPH,2025-07-27,Excessive Heat,1,0.0,0.0,0,0
ILLINOIS,RANDOLPH,2025-07-28,Excessive Heat,1,0.0,0.0,0,0
ILLINOIS,RANDOLPH,2025-07-29,Excessive Heat,1,0.0,0.0,0,0
ILLINOIS,RANDOLPH,2025-07-30,Excessive Heat,1,0.0,0.0,0,0
ILLINOIS,RICHLAND,2010-08-03,Excessive Heat,1,0.0,0.0,0,0
ILLINOIS,RICHLAND,2010-08-04,Excessive Heat,1,0.0,0.0,0,0
ILLINOIS,RICHLAND,2010-08-09,Excessive Heat,1,0.0,0.0,0,0
ILLINOIS,RICHLAND,2010-08-10,Excessive Heat,1,0.0,0.0,0,0
ILLINOIS,RICHLAND,2010-08-11,Excessive Heat,1,0.0,0.0,0,0
ILLINOIS,RICHLAND,2010-08-12,Excessive Heat,1,0.0,0.0,0,0
ILLINOIS,RICHLAND,2010-08-13,Excessive Heat,1,0.0,0.0,0,0
ILLINOIS,RICHLAND,2010-08-14,Excessive Heat,1,0.0,0.0,0,0
ILLINOIS,RICHLAND,2012-06-29,Excessive Heat,1,0.0,0.0,0,0
ILLINOIS,RICHLAND,2012-06-30,Excessive Heat,1,0.0,0.0,0,0
ILLINOIS,RICHLAND,2012-07-01,Excessive Heat,1,0.0,0.0,0,0
ILLINOIS,RICHLAND,2012-07-02,Excessive Heat,1,0.0,0.0,0,0
ILLINOIS,RICHLAND,2012-07-03,Excessive Heat,1,0.0,0.0,0,0
ILLINOIS,RICHLAND,2012-07-04,Excessive Heat,1,0.0,0.0,0,0
ILLINOIS,RICHLAND,2012-07-05,Excessive Heat,1,0.0,0.0,0,0
ILLINOIS,RICHLAND,2012-07-06,Excessive Heat,1,0.0,0.0,0,0
ILLINOIS,RICHLAND,2012-07-07,Excessive Heat,1,0.0,0.0,0,0
ILLINOIS,RICHLAND,2013-12-05,Winter Storm,1,0.0,0.0,0,0
ILLINOIS,RICHLAND,2013-12-06,Winter Storm,1,0.0,0.0,0,0
ILLINOIS,RICHLAND,2015-06-19,Flood,1,0.0,0.0,0,0
ILLINOIS,RICHLAND,2015-06-20,Flood,1,0.0,0.0,0,0
ILLINOIS,RICHLAND,2017-04-29,Flood,1,0.0,0.0,0,0
ILLINOIS,RICHLAND,2017-04-30,Flood,1,0.0,0.0,0,0
ILLINOIS,RICHLAND,2017-05-01,Flood,1,0.0,0.0,0,0
ILLINOIS,RICHLAND,2017-05-04,Flood,1,0.0,0.0,0,0
ILLINOIS,RICHLAND,2017-05-05,Flood,1,0.0,0.0,0,0
ILLINOIS,RICHLAND,2017-05-06,Flood,1,0.0,0.0,0,0
ILLINOIS,RICHLAND,2017-05-11,Flood,1,0.0,0.0,0,0
ILLINOIS,RICHLAND,2023-07-27,Excessive Heat,1,0.0,0.0,0,0
ILLINOIS,RICHLAND,2023-07-28,Excessive Heat,1,0.0,0.0,0,0
ILLINOIS,RICHLAND,2023-08-20,Excessive Heat,1,0.0,0.0,0,0
ILLINOIS,RICHLAND,2023-08-21,Excessive Heat,1,0.0,0.0,0,0
ILLINOIS,RICHLAND,2023-08-22,Excessive Heat,1,0.0,0.0,0,0
ILLINOIS,RICHLAND,2023-08-23,Excessive Heat,1,0.0,0.0,0,0
ILLINOIS,RICHLAND,2023-08-24,Excessive Heat,1,0.0,0.0,0,0
ILLINOIS,RICHLAND,2023-08-25,Excessive Heat,1,0.0,0.0,0,0
ILLINOIS,ROCK ISLAND,2010-01-06,Winter Storm,1,0.0,0.0,0,0
ILLINOIS,ROCK ISLAND,2010-01-07,Winter Storm,1,0.0,0.0,0,0
ILLINOIS,ROCK ISLAND,2010-05-15,Flood,1,250000.0,0.0,0,0
ILLINOIS,ROCK ISLAND,2010-05-16,Flood,1,250000.0,0.0,0,0
ILLINOIS,ROCK ISLAND,2010-05-17,Flood,1,250000.0,0.0,0,0
ILLINOIS,ROCK ISLAND,2010-05-18,Flood,1,250000.0,0.0,0,0
ILLINOIS,ROCK ISLAND,2010-07-25,Flood,1,375000.0,0.0,0,0
ILLINOIS,ROCK ISLAND,2010-07-26,Flood,1,375000.0,0.0,0,0
ILLINOIS,ROCK ISLAND,2010-07-27,Flood,1,775000.0,0.0,0,0
ILLINOIS,ROCK ISLAND,2010-07-28,Flood,1,775000.0,0.0,0,0
ILLINOIS,ROCK ISLAND,2010-07-29,Flood,1,775000.0,0.0,0,0
ILLINOIS,ROCK ISLAND,2010-07-30,Flood,1,775000.0,0.0,0,0
ILLINOIS,ROCK ISLAND,2010-07-31,Flood,1,775000.0,0.0,0,0
ILLINOIS,ROCK ISLAND,2010-10-02,Flood,1,0.0,0.0,0,0
ILLINOIS,ROCK ISLAND,2010-10-03,Flood,1,0.0,0.0,0,0
ILLINOIS,ROCK ISLAND,2010-10-04,Flood,1,0.0,0.0,0,0
ILLINOIS,ROCK ISLAND,2010-10-05,Flood,1,0.0,0.0,0,0
ILLINOIS,ROCK ISLAND,2010-10-06,Flood,1,0.0,0.0,0,0
ILLINOIS,ROCK ISLAND,2010-10-07,Flood,1,0.0,0.0,0,0
ILLINOIS,ROCK ISLAND,2010-10-08,Flood,1,0.0,0.0,0,0
ILLINOIS,ROCK ISLAND,2010-10-09,Flood,1,0.0,0.0,0,0
ILLINOIS,ROCK ISLAND,2010-10-10,Flood,1,0.0,0.0,0,0
ILLINOIS,ROCK ISLAND,2010-10-11,Flood,1,0.0,0.0,0,0
ILLINOIS,ROCK ISLAND,2010-10-12,Flood,1,0.0,0.0,0,0
ILLINOIS,ROCK ISLAND,2010-12-03,Winter Storm,1,0.0,0.0,0,0
ILLINOIS,ROCK ISLAND,2010-12-04,Winter Storm,1,0.0,0.0,0,0
ILLINOIS,ROCK ISLAND,2010-12-23,Winter Storm,1,0.0,0.0,0,0
ILLINOIS,ROCK ISLAND,2010-12-24,Winter Storm,1,0.0,0.0,0,0
ILLINOIS,ROCK ISLAND,2010-12-25,Winter Storm,1,0.0,0.0,0,0
ILLINOIS,ROCK ISLAND,2011-02-01,Blizzard,1,0.0,0.0,0,0
ILLINOIS,ROCK ISLAND,2011-02-02,Blizzard,1,0.0,0.0,0,0
ILLINOIS,ROCK ISLAND,2011-04-16,Flood,1,250000.0,0.0,0,0
ILLINOIS,ROCK ISLAND,2011-04-17,Flood,1,250000.0,0.0,0,0
ILLINOIS,ROCK ISLAND,2011-04-18,Flood,1,250000.0,0.0,0,0
ILLINOIS,ROCK ISLAND,2011-04-19,Flood,1,250000.0,0.0,0,0
ILLINOIS,ROCK ISLAND,2011-04-20,Flood,1,250000.0,0.0,0,0
ILLINOIS,ROCK ISLAND,2011-04-21,Flood,1,250000.0,0.0,0,0
ILLINOIS,ROCK ISLAND,2011-04-22,Flood,1,250000.0,0.0,0,0
ILLINOIS,ROCK ISLAND,2011-04-23,Flood,1,250000.0,0.0,0,0
ILLINOIS,ROCK ISLAND,2011-04-24,Flood,1,250000.0,0.0,0,0
ILLINOIS,ROCK ISLAND,2011-04-25,Flood,1,250000.0,0.0,0,0
ILLINOIS,ROCK ISLAND,2011-04-26,Flood,1,250000.0,0.0,0,0
ILLINOIS,ROCK ISLAND,2011-04-27,Flood,1,250000.0,0.0,0,0
ILLINOIS,ROCK ISLAND,2011-04-28,Flood,1,250000.0,0.0,0,0
ILLINOIS,ROCK ISLAND,2011-04-29,Flood,1,250000.0,0.0,0,0
ILLINOIS,ROCK ISLAND,2011-04-30,Flood,1,250000.0,0.0,0,0
ILLINOIS,ROCK ISLAND,2012-01-12,Winter Storm,1,0.0,0.0,0,0
ILLINOIS,ROCK ISLAND,2012-01-13,Winter Storm,1,0.0,0.0,0,0
ILLINOIS,ROCK ISLAND,2012-07-04,Excessive Heat,1,0.0,0.0,0,0
ILLINOIS,ROCK ISLAND,2012-07-05,Excessive Heat,1,0.0,0.0,0,0
ILLINOIS,ROCK ISLAND,2012-07-06,Excessive Heat,1,0.0,0.0,0,0
ILLINOIS,ROCK ISLAND,2012-07-07,Excessive Heat,1,0.0,0.0,0,0
ILLINOIS,ROCK ISLAND,2012-12-20,Blizzard,1,0.0,0.0,0,0
ILLINOIS,ROCK ISLAND,2013-02-26,Winter Storm,1,0.0,0.0,0,0
ILLINOIS,ROCK ISLAND,2013-02-27,Winter Storm,1,0.0,0.0,0,0
ILLINOIS,ROCK ISLAND,2013-03-04,Winter Storm,1,0.0,0.0,0,0
ILLINOIS,ROCK ISLAND,2013-03-05,Winter Storm,1,0.0,0.0,0,0
ILLINOIS,ROCK ISLAND,2013-04-18,Flood,1,0.0,0.0,0,0
ILLINOIS,ROCK ISLAND,2013-04-19,Flood,1,0.0,0.0,0,0
ILLINOIS,ROCK ISLAND,2013-04-20,Flood,1,0.0,0.0,0,0
ILLINOIS,ROCK ISLAND,2013-04-21,Flood,1,0.0,0.0,0,0
ILLINOIS,ROCK ISLAND,2013-04-22,Flood,1,0.0,0.0,0,0
ILLINOIS,ROCK ISLAND,2013-04-23,Flood,1,0.0,0.0,0,0
ILLINOIS,ROCK ISLAND,2013-04-24,Flood,1,0.0,0.0,0,0
ILLINOIS,ROCK ISLAND,2013-04-25,Flood,1,0.0,0.0,0,0
ILLINOIS,ROCK ISLAND,2013-04-26,Flood,1,0.0,0.0,0,0
ILLINOIS,ROCK ISLAND,2013-04-27,Flood,1,0.0,0.0,0,0
ILLINOIS,ROCK ISLAND,2013-04-28,Flood,1,0.0,0.0,0,0
ILLINOIS,ROCK ISLAND,2013-06-29,Flood,1,0.0,0.0,0,0
ILLINOIS,ROCK ISLAND,2013-06-30,Flood,1,0.0,0.0,0,0
ILLINOIS,ROCK ISLAND,2013-07-01,Flood,1,0.0,0.0,0,0
ILLINOIS,ROCK ISLAND,2013-07-02,Flood,1,0.0,0.0,0,0
ILLINOIS,ROCK ISLAND,2014-01-04,Winter Storm,1,0.0,0.0,0,0
ILLINOIS,ROCK ISLAND,2014-01-05,Winter Storm,1,0.0,0.0,0,0
ILLINOIS,ROCK ISLAND,2014-01-06,Winter Storm,1,0.0,0.0,0,0
ILLINOIS,ROCK ISLAND,2014-02-04,Winter Storm,1,0.0,0.0,0,0
ILLINOIS,ROCK ISLAND,2014-02-05,Winter Storm,1,0.0,0.0,0,0
ILLINOIS,ROCK ISLAND,2014-02-17,Winter Storm,1,0.0,0.0,0,0
ILLINOIS,ROCK ISLAND,2014-06-30,Flood,1,0.0,0.0,0,0
ILLINOIS,ROCK ISLAND,2014-07-01,Flood,1,0.0,0.0,0,0
ILLINOIS,ROCK ISLAND,2014-07-02,Flood,1,0.0,0.0,0,0
ILLINOIS,ROCK ISLAND,2014-07-03,Flood,1,0.0,0.0,0,0
ILLINOIS,ROCK ISLAND,2014-07-04,Flood,1,0.0,0.0,0,0
ILLINOIS,ROCK ISLAND,2014-07-05,Flood,1,0.0,0.0,0,0
ILLINOIS,ROCK ISLAND,2014-07-06,Flood,1,0.0,0.0,0,0
ILLINOIS,ROCK ISLAND,2014-07-07,Flood,1,0.0,0.0,0,0
ILLINOIS,ROCK ISLAND,2014-07-08,Flood,1,0.0,0.0,0,0
ILLINOIS,ROCK ISLAND,2014-07-09,Flood,1,0.0,0.0,0,0
ILLINOIS,ROCK ISLAND,2014-07-10,Flood,1,0.0,0.0,0,0
ILLINOIS,ROCK ISLAND,2014-07-11,Flood,1,0.0,0.0,0,0
ILLINOIS,ROCK ISLAND,2015-01-05,Winter Storm,1,0.0,0.0,0,0
ILLINOIS,ROCK ISLAND,2015-01-06,Winter Storm,1,0.0,0.0,0,0
ILLINOIS,ROCK ISLAND,2015-02-01,Winter Storm,1,0.0,0.0,0,0
ILLINOIS,ROCK ISLAND,2015-11-20,Winter Storm,1,0.0,0.0,0,0
ILLINOIS,ROCK ISLAND,2015-11-21,Winter Storm,1,0.0,0.0,0,0
ILLINOIS,ROCK ISLAND,2015-12-28,Winter Storm,1,0.0,0.0,0,0
ILLINOIS,ROCK ISLAND,2015-12-29,Winter Storm,1,0.0,0.0,0,0
ILLINOIS,ROCK ISLAND,2016-12-04,Winter Storm,1,0.0,0.0,0,0
ILLINOIS,ROCK ISLAND,2017-01-20,Flood,1,16000.0,0.0,0,0
ILLINOIS,ROCK ISLAND,2017-01-21,Flood,1,15000.0,0.0,0,0
ILLINOIS,ROCK ISLAND,2017-07-23,Flood,1,200000.0,20000.0,0,0
ILLINOIS,ROCK ISLAND,2017-07-24,Flood,1,200000.0,20000.0,0,0
ILLINOIS,ROCK ISLAND,2017-07-25,Flood,1,200000.0,20000.0,0,0
ILLINOIS,ROCK ISLAND,2017-07-26,Flood,1,200000.0,20000.0,0,0
ILLINOIS,ROCK ISLAND,2017-07-27,Flood,1,200000.0,20000.0,0,0
ILLINOIS,ROCK ISLAND,2017-07-28,Flood,1,200000.0,20000.0,0,0
ILLINOIS,ROCK ISLAND,2017-07-29,Flood,1,200000.0,20000.0,0,0
ILLINOIS,ROCK ISLAND,2017-07-30,Flood,1,200000.0,20000.0,0,0
ILLINOIS,ROCK ISLAND,2017-07-31,Flood,1,200000.0,20000.0,0,0
ILLINOIS,ROCK ISLAND,2017-12-29,Winter Storm,1,0.0,0.0,0,0
ILLINOIS,ROCK ISLAND,2018-02-23,Flood,1,0.0,0.0,0,0
ILLINOIS,ROCK ISLAND,2018-02-24,Flood,1,0.0,0.0,0,0
ILLINOIS,ROCK ISLAND,2018-02-25,Flood,1,0.0,0.0,0,0
ILLINOIS,ROCK ISLAND,2018-02-26,Flood,1,0.0,0.0,0,0
ILLINOIS,ROCK ISLAND,2018-02-27,Flood,1,0.0,0.0,0,0
ILLINOIS,ROCK ISLAND,2018-02-28,Flood,1,0.0,0.0,0,0
ILLINOIS,ROCK ISLAND,2018-09-06,Flood,1,0.0,0.0,0,0
ILLINOIS,ROCK ISLAND,2018-09-07,Flood,1,0.0,0.0,0,0
ILLINOIS,ROCK ISLAND,2018-09-08,Flood,1,0.0,0.0,0,0
ILLINOIS,ROCK ISLAND,2018-09-09,Flood,1,0.0,0.0,0,0
ILLINOIS,ROCK ISLAND,2018-10-08,Flood,1,0.0,0.0,0,0
ILLINOIS,ROCK ISLAND,2018-10-09,Flood,1,0.0,0.0,0,0
ILLINOIS,ROCK ISLAND,2018-10-10,Flood,1,0.0,0.0,0,0
ILLINOIS,ROCK ISLAND,2018-10-11,Flood,1,0.0,0.0,0,0
ILLINOIS,ROCK ISLAND,2018-10-12,Flood,1,0.0,0.0,0,0
ILLINOIS,ROCK ISLAND,2018-10-13,Flood,1,0.0,0.0,0,0
ILLINOIS,ROCK ISLAND,2018-10-14,Flood,1,0.0,0.0,0,0
ILLINOIS,ROCK ISLAND,2018-11-25,Blizzard,1,0.0,0.0,0,0
ILLINOIS,ROCK ISLAND,2018-11-26,Blizzard,1,0.0,0.0,0,0
ILLINOIS,ROCK ISLAND,2019-01-12,Winter Storm,1,0.0,0.0,0,0
ILLINOIS,ROCK ISLAND,2019-01-13,Winter Storm,1,0.0,0.0,0,0
ILLINOIS,ROCK ISLAND,2019-01-18,Winter Storm,1,0.0,0.0,0,0
ILLINOIS,ROCK ISLAND,2019-01-19,Winter Storm,1,0.0,0.0,0,0
ILLINOIS,ROCK ISLAND,2019-01-22,Winter Storm,1,0.0,0.0,0,0
ILLINOIS,ROCK ISLAND,2019-01-23,Winter Storm,1,0.0,0.0,0,0
ILLINOIS,ROCK ISLAND,2019-02-05,Winter Storm,1,0.0,0.0,0,0
ILLINOIS,ROCK ISLAND,2019-02-26,Flood,1,0.0,0.0,0,0
ILLINOIS,ROCK ISLAND,2019-02-27,Flood,1,0.0,0.0,0,0
ILLINOIS,ROCK ISLAND,2019-03-14,Flood,1,0.0,0.0,0,0
ILLINOIS,ROCK ISLAND,2019-03-15,Flood,1,0.0,0.0,0,0
ILLINOIS,ROCK ISLAND,2019-03-16,Flood,1,0.0,0.0,0,0
ILLINOIS,ROCK ISLAND,2019-03-17,Flood,1,0.0,0.0,0,0
ILLINOIS,ROCK ISLAND,2019-03-18,Flood,1,0.0,0.0,0,0
ILLINOIS,ROCK ISLAND,2019-03-19,Flood,1,0.0,0.0,0,0
ILLINOIS,ROCK ISLAND,2019-03-20,Flood,1,0.0,0.0,0,0
ILLINOIS,ROCK ISLAND,2019-03-21,Flood,1,0.0,0.0,0,0
ILLINOIS,ROCK ISLAND,2019-03-22,Flood,1,0.0,0.0,0,0
ILLINOIS,ROCK ISLAND,2019-03-23,Flood,1,0.0,0.0,0,0
ILLINOIS,ROCK ISLAND,2019-03-24,Flood,1,0.0,0.0,0,0
ILLINOIS,ROCK ISLAND,2019-03-25,Flood,1,0.0,0.0,0,0
ILLINOIS,ROCK ISLAND,2019-03-26,Flood,1,0.0,0.0,0,0
ILLINOIS,ROCK ISLAND,2019-03-27,Flood,1,0.0,0.0,0,0
ILLINOIS,ROCK ISLAND,2019-03-28,Flood,1,0.0,0.0,0,0
ILLINOIS,ROCK ISLAND,2019-03-29,Flood,1,0.0,0.0,0,0
ILLINOIS,ROCK ISLAND,2019-03-30,Flood,1,0.0,0.0,0,0
ILLINOIS,ROCK ISLAND,2019-03-31,Flood,1,0.0,0.0,0,0
ILLINOIS,ROCK ISLAND,2019-04-01,Flood,1,0.0,0.0,0,1
ILLINOIS,ROCK ISLAND,2019-04-02,Flood,1,0.0,0.0,0,1
ILLINOIS,ROCK ISLAND,2019-04-03,Flood,1,0.0,0.0,0,1
ILLINOIS,ROCK ISLAND,2019-04-04,Flood,1,0.0,0.0,0,1
ILLINOIS,ROCK ISLAND,2019-04-05,Flood,1,0.0,0.0,0,1
ILLINOIS,ROCK ISLAND,2019-04-06,Flood,1,0.0,0.0,0,1
ILLINOIS,ROCK ISLAND,2019-04-07,Flood,1,0.0,0.0,0,1
ILLINOIS,ROCK ISLAND,2019-04-08,Flood,1,0.0,0.0,0,1
ILLINOIS,ROCK ISLAND,2019-04-09,Flood,1,0.0,0.0,0,1
ILLINOIS,ROCK ISLAND,2019-04-10,Flood,1,0.0,0.0,0,1
ILLINOIS,ROCK ISLAND,2019-04-11,Flood,1,0.0,0.0,0,1
ILLINOIS,ROCK ISLAND,2019-04-12,Flood,1,0.0,0.0,0,1
ILLINOIS,ROCK ISLAND,2019-04-13,Flood,1,0.0,0.0,0,1
ILLINOIS,ROCK ISLAND,2019-04-14,Flood,1,0.0,0.0,0,1
ILLINOIS,ROCK ISLAND,2019-04-15,Flood,1,0.0,0.0,0,1
ILLINOIS,ROCK ISLAND,2019-04-16,Flood,1,0.0,0.0,0,1
ILLINOIS,ROCK ISLAND,2019-04-17,Flood,1,0.0,0.0,0,1
ILLINOIS,ROCK ISLAND,2019-04-18,Flood,1,0.0,0.0,0,1
ILLINOIS,ROCK ISLAND,2019-04-19,Flood,1,0.0,0.0,0,1
ILLINOIS,ROCK ISLAND,2019-04-20,Flood,1,0.0,0.0,0,1
ILLINOIS,ROCK ISLAND,2019-04-21,Flood,1,0.0,0.0,0,1
ILLINOIS,ROCK ISLAND,2019-04-22,Flood,1,0.0,0.0,0,1
ILLINOIS,ROCK ISLAND,2019-04-23,Flood,1,0.0,0.0,0,1
ILLINOIS,ROCK ISLAND,2019-04-24,Flood,1,0.0,0.0,0,1
ILLINOIS,ROCK ISLAND,2019-04-25,Flood,1,0.0,0.0,0,1
ILLINOIS,ROCK ISLAND,2019-04-26,Flood,1,0.0,0.0,0,1
ILLINOIS,ROCK ISLAND,2019-04-27,Flood,1,0.0,0.0,0,1
ILLINOIS,ROCK ISLAND,2019-04-28,Flood,1,0.0,0.0,0,1
ILLINOIS,ROCK ISLAND,2019-04-29,Flood,1,0.0,0.0,0,1
ILLINOIS,ROCK ISLAND,2019-04-30,Flood,1,0.0,0.0,0,1
ILLINOIS,ROCK ISLAND,2019-05-01,Flood,1,0.0,0.0,0,0
ILLINOIS,ROCK ISLAND,2019-05-02,Flood,1,0.0,0.0,0,0
ILLINOIS,ROCK ISLAND,2019-05-03,Flood,1,0.0,0.0,0,0
ILLINOIS,ROCK ISLAND,2019-05-04,Flood,1,0.0,0.0,0,0
ILLINOIS,ROCK ISLAND,2019-05-05,Flood,1,0.0,0.0,0,0
ILLINOIS,ROCK ISLAND,2019-05-06,Flood,1,0.0,0.0,0,0
ILLINOIS,ROCK ISLAND,2019-05-07,Flood,1,0.0,0.0,0,0
ILLINOIS,ROCK ISLAND,2019-05-08,Flood,1,0.0,0.0,0,0
ILLINOIS,ROCK ISLAND,2019-05-09,Flood,1,0.0,0.0,0,0
ILLINOIS,ROCK ISLAND,2019-05-10,Flood,1,0.0,0.0,0,0
ILLINOIS,ROCK ISLAND,2019-05-11,Flood,1,0.0,0.0,0,0
ILLINOIS,ROCK ISLAND,2019-05-12,Flood,1,0.0,0.0,0,0
ILLINOIS,ROCK ISLAND,2019-05-27,Flood,1,0.0,0.0,0,0
ILLINOIS,ROCK ISLAND,2019-05-28,Flood,1,0.0,0.0,0,0
ILLINOIS,ROCK ISLAND,2019-05-29,Flood,1,0.0,0.0,0,0
ILLINOIS,ROCK ISLAND,2019-05-30,Flood,1,0.0,0.0,0,0
ILLINOIS,ROCK ISLAND,2019-05-31,Flood,1,0.0,0.0,0,0
ILLINOIS,ROCK ISLAND,2019-06-01,Flood,1,0.0,0.0,0,0
ILLINOIS,ROCK ISLAND,2019-06-02,Flood,1,0.0,0.0,0,0
ILLINOIS,ROCK ISLAND,2019-06-03,Flood,1,0.0,0.0,0,0
ILLINOIS,ROCK ISLAND,2019-06-04,Flood,1,0.0,0.0,0,0
ILLINOIS,ROCK ISLAND,2019-06-05,Flood,1,0.0,0.0,0,0
ILLINOIS,ROCK ISLAND,2019-06-06,Flood,1,0.0,0.0,0,0
ILLINOIS,ROCK ISLAND,2019-06-07,Flood,1,0.0,0.0,0,0
ILLINOIS,ROCK ISLAND,2019-06-08,Flood,1,0.0,0.0,0,0
ILLINOIS,ROCK ISLAND,2019-06-09,Flood,1,0.0,0.0,0,0
ILLINOIS,ROCK ISLAND,2019-06-10,Flood,1,0.0,0.0,0,0
ILLINOIS,ROCK ISLAND,2019-06-11,Flood,1,0.0,0.0,0,0
ILLINOIS,ROCK ISLAND,2019-06-12,Flood,1,0.0,0.0,0,0
ILLINOIS,ROCK ISLAND,2019-06-13,Flood,1,0.0,0.0,0,0
ILLINOIS,ROCK ISLAND,2020-01-17,Winter Storm,1,0.0,0.0,0,0
ILLINOIS,ROCK ISLAND,2020-01-18,Winter Storm,1,0.0,0.0,0,0
ILLINOIS,ROCK ISLAND,2020-05-21,Flood,1,0.0,0.0,0,0
ILLINOIS,ROCK ISLAND,2020-12-29,Winter Storm,1,0.0,0.0,0,0
ILLINOIS,ROCK ISLAND,2020-12-30,Winter Storm,1,0.0,0.0,0,0
ILLINOIS,ROCK ISLAND,2021-01-25,Winter Storm,1,0.0,0.0,0,0
ILLINOIS,ROCK ISLAND,2021-01-26,Winter Storm,1,0.0,0.0,0,0
ILLINOIS,ROCK ISLAND,2021-02-04,Winter Storm,1,0.0,0.0,0,0
ILLINOIS,ROCK ISLAND,2021-03-15,Winter Storm,1,0.0,0.0,0,0
ILLINOIS,ROCK ISLAND,2022-01-01,Winter Storm,1,0.0,0.0,0,0
ILLINOIS,ROCK ISLAND,2022-01-02,Winter Storm,1,0.0,0.0,0,0
ILLINOIS,ROCK ISLAND,2022-12-22,Winter Storm,1,0.0,0.0,0,0
ILLINOIS,ROCK ISLAND,2022-12-23,Winter Storm,1,0.0,0.0,0,0
ILLINOIS,ROCK ISLAND,2022-12-24,Winter Storm,1,0.0,0.0,0,0
ILLINOIS,ROCK ISLAND,2023-03-25,Winter Storm,1,0.0,0.0,0,0
ILLINOIS,ROCK ISLAND,2023-04-24,Flood,1,0.0,0.0,0,0
ILLINOIS,ROCK ISLAND,2023-04-25,Flood,1,0.0,0.0,0,0
ILLINOIS,ROCK ISLAND,2023-04-26,Flood,1,0.0,0.0,0,0
ILLINOIS,ROCK ISLAND,2023-04-27,Flood,1,0.0,0.0,0,0
ILLINOIS,ROCK ISLAND,2023-04-28,Flood,1,0.0,0.0,0,0
ILLINOIS,ROCK ISLAND,2023-04-29,Flood,1,0.0,0.0,0,0
ILLINOIS,ROCK ISLAND,2023-04-30,Flood,1,0.0,0.0,0,0
ILLINOIS,ROCK ISLAND,2024-01-08,Winter Storm,1,0.0,0.0,0,0
ILLINOIS,ROCK ISLAND,2024-01-09,Winter Storm,1,0.0,0.0,0,0
ILLINOIS,ROCK ISLAND,2024-01-12,Winter Storm,1,0.0,0.0,0,0
ILLINOIS,ROCK ISLAND,2024-07-02,Flood,1,0.0,0.0,0,0
ILLINOIS,ROCK ISLAND,2024-07-03,Flood,1,0.0,0.0,0,0
ILLINOIS,ROCK ISLAND,2024-07-04,Flood,1,0.0,0.0,0,0
ILLINOIS,ROCK ISLAND,2024-07-05,Flood,1,0.0,0.0,0,0
ILLINOIS,ROCK ISLAND,2024-07-06,Flood,1,0.0,0.0,0,0
ILLINOIS,ROCK ISLAND,2024-07-07,Flood,1,0.0,0.0,0,0
ILLINOIS,ROCK ISLAND,2024-07-08,Flood,1,0.0,0.0,0,0
ILLINOIS,ROCK ISLAND,2024-07-09,Flood,1,0.0,0.0,0,0
ILLINOIS,ROCK ISLAND,2024-07-10,Flood,1,0.0,0.0,0,0
ILLINOIS,ROCK ISLAND,2024-07-11,Flood,1,0.0,0.0,0,0
ILLINOIS,ROCK ISLAND,2024-07-12,Flood,1,0.0,0.0,0,0
ILLINOIS,ROCK ISLAND,2024-07-13,Flood,1,0.0,0.0,0,0
ILLINOIS,ROCK ISLAND,2024-07-14,Flood,1,0.0,0.0,0,0
ILLINOIS,ROCK ISLAND,2024-07-15,Flood,1,0.0,0.0,0,0
ILLINOIS,ROCK ISLAND,2024-07-16,Flood,1,0.0,0.0,0,0
ILLINOIS,ROCK ISLAND,2024-07-17,Flood,1,0.0,0.0,0,0
ILLINOIS,ROCK ISLAND,2024-07-18,Flood,1,0.0,0.0,0,0
ILLINOIS,ROCK ISLAND,2024-07-19,Flood,1,0.0,0.0,0,0
ILLINOIS,ROCK ISLAND,2024-07-20,Flood,1,0.0,0.0,0,0
ILLINOIS,ROCK ISLAND,2025-11-28,Winter Storm,1,0.0,0.0,0,0
ILLINOIS,ROCK ISLAND,2025-11-29,Winter Storm,1,0.0,0.0,0,0
ILLINOIS,ROCK ISLAND,2025-11-30,Winter Storm,1,0.0,0.0,0,0
ILLINOIS,SALINE,2010-08-03,Excessive Heat,1,0.0,0.0,0,0
ILLINOIS,SALINE,2010-08-04,Excessive Heat,1,0.0,0.0,0,0
ILLINOIS,SALINE,2010-08-09,Excessive Heat,1,0.0,0.0,3,0
ILLINOIS,SALINE,2010-08-10,Excessive Heat,1,0.0,0.0,3,0
ILLINOIS,SALINE,2010-08-11,Excessive Heat,1,0.0,0.0,3,0
ILLINOIS,SALINE,2010-08-12,Excessive Heat,1,0.0,0.0,3,0
ILLINOIS,SALINE,2010-08-13,Excessive Heat,1,0.0,0.0,3,0
ILLINOIS,SALINE,2010-08-14,Excessive Heat,1,0.0,0.0,3,0
ILLINOIS,SALINE,2010-08-15,Excessive Heat,1,0.0,0.0,3,0
ILLINOIS,SALINE,2011-04-24,Flood,1,0.0,0.0,0,0
ILLINOIS,SALINE,2011-04-25,Flood,1,0.0,0.0,0,0
ILLINOIS,SALINE,2011-04-26,Flood,1,0.0,0.0,0,0
ILLINOIS,SALINE,2011-04-27,Flood,1,0.0,0.0,0,0
ILLINOIS,SALINE,2011-04-28,Flood,1,0.0,0.0,0,0
ILLINOIS,SALINE,2011-04-29,Flood,1,0.0,0.0,0,0
ILLINOIS,SALINE,2011-04-30,Flood,1,0.0,0.0,0,0
ILLINOIS,SALINE,2011-05-01,Flood,1,60000.0,0.0,0,0
ILLINOIS,SALINE,2011-05-02,Flood,1,60000.0,0.0,0,0
ILLINOIS,SALINE,2011-05-03,Flood,1,60000.0,0.0,0,0
ILLINOIS,SALINE,2011-05-04,Flood,1,60000.0,0.0,0,0
ILLINOIS,SALINE,2011-05-05,Flood,1,60000.0,0.0,0,0
ILLINOIS,SALINE,2011-05-06,Flood,1,60000.0,0.0,0,0
ILLINOIS,SALINE,2011-05-07,Flood,1,60000.0,0.0,0,0
ILLINOIS,SALINE,2011-05-08,Flood,1,60000.0,0.0,0,0
ILLINOIS,SALINE,2011-05-09,Flood,1,60000.0,0.0,0,0
ILLINOIS,SALINE,2011-05-10,Flood,1,60000.0,0.0,0,0
ILLINOIS,SALINE,2011-07-10,Excessive Heat,1,0.0,0.0,0,0
ILLINOIS,SALINE,2011-07-11,Excessive Heat,1,0.0,0.0,0,0
ILLINOIS,SALINE,2011-07-12,Excessive Heat,1,0.0,0.0,0,0
ILLINOIS,SALINE,2011-07-19,Excessive Heat,1,0.0,0.0,0,0
ILLINOIS,SALINE,2011-07-20,Excessive Heat,1,0.0,0.0,0,0
ILLINOIS,SALINE,2011-07-21,Excessive Heat,1,0.0,0.0,0,0
ILLINOIS,SALINE,2011-07-22,Excessive Heat,1,0.0,0.0,0,0
ILLINOIS,SALINE,2011-07-23,Excessive Heat,1,0.0,0.0,0,0
ILLINOIS,SALINE,2011-07-24,Excessive Heat,1,0.0,0.0,0,0
ILLINOIS,SALINE,2011-08-03,Excessive Heat,1,0.0,0.0,0,0
ILLINOIS,SALINE,2012-07-01,Excessive Heat,1,0.0,0.0,0,0
ILLINOIS,SALINE,2012-07-02,Excessive Heat,1,0.0,0.0,0,0
ILLINOIS,SALINE,2012-07-03,Excessive Heat,1,0.0,0.0,0,0
ILLINOIS,SALINE,2012-07-04,Excessive Heat,1,0.0,0.0,0,0
ILLINOIS,SALINE,2012-07-05,Excessive Heat,1,0.0,0.0,0,0
ILLINOIS,SALINE,2012-07-06,Excessive Heat,1,0.0,0.0,0,0
ILLINOIS,SALINE,2012-07-07,Excessive Heat,1,0.0,0.0,0,0
ILLINOIS,SALINE,2012-07-08,Excessive Heat,1,0.0,0.0,0,0
ILLINOIS,SALINE,2012-12-26,Winter Storm,1,0.0,0.0,0,0
ILLINOIS,SALINE,2012-12-28,Winter Storm,1,0.0,0.0,0,0
ILLINOIS,SALINE,2012-12-29,Winter Storm,1,0.0,0.0,0,0
ILLINOIS,SALINE,2013-02-21,Winter Storm,1,0.0,0.0,0,0
ILLINOIS,SALINE,2013-12-05,Winter Storm,1,0.0,0.0,0,0
ILLINOIS,SALINE,2013-12-06,Winter Storm,1,0.0,0.0,0,0
ILLINOIS,SALINE,2013-12-21,Flood,1,0.0,0.0,0,0
ILLINOIS,SALINE,2014-02-04,Winter Storm,1,0.0,0.0,0,0
ILLINOIS,SALINE,2014-03-02,Winter Storm,1,0.0,0.0,0,0
ILLINOIS,SALINE,2014-03-03,Winter Storm,1,0.0,0.0,0,0
ILLINOIS,SALINE,2014-04-04,Flood,1,20000.0,0.0,0,0
ILLINOIS,SALINE,2015-02-20,Winter Storm,1,0.0,0.0,0,0
ILLINOIS,SALINE,2015-02-21,Winter Storm,1,0.0,0.0,0,0
ILLINOIS,SALINE,2015-03-04,Winter Storm,1,0.0,0.0,0,0
ILLINOIS,SALINE,2016-07-07,Flood,1,0.0,0.0,0,0
ILLINOIS,SALINE,2017-05-01,Flood,1,30000.0,0.0,0,1
ILLINOIS,SALINE,2017-05-02,Flood,1,30000.0,0.0,0,1
ILLINOIS,SALINE,2017-05-03,Flood,1,30000.0,0.0,0,1
ILLINOIS,SALINE,2017-05-04,Flood,1,30000.0,0.0,0,1
ILLINOIS,SALINE,2017-05-05,Flood,1,30000.0,0.0,0,1
ILLINOIS,SALINE,2017-05-06,Flood,1,30000.0,0.0,0,1
ILLINOIS,SALINE,2017-05-07,Flood,1,30000.0,0.0,0,1
ILLINOIS,SALINE,2017-05-08,Flood,1,30000.0,0.0,0,1
ILLINOIS,SALINE,2017-05-09,Flood,1,30000.0,0.0,0,1
ILLINOIS,SALINE,2017-05-10,Flood,1,30000.0,0.0,0,1
ILLINOIS,SALINE,2017-05-11,Flood,1,30000.0,0.0,0,1
ILLINOIS,SALINE,2017-05-12,Flood,1,30000.0,0.0,0,1
ILLINOIS,SALINE,2017-05-13,Flood,1,30000.0,0.0,0,1
ILLINOIS,SALINE,2017-05-14,Flood,1,30000.0,0.0,0,1
ILLINOIS,SALINE,2017-05-15,Flood,1,30000.0,0.0,0,1
ILLINOIS,SALINE,2017-05-16,Flood,1,30000.0,0.0,0,1
ILLINOIS,SALINE,2017-05-17,Flood,1,30000.0,0.0,0,1
ILLINOIS,SALINE,2017-05-18,Flood,1,30000.0,0.0,0,1
ILLINOIS,SALINE,2017-05-19,Flood,1,30000.0,0.0,0,1
ILLINOIS,SALINE,2017-05-20,Flood,1,30000.0,0.0,0,1
ILLINOIS,SALINE,2017-07-19,Excessive Heat,1,0.0,0.0,0,0
ILLINOIS,SALINE,2017-07-20,Excessive Heat,1,0.0,0.0,0,0
ILLINOIS,SALINE,2017-07-21,Excessive Heat,1,0.0,0.0,0,0
ILLINOIS,SALINE,2017-07-22,Excessive Heat,1,0.0,0.0,0,0
ILLINOIS,SALINE,2018-01-11,Winter Storm,1,0.0,0.0,0,0
ILLINOIS,SALINE,2018-01-12,Winter Storm,1,0.0,0.0,0,0
ILLINOIS,SALINE,2018-05-31,Flood,1,0.0,0.0,0,0
ILLINOIS,SALINE,2018-07-05,Excessive Heat,1,0.0,0.0,0,0
ILLINOIS,SALINE,2018-07-14,Excessive Heat,1,0.0,0.0,0,0
ILLINOIS,SALINE,2019-02-07,Flood,1,0.0,0.0,0,0
ILLINOIS,SALINE,2019-07-18,Excessive Heat,1,0.0,0.0,0,0
ILLINOIS,SALINE,2019-07-19,Excessive Heat,1,0.0,0.0,0,0
ILLINOIS,SALINE,2019-07-20,Excessive Heat,1,0.0,0.0,0,0
ILLINOIS,SALINE,2019-07-21,Excessive Heat,1,0.0,0.0,0,0
ILLINOIS,SALINE,2021-02-14,Winter Storm,1,0.0,0.0,0,0
ILLINOIS,SALINE,2021-02-15,Winter Storm,1,0.0,0.0,0,0
ILLINOIS,SALINE,2022-02-02,Winter Storm,1,0.0,0.0,0,0
ILLINOIS,SALINE,2022-02-03,Winter Storm,1,0.0,0.0,0,0
ILLINOIS,SALINE,2022-06-13,Excessive Heat,1,0.0,0.0,0,0
ILLINOIS,SALINE,2022-06-14,Excessive Heat,1,0.0,0.0,0,0
ILLINOIS,SALINE,2022-06-15,Excessive Heat,1,0.0,0.0,0,0
ILLINOIS,SALINE,2022-06-16,Excessive Heat,1,0.0,0.0,0,0
ILLINOIS,SALINE,2022-07-04,Excessive Heat,1,0.0,0.0,0,0
ILLINOIS,SALINE,2022-07-05,Excessive Heat,1,0.0,0.0,0,0
ILLINOIS,SALINE,2022-07-06,Excessive Heat,1,0.0,0.0,0,0
ILLINOIS,SALINE,2022-07-07,Excessive Heat,1,0.0,0.0,0,0
ILLINOIS,SALINE,2022-07-08,Excessive Heat,1,0.0,0.0,0,0
ILLINOIS,SALINE,2022-07-20,Excessive Heat,1,0.0,0.0,0,0
ILLINOIS,SALINE,2022-07-22,Excessive Heat,1,0.0,0.0,0,0
ILLINOIS,SALINE,2022-07-23,Excessive Heat,1,0.0,0.0,0,0
ILLINOIS,SALINE,2022-07-24,Excessive Heat,1,0.0,0.0,0,0
ILLINOIS,SALINE,2023-01-30,Winter Storm,1,0.0,0.0,0,0
ILLINOIS,SALINE,2023-01-31,Winter Storm,1,0.0,0.0,0,0
ILLINOIS,SALINE,2023-06-30,Excessive Heat,1,0.0,0.0,0,0
ILLINOIS,SALINE,2023-07-27,Excessive Heat,1,0.0,0.0,0,0
ILLINOIS,SALINE,2023-07-28,Excessive Heat,1,0.0,0.0,0,0
ILLINOIS,SALINE,2023-08-20,Excessive Heat,1,0.0,0.0,0,0
ILLINOIS,SALINE,2023-08-21,Excessive Heat,1,0.0,0.0,0,0
ILLINOIS,SALINE,2023-08-22,Excessive Heat,1,0.0,0.0,0,0
ILLINOIS,SALINE,2023-08-23,Excessive Heat,1,0.0,0.0,0,0
ILLINOIS,SALINE,2023-08-24,Excessive Heat,1,0.0,0.0,0,0
ILLINOIS,SALINE,2023-08-25,Excessive Heat,1,0.0,0.0,0,0
ILLINOIS,SALINE,2024-05-08,Flood,1,0.0,0.0,0,0
ILLINOIS,SALINE,2024-05-09,Flood,1,0.0,0.0,0,0
ILLINOIS,SALINE,2024-06-25,Excessive Heat,1,0.0,0.0,0,0
ILLINOIS,SALINE,2024-07-29,Excessive Heat,1,0.0,0.0,0,0
ILLINOIS,SALINE,2024-07-30,Excessive Heat,1,0.0,0.0,0,0
ILLINOIS,SALINE,2024-07-31,Excessive Heat,1,0.0,0.0,0,0
ILLINOIS,SALINE,2024-08-01,Excessive Heat,1,0.0,0.0,0,0
ILLINOIS,SALINE,2025-05-08,Flood,1,0.0,0.0,0,0
ILLINOIS,SALINE,2025-07-22,Excessive Heat,1,0.0,0.0,0,0
ILLINOIS,SALINE,2025-07-23,Excessive Heat,1,0.0,0.0,0,0
ILLINOIS,SALINE,2025-07-24,Excessive Heat,1,0.0,0.0,0,0
ILLINOIS,SALINE,2025-07-25,Excessive Heat,1,0.0,0.0,0,0
ILLINOIS,SALINE,2025-07-26,Excessive Heat,1,0.0,0.0,0,0
ILLINOIS,SALINE,2025-07-27,Excessive Heat,1,0.0,0.0,0,0
ILLINOIS,SALINE,2025-07-28,Excessive Heat,1,0.0,0.0,0,0
ILLINOIS,SALINE,2025-07-29,Excessive Heat,1,0.0,0.0,0,0
ILLINOIS,SALINE,2025-07-30,Excessive Heat,1,0.0,0.0,0,0
ILLINOIS,SANGAMON,2010-08-03,Excessive Heat,1,0.0,0.0,0,0
ILLINOIS,SANGAMON,2010-08-04,Excessive Heat,1,0.0,0.0,0,0
ILLINOIS,SANGAMON,2010-08-09,Excessive Heat,1,0.0,0.0,0,0
ILLINOIS,SANGAMON,2010-08-10,Excessive Heat,1,0.0,0.0,0,0
ILLINOIS,SANGAMON,2010-08-11,Excessive Heat,1,0.0,0.0,0,0
ILLINOIS,SANGAMON,2010-08-12,Excessive Heat,1,0.0,0.0,0,0
ILLINOIS,SANGAMON,2010-08-13,Excessive Heat,1,0.0,0.0,0,0
ILLINOIS,SANGAMON,2010-08-14,Excessive Heat,1,0.0,0.0,0,0
ILLINOIS,SANGAMON,2010-08-20,Flood,1,0.0,0.0,0,1
ILLINOIS,SANGAMON,2011-02-01,Blizzard,1,350000.0,0.0,0,0
ILLINOIS,SANGAMON,2011-02-02,Blizzard,1,350000.0,0.0,0,0
ILLINOIS,SANGAMON,2011-06-18,Flood,1,0.0,0.0,0,1
ILLINOIS,SANGAMON,2011-06-19,Flood,1,0.0,0.0,0,1
ILLINOIS,SANGAMON,2011-06-26,Flood,1,0.0,0.0,0,0
ILLINOIS,SANGAMON,2011-08-01,Excessive Heat,1,0.0,0.0,0,0
ILLINOIS,SANGAMON,2011-08-02,Excessive Heat,1,0.0,0.0,0,0
ILLINOIS,SANGAMON,2012-06-29,Excessive Heat,1,0.0,0.0,0,0
ILLINOIS,SANGAMON,2012-06-30,Excessive Heat,1,0.0,0.0,0,0
ILLINOIS,SANGAMON,2012-07-01,Excessive Heat,1,0.0,0.0,0,0
ILLINOIS,SANGAMON,2012-07-02,Excessive Heat,1,0.0,0.0,0,0
ILLINOIS,SANGAMON,2012-07-03,Excessive Heat,1,0.0,0.0,0,0
ILLINOIS,SANGAMON,2012-07-04,Excessive Heat,1,0.0,0.0,0,0
ILLINOIS,SANGAMON,2012-07-05,Excessive Heat,1,0.0,0.0,0,0
ILLINOIS,SANGAMON,2012-07-06,Excessive Heat,1,0.0,0.0,0,0
ILLINOIS,SANGAMON,2012-07-07,Excessive Heat,1,0.0,0.0,0,0
ILLINOIS,SANGAMON,2012-12-20,Blizzard,1,0.0,0.0,0,0
ILLINOIS,SANGAMON,2013-02-21,Winter Storm,1,0.0,0.0,0,0
ILLINOIS,SANGAMON,2013-02-22,Winter Storm,1,0.0,0.0,0,0
ILLINOIS,SANGAMON,2013-06-01,Flood,1,0.0,0.0,0,0
ILLINOIS,SANGAMON,2014-08-28,Flood,1,0.0,0.0,0,0
ILLINOIS,SANGAMON,2014-08-29,Flood,1,0.0,0.0,0,0
ILLINOIS,SANGAMON,2016-08-12,Flood,1,0.0,0.0,0,0
ILLINOIS,SANGAMON,2016-08-13,Flood,1,0.0,0.0,0,0
ILLINOIS,SANGAMON,2017-04-29,Flood,1,0.0,0.0,0,0
ILLINOIS,SANGAMON,2017-04-30,Flood,1,0.0,0.0,0,0
ILLINOIS,SANGAMON,2019-05-01,Flood,1,0.0,0.0,0,0
ILLINOIS,SANGAMON,2019-09-01,Flood,1,0.0,0.0,0,0
ILLINOIS,SANGAMON,2020-05-17,Flood,1,0.0,0.0,0,0
ILLINOIS,SANGAMON,2021-06-29,Flood,1,0.0,0.0,0,0
ILLINOIS,SANGAMON,2022-02-02,Winter Storm,1,0.0,0.0,0,0
ILLINOIS,SANGAMON,2022-02-03,Winter Storm,1,0.0,0.0,0,0
ILLINOIS,SANGAMON,2022-12-22,Winter Storm,1,0.0,0.0,0,0
ILLINOIS,SANGAMON,2022-12-23,Winter Storm,1,0.0,0.0,0,0
ILLINOIS,SANGAMON,2023-07-27,Excessive Heat,1,0.0,0.0,0,0
ILLINOIS,SANGAMON,2023-07-28,Excessive Heat,1,0.0,0.0,0,0
ILLINOIS,SANGAMON,2023-08-20,Excessive Heat,1,0.0,0.0,0,0
ILLINOIS,SANGAMON,2023-08-21,Excessive Heat,1,0.0,0.0,0,0
ILLINOIS,SANGAMON,2023-08-22,Excessive Heat,1,0.0,0.0,0,0
ILLINOIS,SANGAMON,2023-08-23,Excessive Heat,1,0.0,0.0,0,0
ILLINOIS,SANGAMON,2023-08-24,Excessive Heat,1,0.0,0.0,0,0
ILLINOIS,SANGAMON,2023-08-25,Excessive Heat,1,0.0,0.0,0,0
ILLINOIS,SANGAMON,2024-05-24,Flood,1,0.0,0.0,0,0
ILLINOIS,SANGAMON,2024-08-27,Excessive Heat,1,0.0,0.0,0,0
ILLINOIS,SCHUYLER,2010-08-03,Excessive Heat,1,0.0,0.0,0,0
ILLINOIS,SCHUYLER,2010-08-04,Excessive Heat,1,0.0,0.0,0,0
ILLINOIS,SCHUYLER,2010-08-09,Excessive Heat,1,0.0,0.0,0,0
ILLINOIS,SCHUYLER,2010-08-10,Excessive Heat,1,0.0,0.0,0,0
ILLINOIS,SCHUYLER,2010-08-11,Excessive Heat,1,0.0,0.0,0,0
ILLINOIS,SCHUYLER,2010-08-12,Excessive Heat,1,0.0,0.0,0,0
ILLINOIS,SCHUYLER,2010-08-13,Excessive Heat,1,0.0,0.0,0,0
ILLINOIS,SCHUYLER,2010-08-14,Excessive Heat,1,0.0,0.0,0,0
ILLINOIS,SCHUYLER,2010-12-12,Blizzard,1,0.0,0.0,0,0
ILLINOIS,SCHUYLER,2010-12-13,Blizzard,1,0.0,0.0,0,0
ILLINOIS,SCHUYLER,2011-02-01,Blizzard,1,50000.0,0.0,0,0
ILLINOIS,SCHUYLER,2011-02-02,Blizzard,1,50000.0,0.0,0,0
ILLINOIS,SCHUYLER,2011-08-01,Excessive Heat,1,0.0,0.0,0,0
ILLINOIS,SCHUYLER,2011-08-02,Excessive Heat,1,0.0,0.0,0,0
ILLINOIS,SCHUYLER,2012-06-29,Excessive Heat,1,0.0,0.0,0,0
ILLINOIS,SCHUYLER,2012-06-30,Excessive Heat,1,0.0,0.0,0,0
ILLINOIS,SCHUYLER,2012-07-01,Excessive Heat,1,0.0,0.0,0,0
ILLINOIS,SCHUYLER,2012-07-02,Excessive Heat,1,0.0,0.0,0,0
ILLINOIS,SCHUYLER,2012-07-03,Excessive Heat,1,0.0,0.0,0,0
ILLINOIS,SCHUYLER,2012-07-04,Excessive Heat,1,0.0,0.0,0,0
ILLINOIS,SCHUYLER,2012-07-05,Excessive Heat,1,0.0,0.0,0,0
ILLINOIS,SCHUYLER,2012-07-06,Excessive Heat,1,0.0,0.0,0,0
ILLINOIS,SCHUYLER,2012-07-07,Excessive Heat,1,0.0,0.0,0,0
ILLINOIS,SCHUYLER,2012-12-20,Blizzard,1,0.0,0.0,0,0
ILLINOIS,SCHUYLER,2013-04-18,Flood,1,100000.0,0.0,0,0
ILLINOIS,SCHUYLER,2013-04-19,Flood,1,100000.0,0.0,0,0
ILLINOIS,SCHUYLER,2013-04-20,Flood,1,100000.0,0.0,0,0
ILLINOIS,SCHUYLER,2013-04-21,Flood,1,100000.0,0.0,0,0
ILLINOIS,SCHUYLER,2013-04-22,Flood,1,100000.0,0.0,0,0
ILLINOIS,SCHUYLER,2013-04-23,Flood,1,100000.0,0.0,0,0
ILLINOIS,SCHUYLER,2013-04-24,Flood,1,100000.0,0.0,0,0
ILLINOIS,SCHUYLER,2013-04-25,Flood,1,100000.0,0.0,0,0
ILLINOIS,SCHUYLER,2013-04-26,Flood,1,100000.0,0.0,0,0
ILLINOIS,SCHUYLER,2013-04-27,Flood,1,100000.0,0.0,0,0
ILLINOIS,SCHUYLER,2013-04-28,Flood,1,100000.0,0.0,0,0
ILLINOIS,SCHUYLER,2013-04-29,Flood,1,100000.0,0.0,0,0
ILLINOIS,SCHUYLER,2013-04-30,Flood,1,100000.0,0.0,0,0
ILLINOIS,SCHUYLER,2013-05-01,Flood,1,0.0,0.0,0,0
ILLINOIS,SCHUYLER,2013-05-02,Flood,1,0.0,0.0,0,0
ILLINOIS,SCHUYLER,2013-05-03,Flood,1,0.0,0.0,0,0
ILLINOIS,SCHUYLER,2013-05-04,Flood,1,0.0,0.0,0,0
ILLINOIS,SCHUYLER,2013-05-05,Flood,1,0.0,0.0,0,0
ILLINOIS,SCHUYLER,2013-05-06,Flood,1,0.0,0.0,0,0
ILLINOIS,SCHUYLER,2013-05-07,Flood,1,0.0,0.0,0,0
ILLINOIS,SCHUYLER,2013-05-08,Flood,1,0.0,0.0,0,0
ILLINOIS,SCHUYLER,2013-05-09,Flood,1,0.0,0.0,0,0
ILLINOIS,SCHUYLER,2013-05-10,Flood,1,0.0,0.0,0,0
ILLINOIS,SCHUYLER,2013-05-11,Flood,1,0.0,0.0,0,0
ILLINOIS,SCHUYLER,2013-05-12,Flood,1,0.0,0.0,0,0
ILLINOIS,SCHUYLER,2013-05-13,Flood,1,0.0,0.0,0,0
ILLINOIS,SCHUYLER,2013-05-14,Flood,1,0.0,0.0,0,0
ILLINOIS,SCHUYLER,2013-05-15,Flood,1,0.0,0.0,0,0
ILLINOIS,SCHUYLER,2013-05-16,Flood,1,0.0,0.0,0,0
ILLINOIS,SCHUYLER,2013-05-17,Flood,1,0.0,0.0,0,0
ILLINOIS,SCHUYLER,2013-05-18,Flood,1,0.0,0.0,0,0
ILLINOIS,SCHUYLER,2013-05-19,Flood,1,0.0,0.0,0,0
ILLINOIS,SCHUYLER,2013-05-20,Flood,1,0.0,0.0,0,0
ILLINOIS,SCHUYLER,2013-05-21,Flood,1,0.0,0.0,0,0
ILLINOIS,SCHUYLER,2013-05-22,Flood,1,0.0,0.0,0,0
ILLINOIS,SCHUYLER,2013-05-31,Flood,1,0.0,0.0,0,0
ILLINOIS,SCHUYLER,2014-02-01,Winter Storm,1,0.0,0.0,0,0
ILLINOIS,SCHUYLER,2017-04-29,Flood,1,0.0,0.0,0,0
ILLINOIS,SCHUYLER,2017-04-30,Flood,1,0.0,0.0,0,0
ILLINOIS,SCHUYLER,2018-11-25,Blizzard,1,0.0,0.0,0,0
ILLINOIS,SCHUYLER,2018-11-26,Blizzard,1,0.0,0.0,0,0
ILLINOIS,SCHUYLER,2019-01-18,Winter Storm,1,0.0,0.0,0,0
ILLINOIS,SCHUYLER,2019-01-19,Winter Storm,1,0.0,0.0,0,0
ILLINOIS,SCHUYLER,2022-02-01,Winter Storm,1,0.0,0.0,0,0
ILLINOIS,SCHUYLER,2022-02-02,Winter Storm,1,0.0,0.0,0,0
ILLINOIS,SCHUYLER,2022-02-03,Winter Storm,1,0.0,0.0,0,0
ILLINOIS,SCHUYLER,2022-05-13,Flood,1,0.0,0.0,0,0
ILLINOIS,SCHUYLER,2022-12-22,Winter Storm,1,0.0,0.0,0,0
ILLINOIS,SCHUYLER,2022-12-23,Winter Storm,1,0.0,0.0,0,0
ILLINOIS,SCHUYLER,2023-07-27,Excessive Heat,1,0.0,0.0,0,0
ILLINOIS,SCHUYLER,2023-07-28,Excessive Heat,1,0.0,0.0,0,0
ILLINOIS,SCHUYLER,2023-08-20,Excessive Heat,1,0.0,0.0,0,0
ILLINOIS,SCHUYLER,2023-08-21,Excessive Heat,1,0.0,0.0,0,0
ILLINOIS,SCHUYLER,2023-08-22,Excessive Heat,1,0.0,0.0,0,0
ILLINOIS,SCHUYLER,2023-08-23,Excessive Heat,1,0.0,0.0,0,0
ILLINOIS,SCHUYLER,2023-08-24,Excessive Heat,1,0.0,0.0,0,0
ILLINOIS,SCHUYLER,2023-08-25,Excessive Heat,1,0.0,0.0,0,0
ILLINOIS,SCHUYLER,2024-08-27,Excessive Heat,1,0.0,0.0,0,0
ILLINOIS,SCOTT,2010-08-03,Excessive Heat,1,0.0,0.0,0,0
ILLINOIS,SCOTT,2010-08-04,Excessive Heat,1,0.0,0.0,0,0
ILLINOIS,SCOTT,2010-08-09,Excessive Heat,1,0.0,0.0,0,0
ILLINOIS,SCOTT,2010-08-10,Excessive Heat,1,0.0,0.0,0,0
ILLINOIS,SCOTT,2010-08-11,Excessive Heat,1,0.0,0.0,0,0
ILLINOIS,SCOTT,2010-08-12,Excessive Heat,1,0.0,0.0,0,0
ILLINOIS,SCOTT,2010-08-13,Excessive Heat,1,0.0,0.0,0,0
ILLINOIS,SCOTT,2010-08-14,Excessive Heat,1,0.0,0.0,0,0
ILLINOIS,SCOTT,2011-02-01,Blizzard,1,21000.0,0.0,0,0
ILLINOIS,SCOTT,2011-02-02,Blizzard,1,21000.0,0.0,0,0
ILLINOIS,SCOTT,2011-06-19,Flood,1,0.0,0.0,0,0
ILLINOIS,SCOTT,2011-06-20,Flood,1,0.0,0.0,0,0
ILLINOIS,SCOTT,2011-06-21,Flood,1,0.0,0.0,0,0
ILLINOIS,SCOTT,2011-08-01,Excessive Heat,1,0.0,0.0,0,0
ILLINOIS,SCOTT,2011-08-02,Excessive Heat,1,0.0,0.0,0,0
ILLINOIS,SCOTT,2012-06-29,Excessive Heat,1,0.0,0.0,0,0
ILLINOIS,SCOTT,2012-06-30,Excessive Heat,1,0.0,0.0,0,0
ILLINOIS,SCOTT,2012-07-01,Excessive Heat,1,0.0,0.0,0,0
ILLINOIS,SCOTT,2012-07-02,Excessive Heat,1,0.0,0.0,0,0
ILLINOIS,SCOTT,2012-07-03,Excessive Heat,1,0.0,0.0,0,0
ILLINOIS,SCOTT,2012-07-04,Excessive Heat,1,0.0,0.0,0,0
ILLINOIS,SCOTT,2012-07-05,Excessive Heat,1,0.0,0.0,0,0
ILLINOIS,SCOTT,2012-07-06,Excessive Heat,1,0.0,0.0,0,0
ILLINOIS,SCOTT,2012-07-07,Excessive Heat,1,0.0,0.0,0,0
ILLINOIS,SCOTT,2012-12-20,Blizzard,1,0.0,0.0,0,0
ILLINOIS,SCOTT,2013-04-21,Flood,1,0.0,0.0,0,0
ILLINOIS,SCOTT,2013-04-22,Flood,1,0.0,0.0,0,0
ILLINOIS,SCOTT,2013-04-23,Flood,1,0.0,0.0,0,0
ILLINOIS,SCOTT,2013-04-24,Flood,1,0.0,0.0,0,0
ILLINOIS,SCOTT,2013-04-25,Flood,1,0.0,0.0,0,0
ILLINOIS,SCOTT,2013-04-26,Flood,1,0.0,0.0,0,0
ILLINOIS,SCOTT,2013-04-27,Flood,1,0.0,0.0,0,0
ILLINOIS,SCOTT,2013-04-28,Flood,1,0.0,0.0,0,0
ILLINOIS,SCOTT,2013-04-29,Flood,1,0.0,0.0,0,0
ILLINOIS,SCOTT,2013-04-30,Flood,1,0.0,0.0,0,0
ILLINOIS,SCOTT,2013-05-01,Flood,1,0.0,0.0,0,0
ILLINOIS,SCOTT,2013-05-02,Flood,1,0.0,0.0,0,0
ILLINOIS,SCOTT,2013-05-03,Flood,1,0.0,0.0,0,0
ILLINOIS,SCOTT,2013-05-04,Flood,1,0.0,0.0,0,0
ILLINOIS,SCOTT,2013-05-05,Flood,1,0.0,0.0,0,0
ILLINOIS,SCOTT,2013-05-06,Flood,1,0.0,0.0,0,0
ILLINOIS,SCOTT,2013-05-07,Flood,1,0.0,0.0,0,0
ILLINOIS,SCOTT,2013-05-08,Flood,1,0.0,0.0,0,0
ILLINOIS,SCOTT,2013-05-09,Flood,1,0.0,0.0,0,0
ILLINOIS,SCOTT,2013-05-10,Flood,1,0.0,0.0,0,0
ILLINOIS,SCOTT,2013-05-11,Flood,1,0.0,0.0,0,0
ILLINOIS,SCOTT,2013-05-12,Flood,1,0.0,0.0,0,0
ILLINOIS,SCOTT,2013-05-13,Flood,1,0.0,0.0,0,0
ILLINOIS,SCOTT,2014-06-11,Flood,1,0.0,0.0,0,0
ILLINOIS,SCOTT,2015-07-12,Flood,1,0.0,0.0,0,0
ILLINOIS,SCOTT,2015-07-19,Flood,1,0.0,0.0,0,0
ILLINOIS,SCOTT,2017-04-29,Flood,1,0.0,0.0,0,0
ILLINOIS,SCOTT,2017-04-30,Flood,1,0.0,0.0,0,0
ILLINOIS,SCOTT,2022-02-01,Winter Storm,1,0.0,0.0,0,0
ILLINOIS,SCOTT,2022-02-02,Winter Storm,1,0.0,0.0,0,0
ILLINOIS,SCOTT,2022-02-03,Winter Storm,1,0.0,0.0,0,0
ILLINOIS,SCOTT,2022-12-22,Winter Storm,1,0.0,0.0,0,0
ILLINOIS,SCOTT,2022-12-23,Winter Storm,1,0.0,0.0,0,0
ILLINOIS,SCOTT,2023-07-27,Excessive Heat,1,0.0,0.0,0,0
ILLINOIS,SCOTT,2023-07-28,Excessive Heat,1,0.0,0.0,0,0
ILLINOIS,SCOTT,2023-08-20,Excessive Heat,1,0.0,0.0,0,0
ILLINOIS,SCOTT,2023-08-21,Excessive Heat,1,0.0,0.0,0,0
ILLINOIS,SCOTT,2023-08-22,Excessive Heat,1,0.0,0.0,0,0
ILLINOIS,SCOTT,2023-08-23,Excessive Heat,1,0.0,0.0,0,0
ILLINOIS,SCOTT,2023-08-24,Excessive Heat,1,0.0,0.0,0,0
ILLINOIS,SCOTT,2023-08-25,Excessive Heat,1,0.0,0.0,0,0
ILLINOIS,SCOTT,2024-08-27,Excessive Heat,1,0.0,0.0,0,0
ILLINOIS,SHELBY,2010-08-03,Excessive Heat,1,0.0,0.0,0,0
ILLINOIS,SHELBY,2010-08-04,Excessive Heat,1,0.0,0.0,0,0
ILLINOIS,SHELBY,2010-08-09,Excessive Heat,1,0.0,0.0,0,0
ILLINOIS,SHELBY,2010-08-10,Excessive Heat,1,0.0,0.0,0,0
ILLINOIS,SHELBY,2010-08-11,Excessive Heat,1,0.0,0.0,0,0
ILLINOIS,SHELBY,2010-08-12,Excessive Heat,1,0.0,0.0,0,0
ILLINOIS,SHELBY,2010-08-13,Excessive Heat,1,0.0,0.0,0,0
ILLINOIS,SHELBY,2010-08-14,Excessive Heat,1,0.0,0.0,0,0
ILLINOIS,SHELBY,2011-02-01,Winter Storm,1,500000.0,0.0,0,0
ILLINOIS,SHELBY,2011-02-02,Winter Storm,1,500000.0,0.0,0,0
ILLINOIS,SHELBY,2011-07-30,Flood,1,0.0,0.0,0,0
ILLINOIS,SHELBY,2012-06-29,Excessive Heat,1,0.0,0.0,0,0
ILLINOIS,SHELBY,2012-06-30,Excessive Heat,1,0.0,0.0,0,0
ILLINOIS,SHELBY,2012-07-01,Excessive Heat,1,0.0,0.0,0,0
ILLINOIS,SHELBY,2012-07-02,Excessive Heat,1,0.0,0.0,0,0
ILLINOIS,SHELBY,2012-07-03,Excessive Heat,1,0.0,0.0,0,0
ILLINOIS,SHELBY,2012-07-04,Excessive Heat,1,0.0,0.0,0,0
ILLINOIS,SHELBY,2012-07-05,Excessive Heat,1,0.0,0.0,0,0
ILLINOIS,SHELBY,2012-07-06,Excessive Heat,1,0.0,0.0,0,0
ILLINOIS,SHELBY,2012-07-07,Excessive Heat,1,0.0,0.0,0,0
ILLINOIS,SHELBY,2015-06-19,Flood,1,0.0,0.0,0,0
ILLINOIS,SHELBY,2015-06-20,Flood,1,0.0,0.0,0,0
ILLINOIS,SHELBY,2015-12-27,Flood,1,1000000.0,0.0,0,0
ILLINOIS,SHELBY,2015-12-28,Flood,1,1000000.0,0.0,0,0
ILLINOIS,SHELBY,2015-12-29,Flood,1,1000000.0,0.0,0,0
ILLINOIS,SHELBY,2015-12-30,Flood,1,1000000.0,0.0,0,0
ILLINOIS,SHELBY,2015-12-31,Flood,1,1000000.0,0.0,0,0
ILLINOIS,SHELBY,2016-02-24,Blizzard,1,0.0,0.0,0,0
ILLINOIS,SHELBY,2017-04-29,Flood,1,0.0,0.0,0,0
ILLINOIS,SHELBY,2017-04-30,Flood,1,0.0,0.0,0,0
ILLINOIS,SHELBY,2017-05-01,Flood,1,0.0,0.0,0,0
ILLINOIS,SHELBY,2017-05-02,Flood,1,0.0,0.0,0,0
ILLINOIS,SHELBY,2017-05-04,Flood,1,0.0,0.0,0,0
ILLINOIS,SHELBY,2017-05-05,Flood,1,0.0,0.0,0,0
ILLINOIS,SHELBY,2018-06-11,Flood,1,0.0,0.0,0,0
ILLINOIS,SHELBY,2020-01-11,Flood,1,0.0,0.0,0,0
ILLINOIS,SHELBY,2020-01-12,Flood,1,0.0,0.0,0,0
ILLINOIS,SHELBY,2022-02-02,Winter Storm,1,0.0,0.0,0,0
ILLINOIS,SHELBY,2022-02-03,Winter Storm,1,0.0,0.0,0,0
ILLINOIS,SHELBY,2022-12-22,Winter Storm,1,0.0,0.0,0,0
ILLINOIS,SHELBY,2022-12-23,Winter Storm,1,0.0,0.0,0,0
ILLINOIS,SHELBY,2023-07-27,Excessive Heat,1,0.0,0.0,0,0
ILLINOIS,SHELBY,2023-07-28,Excessive Heat,1,0.0,0.0,0,0
ILLINOIS,SHELBY,2023-08-20,Excessive Heat,1,0.0,0.0,0,0
ILLINOIS,SHELBY,2023-08-21,Excessive Heat,1,0.0,0.0,0,0
ILLINOIS,SHELBY,2023-08-22,Excessive Heat,1,0.0,0.0,0,0
ILLINOIS,SHELBY,2023-08-23,Excessive Heat,1,0.0,0.0,0,0
ILLINOIS,SHELBY,2023-08-24,Excessive Heat,1,0.0,0.0,0,0
ILLINOIS,SHELBY,2023-08-25,Excessive Heat,1,0.0,0.0,0,0
ILLINOIS,SHELBY,2025-07-20,Flood,1,0.0,0.0,0,0
ILLINOIS,SHELBY,2025-07-21,Flood,1,0.0,0.0,0,0
ILLINOIS,SOUTHERN COOK COUNTY,2021-01-30,Winter Storm,1,0.0,0.0,0,0
ILLINOIS,SOUTHERN COOK COUNTY,2021-01-31,Winter Storm,1,0.0,0.0,0,0
ILLINOIS,SOUTHERN COOK COUNTY,2021-02-15,Winter Storm,1,0.0,0.0,0,0
ILLINOIS,SOUTHERN COOK COUNTY,2021-02-16,Winter Storm,1,0.0,0.0,0,0
ILLINOIS,SOUTHERN COOK COUNTY,2022-02-01,Winter Storm,1,0.0,0.0,0,0
ILLINOIS,SOUTHERN COOK COUNTY,2022-02-02,Winter Storm,1,0.0,0.0,0,0
ILLINOIS,SOUTHERN COOK COUNTY,2022-02-17,Winter Storm,1,0.0,0.0,0,0
ILLINOIS,SOUTHERN COOK COUNTY,2022-12-22,Winter Storm,1,0.0,0.0,0,0
ILLINOIS,SOUTHERN COOK COUNTY,2022-12-23,Winter Storm,1,0.0,0.0,0,0
ILLINOIS,SOUTHERN COOK COUNTY,2022-12-24,Winter Storm,1,0.0,0.0,0,0
ILLINOIS,SOUTHERN COOK COUNTY,2023-07-26,Excessive Heat,1,0.0,0.0,0,0
ILLINOIS,SOUTHERN COOK COUNTY,2023-07-27,Excessive Heat,1,0.0,0.0,0,0
ILLINOIS,SOUTHERN COOK COUNTY,2023-07-28,Excessive Heat,1,0.0,0.0,0,0
ILLINOIS,SOUTHERN COOK COUNTY,2023-08-23,Excessive Heat,1,0.0,0.0,0,0
ILLINOIS,SOUTHERN COOK COUNTY,2023-08-24,Excessive Heat,1,0.0,0.0,0,0
ILLINOIS,SOUTHERN COOK COUNTY,2024-01-12,Winter Storm,1,0.0,0.0,0,0
ILLINOIS,SOUTHERN COOK COUNTY,2025-06-21,Excessive Heat,1,0.0,0.0,0,0
ILLINOIS,SOUTHERN COOK COUNTY,2025-11-29,Winter Storm,1,0.0,0.0,0,0
ILLINOIS,SOUTHERN COOK COUNTY,2025-11-30,Winter Storm,1,0.0,0.0,0,0
ILLINOIS,SOUTHERN WILL COUNTY,2021-01-30,Winter Storm,1,0.0,0.0,0,0
ILLINOIS,SOUTHERN WILL COUNTY,2021-01-31,Winter Storm,1,0.0,0.0,0,0
ILLINOIS,SOUTHERN WILL COUNTY,2021-02-15,Winter Storm,1,0.0,0.0,0,0
ILLINOIS,SOUTHERN WILL COUNTY,2021-02-16,Winter Storm,1,0.0,0.0,0,0
ILLINOIS,SOUTHERN WILL COUNTY,2022-02-01,Winter Storm,1,0.0,0.0,0,0
ILLINOIS,SOUTHERN WILL COUNTY,2022-02-02,Winter Storm,1,0.0,0.0,0,0
ILLINOIS,SOUTHERN WILL COUNTY,2022-02-17,Winter Storm,1,0.0,0.0,0,0
ILLINOIS,SOUTHERN WILL COUNTY,2022-12-22,Winter Storm,1,0.0,0.0,0,0
ILLINOIS,SOUTHERN WILL COUNTY,2022-12-23,Winter Storm,1,0.0,0.0,0,0
ILLINOIS,SOUTHERN WILL COUNTY,2022-12-24,Winter Storm,1,0.0,0.0,0,0
ILLINOIS,SOUTHERN WILL COUNTY,2023-07-26,Excessive Heat,1,0.0,0.0,0,0
ILLINOIS,SOUTHERN WILL COUNTY,2023-07-27,Excessive Heat,1,0.0,0.0,0,0
ILLINOIS,SOUTHERN WILL COUNTY,2023-07-28,Excessive Heat,1,0.0,0.0,0,0
ILLINOIS,SOUTHERN WILL COUNTY,2023-08-23,Excessive Heat,1,0.0,0.0,0,0
ILLINOIS,SOUTHERN WILL COUNTY,2023-08-24,Excessive Heat,1,0.0,0.0,0,0
ILLINOIS,SOUTHERN WILL COUNTY,2024-01-12,Winter Storm,1,0.0,0.0,0,0
ILLINOIS,SOUTHERN WILL COUNTY,2025-06-21,Excessive Heat,1,0.0,0.0,0,0
ILLINOIS,SOUTHERN WILL COUNTY,2025-11-29,Winter Storm,1,0.0,0.0,0,0
ILLINOIS,SOUTHERN WILL COUNTY,2025-11-30,Winter Storm,1,0.0,0.0,0,0
ILLINOIS,ST. CLAIR,2010-06-16,Flood,1,0.0,0.0,0,0
ILLINOIS,ST. CLAIR,2010-06-17,Flood,1,0.0,0.0,0,0
ILLINOIS,ST. CLAIR,2010-06-18,Flood,1,0.0,0.0,0,0
ILLINOIS,ST. CLAIR,2010-06-19,Flood,1,0.0,0.0,0,0
ILLINOIS,ST. CLAIR,2010-06-20,Flood,1,0.0,0.0,0,0
ILLINOIS,ST. CLAIR,2010-06-21,Flood,1,0.0,0.0,0,0
ILLINOIS,ST. CLAIR,2010-06-22,Flood,1,0.0,0.0,0,0
ILLINOIS,ST. CLAIR,2010-06-23,Flood,1,0.0,0.0,0,0
ILLINOIS,ST. CLAIR,2010-06-24,Flood,1,0.0,0.0,0,0
ILLINOIS,ST. CLAIR,2010-06-25,Flood,1,0.0,0.0,0,0
ILLINOIS,ST. CLAIR,2010-06-26,Excessive Heat,1,0.0,0.0,0,0
ILLINOIS,ST. CLAIR,2010-06-26,Flood,1,0.0,0.0,0,0
ILLINOIS,ST. CLAIR,2010-06-27,Excessive Heat,1,0.0,0.0,0,0
ILLINOIS,ST. CLAIR,2010-06-27,Flood,1,0.0,0.0,0,0
ILLINOIS,ST. CLAIR,2010-06-28,Flood,1,0.0,0.0,0,0
ILLINOIS,ST. CLAIR,2010-06-29,Flood,1,0.0,0.0,0,0
ILLINOIS,ST. CLAIR,2010-06-30,Flood,1,0.0,0.0,0,0
ILLINOIS,ST. CLAIR,2010-07-14,Excessive Heat,1,0.0,0.0,0,0
ILLINOIS,ST. CLAIR,2010-07-17,Excessive Heat,1,0.0,0.0,0,0
ILLINOIS,ST. CLAIR,2010-07-22,Excessive Heat,1,0.0,0.0,0,0
ILLINOIS,ST. CLAIR,2010-07-23,Excessive Heat,1,0.0,0.0,0,0
ILLINOIS,ST. CLAIR,2010-07-24,Excessive Heat,1,0.0,0.0,0,0
ILLINOIS,ST. CLAIR,2010-07-28,Excessive Heat,1,0.0,0.0,0,0
ILLINOIS,ST. CLAIR,2010-08-02,Excessive Heat,1,0.0,0.0,0,0
ILLINOIS,ST. CLAIR,2010-08-03,Excessive Heat,1,0.0,0.0,0,0
ILLINOIS,ST. CLAIR,2010-08-04,Excessive Heat,1,0.0,0.0,0,0
ILLINOIS,ST. CLAIR,2010-08-08,Excessive Heat,1,0.0,0.0,0,0
ILLINOIS,ST. CLAIR,2010-08-09,Excessive Heat,1,0.0,0.0,0,0
ILLINOIS,ST. CLAIR,2010-08-10,Excessive Heat,1,0.0,0.0,0,0
ILLINOIS,ST. CLAIR,2010-08-11,Excessive Heat,1,0.0,0.0,0,0
ILLINOIS,ST. CLAIR,2010-08-12,Excessive Heat,1,0.0,0.0,0,0
ILLINOIS,ST. CLAIR,2010-08-13,Excessive Heat,1,0.0,0.0,0,0
ILLINOIS,ST. CLAIR,2010-08-14,Excessive Heat,1,0.0,0.0,0,0
ILLINOIS,ST. CLAIR,2011-01-31,Winter Storm,1,0.0,0.0,0,0
ILLINOIS,ST. CLAIR,2011-02-01,Winter Storm,1,0.0,0.0,0,0
ILLINOIS,ST. CLAIR,2011-02-02,Winter Storm,1,0.0,0.0,0,0
ILLINOIS,ST. CLAIR,2011-06-04,Excessive Heat,1,0.0,0.0,0,0
ILLINOIS,ST. CLAIR,2011-06-05,Excessive Heat,1,0.0,0.0,0,0
ILLINOIS,ST. CLAIR,2011-06-06,Excessive Heat,1,0.0,0.0,0,0
ILLINOIS,ST. CLAIR,2011-06-07,Excessive Heat,1,0.0,0.0,0,0
ILLINOIS,ST. CLAIR,2011-06-08,Excessive Heat,1,0.0,0.0,0,0
ILLINOIS,ST. CLAIR,2011-07-10,Excessive Heat,1,0.0,0.0,0,1
ILLINOIS,ST. CLAIR,2011-07-11,Excessive Heat,1,0.0,0.0,0,1
ILLINOIS,ST. CLAIR,2011-07-12,Excessive Heat,1,0.0,0.0,0,1
ILLINOIS,ST. CLAIR,2011-07-17,Excessive Heat,1,0.0,0.0,0,2
ILLINOIS,ST. CLAIR,2011-07-18,Excessive Heat,1,0.0,0.0,0,2
ILLINOIS,ST. CLAIR,2011-07-19,Excessive Heat,1,0.0,0.0,0,2
ILLINOIS,ST. CLAIR,2011-07-20,Excessive Heat,1,0.0,0.0,0,2
ILLINOIS,ST. CLAIR,2011-07-21,Excessive Heat,1,0.0,0.0,0,2
ILLINOIS,ST. CLAIR,2011-07-22,Excessive Heat,1,0.0,0.0,0,2
ILLINOIS,ST. CLAIR,2011-07-23,Excessive Heat,1,0.0,0.0,0,2
ILLINOIS,ST. CLAIR,2011-07-24,Excessive Heat,1,0.0,0.0,0,2
ILLINOIS,ST. CLAIR,2011-07-25,Excessive Heat,1,0.0,0.0,0,2
ILLINOIS,ST. CLAIR,2011-07-26,Excessive Heat,1,0.0,0.0,0,2
ILLINOIS,ST. CLAIR,2011-07-27,Excessive Heat,1,0.0,0.0,0,2
ILLINOIS,ST. CLAIR,2011-07-28,Excessive Heat,1,0.0,0.0,0,2
ILLINOIS,ST. CLAIR,2011-07-29,Excessive Heat,1,0.0,0.0,0,2
ILLINOIS,ST. CLAIR,2011-07-30,Excessive Heat,1,0.0,0.0,0,2
ILLINOIS,ST. CLAIR,2011-07-31,Excessive Heat,1,0.0,0.0,0,2
ILLINOIS,ST. CLAIR,2011-08-01,Excessive Heat,1,0.0,0.0,0,0
ILLINOIS,ST. CLAIR,2011-08-02,Excessive Heat,1,0.0,0.0,0,0
ILLINOIS,ST. CLAIR,2011-08-03,Excessive Heat,1,0.0,0.0,0,0
ILLINOIS,ST. CLAIR,2012-06-27,Excessive Heat,1,0.0,0.0,0,0
ILLINOIS,ST. CLAIR,2012-06-28,Excessive Heat,1,0.0,0.0,0,0
ILLINOIS,ST. CLAIR,2012-06-29,Excessive Heat,1,0.0,0.0,0,0
ILLINOIS,ST. CLAIR,2012-06-30,Excessive Heat,1,0.0,0.0,0,0
ILLINOIS,ST. CLAIR,2012-07-01,Excessive Heat,1,0.0,0.0,0,0
ILLINOIS,ST. CLAIR,2012-07-02,Excessive Heat,1,0.0,0.0,0,0
ILLINOIS,ST. CLAIR,2012-07-03,Excessive Heat,1,0.0,0.0,0,0
ILLINOIS,ST. CLAIR,2012-07-04,Excessive Heat,1,0.0,0.0,0,0
ILLINOIS,ST. CLAIR,2012-07-05,Excessive Heat,1,0.0,0.0,0,0
ILLINOIS,ST. CLAIR,2012-07-06,Excessive Heat,1,0.0,0.0,0,0
ILLINOIS,ST. CLAIR,2012-07-07,Excessive Heat,1,0.0,0.0,0,0
ILLINOIS,ST. CLAIR,2012-07-08,Excessive Heat,1,0.0,0.0,0,0
ILLINOIS,ST. CLAIR,2012-07-16,Excessive Heat,1,0.0,0.0,0,1
ILLINOIS,ST. CLAIR,2012-07-17,Excessive Heat,1,0.0,0.0,0,1
ILLINOIS,ST. CLAIR,2012-07-18,Excessive Heat,1,0.0,0.0,0,1
ILLINOIS,ST. CLAIR,2012-07-19,Excessive Heat,1,0.0,0.0,0,1
ILLINOIS,ST. CLAIR,2012-07-22,Excessive Heat,1,0.0,0.0,0,0
ILLINOIS,ST. CLAIR,2012-07-23,Excessive Heat,1,0.0,0.0,0,0
ILLINOIS,ST. CLAIR,2012-07-24,Excessive Heat,1,0.0,0.0,0,0
ILLINOIS,ST. CLAIR,2012-07-25,Excessive Heat,1,0.0,0.0,0,0
ILLINOIS,ST. CLAIR,2012-07-26,Excessive Heat,1,0.0,0.0,0,0
ILLINOIS,ST. CLAIR,2012-07-27,Excessive Heat,1,0.0,0.0,0,0
ILLINOIS,ST. CLAIR,2012-07-31,Excessive Heat,1,0.0,0.0,0,0
ILLINOIS,ST. CLAIR,2012-08-01,Excessive Heat,1,0.0,0.0,0,0
ILLINOIS,ST. CLAIR,2013-02-21,Winter Storm,1,0.0,0.0,0,0
ILLINOIS,ST. CLAIR,2013-06-01,Flood,1,2000.0,1000.0,0,0
ILLINOIS,ST. CLAIR,2013-06-02,Flood,1,2000.0,1000.0,0,0
ILLINOIS,ST. CLAIR,2013-06-03,Flood,1,2000.0,1000.0,0,0
ILLINOIS,ST. CLAIR,2013-06-04,Flood,1,2000.0,1000.0,0,0
ILLINOIS,ST. CLAIR,2013-06-05,Flood,1,2000.0,1000.0,0,0
ILLINOIS,ST. CLAIR,2013-06-06,Flood,1,2000.0,1000.0,0,0
ILLINOIS,ST. CLAIR,2013-06-07,Flood,1,2000.0,1000.0,0,0
ILLINOIS,ST. CLAIR,2013-06-08,Flood,1,2000.0,1000.0,0,0
ILLINOIS,ST. CLAIR,2013-06-09,Flood,1,2000.0,1000.0,0,0
ILLINOIS,ST. CLAIR,2013-06-10,Flood,1,2000.0,1000.0,0,0
ILLINOIS,ST. CLAIR,2013-06-11,Flood,1,2000.0,1000.0,0,0
ILLINOIS,ST. CLAIR,2013-06-12,Flood,1,2000.0,1000.0,0,0
ILLINOIS,ST. CLAIR,2013-06-13,Flood,1,2000.0,1000.0,0,0
ILLINOIS,ST. CLAIR,2013-06-14,Flood,1,2000.0,1000.0,0,0
ILLINOIS,ST. CLAIR,2013-06-15,Flood,1,2000.0,1000.0,0,0
ILLINOIS,ST. CLAIR,2014-01-05,Winter Storm,1,0.0,0.0,0,0
ILLINOIS,ST. CLAIR,2014-03-01,Winter Storm,1,0.0,0.0,0,0
ILLINOIS,ST. CLAIR,2014-03-02,Winter Storm,1,0.0,0.0,0,0
ILLINOIS,ST. CLAIR,2014-06-30,Excessive Heat,1,0.0,0.0,0,0
ILLINOIS,ST. CLAIR,2014-07-26,Excessive Heat,1,0.0,0.0,0,0
ILLINOIS,ST. CLAIR,2014-08-20,Excessive Heat,1,0.0,0.0,0,0
ILLINOIS,ST. CLAIR,2014-08-21,Excessive Heat,1,0.0,0.0,0,0
ILLINOIS,ST. CLAIR,2014-08-22,Excessive Heat,1,0.0,0.0,0,0
ILLINOIS,ST. CLAIR,2014-08-23,Excessive Heat,1,0.0,0.0,0,0
ILLINOIS,ST. CLAIR,2014-08-24,Excessive Heat,1,0.0,0.0,0,0
ILLINOIS,ST. CLAIR,2014-08-25,Excessive Heat,1,0.0,0.0,0,0
ILLINOIS,ST. CLAIR,2014-08-26,Excessive Heat,1,0.0,0.0,0,0
ILLINOIS,ST. CLAIR,2014-08-27,Excessive Heat,1,0.0,0.0,0,0
ILLINOIS,ST. CLAIR,2014-09-04,Excessive Heat,1,0.0,0.0,0,0
ILLINOIS,ST. CLAIR,2015-07-12,Excessive Heat,1,0.0,0.0,0,0
ILLINOIS,ST. CLAIR,2015-07-13,Excessive Heat,1,0.0,0.0,0,0
ILLINOIS,ST. CLAIR,2015-07-14,Excessive Heat,1,0.0,0.0,0,0
ILLINOIS,ST. CLAIR,2015-07-17,Excessive Heat,1,0.0,0.0,0,0
ILLINOIS,ST. CLAIR,2015-07-18,Excessive Heat,1,0.0,0.0,0,0
ILLINOIS,ST. CLAIR,2015-07-19,Excessive Heat,1,0.0,0.0,0,0
ILLINOIS,ST. CLAIR,2015-12-28,Flood,1,0.0,0.0,0,0
ILLINOIS,ST. CLAIR,2015-12-29,Flood,1,0.0,0.0,0,0
ILLINOIS,ST. CLAIR,2015-12-30,Flood,1,0.0,0.0,0,0
ILLINOIS,ST. CLAIR,2016-07-18,Excessive Heat,1,0.0,0.0,0,0
ILLINOIS,ST. CLAIR,2016-07-19,Excessive Heat,1,0.0,0.0,0,0
ILLINOIS,ST. CLAIR,2016-07-20,Excessive Heat,1,0.0,0.0,0,0
ILLINOIS,ST. CLAIR,2016-07-21,Excessive Heat,1,0.0,0.0,0,0
ILLINOIS,ST. CLAIR,2016-07-22,Excessive Heat,1,0.0,0.0,0,0
ILLINOIS,ST. CLAIR,2016-07-23,Excessive Heat,1,0.0,0.0,0,0
ILLINOIS,ST. CLAIR,2016-07-24,Excessive Heat,1,0.0,0.0,0,0
ILLINOIS,ST. CLAIR,2017-07-18,Excessive Heat,1,0.0,0.0,0,0
ILLINOIS,ST. CLAIR,2017-07-19,Excessive Heat,1,0.0,0.0,0,0
ILLINOIS,ST. CLAIR,2017-07-20,Excessive Heat,1,0.0,0.0,0,0
ILLINOIS,ST. CLAIR,2017-07-21,Excessive Heat,1,0.0,0.0,0,0
ILLINOIS,ST. CLAIR,2017-07-22,Excessive Heat,1,0.0,0.0,0,0
ILLINOIS,ST. CLAIR,2017-07-23,Excessive Heat,1,0.0,0.0,0,0
ILLINOIS,ST. CLAIR,2018-06-15,Excessive Heat,1,0.0,0.0,0,0
ILLINOIS,ST. CLAIR,2018-06-16,Excessive Heat,1,0.0,0.0,0,0
ILLINOIS,ST. CLAIR,2018-06-17,Excessive Heat,1,0.0,0.0,0,0
ILLINOIS,ST. CLAIR,2018-06-18,Excessive Heat,1,0.0,0.0,0,0
ILLINOIS,ST. CLAIR,2018-06-19,Excessive Heat,1,0.0,0.0,0,0
ILLINOIS,ST. CLAIR,2018-06-28,Excessive Heat,1,0.0,0.0,0,0
ILLINOIS,ST. CLAIR,2018-06-29,Excessive Heat,1,0.0,0.0,0,0
ILLINOIS,ST. CLAIR,2018-06-30,Excessive Heat,1,0.0,0.0,0,0
ILLINOIS,ST. CLAIR,2019-06-02,Flood,1,8100000.0,0.0,0,0
ILLINOIS,ST. CLAIR,2019-06-03,Flood,1,8100000.0,0.0,0,0
ILLINOIS,ST. CLAIR,2019-06-04,Flood,1,8100000.0,0.0,0,0
ILLINOIS,ST. CLAIR,2019-06-05,Flood,1,8100000.0,0.0,0,0
ILLINOIS,ST. CLAIR,2019-06-06,Flood,1,8100000.0,0.0,0,0
ILLINOIS,ST. CLAIR,2019-06-07,Flood,1,8100000.0,0.0,0,0
ILLINOIS,ST. CLAIR,2019-06-08,Flood,1,8100000.0,0.0,0,0
ILLINOIS,ST. CLAIR,2019-06-09,Flood,1,8100000.0,0.0,0,0
ILLINOIS,ST. CLAIR,2019-06-10,Flood,1,8100000.0,0.0,0,0
ILLINOIS,ST. CLAIR,2019-06-11,Flood,1,8100000.0,0.0,0,0
ILLINOIS,ST. CLAIR,2019-06-12,Flood,1,8100000.0,0.0,0,0
ILLINOIS,ST. CLAIR,2019-12-15,Winter Storm,1,0.0,0.0,0,0
ILLINOIS,ST. CLAIR,2019-12-16,Winter Storm,1,0.0,0.0,0,0
ILLINOIS,ST. CLAIR,2021-08-10,Excessive Heat,1,0.0,0.0,0,0
ILLINOIS,ST. CLAIR,2021-08-11,Excessive Heat,1,0.0,0.0,0,0
ILLINOIS,ST. CLAIR,2021-08-12,Excessive Heat,1,0.0,0.0,0,0
ILLINOIS,ST. CLAIR,2022-12-22,Winter Storm,1,0.0,0.0,0,0
ILLINOIS,ST. CLAIR,2023-07-27,Excessive Heat,1,0.0,0.0,0,0
ILLINOIS,ST. CLAIR,2023-07-28,Excessive Heat,1,0.0,0.0,0,0
ILLINOIS,ST. CLAIR,2023-07-29,Excessive Heat,1,0.0,0.0,0,0
ILLINOIS,ST. CLAIR,2023-08-20,Excessive Heat,1,0.0,0.0,0,0
ILLINOIS,ST. CLAIR,2023-08-21,Excessive Heat,1,0.0,0.0,0,0
ILLINOIS,ST. CLAIR,2023-08-22,Excessive Heat,1,0.0,0.0,0,0
ILLINOIS,ST. CLAIR,2023-08-23,Excessive Heat,1,0.0,0.0,0,0
ILLINOIS,ST. CLAIR,2023-08-24,Excessive Heat,1,0.0,0.0,0,0
ILLINOIS,ST. CLAIR,2023-08-25,Excessive Heat,1,0.0,0.0,0,0
ILLINOIS,ST. CLAIR,2025-01-05,Winter Storm,1,0.0,0.0,0,0
ILLINOIS,ST. CLAIR,2025-01-06,Winter Storm,1,0.0,0.0,0,0
ILLINOIS,ST. CLAIR,2025-07-22,Excessive Heat,1,0.0,0.0,0,0
ILLINOIS,ST. CLAIR,2025-07-23,Excessive Heat,1,0.0,0.0,0,0
ILLINOIS,ST. CLAIR,2025-07-24,Excessive Heat,1,0.0,0.0,0,0
ILLINOIS,ST. CLAIR,2025-07-25,Excessive Heat,1,0.0,0.0,0,0
ILLINOIS,ST. CLAIR,2025-07-26,Excessive Heat,1,0.0,0.0,0,0
ILLINOIS,ST. CLAIR,2025-07-27,Excessive Heat,1,0.0,0.0,0,0
ILLINOIS,ST. CLAIR,2025-07-28,Excessive Heat,1,0.0,0.0,0,0
ILLINOIS,ST. CLAIR,2025-07-29,Excessive Heat,1,0.0,0.0,0,0
ILLINOIS,ST. CLAIR,2025-07-30,Excessive Heat,1,0.0,0.0,0,0
ILLINOIS,ST. CLAIR,2025-08-15,Excessive Heat,1,0.0,0.0,0,0
ILLINOIS,ST. CLAIR,2025-08-16,Excessive Heat,1,0.0,0.0,0,0
ILLINOIS,ST. CLAIR,2025-08-17,Excessive Heat,1,0.0,0.0,0,0
ILLINOIS,ST. CLAIR,2025-08-18,Excessive Heat,1,0.0,0.0,0,0
ILLINOIS,ST. CLAIR,2025-11-29,Winter Storm,1,0.0,0.0,0,0
ILLINOIS,STARK,2010-01-06,Winter Storm,1,0.0,0.0,0,0
ILLINOIS,STARK,2010-01-07,Winter Storm,1,0.0,0.0,0,0
ILLINOIS,STARK,2010-02-08,Winter Storm,1,0.0,0.0,0,0
ILLINOIS,STARK,2010-02-09,Winter Storm,1,0.0,0.0,0,0
ILLINOIS,STARK,2010-08-11,Excessive Heat,1,0.0,0.0,0,0
ILLINOIS,STARK,2010-08-12,Excessive Heat,1,0.0,0.0,0,0
ILLINOIS,STARK,2010-08-13,Excessive Heat,1,0.0,0.0,0,0
ILLINOIS,STARK,2010-12-12,Blizzard,1,0.0,0.0,0,0
ILLINOIS,STARK,2010-12-13,Blizzard,1,0.0,0.0,0,0
ILLINOIS,STARK,2011-02-01,Blizzard,1,80000.0,0.0,0,0
ILLINOIS,STARK,2011-02-02,Blizzard,1,80000.0,0.0,0,0
ILLINOIS,STARK,2011-08-02,Excessive Heat,1,0.0,0.0,0,0
ILLINOIS,STARK,2012-06-29,Excessive Heat,1,0.0,0.0,0,0
ILLINOIS,STARK,2012-06-30,Excessive Heat,1,0.0,0.0,0,0
ILLINOIS,STARK,2012-07-01,Excessive Heat,1,0.0,0.0,0,0
ILLINOIS,STARK,2012-07-02,Excessive Heat,1,0.0,0.0,0,0
ILLINOIS,STARK,2012-07-03,Excessive Heat,1,0.0,0.0,0,0
ILLINOIS,STARK,2012-07-04,Excessive Heat,1,0.0,0.0,0,0
ILLINOIS,STARK,2012-07-05,Excessive Heat,1,0.0,0.0,0,0
ILLINOIS,STARK,2012-07-06,Excessive Heat,1,0.0,0.0,0,0
ILLINOIS,STARK,2012-07-07,Excessive Heat,1,0.0,0.0,0,0
ILLINOIS,STARK,2012-12-20,Blizzard,1,0.0,0.0,0,0
ILLINOIS,STARK,2013-04-18,Flood,1,0.0,0.0,0,0
ILLINOIS,STARK,2013-04-19,Flood,1,0.0,0.0,0,0
ILLINOIS,STARK,2013-04-20,Flood,1,0.0,0.0,0,0
ILLINOIS,STARK,2013-04-21,Flood,1,0.0,0.0,0,0
ILLINOIS,STARK,2013-04-22,Flood,1,0.0,0.0,0,0
ILLINOIS,STARK,2013-05-27,Flood,1,0.0,0.0,0,0
ILLINOIS,STARK,2014-06-30,Flood,1,0.0,0.0,0,0
ILLINOIS,STARK,2014-07-01,Flood,1,0.0,0.0,0,0
ILLINOIS,STARK,2015-11-20,Winter Storm,1,0.0,0.0,0,0
ILLINOIS,STARK,2015-11-21,Winter Storm,1,0.0,0.0,0,0
ILLINOIS,STARK,2018-11-25,Blizzard,1,0.0,0.0,0,0
ILLINOIS,STARK,2018-11-26,Blizzard,1,0.0,0.0,0,0
ILLINOIS,STARK,2019-01-19,Winter Storm,1,0.0,0.0,0,0
ILLINOIS,STARK,2022-02-01,Winter Storm,1,0.0,0.0,0,0
ILLINOIS,STARK,2022-02-02,Winter Storm,1,0.0,0.0,0,0
ILLINOIS,STARK,2022-02-03,Winter Storm,1,0.0,0.0,0,0
ILLINOIS,STARK,2022-12-22,Winter Storm,1,0.0,0.0,0,0
ILLINOIS,STARK,2022-12-23,Winter Storm,1,0.0,0.0,0,0
ILLINOIS,STARK,2023-07-27,Excessive Heat,1,0.0,0.0,0,0
ILLINOIS,STARK,2023-07-28,Excessive Heat,1,0.0,0.0,0,0
ILLINOIS,STARK,2023-08-20,Excessive Heat,1,0.0,0.0,0,0
ILLINOIS,STARK,2023-08-21,Excessive Heat,1,0.0,0.0,0,0
ILLINOIS,STARK,2023-08-22,Excessive Heat,1,0.0,0.0,0,0
ILLINOIS,STARK,2023-08-23,Excessive Heat,1,0.0,0.0,0,0
ILLINOIS,STARK,2023-08-24,Excessive Heat,1,0.0,0.0,0,0
ILLINOIS,STARK,2023-08-25,Excessive Heat,1,0.0,0.0,0,0
ILLINOIS,STARK,2024-08-27,Excessive Heat,1,0.0,0.0,0,0
ILLINOIS,STEPHENSON,2010-01-06,Winter Storm,1,0.0,0.0,0,0
ILLINOIS,STEPHENSON,2010-01-07,Winter Storm,1,0.0,0.0,0,0
ILLINOIS,STEPHENSON,2010-07-24,Flood,1,500000.0,0.0,0,0
ILLINOIS,STEPHENSON,2010-07-25,Flood,1,500000.0,0.0,0,0
ILLINOIS,STEPHENSON,2010-07-26,Flood,1,500000.0,0.0,0,0
ILLINOIS,STEPHENSON,2010-07-27,Flood,1,500000.0,0.0,0,0
ILLINOIS,STEPHENSON,2010-07-28,Flood,1,500000.0,0.0,0,0
ILLINOIS,STEPHENSON,2010-12-03,Winter Storm,1,0.0,0.0,0,0
ILLINOIS,STEPHENSON,2010-12-04,Winter Storm,1,0.0,0.0,0,0
ILLINOIS,STEPHENSON,2011-02-01,Blizzard,1,0.0,0.0,0,0
ILLINOIS,STEPHENSON,2011-02-02,Blizzard,1,0.0,0.0,0,0
ILLINOIS,STEPHENSON,2012-01-12,Winter Storm,1,0.0,0.0,0,0
ILLINOIS,STEPHENSON,2012-01-13,Winter Storm,1,0.0,0.0,0,0
ILLINOIS,STEPHENSON,2012-07-04,Excessive Heat,1,0.0,0.0,0,0
ILLINOIS,STEPHENSON,2012-07-05,Excessive Heat,1,0.0,0.0,0,0
ILLINOIS,STEPHENSON,2012-07-06,Excessive Heat,1,0.0,0.0,0,0
ILLINOIS,STEPHENSON,2012-07-07,Excessive Heat,1,0.0,0.0,0,0
ILLINOIS,STEPHENSON,2012-12-19,Blizzard,1,0.0,0.0,0,0
ILLINOIS,STEPHENSON,2012-12-20,Blizzard,1,0.0,0.0,0,0
ILLINOIS,STEPHENSON,2013-01-30,Winter Storm,1,0.0,0.0,0,0
ILLINOIS,STEPHENSON,2013-02-26,Winter Storm,1,0.0,0.0,0,0
ILLINOIS,STEPHENSON,2013-02-27,Winter Storm,1,0.0,0.0,0,0
ILLINOIS,STEPHENSON,2013-03-04,Winter Storm,1,0.0,0.0,0,0
ILLINOIS,STEPHENSON,2013-03-05,Winter Storm,1,0.0,0.0,0,0
ILLINOIS,STEPHENSON,2013-12-21,Winter Storm,1,0.0,0.0,0,0
ILLINOIS,STEPHENSON,2013-12-22,Winter Storm,1,0.0,0.0,0,0
ILLINOIS,STEPHENSON,2014-02-17,Winter Storm,1,0.0,0.0,0,0
ILLINOIS,STEPHENSON,2015-02-01,Winter Storm,1,0.0,0.0,0,0
ILLINOIS,STEPHENSON,2015-11-20,Winter Storm,1,0.0,0.0,0,0
ILLINOIS,STEPHENSON,2015-11-21,Winter Storm,1,0.0,0.0,0,0
ILLINOIS,STEPHENSON,2015-12-28,Winter Storm,1,0.0,0.0,0,0
ILLINOIS,STEPHENSON,2015-12-29,Winter Storm,1,0.0,0.0,0,0
ILLINOIS,STEPHENSON,2016-12-10,Winter Storm,1,0.0,0.0,0,0
ILLINOIS,STEPHENSON,2016-12-11,Winter Storm,1,0.0,0.0,0,0
ILLINOIS,STEPHENSON,2017-07-22,Flood,1,7000000.0,500000.0,0,0
ILLINOIS,STEPHENSON,2017-07-23,Flood,1,7000000.0,500000.0,0,0
ILLINOIS,STEPHENSON,2017-07-24,Flood,1,7000000.0,500000.0,0,0
ILLINOIS,STEPHENSON,2017-07-25,Flood,1,7000000.0,500000.0,0,0
ILLINOIS,STEPHENSON,2018-02-19,Flood,1,0.0,0.0,0,0
ILLINOIS,STEPHENSON,2018-02-20,Flood,1,0.0,0.0,0,0
ILLINOIS,STEPHENSON,2018-02-21,Flood,1,0.0,0.0,0,0
ILLINOIS,STEPHENSON,2018-02-22,Flood,1,0.0,0.0,0,0
ILLINOIS,STEPHENSON,2018-02-23,Flood,1,0.0,0.0,0,0
ILLINOIS,STEPHENSON,2018-02-24,Flood,1,0.0,0.0,0,0
ILLINOIS,STEPHENSON,2018-02-25,Flood,1,0.0,0.0,0,0
ILLINOIS,STEPHENSON,2018-02-26,Flood,1,0.0,0.0,0,0
ILLINOIS,STEPHENSON,2018-02-27,Flood,1,0.0,0.0,0,0
ILLINOIS,STEPHENSON,2018-02-28,Flood,1,0.0,0.0,0,0
ILLINOIS,STEPHENSON,2018-11-25,Blizzard,1,0.0,0.0,0,0
ILLINOIS,STEPHENSON,2018-11-26,Blizzard,1,0.0,0.0,0,0
ILLINOIS,STEPHENSON,2019-01-18,Winter Storm,1,0.0,0.0,0,0
ILLINOIS,STEPHENSON,2019-01-19,Winter Storm,1,0.0,0.0,0,0
ILLINOIS,STEPHENSON,2019-01-22,Winter Storm,1,0.0,0.0,0,0
ILLINOIS,STEPHENSON,2019-01-23,Winter Storm,1,0.0,0.0,0,0
ILLINOIS,STEPHENSON,2019-02-05,Winter Storm,1,0.0,0.0,0,0
ILLINOIS,STEPHENSON,2019-02-11,Winter Storm,1,0.0,0.0,0,0
ILLINOIS,STEPHENSON,2019-02-12,Winter Storm,1,0.0,0.0,0,0
ILLINOIS,STEPHENSON,2019-03-16,Flood,1,0.0,0.0,0,0
ILLINOIS,STEPHENSON,2019-03-17,Flood,1,0.0,0.0,0,0
ILLINOIS,STEPHENSON,2019-03-18,Flood,1,0.0,0.0,0,0
ILLINOIS,STEPHENSON,2019-03-19,Flood,1,0.0,0.0,0,0
ILLINOIS,STEPHENSON,2019-03-20,Flood,1,0.0,0.0,0,0
ILLINOIS,STEPHENSON,2020-01-10,Winter Storm,1,0.0,0.0,0,0
ILLINOIS,STEPHENSON,2020-01-11,Winter Storm,1,0.0,0.0,0,0
ILLINOIS,STEPHENSON,2020-12-29,Winter Storm,1,0.0,0.0,0,0
ILLINOIS,STEPHENSON,2020-12-30,Winter Storm,1,0.0,0.0,0,0
ILLINOIS,STEPHENSON,2021-01-25,Winter Storm,1,0.0,0.0,0,0
ILLINOIS,STEPHENSON,2021-01-26,Winter Storm,1,0.0,0.0,0,0
ILLINOIS,STEPHENSON,2021-01-30,Winter Storm,1,0.0,0.0,0,0
ILLINOIS,STEPHENSON,2021-01-31,Winter Storm,1,0.0,0.0,0,0
ILLINOIS,STEPHENSON,2021-02-04,Winter Storm,1,0.0,0.0,0,0
ILLINOIS,STEPHENSON,2022-12-22,Winter Storm,1,0.0,0.0,0,0
ILLINOIS,STEPHENSON,2022-12-23,Winter Storm,1,0.0,0.0,0,0
ILLINOIS,STEPHENSON,2022-12-24,Winter Storm,1,0.0,0.0,0,0
ILLINOIS,STEPHENSON,2023-02-16,Winter Storm,1,0.0,0.0,0,0
ILLINOIS,STEPHENSON,2023-03-09,Winter Storm,1,0.0,0.0,0,0
ILLINOIS,STEPHENSON,2023-03-10,Winter Storm,1,0.0,0.0,0,0
ILLINOIS,STEPHENSON,2023-03-24,Winter Storm,1,0.0,0.0,0,0
ILLINOIS,STEPHENSON,2023-03-25,Winter Storm,1,0.0,0.0,0,0
ILLINOIS,STEPHENSON,2024-01-08,Winter Storm,1,0.0,0.0,0,0
ILLINOIS,STEPHENSON,2024-01-09,Winter Storm,1,0.0,0.0,0,0
ILLINOIS,STEPHENSON,2024-01-12,Winter Storm,1,0.0,0.0,0,0
ILLINOIS,STEPHENSON,2025-02-12,Winter Storm,1,0.0,0.0,0,0
ILLINOIS,STEPHENSON,2025-02-13,Winter Storm,1,0.0,0.0,0,0
ILLINOIS,STEPHENSON,2025-11-29,Winter Storm,1,0.0,0.0,0,0
ILLINOIS,STEPHENSON,2025-11-30,Winter Storm,1,0.0,0.0,0,0
ILLINOIS,Saline,2015-07-27,Excessive Heat,1,0.0,0.0,0,0
ILLINOIS,Saline,2015-07-28,Excessive Heat,1,0.0,0.0,0,0
ILLINOIS,Saline,2015-07-29,Excessive Heat,1,0.0,0.0,0,0
ILLINOIS,TAZEWELL,2010-01-06,Winter Storm,1,0.0,0.0,0,0
ILLINOIS,TAZEWELL,2010-01-07,Winter Storm,1,0.0,0.0,0,0
ILLINOIS,TAZEWELL,2010-08-11,Excessive Heat,1,0.0,0.0,0,0
ILLINOIS,TAZEWELL,2010-08-12,Excessive Heat,1,0.0,0.0,0,0
ILLINOIS,TAZEWELL,2010-08-13,Excessive Heat,1,0.0,0.0,0,0
ILLINOIS,TAZEWELL,2010-12-12,Blizzard,1,0.0,0.0,0,0
ILLINOIS,TAZEWELL,2010-12-13,Blizzard,1,0.0,0.0,0,0
ILLINOIS,TAZEWELL,2011-02-01,Blizzard,1,400000.0,0.0,0,0
ILLINOIS,TAZEWELL,2011-02-02,Blizzard,1,400000.0,0.0,0,0
ILLINOIS,TAZEWELL,2011-08-02,Excessive Heat,1,0.0,0.0,0,0
ILLINOIS,TAZEWELL,2012-06-29,Excessive Heat,1,0.0,0.0,0,0
ILLINOIS,TAZEWELL,2012-06-30,Excessive Heat,1,0.0,0.0,0,0
ILLINOIS,TAZEWELL,2012-07-01,Excessive Heat,1,0.0,0.0,0,0
ILLINOIS,TAZEWELL,2012-07-02,Excessive Heat,1,0.0,0.0,0,0
ILLINOIS,TAZEWELL,2012-07-03,Excessive Heat,1,0.0,0.0,0,0
ILLINOIS,TAZEWELL,2012-07-04,Excessive Heat,1,0.0,0.0,0,0
ILLINOIS,TAZEWELL,2012-07-05,Excessive Heat,1,0.0,0.0,0,0
ILLINOIS,TAZEWELL,2012-07-06,Excessive Heat,1,0.0,0.0,0,0
ILLINOIS,TAZEWELL,2012-07-07,Excessive Heat,1,0.0,0.0,0,0
ILLINOIS,TAZEWELL,2012-12-20,Blizzard,1,0.0,0.0,0,0
ILLINOIS,TAZEWELL,2013-04-18,Flood,1,0.0,0.0,0,0
ILLINOIS,TAZEWELL,2013-04-19,Flood,1,0.0,0.0,0,0
ILLINOIS,TAZEWELL,2013-04-20,Flood,1,0.0,0.0,0,0
ILLINOIS,TAZEWELL,2013-04-21,Flood,1,0.0,0.0,0,0
ILLINOIS,TAZEWELL,2013-04-22,Flood,1,0.0,0.0,0,0
ILLINOIS,TAZEWELL,2013-04-23,Flood,1,0.0,0.0,0,0
ILLINOIS,TAZEWELL,2013-04-24,Flood,1,0.0,0.0,0,0
ILLINOIS,TAZEWELL,2013-04-25,Flood,1,0.0,0.0,0,0
ILLINOIS,TAZEWELL,2013-04-26,Flood,1,0.0,0.0,0,0
ILLINOIS,TAZEWELL,2013-04-27,Flood,1,0.0,0.0,0,0
ILLINOIS,TAZEWELL,2013-04-28,Flood,1,0.0,0.0,0,0
ILLINOIS,TAZEWELL,2013-04-29,Flood,1,0.0,0.0,0,0
ILLINOIS,TAZEWELL,2013-04-30,Flood,1,0.0,0.0,0,0
ILLINOIS,TAZEWELL,2013-05-01,Flood,1,21700000.0,0.0,0,0
ILLINOIS,TAZEWELL,2013-05-02,Flood,1,21700000.0,0.0,0,0
ILLINOIS,TAZEWELL,2013-05-03,Flood,1,21700000.0,0.0,0,0
ILLINOIS,TAZEWELL,2013-05-04,Flood,1,21700000.0,0.0,0,0
ILLINOIS,TAZEWELL,2013-05-05,Flood,1,21700000.0,0.0,0,0
ILLINOIS,TAZEWELL,2013-05-06,Flood,1,21700000.0,0.0,0,0
ILLINOIS,TAZEWELL,2013-05-07,Flood,1,21700000.0,0.0,0,0
ILLINOIS,TAZEWELL,2013-05-08,Flood,1,21700000.0,0.0,0,0
ILLINOIS,TAZEWELL,2014-02-01,Winter Storm,1,0.0,0.0,0,0
ILLINOIS,TAZEWELL,2017-04-29,Flood,1,0.0,0.0,0,0
ILLINOIS,TAZEWELL,2017-04-30,Flood,1,0.0,0.0,0,0
ILLINOIS,TAZEWELL,2017-06-17,Flood,1,0.0,0.0,0,0
ILLINOIS,TAZEWELL,2017-06-18,Flood,1,0.0,0.0,0,0
ILLINOIS,TAZEWELL,2019-01-19,Winter Storm,1,0.0,0.0,0,0
ILLINOIS,TAZEWELL,2022-02-01,Winter Storm,1,0.0,0.0,0,0
ILLINOIS,TAZEWELL,2022-02-02,Winter Storm,1,0.0,0.0,0,0
ILLINOIS,TAZEWELL,2022-02-03,Winter Storm,1,0.0,0.0,0,0
ILLINOIS,TAZEWELL,2022-12-22,Winter Storm,1,0.0,0.0,0,0
ILLINOIS,TAZEWELL,2022-12-23,Winter Storm,1,0.0,0.0,0,0
ILLINOIS,TAZEWELL,2023-07-27,Excessive Heat,1,0.0,0.0,0,0
ILLINOIS,TAZEWELL,2023-07-28,Excessive Heat,1,0.0,0.0,0,0
ILLINOIS,TAZEWELL,2023-08-11,Flood,1,0.0,0.0,0,0
ILLINOIS,TAZEWELL,2023-08-20,Excessive Heat,1,0.0,0.0,0,0
ILLINOIS,TAZEWELL,2023-08-21,Excessive Heat,1,0.0,0.0,0,0
ILLINOIS,TAZEWELL,2023-08-22,Excessive Heat,1,0.0,0.0,0,0
ILLINOIS,TAZEWELL,2023-08-23,Excessive Heat,1,0.0,0.0,0,0
ILLINOIS,TAZEWELL,2023-08-24,Excessive Heat,1,0.0,0.0,0,0
ILLINOIS,TAZEWELL,2023-08-25,Excessive Heat,1,0.0,0.0,0,0
ILLINOIS,TAZEWELL,2024-05-04,Flood,1,0.0,0.0,0,0
ILLINOIS,TAZEWELL,2024-08-27,Excessive Heat,1,0.0,0.0,0,0
ILLINOIS,UNION,2010-08-03,Excessive Heat,1,0.0,0.0,0,0
ILLINOIS,UNION,2010-08-04,Excessive Heat,1,0.0,0.0,0,0
ILLINOIS,UNION,2010-08-09,Excessive Heat,1,0.0,0.0,0,0
ILLINOIS,UNION,2010-08-10,Excessive Heat,1,0.0,0.0,0,0
ILLINOIS,UNION,2010-08-11,Excessive Heat,1,0.0,0.0,0,0
ILLINOIS,UNION,2010-08-12,Excessive Heat,1,0.0,0.0,0,0
ILLINOIS,UNION,2010-08-13,Excessive Heat,1,0.0,0.0,0,0
ILLINOIS,UNION,2010-08-14,Excessive Heat,1,0.0,0.0,0,0
ILLINOIS,UNION,2010-08-15,Excessive Heat,1,0.0,0.0,0,0
ILLINOIS,UNION,2011-04-21,Flood,1,0.0,0.0,0,0
ILLINOIS,UNION,2011-04-22,Flood,1,0.0,0.0,0,0
ILLINOIS,UNION,2011-04-23,Flood,1,0.0,0.0,0,0
ILLINOIS,UNION,2011-04-24,Flood,1,100000.0,0.0,0,0
ILLINOIS,UNION,2011-04-25,Flood,1,100000.0,0.0,0,0
ILLINOIS,UNION,2011-04-26,Flood,1,100000.0,0.0,0,0
ILLINOIS,UNION,2011-04-27,Flood,1,100000.0,0.0,0,0
ILLINOIS,UNION,2011-04-28,Flood,1,100000.0,0.0,0,0
ILLINOIS,UNION,2011-04-29,Flood,1,100000.0,0.0,0,0
ILLINOIS,UNION,2011-04-30,Flood,1,100000.0,0.0,0,0
ILLINOIS,UNION,2011-05-01,Flood,1,570000.0,0.0,0,0
ILLINOIS,UNION,2011-05-02,Flood,1,570000.0,0.0,0,0
ILLINOIS,UNION,2011-05-03,Flood,1,570000.0,0.0,0,0
ILLINOIS,UNION,2011-05-04,Flood,1,570000.0,0.0,0,0
ILLINOIS,UNION,2011-05-05,Flood,1,570000.0,0.0,0,0
ILLINOIS,UNION,2011-05-06,Flood,1,570000.0,0.0,0,0
ILLINOIS,UNION,2011-05-07,Flood,1,570000.0,0.0,0,0
ILLINOIS,UNION,2011-05-08,Flood,1,570000.0,0.0,0,0
ILLINOIS,UNION,2011-05-09,Flood,1,570000.0,0.0,0,0
ILLINOIS,UNION,2011-05-10,Flood,1,570000.0,0.0,0,0
ILLINOIS,UNION,2011-05-11,Flood,1,70000.0,0.0,0,0
ILLINOIS,UNION,2011-05-12,Flood,1,70000.0,0.0,0,0
ILLINOIS,UNION,2011-05-13,Flood,1,70000.0,0.0,0,0
ILLINOIS,UNION,2011-05-14,Flood,1,70000.0,0.0,0,0
ILLINOIS,UNION,2011-05-15,Flood,1,70000.0,0.0,0,0
ILLINOIS,UNION,2011-05-16,Flood,1,70000.0,0.0,0,0
ILLINOIS,UNION,2011-05-17,Flood,1,70000.0,0.0,0,0
ILLINOIS,UNION,2011-05-18,Flood,1,70000.0,0.0,0,0
ILLINOIS,UNION,2011-05-19,Flood,1,70000.0,0.0,0,0
ILLINOIS,UNION,2011-05-20,Flood,1,70000.0,0.0,0,0
ILLINOIS,UNION,2011-05-21,Flood,1,70000.0,0.0,0,0
ILLINOIS,UNION,2011-05-22,Flood,1,70000.0,0.0,0,0
ILLINOIS,UNION,2011-05-23,Flood,1,70000.0,0.0,0,0
ILLINOIS,UNION,2011-05-24,Flood,1,70000.0,0.0,0,0
ILLINOIS,UNION,2011-05-25,Flood,1,70000.0,0.0,0,0
ILLINOIS,UNION,2011-05-26,Flood,1,70000.0,0.0,0,0
ILLINOIS,UNION,2011-05-27,Flood,1,70000.0,0.0,0,0
ILLINOIS,UNION,2011-05-28,Flood,1,70000.0,0.0,0,0
ILLINOIS,UNION,2011-05-29,Flood,1,70000.0,0.0,0,0
ILLINOIS,UNION,2011-05-30,Flood,1,70000.0,0.0,0,0
ILLINOIS,UNION,2011-05-31,Flood,1,70000.0,0.0,0,0
ILLINOIS,UNION,2011-06-01,Flood,1,0.0,50000.0,0,0
ILLINOIS,UNION,2011-06-02,Flood,1,0.0,50000.0,0,0
ILLINOIS,UNION,2011-06-03,Flood,1,0.0,50000.0,0,0
ILLINOIS,UNION,2011-06-04,Flood,1,0.0,50000.0,0,0
ILLINOIS,UNION,2011-06-05,Flood,1,0.0,50000.0,0,0
ILLINOIS,UNION,2011-06-06,Flood,1,0.0,50000.0,0,0
ILLINOIS,UNION,2011-06-07,Flood,1,0.0,50000.0,0,0
ILLINOIS,UNION,2011-06-08,Flood,1,0.0,50000.0,0,0
ILLINOIS,UNION,2011-06-09,Flood,1,0.0,50000.0,0,0
ILLINOIS,UNION,2011-06-10,Flood,1,0.0,50000.0,0,0
ILLINOIS,UNION,2011-06-11,Flood,1,0.0,50000.0,0,0
ILLINOIS,UNION,2011-06-12,Flood,1,0.0,50000.0,0,0
ILLINOIS,UNION,2011-06-13,Flood,1,0.0,50000.0,0,0
ILLINOIS,UNION,2011-06-14,Flood,1,0.0,50000.0,0,0
ILLINOIS,UNION,2011-06-15,Flood,1,0.0,50000.0,0,0
ILLINOIS,UNION,2011-06-16,Flood,1,0.0,50000.0,0,0
ILLINOIS,UNION,2011-06-17,Flood,1,0.0,50000.0,0,0
ILLINOIS,UNION,2011-06-18,Flood,1,0.0,50000.0,0,0
ILLINOIS,UNION,2011-06-19,Flood,1,0.0,50000.0,0,0
ILLINOIS,UNION,2011-06-20,Flood,1,0.0,50000.0,0,0
ILLINOIS,UNION,2011-06-21,Flood,1,0.0,50000.0,0,0
ILLINOIS,UNION,2011-06-22,Flood,1,0.0,50000.0,0,0
ILLINOIS,UNION,2011-06-23,Flood,1,0.0,50000.0,0,0
ILLINOIS,UNION,2011-06-24,Flood,1,0.0,50000.0,0,0
ILLINOIS,UNION,2011-06-25,Flood,1,0.0,50000.0,0,0
ILLINOIS,UNION,2011-07-10,Excessive Heat,1,0.0,0.0,0,0
ILLINOIS,UNION,2011-07-11,Excessive Heat,1,0.0,0.0,0,0
ILLINOIS,UNION,2011-07-12,Excessive Heat,1,0.0,0.0,0,0
ILLINOIS,UNION,2011-07-19,Excessive Heat,1,0.0,0.0,0,0
ILLINOIS,UNION,2011-07-20,Excessive Heat,1,0.0,0.0,0,0
ILLINOIS,UNION,2011-07-21,Excessive Heat,1,0.0,0.0,0,0
ILLINOIS,UNION,2011-07-22,Excessive Heat,1,0.0,0.0,0,0
ILLINOIS,UNION,2011-07-23,Excessive Heat,1,0.0,0.0,0,0
ILLINOIS,UNION,2011-07-24,Excessive Heat,1,0.0,0.0,0,0
ILLINOIS,UNION,2011-08-03,Excessive Heat,1,0.0,0.0,0,0
ILLINOIS,UNION,2012-07-01,Excessive Heat,1,0.0,0.0,0,0
ILLINOIS,UNION,2012-07-02,Excessive Heat,1,0.0,0.0,0,0
ILLINOIS,UNION,2012-07-03,Excessive Heat,1,0.0,0.0,0,0
ILLINOIS,UNION,2012-07-04,Excessive Heat,1,0.0,0.0,0,0
ILLINOIS,UNION,2012-07-05,Excessive Heat,1,0.0,0.0,0,0
ILLINOIS,UNION,2012-07-06,Excessive Heat,1,0.0,0.0,0,0
ILLINOIS,UNION,2012-07-07,Excessive Heat,1,0.0,0.0,0,0
ILLINOIS,UNION,2012-07-08,Excessive Heat,1,0.0,0.0,0,0
ILLINOIS,UNION,2012-12-26,Winter Storm,1,0.0,0.0,0,0
ILLINOIS,UNION,2012-12-28,Winter Storm,1,0.0,0.0,0,0
ILLINOIS,UNION,2012-12-29,Winter Storm,1,0.0,0.0,0,0
ILLINOIS,UNION,2013-02-21,Winter Storm,1,50000.0,0.0,0,0
ILLINOIS,UNION,2013-12-05,Winter Storm,1,0.0,0.0,0,0
ILLINOIS,UNION,2013-12-06,Winter Storm,1,0.0,0.0,0,0
ILLINOIS,UNION,2014-02-04,Winter Storm,1,0.0,0.0,0,0
ILLINOIS,UNION,2014-03-02,Winter Storm,1,0.0,0.0,0,0
ILLINOIS,UNION,2014-03-03,Winter Storm,1,0.0,0.0,0,0
ILLINOIS,UNION,2014-04-04,Flood,1,0.0,0.0,0,0
ILLINOIS,UNION,2015-02-20,Winter Storm,1,50000.0,0.0,0,0
ILLINOIS,UNION,2015-02-21,Winter Storm,1,50000.0,0.0,0,0
ILLINOIS,UNION,2015-03-04,Winter Storm,1,0.0,0.0,0,0
ILLINOIS,UNION,2015-06-17,Flood,1,0.0,30000.0,0,0
ILLINOIS,UNION,2015-06-18,Flood,1,0.0,30000.0,0,0
ILLINOIS,UNION,2015-06-19,Flood,1,0.0,30000.0,0,0
ILLINOIS,UNION,2015-06-20,Flood,1,0.0,30000.0,0,0
ILLINOIS,UNION,2015-06-21,Flood,1,0.0,30000.0,0,0
ILLINOIS,UNION,2015-06-22,Flood,1,0.0,30000.0,0,0
ILLINOIS,UNION,2015-06-23,Flood,1,0.0,30000.0,0,0
ILLINOIS,UNION,2015-06-24,Flood,1,0.0,30000.0,0,0
ILLINOIS,UNION,2015-06-25,Flood,1,0.0,30000.0,0,0
ILLINOIS,UNION,2015-06-26,Flood,1,0.0,30000.0,0,0
ILLINOIS,UNION,2015-06-27,Flood,1,0.0,30000.0,0,0
ILLINOIS,UNION,2015-06-28,Flood,1,0.0,30000.0,0,0
ILLINOIS,UNION,2015-06-29,Flood,1,0.0,30000.0,0,0
ILLINOIS,UNION,2015-06-30,Flood,1,0.0,30000.0,0,0
ILLINOIS,UNION,2015-07-01,Flood,1,20000.0,300000.0,0,0
ILLINOIS,UNION,2015-07-02,Flood,1,20000.0,300000.0,0,0
ILLINOIS,UNION,2015-07-03,Flood,1,20000.0,300000.0,0,0
ILLINOIS,UNION,2015-07-04,Flood,1,20000.0,300000.0,0,0
ILLINOIS,UNION,2015-07-05,Flood,1,20000.0,300000.0,0,0
ILLINOIS,UNION,2015-07-06,Flood,1,20000.0,300000.0,0,0
ILLINOIS,UNION,2015-07-07,Flood,1,20000.0,300000.0,0,0
ILLINOIS,UNION,2015-07-08,Flood,1,20000.0,300000.0,0,0
ILLINOIS,UNION,2015-07-09,Flood,1,20000.0,300000.0,0,0
ILLINOIS,UNION,2015-07-10,Flood,1,20000.0,300000.0,0,0
ILLINOIS,UNION,2015-07-11,Flood,1,20000.0,300000.0,0,0
ILLINOIS,UNION,2015-07-12,Flood,1,20000.0,300000.0,0,0
ILLINOIS,UNION,2015-07-13,Flood,1,20000.0,300000.0,0,0
ILLINOIS,UNION,2015-07-14,Flood,1,20000.0,300000.0,0,0
ILLINOIS,UNION,2015-07-15,Flood,1,20000.0,300000.0,0,0
ILLINOIS,UNION,2015-07-16,Flood,1,20000.0,300000.0,0,0
ILLINOIS,UNION,2015-07-17,Flood,1,20000.0,300000.0,0,0
ILLINOIS,UNION,2015-07-18,Flood,1,20000.0,300000.0,0,0
ILLINOIS,UNION,2015-07-19,Flood,1,20000.0,300000.0,0,0
ILLINOIS,UNION,2015-07-20,Flood,1,20000.0,300000.0,0,0
ILLINOIS,UNION,2015-07-21,Flood,1,20000.0,300000.0,0,0
ILLINOIS,UNION,2015-12-19,Flood,1,0.0,0.0,0,0
ILLINOIS,UNION,2015-12-20,Flood,1,0.0,0.0,0,0
ILLINOIS,UNION,2015-12-21,Flood,1,0.0,0.0,0,0
ILLINOIS,UNION,2015-12-22,Flood,1,0.0,0.0,0,0
ILLINOIS,UNION,2015-12-23,Flood,1,0.0,0.0,0,0
ILLINOIS,UNION,2015-12-24,Flood,1,0.0,0.0,0,0
ILLINOIS,UNION,2015-12-25,Flood,1,0.0,0.0,0,0
ILLINOIS,UNION,2015-12-26,Flood,1,0.0,0.0,0,0
ILLINOIS,UNION,2015-12-27,Flood,1,0.0,0.0,0,0
ILLINOIS,UNION,2015-12-28,Flood,1,0.0,0.0,0,0
ILLINOIS,UNION,2015-12-29,Flood,1,0.0,0.0,0,0
ILLINOIS,UNION,2015-12-30,Flood,1,0.0,0.0,0,0
ILLINOIS,UNION,2015-12-31,Flood,1,0.0,0.0,0,0
ILLINOIS,UNION,2016-01-01,Flood,1,700000.0,0.0,0,0
ILLINOIS,UNION,2016-01-02,Flood,1,700000.0,0.0,0,0
ILLINOIS,UNION,2016-01-03,Flood,1,700000.0,0.0,0,0
ILLINOIS,UNION,2016-01-04,Flood,1,700000.0,0.0,0,0
ILLINOIS,UNION,2016-01-05,Flood,1,700000.0,0.0,0,0
ILLINOIS,UNION,2016-01-06,Flood,1,700000.0,0.0,0,0
ILLINOIS,UNION,2016-01-07,Flood,1,700000.0,0.0,0,0
ILLINOIS,UNION,2016-01-08,Flood,1,700000.0,0.0,0,0
ILLINOIS,UNION,2016-01-09,Flood,1,700000.0,0.0,0,0
ILLINOIS,UNION,2016-01-10,Flood,1,700000.0,0.0,0,0
ILLINOIS,UNION,2016-01-11,Flood,1,700000.0,0.0,0,0
ILLINOIS,UNION,2016-01-12,Flood,1,700000.0,0.0,0,0
ILLINOIS,UNION,2016-01-13,Flood,1,700000.0,0.0,0,0
ILLINOIS,UNION,2016-01-14,Flood,1,700000.0,0.0,0,0
ILLINOIS,UNION,2016-01-15,Flood,1,700000.0,0.0,0,0
ILLINOIS,UNION,2016-01-16,Flood,1,700000.0,0.0,0,0
ILLINOIS,UNION,2016-12-26,Flood,1,0.0,0.0,0,0
ILLINOIS,UNION,2017-05-01,Flood,1,0.0,50000.0,0,0
ILLINOIS,UNION,2017-05-02,Flood,1,0.0,50000.0,0,0
ILLINOIS,UNION,2017-05-03,Flood,1,0.0,50000.0,0,0
ILLINOIS,UNION,2017-05-04,Flood,1,0.0,50000.0,0,0
ILLINOIS,UNION,2017-05-05,Flood,1,0.0,50000.0,0,0
ILLINOIS,UNION,2017-05-06,Flood,1,0.0,50000.0,0,0
ILLINOIS,UNION,2017-05-07,Flood,1,0.0,50000.0,0,0
ILLINOIS,UNION,2017-05-08,Flood,1,0.0,50000.0,0,0
ILLINOIS,UNION,2017-05-09,Flood,1,0.0,50000.0,0,0
ILLINOIS,UNION,2017-05-10,Flood,1,0.0,50000.0,0,0
ILLINOIS,UNION,2017-05-11,Flood,1,0.0,50000.0,0,0
ILLINOIS,UNION,2017-05-12,Flood,1,0.0,50000.0,0,0
ILLINOIS,UNION,2017-05-13,Flood,1,0.0,50000.0,0,0
ILLINOIS,UNION,2017-05-14,Flood,1,0.0,50000.0,0,0
ILLINOIS,UNION,2017-05-15,Flood,1,0.0,50000.0,0,0
ILLINOIS,UNION,2017-05-16,Flood,1,0.0,50000.0,0,0
ILLINOIS,UNION,2017-05-17,Flood,1,0.0,50000.0,0,0
ILLINOIS,UNION,2017-05-18,Flood,1,0.0,50000.0,0,0
ILLINOIS,UNION,2017-05-19,Flood,1,0.0,50000.0,0,0
ILLINOIS,UNION,2017-05-20,Flood,1,0.0,50000.0,0,0
ILLINOIS,UNION,2017-05-21,Flood,1,0.0,50000.0,0,0
ILLINOIS,UNION,2017-07-19,Excessive Heat,1,0.0,0.0,0,0
ILLINOIS,UNION,2017-07-20,Excessive Heat,1,0.0,0.0,0,0
ILLINOIS,UNION,2017-07-21,Excessive Heat,1,0.0,0.0,0,0
ILLINOIS,UNION,2017-07-22,Excessive Heat,1,0.0,0.0,0,0
ILLINOIS,UNION,2018-01-11,Winter Storm,1,0.0,0.0,0,0
ILLINOIS,UNION,2018-01-12,Winter Storm,1,0.0,0.0,0,0
ILLINOIS,UNION,2018-07-05,Excessive Heat,1,0.0,0.0,0,0
ILLINOIS,UNION,2018-07-14,Excessive Heat,1,0.0,0.0,0,0
ILLINOIS,UNION,2019-03-09,Flood,1,0.0,0.0,0,0
ILLINOIS,UNION,2019-05-01,Flood,1,30000.0,0.0,0,0
ILLINOIS,UNION,2019-05-02,Flood,1,30000.0,0.0,0,0
ILLINOIS,UNION,2019-05-03,Flood,1,30000.0,0.0,0,0
ILLINOIS,UNION,2019-05-04,Flood,1,30000.0,0.0,0,0
ILLINOIS,UNION,2019-05-05,Flood,1,30000.0,0.0,0,0
ILLINOIS,UNION,2019-05-06,Flood,1,30000.0,0.0,0,0
ILLINOIS,UNION,2019-05-07,Flood,1,30000.0,0.0,0,0
ILLINOIS,UNION,2019-05-08,Flood,1,30000.0,0.0,0,0
ILLINOIS,UNION,2019-05-09,Flood,1,30000.0,0.0,0,0
ILLINOIS,UNION,2019-05-10,Flood,1,30000.0,0.0,0,0
ILLINOIS,UNION,2019-05-11,Flood,1,30000.0,0.0,0,0
ILLINOIS,UNION,2019-05-12,Flood,1,30000.0,0.0,0,0
ILLINOIS,UNION,2019-05-13,Flood,1,30000.0,0.0,0,0
ILLINOIS,UNION,2019-05-14,Flood,1,30000.0,0.0,0,0
ILLINOIS,UNION,2019-05-15,Flood,1,30000.0,0.0,0,0
ILLINOIS,UNION,2019-05-16,Flood,1,30000.0,0.0,0,0
ILLINOIS,UNION,2019-05-17,Flood,1,30000.0,0.0,0,0
ILLINOIS,UNION,2019-05-18,Flood,1,30000.0,0.0,0,0
ILLINOIS,UNION,2019-05-19,Flood,1,30000.0,0.0,0,0
ILLINOIS,UNION,2019-05-20,Flood,1,30000.0,0.0,0,0
ILLINOIS,UNION,2019-05-21,Flood,1,30000.0,0.0,0,0
ILLINOIS,UNION,2019-05-22,Flood,1,30000.0,0.0,0,0
ILLINOIS,UNION,2019-05-23,Flood,1,30000.0,0.0,0,0
ILLINOIS,UNION,2019-05-24,Flood,1,30000.0,0.0,0,0
ILLINOIS,UNION,2019-05-25,Flood,1,30000.0,0.0,0,0
ILLINOIS,UNION,2019-05-26,Flood,1,30000.0,0.0,0,0
ILLINOIS,UNION,2019-05-27,Flood,1,30000.0,0.0,0,0
ILLINOIS,UNION,2019-05-28,Flood,1,30000.0,0.0,0,0
ILLINOIS,UNION,2019-05-29,Flood,1,30000.0,0.0,0,0
ILLINOIS,UNION,2019-05-30,Flood,1,30000.0,0.0,0,0
ILLINOIS,UNION,2019-05-31,Flood,1,30000.0,0.0,0,0
ILLINOIS,UNION,2019-06-01,Flood,1,500000.0,100000.0,0,0
ILLINOIS,UNION,2019-06-02,Flood,1,500000.0,100000.0,0,0
ILLINOIS,UNION,2019-06-03,Flood,1,500000.0,100000.0,0,0
ILLINOIS,UNION,2019-06-04,Flood,1,500000.0,100000.0,0,0
ILLINOIS,UNION,2019-06-05,Flood,1,500000.0,100000.0,0,0
ILLINOIS,UNION,2019-06-06,Flood,1,500000.0,100000.0,0,0
ILLINOIS,UNION,2019-06-07,Flood,1,500000.0,100000.0,0,0
ILLINOIS,UNION,2019-06-08,Flood,1,500000.0,100000.0,0,0
ILLINOIS,UNION,2019-06-09,Flood,1,500000.0,100000.0,0,0
ILLINOIS,UNION,2019-06-10,Flood,1,500000.0,100000.0,0,0
ILLINOIS,UNION,2019-06-11,Flood,1,500000.0,100000.0,0,0
ILLINOIS,UNION,2019-06-12,Flood,1,500000.0,100000.0,0,0
ILLINOIS,UNION,2019-06-13,Flood,1,500000.0,100000.0,0,0
ILLINOIS,UNION,2019-06-14,Flood,1,500000.0,100000.0,0,0
ILLINOIS,UNION,2019-06-15,Flood,1,500000.0,100000.0,0,0
ILLINOIS,UNION,2019-06-16,Flood,1,500000.0,100000.0,0,0
ILLINOIS,UNION,2019-06-17,Flood,1,500000.0,100000.0,0,0
ILLINOIS,UNION,2019-06-18,Flood,1,500000.0,100000.0,0,0
ILLINOIS,UNION,2019-06-19,Flood,1,500000.0,100000.0,0,0
ILLINOIS,UNION,2019-06-20,Flood,1,500000.0,100000.0,0,0
ILLINOIS,UNION,2019-06-21,Flood,1,500000.0,100000.0,0,0
ILLINOIS,UNION,2019-06-22,Flood,1,500000.0,100000.0,0,0
ILLINOIS,UNION,2019-06-23,Flood,1,500000.0,100000.0,0,0
ILLINOIS,UNION,2019-06-24,Flood,1,500000.0,100000.0,0,0
ILLINOIS,UNION,2019-06-25,Flood,1,500000.0,100000.0,0,0
ILLINOIS,UNION,2019-06-26,Flood,1,500000.0,100000.0,0,0
ILLINOIS,UNION,2019-06-27,Flood,1,500000.0,100000.0,0,0
ILLINOIS,UNION,2019-06-28,Flood,1,500000.0,100000.0,0,0
ILLINOIS,UNION,2019-06-29,Flood,1,500000.0,100000.0,0,0
ILLINOIS,UNION,2019-06-30,Flood,1,500000.0,100000.0,0,0
ILLINOIS,UNION,2019-07-01,Flood,1,20000.0,500000.0,0,0
ILLINOIS,UNION,2019-07-02,Flood,1,20000.0,500000.0,0,0
ILLINOIS,UNION,2019-07-03,Flood,1,20000.0,500000.0,0,0
ILLINOIS,UNION,2019-07-04,Flood,1,20000.0,500000.0,0,0
ILLINOIS,UNION,2019-07-05,Flood,1,20000.0,500000.0,0,0
ILLINOIS,UNION,2019-07-06,Flood,1,20000.0,500000.0,0,0
ILLINOIS,UNION,2019-07-07,Flood,1,20000.0,500000.0,0,0
ILLINOIS,UNION,2019-07-08,Flood,1,20000.0,500000.0,0,0
ILLINOIS,UNION,2019-07-09,Flood,1,20000.0,500000.0,0,0
ILLINOIS,UNION,2019-07-10,Flood,1,20000.0,500000.0,0,0
ILLINOIS,UNION,2019-07-11,Flood,1,20000.0,500000.0,0,0
ILLINOIS,UNION,2019-07-12,Flood,1,20000.0,500000.0,0,0
ILLINOIS,UNION,2019-07-13,Flood,1,20000.0,500000.0,0,0
ILLINOIS,UNION,2019-07-14,Flood,1,20000.0,500000.0,0,0
ILLINOIS,UNION,2019-07-15,Flood,1,20000.0,500000.0,0,0
ILLINOIS,UNION,2019-07-16,Flood,1,20000.0,500000.0,0,0
ILLINOIS,UNION,2019-07-17,Flood,1,20000.0,500000.0,0,0
ILLINOIS,UNION,2019-07-18,Excessive Heat,1,0.0,0.0,0,0
ILLINOIS,UNION,2019-07-18,Flood,1,20000.0,500000.0,0,0
ILLINOIS,UNION,2019-07-19,Excessive Heat,1,0.0,0.0,0,0
ILLINOIS,UNION,2019-07-19,Flood,1,20000.0,500000.0,0,0
ILLINOIS,UNION,2019-07-20,Excessive Heat,1,0.0,0.0,0,0
ILLINOIS,UNION,2019-07-20,Flood,1,20000.0,500000.0,0,0
ILLINOIS,UNION,2019-07-21,Excessive Heat,1,0.0,0.0,0,0
ILLINOIS,UNION,2019-07-21,Flood,1,20000.0,500000.0,0,0
ILLINOIS,UNION,2019-07-22,Flood,1,20000.0,500000.0,0,0
ILLINOIS,UNION,2019-08-12,Excessive Heat,1,0.0,0.0,0,0
ILLINOIS,UNION,2021-02-14,Winter Storm,1,0.0,0.0,0,0
ILLINOIS,UNION,2021-02-15,Winter Storm,1,0.0,0.0,0,0
ILLINOIS,UNION,2022-02-02,Winter Storm,1,0.0,0.0,0,0
ILLINOIS,UNION,2022-02-03,Winter Storm,1,0.0,0.0,0,0
ILLINOIS,UNION,2022-02-23,Winter Storm,1,0.0,0.0,0,0
ILLINOIS,UNION,2022-02-24,Winter Storm,1,0.0,0.0,0,0
ILLINOIS,UNION,2022-06-12,Excessive Heat,1,0.0,0.0,0,0
ILLINOIS,UNION,2022-06-13,Excessive Heat,1,0.0,0.0,0,0
ILLINOIS,UNION,2022-06-14,Excessive Heat,1,0.0,0.0,0,0
ILLINOIS,UNION,2022-06-15,Excessive Heat,1,0.0,0.0,0,0
ILLINOIS,UNION,2022-06-16,Excessive Heat,1,0.0,0.0,0,0
ILLINOIS,UNION,2022-07-04,Excessive Heat,1,0.0,0.0,0,0
ILLINOIS,UNION,2022-07-05,Excessive Heat,1,0.0,0.0,0,0
ILLINOIS,UNION,2022-07-06,Excessive Heat,1,0.0,0.0,0,0
ILLINOIS,UNION,2022-07-07,Excessive Heat,1,0.0,0.0,0,0
ILLINOIS,UNION,2022-07-08,Excessive Heat,1,0.0,0.0,0,0
ILLINOIS,UNION,2022-07-20,Excessive Heat,1,0.0,0.0,0,0
ILLINOIS,UNION,2022-07-22,Excessive Heat,1,0.0,0.0,0,0
ILLINOIS,UNION,2022-07-23,Excessive Heat,1,0.0,0.0,0,0
ILLINOIS,UNION,2022-07-24,Excessive Heat,1,0.0,0.0,0,0
ILLINOIS,UNION,2023-01-30,Winter Storm,1,0.0,0.0,0,0
ILLINOIS,UNION,2023-01-31,Winter Storm,1,0.0,0.0,0,0
ILLINOIS,UNION,2023-03-31,Flood,1,0.0,0.0,0,0
ILLINOIS,UNION,2023-06-29,Excessive Heat,1,0.0,0.0,0,0
ILLINOIS,UNION,2023-06-30,Excessive Heat,1,0.0,0.0,0,0
ILLINOIS,UNION,2023-07-27,Excessive Heat,1,0.0,0.0,0,0
ILLINOIS,UNION,2023-07-28,Excessive Heat,1,0.0,0.0,0,0
ILLINOIS,UNION,2023-08-20,Excessive Heat,1,0.0,0.0,0,0
ILLINOIS,UNION,2023-08-21,Excessive Heat,1,0.0,0.0,0,0
ILLINOIS,UNION,2023-08-22,Excessive Heat,1,0.0,0.0,0,0
ILLINOIS,UNION,2023-08-23,Excessive Heat,1,0.0,0.0,0,0
ILLINOIS,UNION,2023-08-24,Excessive Heat,1,0.0,0.0,0,0
ILLINOIS,UNION,2023-08-25,Excessive Heat,1,0.0,0.0,0,0
ILLINOIS,UNION,2024-06-25,Excessive Heat,1,0.0,0.0,0,0
ILLINOIS,UNION,2024-07-04,Excessive Heat,1,0.0,0.0,0,0
ILLINOIS,UNION,2024-07-30,Excessive Heat,1,0.0,0.0,0,0
ILLINOIS,UNION,2024-07-31,Excessive Heat,1,0.0,0.0,0,0
ILLINOIS,UNION,2024-08-01,Excessive Heat,1,0.0,0.0,0,0
ILLINOIS,UNION,2025-07-20,Excessive Heat,1,0.0,0.0,0,0
ILLINOIS,UNION,2025-07-21,Excessive Heat,1,0.0,0.0,0,0
ILLINOIS,UNION,2025-07-22,Excessive Heat,1,0.0,0.0,0,0
ILLINOIS,UNION,2025-07-23,Excessive Heat,1,0.0,0.0,0,0
ILLINOIS,UNION,2025-07-24,Excessive Heat,1,0.0,0.0,0,0
ILLINOIS,UNION,2025-07-25,Excessive Heat,1,0.0,0.0,0,0
ILLINOIS,UNION,2025-07-26,Excessive Heat,1,0.0,0.0,0,0
ILLINOIS,UNION,2025-07-27,Excessive Heat,1,0.0,0.0,0,0
ILLINOIS,UNION,2025-07-28,Excessive Heat,1,0.0,0.0,0,0
ILLINOIS,UNION,2025-07-29,Excessive Heat,1,0.0,0.0,0,0
ILLINOIS,UNION,2025-07-30,Excessive Heat,1,0.0,0.0,0,0
ILLINOIS,UNION,2025-08-15,Excessive Heat,1,0.0,0.0,0,0
ILLINOIS,UNION,2025-08-16,Excessive Heat,1,0.0,0.0,0,0
ILLINOIS,UNION,2025-08-17,Excessive Heat,1,0.0,0.0,0,0
ILLINOIS,UNION,2025-08-18,Excessive Heat,1,0.0,0.0,0,0
ILLINOIS,UNION,2025-08-19,Excessive Heat,1,0.0,0.0,0,0
ILLINOIS,Union,2015-07-27,Excessive Heat,1,0.0,0.0,0,0
ILLINOIS,Union,2015-07-28,Excessive Heat,1,0.0,0.0,0,0
ILLINOIS,Union,2015-07-29,Excessive Heat,1,0.0,0.0,0,0
ILLINOIS,VERMILION,2010-01-06,Winter Storm,1,0.0,0.0,0,0
ILLINOIS,VERMILION,2010-01-07,Winter Storm,1,0.0,0.0,0,0
ILLINOIS,VERMILION,2010-08-03,Excessive Heat,1,0.0,0.0,0,0
ILLINOIS,VERMILION,2010-08-04,Excessive Heat,1,0.0,0.0,0,0
ILLINOIS,VERMILION,2010-08-11,Excessive Heat,1,0.0,0.0,0,0
ILLINOIS,VERMILION,2010-08-12,Excessive Heat,1,0.0,0.0,0,0
ILLINOIS,VERMILION,2010-08-13,Excessive Heat,1,0.0,0.0,0,0
ILLINOIS,VERMILION,2010-08-14,Excessive Heat,1,0.0,0.0,0,0
ILLINOIS,VERMILION,2010-12-12,Blizzard,1,0.0,0.0,0,0
ILLINOIS,VERMILION,2010-12-13,Blizzard,1,0.0,0.0,0,0
ILLINOIS,VERMILION,2011-02-01,Winter Storm,1,10000.0,0.0,0,0
ILLINOIS,VERMILION,2011-02-02,Winter Storm,1,10000.0,0.0,0,0
ILLINOIS,VERMILION,2012-06-29,Excessive Heat,1,0.0,0.0,0,0
ILLINOIS,VERMILION,2012-06-30,Excessive Heat,1,0.0,0.0,0,0
ILLINOIS,VERMILION,2012-07-01,Excessive Heat,1,0.0,0.0,0,0
ILLINOIS,VERMILION,2012-07-02,Excessive Heat,1,0.0,0.0,0,0
ILLINOIS,VERMILION,2012-07-03,Excessive Heat,1,0.0,0.0,0,0
ILLINOIS,VERMILION,2012-07-04,Excessive Heat,1,0.0,0.0,0,0
ILLINOIS,VERMILION,2012-07-05,Excessive Heat,1,0.0,0.0,0,0
ILLINOIS,VERMILION,2012-07-06,Excessive Heat,1,0.0,0.0,0,0
ILLINOIS,VERMILION,2012-07-07,Excessive Heat,1,0.0,0.0,0,0
ILLINOIS,VERMILION,2015-09-19,Flood,1,0.0,0.0,0,0
ILLINOIS,VERMILION,2016-02-24,Blizzard,1,0.0,0.0,0,0
ILLINOIS,VERMILION,2017-04-29,Flood,1,0.0,0.0,0,0
ILLINOIS,VERMILION,2017-04-30,Flood,1,0.0,0.0,0,0
ILLINOIS,VERMILION,2017-05-01,Flood,1,0.0,0.0,0,0
ILLINOIS,VERMILION,2017-05-04,Flood,1,0.0,0.0,0,0
ILLINOIS,VERMILION,2017-05-05,Flood,1,0.0,0.0,0,0
ILLINOIS,VERMILION,2018-02-21,Flood,1,3000000.0,0.0,0,0
ILLINOIS,VERMILION,2018-02-22,Flood,1,3000000.0,0.0,0,0
ILLINOIS,VERMILION,2018-02-23,Flood,1,3000000.0,0.0,0,0
ILLINOIS,VERMILION,2019-01-19,Winter Storm,1,0.0,0.0,0,0
ILLINOIS,VERMILION,2022-02-02,Winter Storm,1,0.0,0.0,0,0
ILLINOIS,VERMILION,2022-02-03,Winter Storm,1,0.0,0.0,0,0
ILLINOIS,VERMILION,2022-12-22,Winter Storm,1,0.0,0.0,0,0
ILLINOIS,VERMILION,2022-12-23,Winter Storm,1,0.0,0.0,0,0
ILLINOIS,VERMILION,2023-07-27,Excessive Heat,1,0.0,0.0,0,0
ILLINOIS,VERMILION,2023-07-28,Excessive Heat,1,0.0,0.0,0,0
ILLINOIS,VERMILION,2023-08-20,Excessive Heat,1,0.0,0.0,0,0
ILLINOIS,VERMILION,2023-08-21,Excessive Heat,1,0.0,0.0,0,0
ILLINOIS,VERMILION,2023-08-22,Excessive Heat,1,0.0,0.0,0,0
ILLINOIS,VERMILION,2023-08-23,Excessive Heat,1,0.0,0.0,0,0
ILLINOIS,VERMILION,2023-08-24,Excessive Heat,1,0.0,0.0,0,0
ILLINOIS,VERMILION,2023-08-25,Excessive Heat,1,0.0,0.0,0,0
ILLINOIS,VERMILION,2024-08-27,Excessive Heat,1,0.0,0.0,0,0
ILLINOIS,WABASH,2010-06-19,Flood,1,0.0,10000.0,0,0
ILLINOIS,WABASH,2010-06-20,Flood,1,0.0,10000.0,0,0
ILLINOIS,WABASH,2010-06-21,Flood,1,0.0,10000.0,0,0
ILLINOIS,WABASH,2010-06-22,Flood,1,0.0,10000.0,0,0
ILLINOIS,WABASH,2010-06-23,Flood,1,0.0,10000.0,0,0
ILLINOIS,WABASH,2010-06-24,Flood,1,0.0,10000.0,0,0
ILLINOIS,WABASH,2010-06-25,Flood,1,0.0,10000.0,0,0
ILLINOIS,WABASH,2010-06-26,Flood,1,0.0,10000.0,0,0
ILLINOIS,WABASH,2010-06-27,Flood,1,0.0,10000.0,0,0
ILLINOIS,WABASH,2010-06-28,Flood,1,0.0,10000.0,0,0
ILLINOIS,WABASH,2010-06-29,Flood,1,0.0,10000.0,0,0
ILLINOIS,WABASH,2010-06-30,Flood,1,0.0,10000.0,0,0
ILLINOIS,WABASH,2010-07-01,Flood,1,0.0,0.0,0,0
ILLINOIS,WABASH,2010-07-02,Flood,1,0.0,0.0,0,0
ILLINOIS,WABASH,2010-07-03,Flood,1,0.0,0.0,0,0
ILLINOIS,WABASH,2010-07-04,Flood,1,0.0,0.0,0,0
ILLINOIS,WABASH,2010-08-03,Excessive Heat,1,0.0,0.0,0,0
ILLINOIS,WABASH,2010-08-04,Excessive Heat,1,0.0,0.0,0,0
ILLINOIS,WABASH,2010-08-09,Excessive Heat,1,0.0,0.0,0,0
ILLINOIS,WABASH,2010-08-10,Excessive Heat,1,0.0,0.0,0,0
ILLINOIS,WABASH,2010-08-11,Excessive Heat,1,0.0,0.0,0,0
ILLINOIS,WABASH,2010-08-12,Excessive Heat,1,0.0,0.0,0,0
ILLINOIS,WABASH,2010-08-13,Excessive Heat,1,0.0,0.0,0,0
ILLINOIS,WABASH,2010-08-14,Excessive Heat,1,0.0,0.0,0,0
ILLINOIS,WABASH,2010-08-15,Excessive Heat,1,0.0,0.0,0,0
ILLINOIS,WABASH,2011-01-20,Winter Storm,1,0.0,0.0,0,0
ILLINOIS,WABASH,2011-02-27,Flood,1,0.0,0.0,0,0
ILLINOIS,WABASH,2011-02-28,Flood,1,0.0,0.0,0,0
ILLINOIS,WABASH,2011-03-01,Flood,1,0.0,0.0,0,0
ILLINOIS,WABASH,2011-03-02,Flood,1,0.0,0.0,0,0
ILLINOIS,WABASH,2011-03-03,Flood,1,0.0,0.0,0,0
ILLINOIS,WABASH,2011-03-04,Flood,1,0.0,0.0,0,0
ILLINOIS,WABASH,2011-03-05,Flood,1,0.0,0.0,0,0
ILLINOIS,WABASH,2011-03-06,Flood,1,0.0,0.0,0,0
ILLINOIS,WABASH,2011-03-07,Flood,1,0.0,0.0,0,0
ILLINOIS,WABASH,2011-03-08,Flood,1,0.0,0.0,0,0
ILLINOIS,WABASH,2011-03-09,Flood,1,0.0,0.0,0,0
ILLINOIS,WABASH,2011-03-10,Flood,1,0.0,0.0,0,0
ILLINOIS,WABASH,2011-03-11,Flood,1,0.0,0.0,0,0
ILLINOIS,WABASH,2011-03-12,Flood,1,0.0,0.0,0,0
ILLINOIS,WABASH,2011-03-13,Flood,1,0.0,0.0,0,0
ILLINOIS,WABASH,2011-03-14,Flood,1,0.0,0.0,0,0
ILLINOIS,WABASH,2011-03-15,Flood,1,0.0,0.0,0,0
ILLINOIS,WABASH,2011-03-16,Flood,1,0.0,0.0,0,0
ILLINOIS,WABASH,2011-03-17,Flood,1,0.0,0.0,0,0
ILLINOIS,WABASH,2011-03-18,Flood,1,0.0,0.0,0,0
ILLINOIS,WABASH,2011-03-19,Flood,1,0.0,0.0,0,0
ILLINOIS,WABASH,2011-03-20,Flood,1,0.0,0.0,0,0
ILLINOIS,WABASH,2011-03-21,Flood,1,0.0,0.0,0,0
ILLINOIS,WABASH,2011-03-22,Flood,1,0.0,0.0,0,0
ILLINOIS,WABASH,2011-04-22,Flood,1,10000.0,0.0,0,0
ILLINOIS,WABASH,2011-04-23,Flood,1,10000.0,0.0,0,0
ILLINOIS,WABASH,2011-04-24,Flood,1,10000.0,0.0,0,0
ILLINOIS,WABASH,2011-04-25,Flood,1,10000.0,0.0,0,0
ILLINOIS,WABASH,2011-04-26,Flood,1,10000.0,0.0,0,0
ILLINOIS,WABASH,2011-04-27,Flood,1,10000.0,0.0,0,0
ILLINOIS,WABASH,2011-04-28,Flood,1,10000.0,0.0,0,0
ILLINOIS,WABASH,2011-04-29,Flood,1,10000.0,0.0,0,0
ILLINOIS,WABASH,2011-04-30,Flood,1,10000.0,0.0,0,0
ILLINOIS,WABASH,2011-05-01,Flood,1,80000.0,0.0,0,0
ILLINOIS,WABASH,2011-05-02,Flood,1,80000.0,0.0,0,0
ILLINOIS,WABASH,2011-05-03,Flood,1,80000.0,0.0,0,0
ILLINOIS,WABASH,2011-05-04,Flood,1,80000.0,0.0,0,0
ILLINOIS,WABASH,2011-05-05,Flood,1,80000.0,0.0,0,0
ILLINOIS,WABASH,2011-05-06,Flood,1,80000.0,0.0,0,0
ILLINOIS,WABASH,2011-05-07,Flood,1,80000.0,0.0,0,0
ILLINOIS,WABASH,2011-05-08,Flood,1,80000.0,0.0,0,0
ILLINOIS,WABASH,2011-05-09,Flood,1,80000.0,0.0,0,0
ILLINOIS,WABASH,2011-05-10,Flood,1,80000.0,0.0,0,0
ILLINOIS,WABASH,2011-05-11,Flood,1,50000.0,0.0,0,0
ILLINOIS,WABASH,2011-05-12,Flood,1,50000.0,0.0,0,0
ILLINOIS,WABASH,2011-05-13,Flood,1,50000.0,0.0,0,0
ILLINOIS,WABASH,2011-05-14,Flood,1,50000.0,0.0,0,0
ILLINOIS,WABASH,2011-05-15,Flood,1,50000.0,0.0,0,0
ILLINOIS,WABASH,2011-05-16,Flood,1,50000.0,0.0,0,0
ILLINOIS,WABASH,2011-05-17,Flood,1,50000.0,0.0,0,0
ILLINOIS,WABASH,2011-05-18,Flood,1,50000.0,0.0,0,0
ILLINOIS,WABASH,2011-05-19,Flood,1,50000.0,0.0,0,0
ILLINOIS,WABASH,2011-05-20,Flood,1,50000.0,0.0,0,0
ILLINOIS,WABASH,2011-05-21,Flood,1,50000.0,0.0,0,0
ILLINOIS,WABASH,2011-05-22,Flood,1,50000.0,0.0,0,0
ILLINOIS,WABASH,2011-05-23,Flood,1,50000.0,0.0,0,0
ILLINOIS,WABASH,2011-05-24,Flood,1,50000.0,0.0,0,0
ILLINOIS,WABASH,2011-05-25,Flood,1,50000.0,0.0,0,0
ILLINOIS,WABASH,2011-05-26,Flood,1,50000.0,0.0,0,0
ILLINOIS,WABASH,2011-06-01,Flood,1,0.0,20000.0,0,0
ILLINOIS,WABASH,2011-06-02,Flood,1,0.0,20000.0,0,0
ILLINOIS,WABASH,2011-06-03,Flood,1,0.0,20000.0,0,0
ILLINOIS,WABASH,2011-06-04,Flood,1,0.0,20000.0,0,0
ILLINOIS,WABASH,2011-06-05,Flood,1,0.0,20000.0,0,0
ILLINOIS,WABASH,2011-06-06,Flood,1,0.0,20000.0,0,0
ILLINOIS,WABASH,2011-06-27,Flood,1,0.0,50000.0,0,0
ILLINOIS,WABASH,2011-06-28,Flood,1,0.0,50000.0,0,0
ILLINOIS,WABASH,2011-06-29,Flood,1,0.0,50000.0,0,0
ILLINOIS,WABASH,2011-06-30,Flood,1,0.0,50000.0,0,0
ILLINOIS,WABASH,2011-07-01,Flood,1,0.0,0.0,0,0
ILLINOIS,WABASH,2011-07-11,Excessive Heat,1,0.0,0.0,0,0
ILLINOIS,WABASH,2011-07-12,Excessive Heat,1,0.0,0.0,0,0
ILLINOIS,WABASH,2011-07-19,Excessive Heat,1,0.0,0.0,0,0
ILLINOIS,WABASH,2011-07-20,Excessive Heat,1,0.0,0.0,0,0
ILLINOIS,WABASH,2011-07-21,Excessive Heat,1,0.0,0.0,0,0
ILLINOIS,WABASH,2011-07-22,Excessive Heat,1,0.0,0.0,0,0
ILLINOIS,WABASH,2011-07-23,Excessive Heat,1,0.0,0.0,0,0
ILLINOIS,WABASH,2011-07-24,Excessive Heat,1,0.0,0.0,0,0
ILLINOIS,WABASH,2011-12-02,Flood,1,3000.0,0.0,0,0
ILLINOIS,WABASH,2011-12-03,Flood,1,3000.0,0.0,0,0
ILLINOIS,WABASH,2011-12-04,Flood,1,3000.0,0.0,0,0
ILLINOIS,WABASH,2011-12-05,Flood,1,3000.0,0.0,0,0
ILLINOIS,WABASH,2011-12-06,Flood,1,3000.0,0.0,0,0
ILLINOIS,WABASH,2011-12-07,Flood,1,3000.0,0.0,0,0
ILLINOIS,WABASH,2011-12-08,Flood,1,3000.0,0.0,0,0
ILLINOIS,WABASH,2011-12-09,Flood,1,3000.0,0.0,0,0
ILLINOIS,WABASH,2011-12-10,Flood,1,3000.0,0.0,0,0
ILLINOIS,WABASH,2011-12-11,Flood,1,3000.0,0.0,0,0
ILLINOIS,WABASH,2011-12-12,Flood,1,3000.0,0.0,0,0
ILLINOIS,WABASH,2011-12-13,Flood,1,3000.0,0.0,0,0
ILLINOIS,WABASH,2011-12-14,Flood,1,3000.0,0.0,0,0
ILLINOIS,WABASH,2011-12-15,Flood,1,3000.0,0.0,0,0
ILLINOIS,WABASH,2011-12-16,Flood,1,3000.0,0.0,0,0
ILLINOIS,WABASH,2011-12-17,Flood,1,3000.0,0.0,0,0
ILLINOIS,WABASH,2011-12-18,Flood,1,3000.0,0.0,0,0
ILLINOIS,WABASH,2011-12-19,Flood,1,3000.0,0.0,0,0
ILLINOIS,WABASH,2011-12-20,Flood,1,3000.0,0.0,0,0
ILLINOIS,WABASH,2011-12-21,Flood,1,3000.0,0.0,0,0
ILLINOIS,WABASH,2011-12-22,Flood,1,3000.0,0.0,0,0
ILLINOIS,WABASH,2011-12-23,Flood,1,3000.0,0.0,0,0
ILLINOIS,WABASH,2011-12-24,Flood,1,3000.0,0.0,0,0
ILLINOIS,WABASH,2011-12-25,Flood,1,3000.0,0.0,0,0
ILLINOIS,WABASH,2011-12-26,Flood,1,3000.0,0.0,0,0
ILLINOIS,WABASH,2011-12-27,Flood,1,3000.0,0.0,0,0
ILLINOIS,WABASH,2011-12-28,Flood,1,3000.0,0.0,0,0
ILLINOIS,WABASH,2011-12-29,Flood,1,3000.0,0.0,0,0
ILLINOIS,WABASH,2011-12-30,Flood,1,3000.0,0.0,0,0
ILLINOIS,WABASH,2011-12-31,Flood,1,3000.0,0.0,0,0
ILLINOIS,WABASH,2012-01-24,Flood,1,2000.0,0.0,0,0
ILLINOIS,WABASH,2012-01-25,Flood,1,2000.0,0.0,0,0
ILLINOIS,WABASH,2012-01-26,Flood,1,2000.0,0.0,0,0
ILLINOIS,WABASH,2012-01-27,Flood,1,2000.0,0.0,0,0
ILLINOIS,WABASH,2012-01-28,Flood,1,2000.0,0.0,0,0
ILLINOIS,WABASH,2012-01-29,Flood,1,2000.0,0.0,0,0
ILLINOIS,WABASH,2012-01-30,Flood,1,2000.0,0.0,0,0
ILLINOIS,WABASH,2012-01-31,Flood,1,2000.0,0.0,0,0
ILLINOIS,WABASH,2012-02-01,Flood,1,2000.0,0.0,0,0
ILLINOIS,WABASH,2012-02-02,Flood,1,2000.0,0.0,0,0
ILLINOIS,WABASH,2012-02-03,Flood,1,2000.0,0.0,0,0
ILLINOIS,WABASH,2012-02-04,Flood,1,2000.0,0.0,0,0
ILLINOIS,WABASH,2012-02-05,Flood,1,2000.0,0.0,0,0
ILLINOIS,WABASH,2012-02-06,Flood,1,2000.0,0.0,0,0
ILLINOIS,WABASH,2012-02-07,Flood,1,2000.0,0.0,0,0
ILLINOIS,WABASH,2012-07-01,Excessive Heat,1,0.0,0.0,0,0
ILLINOIS,WABASH,2012-07-02,Excessive Heat,1,0.0,0.0,0,0
ILLINOIS,WABASH,2012-07-03,Excessive Heat,1,0.0,0.0,0,0
ILLINOIS,WABASH,2012-07-04,Excessive Heat,1,0.0,0.0,0,0
ILLINOIS,WABASH,2012-07-05,Excessive Heat,1,0.0,0.0,0,0
ILLINOIS,WABASH,2012-07-06,Excessive Heat,1,0.0,0.0,0,0
ILLINOIS,WABASH,2012-07-07,Excessive Heat,1,0.0,0.0,0,0
ILLINOIS,WABASH,2012-07-08,Excessive Heat,1,0.0,0.0,0,0
ILLINOIS,WABASH,2012-12-26,Winter Storm,1,0.0,0.0,0,0
ILLINOIS,WABASH,2012-12-28,Winter Storm,1,0.0,0.0,0,0
ILLINOIS,WABASH,2012-12-29,Winter Storm,1,0.0,0.0,0,0
ILLINOIS,WABASH,2013-01-17,Flood,1,0.0,0.0,0,0
ILLINOIS,WABASH,2013-01-18,Flood,1,0.0,0.0,0,0
ILLINOIS,WABASH,2013-01-19,Flood,1,0.0,0.0,0,0
ILLINOIS,WABASH,2013-01-20,Flood,1,0.0,0.0,0,0
ILLINOIS,WABASH,2013-01-21,Flood,1,0.0,0.0,0,0
ILLINOIS,WABASH,2013-01-22,Flood,1,0.0,0.0,0,0
ILLINOIS,WABASH,2013-01-23,Flood,1,0.0,0.0,0,0
ILLINOIS,WABASH,2013-01-24,Flood,1,0.0,0.0,0,0
ILLINOIS,WABASH,2013-01-25,Flood,1,0.0,0.0,0,0
ILLINOIS,WABASH,2013-04-20,Flood,1,20000.0,0.0,0,0
ILLINOIS,WABASH,2013-04-21,Flood,1,20000.0,0.0,0,0
ILLINOIS,WABASH,2013-04-22,Flood,1,20000.0,0.0,0,0
ILLINOIS,WABASH,2013-04-23,Flood,1,20000.0,0.0,0,0
ILLINOIS,WABASH,2013-04-24,Flood,1,20000.0,0.0,0,0
ILLINOIS,WABASH,2013-04-25,Flood,1,20000.0,0.0,0,0
ILLINOIS,WABASH,2013-04-26,Flood,1,20000.0,0.0,0,0
ILLINOIS,WABASH,2013-04-27,Flood,1,20000.0,0.0,0,0
ILLINOIS,WABASH,2013-04-28,Flood,1,20000.0,0.0,0,0
ILLINOIS,WABASH,2013-04-29,Flood,1,20000.0,0.0,0,0
ILLINOIS,WABASH,2013-04-30,Flood,1,20000.0,0.0,0,0
ILLINOIS,WABASH,2013-05-01,Flood,1,0.0,0.0,0,0
ILLINOIS,WABASH,2013-05-02,Flood,1,0.0,0.0,0,0
ILLINOIS,WABASH,2013-05-03,Flood,1,0.0,0.0,0,0
ILLINOIS,WABASH,2013-05-04,Flood,1,0.0,0.0,0,0
ILLINOIS,WABASH,2013-05-05,Flood,1,0.0,0.0,0,0
ILLINOIS,WABASH,2013-05-06,Flood,1,0.0,0.0,0,0
ILLINOIS,WABASH,2013-05-07,Flood,1,0.0,0.0,0,0
ILLINOIS,WABASH,2013-05-08,Flood,1,0.0,0.0,0,0
ILLINOIS,WABASH,2013-05-09,Flood,1,0.0,0.0,0,0
ILLINOIS,WABASH,2013-05-10,Flood,1,0.0,0.0,0,0
ILLINOIS,WABASH,2013-05-11,Flood,1,0.0,0.0,0,0
ILLINOIS,WABASH,2013-06-29,Flood,1,4000.0,20000.0,0,0
ILLINOIS,WABASH,2013-06-30,Flood,1,4000.0,20000.0,0,0
ILLINOIS,WABASH,2013-07-01,Flood,1,0.0,30000.0,0,0
ILLINOIS,WABASH,2013-07-02,Flood,1,0.0,30000.0,0,0
ILLINOIS,WABASH,2013-07-03,Flood,1,0.0,30000.0,0,0
ILLINOIS,WABASH,2013-07-04,Flood,1,0.0,30000.0,0,0
ILLINOIS,WABASH,2013-07-05,Flood,1,0.0,30000.0,0,0
ILLINOIS,WABASH,2013-12-05,Winter Storm,1,0.0,0.0,0,0
ILLINOIS,WABASH,2013-12-06,Winter Storm,1,0.0,0.0,0,0
ILLINOIS,WABASH,2013-12-24,Flood,1,10000.0,0.0,0,0
ILLINOIS,WABASH,2013-12-25,Flood,1,10000.0,0.0,0,0
ILLINOIS,WABASH,2013-12-26,Flood,1,10000.0,0.0,0,0
ILLINOIS,WABASH,2013-12-27,Flood,1,10000.0,0.0,0,0
ILLINOIS,WABASH,2013-12-28,Flood,1,10000.0,0.0,0,0
ILLINOIS,WABASH,2013-12-29,Flood,1,10000.0,0.0,0,0
ILLINOIS,WABASH,2013-12-30,Flood,1,10000.0,0.0,0,0
ILLINOIS,WABASH,2013-12-31,Flood,1,10000.0,0.0,0,0
ILLINOIS,WABASH,2014-01-01,Flood,1,0.0,0.0,0,0
ILLINOIS,WABASH,2014-01-02,Flood,1,0.0,0.0,0,0
ILLINOIS,WABASH,2014-01-03,Flood,1,0.0,0.0,0,0
ILLINOIS,WABASH,2014-02-04,Winter Storm,1,0.0,0.0,0,0
ILLINOIS,WABASH,2014-02-05,Winter Storm,1,0.0,0.0,0,0
ILLINOIS,WABASH,2014-02-25,Flood,1,2000.0,0.0,0,0
ILLINOIS,WABASH,2014-02-26,Flood,1,2000.0,0.0,0,0
ILLINOIS,WABASH,2014-02-27,Flood,1,2000.0,0.0,0,0
ILLINOIS,WABASH,2014-02-28,Flood,1,2000.0,0.0,0,0
ILLINOIS,WABASH,2014-03-01,Flood,1,0.0,0.0,0,0
ILLINOIS,WABASH,2014-03-02,Flood,1,0.0,0.0,0,0
ILLINOIS,WABASH,2014-03-02,Winter Storm,1,0.0,0.0,0,0
ILLINOIS,WABASH,2014-03-03,Flood,1,0.0,0.0,0,0
ILLINOIS,WABASH,2014-03-03,Winter Storm,1,0.0,0.0,0,0
ILLINOIS,WABASH,2014-03-04,Flood,1,0.0,0.0,0,0
ILLINOIS,WABASH,2014-04-04,Flood,1,20000.0,20000.0,0,0
ILLINOIS,WABASH,2014-04-05,Flood,1,20000.0,20000.0,0,0
ILLINOIS,WABASH,2014-04-06,Flood,1,20000.0,20000.0,0,0
ILLINOIS,WABASH,2014-04-07,Flood,1,20000.0,20000.0,0,0
ILLINOIS,WABASH,2014-04-08,Flood,1,20000.0,20000.0,0,0
ILLINOIS,WABASH,2014-04-09,Flood,1,20000.0,20000.0,0,0
ILLINOIS,WABASH,2014-04-10,Flood,1,20000.0,20000.0,0,0
ILLINOIS,WABASH,2014-04-11,Flood,1,20000.0,20000.0,0,0
ILLINOIS,WABASH,2014-04-12,Flood,1,20000.0,20000.0,0,0
ILLINOIS,WABASH,2014-04-13,Flood,1,20000.0,20000.0,0,0
ILLINOIS,WABASH,2014-04-14,Flood,1,20000.0,20000.0,0,0
ILLINOIS,WABASH,2014-04-15,Flood,1,20000.0,20000.0,0,0
ILLINOIS,WABASH,2014-04-16,Flood,1,20000.0,20000.0,0,0
ILLINOIS,WABASH,2014-04-17,Flood,1,20000.0,20000.0,0,0
ILLINOIS,WABASH,2014-04-18,Flood,1,20000.0,20000.0,0,0
ILLINOIS,WABASH,2014-04-19,Flood,1,20000.0,20000.0,0,0
ILLINOIS,WABASH,2015-02-20,Winter Storm,1,0.0,0.0,0,0
ILLINOIS,WABASH,2015-02-21,Winter Storm,1,0.0,0.0,0,0
ILLINOIS,WABASH,2015-03-04,Winter Storm,1,0.0,0.0,0,0
ILLINOIS,WABASH,2015-03-13,Flood,1,5000.0,0.0,0,1
ILLINOIS,WABASH,2015-03-14,Flood,1,5000.0,0.0,0,1
ILLINOIS,WABASH,2015-03-15,Flood,1,5000.0,0.0,0,1
ILLINOIS,WABASH,2015-03-16,Flood,1,5000.0,0.0,0,1
ILLINOIS,WABASH,2015-03-17,Flood,1,5000.0,0.0,0,1
ILLINOIS,WABASH,2015-03-18,Flood,1,5000.0,0.0,0,1
ILLINOIS,WABASH,2015-03-19,Flood,1,5000.0,0.0,0,1
ILLINOIS,WABASH,2015-03-20,Flood,1,5000.0,0.0,0,1
ILLINOIS,WABASH,2015-03-21,Flood,1,5000.0,0.0,0,1
ILLINOIS,WABASH,2015-03-22,Flood,1,5000.0,0.0,0,1
ILLINOIS,WABASH,2015-03-23,Flood,1,5000.0,0.0,0,1
ILLINOIS,WABASH,2015-03-24,Flood,1,5000.0,0.0,0,1
ILLINOIS,WABASH,2015-04-10,Flood,1,0.0,0.0,0,0
ILLINOIS,WABASH,2015-04-11,Flood,1,0.0,0.0,0,0
ILLINOIS,WABASH,2015-04-12,Flood,1,0.0,0.0,0,0
ILLINOIS,WABASH,2015-04-13,Flood,1,0.0,0.0,0,0
ILLINOIS,WABASH,2015-04-14,Flood,1,0.0,0.0,0,0
ILLINOIS,WABASH,2015-04-15,Flood,1,0.0,0.0,0,0
ILLINOIS,WABASH,2015-04-16,Flood,1,0.0,0.0,0,0
ILLINOIS,WABASH,2015-04-17,Flood,1,0.0,0.0,0,0
ILLINOIS,WABASH,2015-04-18,Flood,1,0.0,0.0,0,0
ILLINOIS,WABASH,2015-06-20,Flood,1,4000.0,8000.0,0,0
ILLINOIS,WABASH,2015-06-21,Flood,1,4000.0,8000.0,0,0
ILLINOIS,WABASH,2015-06-22,Flood,1,4000.0,8000.0,0,0
ILLINOIS,WABASH,2015-06-23,Flood,1,4000.0,8000.0,0,0
ILLINOIS,WABASH,2015-06-24,Flood,1,4000.0,8000.0,0,0
ILLINOIS,WABASH,2015-06-25,Flood,1,4000.0,8000.0,0,0
ILLINOIS,WABASH,2015-06-26,Flood,1,4000.0,8000.0,0,0
ILLINOIS,WABASH,2015-06-27,Flood,1,4000.0,8000.0,0,0
ILLINOIS,WABASH,2015-06-28,Flood,1,4000.0,8000.0,0,0
ILLINOIS,WABASH,2015-06-29,Flood,1,4000.0,8000.0,0,0
ILLINOIS,WABASH,2015-06-30,Flood,1,4000.0,8000.0,0,0
ILLINOIS,WABASH,2015-07-01,Flood,1,4000.0,100000.0,0,0
ILLINOIS,WABASH,2015-07-02,Flood,1,4000.0,100000.0,0,0
ILLINOIS,WABASH,2015-07-03,Flood,1,4000.0,100000.0,0,0
ILLINOIS,WABASH,2015-07-04,Flood,1,4000.0,100000.0,0,0
ILLINOIS,WABASH,2015-07-05,Flood,1,4000.0,100000.0,0,0
ILLINOIS,WABASH,2015-07-06,Flood,1,4000.0,100000.0,0,0
ILLINOIS,WABASH,2015-07-07,Flood,1,4000.0,100000.0,0,0
ILLINOIS,WABASH,2015-07-08,Flood,1,4000.0,100000.0,0,0
ILLINOIS,WABASH,2015-07-09,Flood,1,4000.0,100000.0,0,0
ILLINOIS,WABASH,2015-07-10,Flood,1,4000.0,100000.0,0,0
ILLINOIS,WABASH,2015-07-11,Flood,1,4000.0,100000.0,0,0
ILLINOIS,WABASH,2015-07-12,Flood,1,4000.0,100000.0,0,0
ILLINOIS,WABASH,2015-07-13,Flood,1,4000.0,100000.0,0,0
ILLINOIS,WABASH,2015-07-14,Flood,1,4000.0,100000.0,0,0
ILLINOIS,WABASH,2015-07-15,Flood,1,4000.0,100000.0,0,0
ILLINOIS,WABASH,2015-07-16,Flood,1,4000.0,100000.0,0,0
ILLINOIS,WABASH,2015-07-17,Flood,1,4000.0,100000.0,0,0
ILLINOIS,WABASH,2015-07-18,Flood,1,4000.0,100000.0,0,0
ILLINOIS,WABASH,2015-07-19,Flood,1,4000.0,100000.0,0,0
ILLINOIS,WABASH,2015-07-20,Flood,1,4000.0,100000.0,0,0
ILLINOIS,WABASH,2015-07-21,Flood,1,4000.0,100000.0,0,0
ILLINOIS,WABASH,2015-07-22,Flood,1,4000.0,100000.0,0,0
ILLINOIS,WABASH,2015-07-23,Flood,1,4000.0,100000.0,0,0
ILLINOIS,WABASH,2015-07-24,Flood,1,4000.0,100000.0,0,0
ILLINOIS,WABASH,2015-07-25,Flood,1,4000.0,100000.0,0,0
ILLINOIS,WABASH,2015-07-26,Flood,1,4000.0,100000.0,0,0
ILLINOIS,WABASH,2015-07-27,Flood,1,4000.0,100000.0,0,0
ILLINOIS,WABASH,2015-07-28,Flood,1,4000.0,100000.0,0,0
ILLINOIS,WABASH,2015-07-29,Flood,1,4000.0,100000.0,0,0
ILLINOIS,WABASH,2015-12-28,Flood,1,0.0,0.0,0,0
ILLINOIS,WABASH,2015-12-29,Flood,1,0.0,0.0,0,0
ILLINOIS,WABASH,2015-12-30,Flood,1,0.0,0.0,0,0
ILLINOIS,WABASH,2015-12-31,Flood,1,0.0,0.0,0,0
ILLINOIS,WABASH,2016-01-01,Flood,1,10000.0,0.0,0,0
ILLINOIS,WABASH,2016-01-02,Flood,1,10000.0,0.0,0,0
ILLINOIS,WABASH,2016-01-03,Flood,1,10000.0,0.0,0,0
ILLINOIS,WABASH,2016-01-04,Flood,1,10000.0,0.0,0,0
ILLINOIS,WABASH,2016-01-05,Flood,1,10000.0,0.0,0,0
ILLINOIS,WABASH,2016-01-06,Flood,1,10000.0,0.0,0,0
ILLINOIS,WABASH,2016-01-07,Flood,1,10000.0,0.0,0,0
ILLINOIS,WABASH,2016-01-08,Flood,1,10000.0,0.0,0,0
ILLINOIS,WABASH,2016-01-09,Flood,1,10000.0,0.0,0,0
ILLINOIS,WABASH,2016-01-10,Flood,1,10000.0,0.0,0,0
ILLINOIS,WABASH,2016-01-11,Flood,1,10000.0,0.0,0,0
ILLINOIS,WABASH,2016-01-12,Flood,1,10000.0,0.0,0,0
ILLINOIS,WABASH,2016-04-14,Flood,1,3000.0,0.0,0,0
ILLINOIS,WABASH,2016-04-15,Flood,1,3000.0,0.0,0,0
ILLINOIS,WABASH,2016-04-16,Flood,1,3000.0,0.0,0,0
ILLINOIS,WABASH,2016-04-17,Flood,1,3000.0,0.0,0,0
ILLINOIS,WABASH,2016-04-18,Flood,1,3000.0,0.0,0,0
ILLINOIS,WABASH,2017-01-21,Flood,1,3000.0,0.0,0,0
ILLINOIS,WABASH,2017-01-22,Flood,1,3000.0,0.0,0,0
ILLINOIS,WABASH,2017-01-23,Flood,1,3000.0,0.0,0,0
ILLINOIS,WABASH,2017-01-24,Flood,1,3000.0,0.0,0,0
ILLINOIS,WABASH,2017-01-25,Flood,1,3000.0,0.0,0,0
ILLINOIS,WABASH,2017-01-26,Flood,1,3000.0,0.0,0,0
ILLINOIS,WABASH,2017-01-27,Flood,1,3000.0,0.0,0,0
ILLINOIS,WABASH,2017-01-28,Flood,1,3000.0,0.0,0,0
ILLINOIS,WABASH,2017-01-29,Flood,1,3000.0,0.0,0,0
ILLINOIS,WABASH,2017-01-30,Flood,1,3000.0,0.0,0,0
ILLINOIS,WABASH,2017-01-31,Flood,1,3000.0,0.0,0,0
ILLINOIS,WABASH,2017-05-02,Flood,1,25000.0,30000.0,0,0
ILLINOIS,WABASH,2017-05-03,Flood,1,25000.0,30000.0,0,0
ILLINOIS,WABASH,2017-05-04,Flood,1,25000.0,30000.0,0,0
ILLINOIS,WABASH,2017-05-05,Flood,1,25000.0,30000.0,0,0
ILLINOIS,WABASH,2017-05-06,Flood,1,25000.0,30000.0,0,0
ILLINOIS,WABASH,2017-05-07,Flood,1,25000.0,30000.0,0,0
ILLINOIS,WABASH,2017-05-08,Flood,1,25000.0,30000.0,0,0
ILLINOIS,WABASH,2017-05-09,Flood,1,25000.0,30000.0,0,0
ILLINOIS,WABASH,2017-05-10,Flood,1,25000.0,30000.0,0,0
ILLINOIS,WABASH,2017-05-11,Flood,1,25000.0,30000.0,0,0
ILLINOIS,WABASH,2017-05-12,Flood,1,25000.0,30000.0,0,0
ILLINOIS,WABASH,2017-05-13,Flood,1,25000.0,30000.0,0,0
ILLINOIS,WABASH,2017-05-14,Flood,1,25000.0,30000.0,0,0
ILLINOIS,WABASH,2017-05-15,Flood,1,25000.0,30000.0,0,0
ILLINOIS,WABASH,2017-05-16,Flood,1,25000.0,30000.0,0,0
ILLINOIS,WABASH,2017-05-17,Flood,1,25000.0,30000.0,0,0
ILLINOIS,WABASH,2017-05-18,Flood,1,25000.0,30000.0,0,0
ILLINOIS,WABASH,2017-05-19,Flood,1,25000.0,30000.0,0,0
ILLINOIS,WABASH,2017-05-20,Flood,1,25000.0,30000.0,0,0
ILLINOIS,WABASH,2017-07-19,Excessive Heat,1,0.0,0.0,0,0
ILLINOIS,WABASH,2017-07-20,Excessive Heat,1,0.0,0.0,0,0
ILLINOIS,WABASH,2017-07-21,Excessive Heat,1,0.0,0.0,0,0
ILLINOIS,WABASH,2017-07-22,Excessive Heat,1,0.0,0.0,0,0
ILLINOIS,WABASH,2018-01-11,Winter Storm,1,0.0,0.0,0,0
ILLINOIS,WABASH,2018-01-12,Winter Storm,1,0.0,0.0,0,0
ILLINOIS,WABASH,2018-02-24,Flood,1,0.0,0.0,0,0
ILLINOIS,WABASH,2018-02-25,Flood,1,0.0,0.0,0,0
ILLINOIS,WABASH,2018-02-26,Flood,1,0.0,0.0,0,0
ILLINOIS,WABASH,2018-02-27,Flood,1,0.0,0.0,0,0
ILLINOIS,WABASH,2018-02-28,Flood,1,0.0,0.0,0,0
ILLINOIS,WABASH,2018-03-01,Flood,1,25000.0,0.0,0,0
ILLINOIS,WABASH,2018-03-02,Flood,1,25000.0,0.0,0,0
ILLINOIS,WABASH,2018-03-03,Flood,1,25000.0,0.0,0,0
ILLINOIS,WABASH,2018-03-04,Flood,1,25000.0,0.0,0,0
ILLINOIS,WABASH,2018-03-05,Flood,1,25000.0,0.0,0,0
ILLINOIS,WABASH,2018-03-06,Flood,1,25000.0,0.0,0,0
ILLINOIS,WABASH,2018-03-07,Flood,1,25000.0,0.0,0,0
ILLINOIS,WABASH,2018-03-08,Flood,1,25000.0,0.0,0,0
ILLINOIS,WABASH,2018-03-09,Flood,1,25000.0,0.0,0,0
ILLINOIS,WABASH,2018-03-10,Flood,1,25000.0,0.0,0,0
ILLINOIS,WABASH,2018-03-11,Flood,1,25000.0,0.0,0,0
ILLINOIS,WABASH,2018-03-12,Flood,1,25000.0,0.0,0,0
ILLINOIS,WABASH,2018-03-29,Flood,1,0.0,0.0,0,0
ILLINOIS,WABASH,2018-03-30,Flood,1,0.0,0.0,0,0
ILLINOIS,WABASH,2018-03-31,Flood,1,0.0,0.0,0,0
ILLINOIS,WABASH,2018-04-01,Flood,1,25000.0,0.0,0,0
ILLINOIS,WABASH,2018-04-02,Flood,1,25000.0,0.0,0,0
ILLINOIS,WABASH,2018-04-03,Flood,1,25000.0,0.0,0,0
ILLINOIS,WABASH,2018-04-04,Flood,1,25000.0,0.0,0,0
ILLINOIS,WABASH,2018-04-05,Flood,1,25000.0,0.0,0,0
ILLINOIS,WABASH,2018-04-06,Flood,1,25000.0,0.0,0,0
ILLINOIS,WABASH,2018-04-07,Flood,1,25000.0,0.0,0,0
ILLINOIS,WABASH,2018-04-08,Flood,1,25000.0,0.0,0,0
ILLINOIS,WABASH,2018-04-09,Flood,1,25000.0,0.0,0,0
ILLINOIS,WABASH,2018-04-10,Flood,1,25000.0,0.0,0,0
ILLINOIS,WABASH,2018-04-11,Flood,1,25000.0,0.0,0,0
ILLINOIS,WABASH,2018-04-12,Flood,1,25000.0,0.0,0,0
ILLINOIS,WABASH,2018-04-13,Flood,1,25000.0,0.0,0,0
ILLINOIS,WABASH,2018-04-14,Flood,1,25000.0,0.0,0,0
ILLINOIS,WABASH,2018-04-15,Flood,1,25000.0,0.0,0,0
ILLINOIS,WABASH,2018-04-16,Flood,1,25000.0,0.0,0,0
ILLINOIS,WABASH,2018-07-05,Excessive Heat,1,0.0,0.0,0,0
ILLINOIS,WABASH,2019-01-25,Flood,1,0.0,0.0,0,0
ILLINOIS,WABASH,2019-01-26,Flood,1,0.0,0.0,0,0
ILLINOIS,WABASH,2019-01-27,Flood,1,0.0,0.0,0,0
ILLINOIS,WABASH,2019-01-28,Flood,1,0.0,0.0,0,0
ILLINOIS,WABASH,2019-01-29,Flood,1,0.0,0.0,0,0
ILLINOIS,WABASH,2019-01-30,Flood,1,0.0,0.0,0,0
ILLINOIS,WABASH,2019-01-31,Flood,1,0.0,0.0,0,0
ILLINOIS,WABASH,2019-02-01,Flood,1,0.0,0.0,0,0
ILLINOIS,WABASH,2019-02-02,Flood,1,0.0,0.0,0,0
ILLINOIS,WABASH,2019-02-07,Flood,1,0.0,0.0,0,0
ILLINOIS,WABASH,2019-02-08,Flood,1,30000.0,0.0,0,0
ILLINOIS,WABASH,2019-02-09,Flood,1,30000.0,0.0,0,0
ILLINOIS,WABASH,2019-02-10,Flood,1,30000.0,0.0,0,0
ILLINOIS,WABASH,2019-02-11,Flood,1,30000.0,0.0,0,0
ILLINOIS,WABASH,2019-02-12,Flood,1,30000.0,0.0,0,0
ILLINOIS,WABASH,2019-02-13,Flood,1,30000.0,0.0,0,0
ILLINOIS,WABASH,2019-02-14,Flood,1,30000.0,0.0,0,0
ILLINOIS,WABASH,2019-02-15,Flood,1,30000.0,0.0,0,0
ILLINOIS,WABASH,2019-02-16,Flood,1,30000.0,0.0,0,0
ILLINOIS,WABASH,2019-02-17,Flood,1,30000.0,0.0,0,0
ILLINOIS,WABASH,2019-02-18,Flood,1,30000.0,0.0,0,0
ILLINOIS,WABASH,2019-02-19,Flood,1,30000.0,0.0,0,0
ILLINOIS,WABASH,2019-02-20,Flood,1,30000.0,0.0,0,0
ILLINOIS,WABASH,2019-02-21,Flood,1,30000.0,0.0,0,0
ILLINOIS,WABASH,2019-02-22,Flood,1,30000.0,0.0,0,0
ILLINOIS,WABASH,2019-02-23,Flood,1,30000.0,0.0,0,0
ILLINOIS,WABASH,2019-02-24,Flood,1,30000.0,0.0,0,0
ILLINOIS,WABASH,2019-02-25,Flood,1,30000.0,0.0,0,0
ILLINOIS,WABASH,2019-02-26,Flood,1,30000.0,0.0,0,0
ILLINOIS,WABASH,2019-02-27,Flood,1,30000.0,0.0,0,0
ILLINOIS,WABASH,2019-02-28,Flood,1,30000.0,0.0,0,0
ILLINOIS,WABASH,2019-03-01,Flood,1,0.0,0.0,0,0
ILLINOIS,WABASH,2019-03-14,Flood,1,0.0,0.0,0,0
ILLINOIS,WABASH,2019-03-15,Flood,1,0.0,0.0,0,0
ILLINOIS,WABASH,2019-03-16,Flood,1,0.0,0.0,0,0
ILLINOIS,WABASH,2019-03-17,Flood,1,0.0,0.0,0,0
ILLINOIS,WABASH,2019-03-18,Flood,1,0.0,0.0,0,0
ILLINOIS,WABASH,2019-03-19,Flood,1,0.0,0.0,0,0
ILLINOIS,WABASH,2019-03-20,Flood,1,0.0,0.0,0,0
ILLINOIS,WABASH,2019-03-21,Flood,1,0.0,0.0,0,0
ILLINOIS,WABASH,2019-03-22,Flood,1,0.0,0.0,0,0
ILLINOIS,WABASH,2019-04-20,Flood,1,0.0,0.0,0,0
ILLINOIS,WABASH,2019-04-21,Flood,1,0.0,0.0,0,0
ILLINOIS,WABASH,2019-04-22,Flood,1,0.0,0.0,0,0
ILLINOIS,WABASH,2019-04-23,Flood,1,0.0,0.0,0,0
ILLINOIS,WABASH,2019-04-24,Flood,1,0.0,0.0,0,0
ILLINOIS,WABASH,2019-04-25,Flood,1,0.0,0.0,0,0
ILLINOIS,WABASH,2019-04-26,Flood,1,0.0,0.0,0,0
ILLINOIS,WABASH,2019-04-27,Flood,1,0.0,0.0,0,0
ILLINOIS,WABASH,2019-04-28,Flood,1,0.0,0.0,0,0
ILLINOIS,WABASH,2019-04-29,Flood,1,0.0,0.0,0,0
ILLINOIS,WABASH,2019-04-30,Flood,1,0.0,0.0,0,0
ILLINOIS,WABASH,2019-05-01,Flood,1,0.0,0.0,0,0
ILLINOIS,WABASH,2019-05-02,Flood,1,0.0,0.0,0,0
ILLINOIS,WABASH,2019-05-03,Flood,1,0.0,0.0,0,0
ILLINOIS,WABASH,2019-05-04,Flood,1,0.0,0.0,0,0
ILLINOIS,WABASH,2019-05-05,Flood,1,0.0,0.0,0,0
ILLINOIS,WABASH,2019-05-06,Flood,1,0.0,0.0,0,0
ILLINOIS,WABASH,2019-05-07,Flood,1,0.0,0.0,0,0
ILLINOIS,WABASH,2019-05-08,Flood,1,0.0,0.0,0,0
ILLINOIS,WABASH,2019-05-09,Flood,1,0.0,0.0,0,0
ILLINOIS,WABASH,2019-05-10,Flood,1,0.0,0.0,0,0
ILLINOIS,WABASH,2019-05-11,Flood,1,0.0,0.0,0,0
ILLINOIS,WABASH,2019-05-12,Flood,1,0.0,0.0,0,0
ILLINOIS,WABASH,2019-05-13,Flood,1,0.0,0.0,0,0
ILLINOIS,WABASH,2019-05-14,Flood,1,0.0,0.0,0,0
ILLINOIS,WABASH,2019-05-15,Flood,1,0.0,0.0,0,0
ILLINOIS,WABASH,2019-05-16,Flood,1,0.0,0.0,0,0
ILLINOIS,WABASH,2019-05-17,Flood,1,0.0,0.0,0,0
ILLINOIS,WABASH,2019-05-18,Flood,1,0.0,0.0,0,0
ILLINOIS,WABASH,2019-05-19,Flood,1,0.0,0.0,0,0
ILLINOIS,WABASH,2019-05-20,Flood,1,0.0,0.0,0,0
ILLINOIS,WABASH,2019-05-21,Flood,1,0.0,0.0,0,0
ILLINOIS,WABASH,2019-05-22,Flood,1,0.0,0.0,0,0
ILLINOIS,WABASH,2019-05-23,Flood,1,0.0,0.0,0,0
ILLINOIS,WABASH,2019-05-24,Flood,1,0.0,0.0,0,0
ILLINOIS,WABASH,2019-05-25,Flood,1,0.0,0.0,0,0
ILLINOIS,WABASH,2019-05-26,Flood,1,0.0,0.0,0,0
ILLINOIS,WABASH,2019-05-27,Flood,1,0.0,0.0,0,0
ILLINOIS,WABASH,2019-05-28,Flood,1,0.0,0.0,0,0
ILLINOIS,WABASH,2019-05-31,Flood,1,0.0,0.0,0,0
ILLINOIS,WABASH,2019-06-01,Flood,1,0.0,0.0,0,0
ILLINOIS,WABASH,2019-06-02,Flood,1,0.0,0.0,0,0
ILLINOIS,WABASH,2019-06-20,Flood,1,30000.0,10000.0,0,0
ILLINOIS,WABASH,2019-06-21,Flood,1,30000.0,10000.0,0,0
ILLINOIS,WABASH,2019-06-22,Flood,1,30000.0,10000.0,0,0
ILLINOIS,WABASH,2019-06-23,Flood,1,30000.0,10000.0,0,0
ILLINOIS,WABASH,2019-06-24,Flood,1,30000.0,10000.0,0,0
ILLINOIS,WABASH,2019-06-25,Flood,1,30000.0,10000.0,0,0
ILLINOIS,WABASH,2019-06-26,Flood,1,30000.0,10000.0,0,0
ILLINOIS,WABASH,2019-06-27,Flood,1,30000.0,10000.0,0,0
ILLINOIS,WABASH,2019-06-28,Flood,1,30000.0,10000.0,0,0
ILLINOIS,WABASH,2019-06-29,Flood,1,30000.0,10000.0,0,0
ILLINOIS,WABASH,2019-06-30,Flood,1,30000.0,10000.0,0,0
ILLINOIS,WABASH,2019-07-01,Flood,1,0.0,0.0,0,0
ILLINOIS,WABASH,2019-07-18,Excessive Heat,1,0.0,0.0,0,0
ILLINOIS,WABASH,2019-07-19,Excessive Heat,1,0.0,0.0,0,0
ILLINOIS,WABASH,2019-07-20,Excessive Heat,1,0.0,0.0,0,0
ILLINOIS,WABASH,2019-07-21,Excessive Heat,1,0.0,0.0,0,0
ILLINOIS,WABASH,2020-01-12,Flood,1,0.0,0.0,0,0
ILLINOIS,WABASH,2020-01-13,Flood,1,0.0,0.0,0,0
ILLINOIS,WABASH,2020-01-14,Flood,1,0.0,0.0,0,0
ILLINOIS,WABASH,2020-01-15,Flood,1,0.0,0.0,0,0
ILLINOIS,WABASH,2020-01-16,Flood,1,0.0,0.0,0,0
ILLINOIS,WABASH,2020-01-17,Flood,1,0.0,0.0,0,0
ILLINOIS,WABASH,2020-01-18,Flood,1,0.0,0.0,0,0
ILLINOIS,WABASH,2020-01-19,Flood,1,0.0,0.0,0,0
ILLINOIS,WABASH,2020-01-20,Flood,1,0.0,0.0,0,0
ILLINOIS,WABASH,2020-01-21,Flood,1,0.0,0.0,0,0
ILLINOIS,WABASH,2020-01-22,Flood,1,0.0,0.0,0,0
ILLINOIS,WABASH,2020-01-23,Flood,1,0.0,0.0,0,0
ILLINOIS,WABASH,2020-01-24,Flood,1,0.0,0.0,0,0
ILLINOIS,WABASH,2020-01-25,Flood,1,0.0,0.0,0,0
ILLINOIS,WABASH,2020-01-26,Flood,1,0.0,0.0,0,0
ILLINOIS,WABASH,2020-01-27,Flood,1,0.0,0.0,0,0
ILLINOIS,WABASH,2020-01-28,Flood,1,0.0,0.0,0,0
ILLINOIS,WABASH,2020-02-13,Flood,1,0.0,0.0,0,0
ILLINOIS,WABASH,2020-02-14,Flood,1,0.0,0.0,0,0
ILLINOIS,WABASH,2020-02-15,Flood,1,0.0,0.0,0,0
ILLINOIS,WABASH,2020-02-16,Flood,1,0.0,0.0,0,0
ILLINOIS,WABASH,2020-02-17,Flood,1,0.0,0.0,0,0
ILLINOIS,WABASH,2020-02-18,Flood,1,0.0,0.0,0,0
ILLINOIS,WABASH,2020-02-19,Flood,1,0.0,0.0,0,0
ILLINOIS,WABASH,2020-02-20,Flood,1,0.0,0.0,0,0
ILLINOIS,WABASH,2020-03-20,Flood,1,5000.0,0.0,0,0
ILLINOIS,WABASH,2020-03-21,Flood,1,5000.0,0.0,0,0
ILLINOIS,WABASH,2020-03-22,Flood,1,5000.0,0.0,0,0
ILLINOIS,WABASH,2020-03-23,Flood,1,5000.0,0.0,0,0
ILLINOIS,WABASH,2020-03-24,Flood,1,5000.0,0.0,0,0
ILLINOIS,WABASH,2020-03-25,Flood,1,5000.0,0.0,0,0
ILLINOIS,WABASH,2020-03-26,Flood,1,5000.0,0.0,0,0
ILLINOIS,WABASH,2020-03-27,Flood,1,5000.0,0.0,0,0
ILLINOIS,WABASH,2020-03-28,Flood,1,5000.0,0.0,0,0
ILLINOIS,WABASH,2020-03-29,Flood,1,5000.0,0.0,0,0
ILLINOIS,WABASH,2020-03-30,Flood,1,5000.0,0.0,0,0
ILLINOIS,WABASH,2020-03-31,Flood,1,5000.0,0.0,0,0
ILLINOIS,WABASH,2020-04-01,Flood,1,0.0,0.0,0,0
ILLINOIS,WABASH,2020-04-02,Flood,1,0.0,0.0,0,0
ILLINOIS,WABASH,2020-04-03,Flood,1,0.0,0.0,0,0
ILLINOIS,WABASH,2020-04-04,Flood,1,0.0,0.0,0,0
ILLINOIS,WABASH,2020-04-05,Flood,1,0.0,0.0,0,0
ILLINOIS,WABASH,2020-05-22,Flood,1,0.0,20000.0,0,0
ILLINOIS,WABASH,2020-05-23,Flood,1,0.0,20000.0,0,0
ILLINOIS,WABASH,2020-05-24,Flood,1,0.0,20000.0,0,0
ILLINOIS,WABASH,2020-05-25,Flood,1,0.0,20000.0,0,0
ILLINOIS,WABASH,2020-05-26,Flood,1,0.0,20000.0,0,0
ILLINOIS,WABASH,2021-02-14,Winter Storm,1,0.0,0.0,0,0
ILLINOIS,WABASH,2021-02-15,Winter Storm,1,0.0,0.0,0,0
ILLINOIS,WABASH,2021-03-02,Flood,1,0.0,0.0,0,0
ILLINOIS,WABASH,2021-03-03,Flood,1,0.0,0.0,0,0
ILLINOIS,WABASH,2021-03-04,Flood,1,0.0,0.0,0,0
ILLINOIS,WABASH,2021-03-05,Flood,1,0.0,0.0,0,0
ILLINOIS,WABASH,2021-03-06,Flood,1,0.0,0.0,0,0
ILLINOIS,WABASH,2021-03-07,Flood,1,0.0,0.0,0,0
ILLINOIS,WABASH,2021-03-08,Flood,1,0.0,0.0,0,0
ILLINOIS,WABASH,2021-03-09,Flood,1,0.0,0.0,0,0
ILLINOIS,WABASH,2022-01-04,Flood,1,0.0,0.0,0,0
ILLINOIS,WABASH,2022-01-05,Flood,1,0.0,0.0,0,0
ILLINOIS,WABASH,2022-01-06,Flood,1,0.0,0.0,0,0
ILLINOIS,WABASH,2022-01-07,Flood,1,0.0,0.0,0,0
ILLINOIS,WABASH,2022-01-08,Flood,1,0.0,0.0,0,0
ILLINOIS,WABASH,2022-02-02,Winter Storm,1,0.0,0.0,0,0
ILLINOIS,WABASH,2022-02-03,Winter Storm,1,0.0,0.0,0,0
ILLINOIS,WABASH,2022-02-19,Flood,1,0.0,0.0,0,0
ILLINOIS,WABASH,2022-02-20,Flood,1,0.0,0.0,0,0
ILLINOIS,WABASH,2022-02-21,Flood,1,0.0,0.0,0,0
ILLINOIS,WABASH,2022-02-22,Flood,1,0.0,0.0,0,0
ILLINOIS,WABASH,2022-02-23,Flood,1,0.0,0.0,0,0
ILLINOIS,WABASH,2022-02-24,Flood,1,0.0,0.0,0,0
ILLINOIS,WABASH,2022-02-25,Flood,1,0.0,0.0,0,0
ILLINOIS,WABASH,2022-02-26,Flood,1,0.0,0.0,0,0
ILLINOIS,WABASH,2022-02-27,Flood,1,0.0,0.0,0,0
ILLINOIS,WABASH,2022-02-28,Flood,1,0.0,0.0,0,0
ILLINOIS,WABASH,2022-03-01,Flood,1,0.0,0.0,0,0
ILLINOIS,WABASH,2022-03-02,Flood,1,0.0,0.0,0,0
ILLINOIS,WABASH,2022-03-03,Flood,1,0.0,0.0,0,0
ILLINOIS,WABASH,2022-03-04,Flood,1,0.0,0.0,0,0
ILLINOIS,WABASH,2022-03-05,Flood,1,0.0,0.0,0,0
ILLINOIS,WABASH,2022-03-06,Flood,1,0.0,0.0,0,0
ILLINOIS,WABASH,2022-03-07,Flood,1,0.0,0.0,0,0
ILLINOIS,WABASH,2022-03-08,Flood,1,0.0,0.0,0,0
ILLINOIS,WABASH,2022-03-09,Flood,1,0.0,0.0,0,0
ILLINOIS,WABASH,2022-03-10,Flood,1,0.0,0.0,0,0
ILLINOIS,WABASH,2022-03-11,Flood,1,0.0,0.0,0,0
ILLINOIS,WABASH,2022-03-12,Flood,1,0.0,0.0,0,0
ILLINOIS,WABASH,2022-03-13,Flood,1,0.0,0.0,0,0
ILLINOIS,WABASH,2022-03-14,Flood,1,0.0,0.0,0,0
ILLINOIS,WABASH,2022-03-15,Flood,1,0.0,0.0,0,0
ILLINOIS,WABASH,2022-03-16,Flood,1,0.0,0.0,0,0
ILLINOIS,WABASH,2022-03-17,Flood,1,0.0,0.0,0,0
ILLINOIS,WABASH,2022-03-18,Flood,1,0.0,0.0,0,0
ILLINOIS,WABASH,2022-06-13,Excessive Heat,1,0.0,0.0,0,0
ILLINOIS,WABASH,2022-06-14,Excessive Heat,1,0.0,0.0,0,0
ILLINOIS,WABASH,2022-06-15,Excessive Heat,1,0.0,0.0,0,0
ILLINOIS,WABASH,2022-06-16,Excessive Heat,1,0.0,0.0,0,0
ILLINOIS,WABASH,2022-07-04,Excessive Heat,1,0.0,0.0,0,0
ILLINOIS,WABASH,2022-07-05,Excessive Heat,1,0.0,0.0,0,0
ILLINOIS,WABASH,2022-07-06,Excessive Heat,1,0.0,0.0,0,0
ILLINOIS,WABASH,2022-07-20,Excessive Heat,1,0.0,0.0,0,0
ILLINOIS,WABASH,2022-07-22,Excessive Heat,1,0.0,0.0,0,0
ILLINOIS,WABASH,2022-07-23,Excessive Heat,1,0.0,0.0,0,0
ILLINOIS,WABASH,2022-07-24,Excessive Heat,1,0.0,0.0,0,0
ILLINOIS,WABASH,2022-07-27,Flood,1,0.0,0.0,0,0
ILLINOIS,WABASH,2023-03-25,Flood,1,0.0,0.0,0,0
ILLINOIS,WABASH,2023-03-26,Flood,1,0.0,0.0,0,0
ILLINOIS,WABASH,2023-03-27,Flood,1,0.0,0.0,0,0
ILLINOIS,WABASH,2023-03-28,Flood,1,0.0,0.0,0,0
ILLINOIS,WABASH,2023-03-29,Flood,1,0.0,0.0,0,0
ILLINOIS,WABASH,2023-03-30,Flood,1,0.0,0.0,0,0
ILLINOIS,WABASH,2023-03-31,Flood,1,0.0,0.0,0,0
ILLINOIS,WABASH,2023-04-01,Flood,1,0.0,0.0,0,0
ILLINOIS,WABASH,2023-04-02,Flood,1,0.0,0.0,0,0
ILLINOIS,WABASH,2023-04-03,Flood,1,0.0,0.0,0,0
ILLINOIS,WABASH,2023-04-04,Flood,1,0.0,0.0,0,0
ILLINOIS,WABASH,2023-04-05,Flood,1,0.0,0.0,0,0
ILLINOIS,WABASH,2023-04-06,Flood,1,0.0,0.0,0,0
ILLINOIS,WABASH,2023-04-07,Flood,1,0.0,0.0,0,0
ILLINOIS,WABASH,2023-04-08,Flood,1,0.0,0.0,0,0
ILLINOIS,WABASH,2023-04-09,Flood,1,0.0,0.0,0,0
ILLINOIS,WABASH,2023-04-10,Flood,1,0.0,0.0,0,0
ILLINOIS,WABASH,2023-04-11,Flood,1,0.0,0.0,0,0
ILLINOIS,WABASH,2023-06-30,Excessive Heat,1,0.0,0.0,0,0
ILLINOIS,WABASH,2023-07-27,Excessive Heat,1,0.0,0.0,0,0
ILLINOIS,WABASH,2023-07-28,Excessive Heat,1,0.0,0.0,0,0
ILLINOIS,WABASH,2023-08-20,Excessive Heat,1,0.0,0.0,0,0
ILLINOIS,WABASH,2023-08-21,Excessive Heat,1,0.0,0.0,0,0
ILLINOIS,WABASH,2023-08-22,Excessive Heat,1,0.0,0.0,0,0
ILLINOIS,WABASH,2023-08-23,Excessive Heat,1,0.0,0.0,0,0
ILLINOIS,WABASH,2023-08-24,Excessive Heat,1,0.0,0.0,0,0
ILLINOIS,WABASH,2023-08-25,Excessive Heat,1,0.0,0.0,0,0
ILLINOIS,WABASH,2024-04-10,Flood,1,0.0,0.0,0,0
ILLINOIS,WABASH,2024-04-11,Flood,1,0.0,0.0,0,0
ILLINOIS,WABASH,2024-04-12,Flood,1,0.0,0.0,0,0
ILLINOIS,WABASH,2024-04-13,Flood,1,0.0,0.0,0,0
ILLINOIS,WABASH,2024-04-14,Flood,1,0.0,0.0,0,0
ILLINOIS,WABASH,2024-04-15,Flood,1,0.0,0.0,0,0
ILLINOIS,WABASH,2024-04-16,Flood,1,0.0,0.0,0,0
ILLINOIS,WABASH,2024-04-17,Flood,1,0.0,0.0,0,0
ILLINOIS,WABASH,2024-04-18,Flood,1,0.0,0.0,0,0
ILLINOIS,WABASH,2024-04-19,Flood,1,0.0,0.0,0,0
ILLINOIS,WABASH,2024-04-20,Flood,1,0.0,0.0,0,0
ILLINOIS,WABASH,2024-04-21,Flood,1,0.0,0.0,0,0
ILLINOIS,WABASH,2024-04-22,Flood,1,0.0,0.0,0,0
ILLINOIS,WABASH,2024-04-23,Flood,1,0.0,0.0,0,0
ILLINOIS,WABASH,2025-01-05,Winter Storm,1,20000.0,0.0,0,0
ILLINOIS,WABASH,2025-01-06,Winter Storm,1,20000.0,0.0,0,0
ILLINOIS,WARREN,2010-01-06,Winter Storm,1,0.0,0.0,0,0
ILLINOIS,WARREN,2010-01-07,Winter Storm,1,0.0,0.0,0,0
ILLINOIS,WARREN,2010-02-21,Winter Storm,1,0.0,0.0,0,0
ILLINOIS,WARREN,2010-02-22,Winter Storm,1,0.0,0.0,0,0
ILLINOIS,WARREN,2010-12-12,Blizzard,1,0.0,0.0,0,0
ILLINOIS,WARREN,2011-02-01,Blizzard,1,0.0,0.0,0,0
ILLINOIS,WARREN,2011-02-02,Blizzard,1,0.0,0.0,0,0
ILLINOIS,WARREN,2012-07-04,Excessive Heat,1,0.0,0.0,0,0
ILLINOIS,WARREN,2012-07-05,Excessive Heat,1,0.0,0.0,0,0
ILLINOIS,WARREN,2012-07-06,Excessive Heat,1,0.0,0.0,0,0
ILLINOIS,WARREN,2012-07-07,Excessive Heat,1,0.0,0.0,0,0
ILLINOIS,WARREN,2012-12-20,Blizzard,1,0.0,0.0,0,0
ILLINOIS,WARREN,2013-02-26,Winter Storm,1,0.0,0.0,0,0
ILLINOIS,WARREN,2013-02-27,Winter Storm,1,0.0,0.0,0,0
ILLINOIS,WARREN,2013-12-13,Winter Storm,1,0.0,0.0,0,0
ILLINOIS,WARREN,2013-12-14,Winter Storm,1,0.0,0.0,0,0
ILLINOIS,WARREN,2014-01-04,Winter Storm,1,0.0,0.0,0,0
ILLINOIS,WARREN,2014-01-05,Winter Storm,1,0.0,0.0,0,0
ILLINOIS,WARREN,2014-01-06,Winter Storm,1,0.0,0.0,0,0
ILLINOIS,WARREN,2014-02-01,Winter Storm,1,0.0,0.0,0,0
ILLINOIS,WARREN,2014-02-04,Winter Storm,1,0.0,0.0,0,0
ILLINOIS,WARREN,2014-02-05,Winter Storm,1,0.0,0.0,0,0
ILLINOIS,WARREN,2015-02-01,Winter Storm,1,0.0,0.0,0,0
ILLINOIS,WARREN,2018-11-25,Blizzard,1,0.0,0.0,0,0
ILLINOIS,WARREN,2018-11-26,Blizzard,1,0.0,0.0,0,0
ILLINOIS,WARREN,2019-01-11,Winter Storm,1,0.0,0.0,0,0
ILLINOIS,WARREN,2019-01-12,Winter Storm,1,0.0,0.0,0,0
ILLINOIS,WARREN,2019-01-13,Winter Storm,1,0.0,0.0,0,0
ILLINOIS,WARREN,2019-01-18,Winter Storm,1,0.0,0.0,0,0
ILLINOIS,WARREN,2019-01-19,Winter Storm,1,0.0,0.0,0,0
ILLINOIS,WARREN,2020-01-17,Winter Storm,1,0.0,0.0,0,0
ILLINOIS,WARREN,2020-01-18,Winter Storm,1,0.0,0.0,0,0
ILLINOIS,WARREN,2020-04-16,Winter Storm,1,0.0,0.0,0,0
ILLINOIS,WARREN,2020-04-17,Winter Storm,1,0.0,0.0,0,0
ILLINOIS,WARREN,2021-01-01,Winter Storm,1,0.0,0.0,0,0
ILLINOIS,WARREN,2022-01-01,Winter Storm,1,0.0,0.0,0,0
ILLINOIS,WARREN,2022-12-22,Winter Storm,1,0.0,0.0,0,0
ILLINOIS,WARREN,2022-12-23,Winter Storm,1,0.0,0.0,0,0
ILLINOIS,WARREN,2022-12-24,Winter Storm,1,0.0,0.0,0,0
ILLINOIS,WARREN,2024-01-08,Winter Storm,1,0.0,0.0,0,0
ILLINOIS,WARREN,2024-01-09,Winter Storm,1,0.0,0.0,0,0
ILLINOIS,WARREN,2024-01-11,Winter Storm,1,0.0,0.0,0,0
ILLINOIS,WARREN,2024-01-12,Winter Storm,1,0.0,0.0,0,0
ILLINOIS,WARREN,2025-11-28,Winter Storm,1,0.0,0.0,0,0
ILLINOIS,WARREN,2025-11-29,Winter Storm,1,0.0,0.0,0,0
ILLINOIS,WASHINGTON,2010-07-14,Excessive Heat,1,0.0,0.0,0,0
ILLINOIS,WASHINGTON,2010-07-17,Excessive Heat,1,0.0,0.0,0,0
ILLINOIS,WASHINGTON,2010-07-22,Excessive Heat,1,0.0,0.0,0,0
ILLINOIS,WASHINGTON,2010-07-23,Excessive Heat,1,0.0,0.0,0,0
ILLINOIS,WASHINGTON,2010-07-24,Excessive Heat,1,0.0,0.0,0,0
ILLINOIS,WASHINGTON,2010-08-02,Excessive Heat,1,0.0,0.0,0,0
ILLINOIS,WASHINGTON,2010-08-03,Excessive Heat,1,0.0,0.0,0,0
ILLINOIS,WASHINGTON,2010-08-04,Excessive Heat,1,0.0,0.0,0,0
ILLINOIS,WASHINGTON,2010-08-08,Excessive Heat,1,0.0,0.0,0,0
ILLINOIS,WASHINGTON,2010-08-09,Excessive Heat,1,0.0,0.0,0,0
ILLINOIS,WASHINGTON,2010-08-10,Excessive Heat,1,0.0,0.0,0,0
ILLINOIS,WASHINGTON,2010-08-11,Excessive Heat,1,0.0,0.0,0,0
ILLINOIS,WASHINGTON,2010-08-12,Excessive Heat,1,0.0,0.0,0,0
ILLINOIS,WASHINGTON,2010-08-13,Excessive Heat,1,0.0,0.0,0,0
ILLINOIS,WASHINGTON,2010-08-14,Excessive Heat,1,0.0,0.0,0,0
ILLINOIS,WASHINGTON,2011-01-31,Winter Storm,1,0.0,0.0,0,0
ILLINOIS,WASHINGTON,2011-02-01,Winter Storm,1,0.0,0.0,0,0
ILLINOIS,WASHINGTON,2011-02-02,Winter Storm,1,0.0,0.0,0,0
ILLINOIS,WASHINGTON,2011-07-10,Excessive Heat,1,0.0,0.0,0,0
ILLINOIS,WASHINGTON,2011-07-11,Excessive Heat,1,0.0,0.0,0,0
ILLINOIS,WASHINGTON,2011-07-12,Excessive Heat,1,0.0,0.0,0,0
ILLINOIS,WASHINGTON,2011-07-17,Excessive Heat,1,0.0,0.0,0,0
ILLINOIS,WASHINGTON,2011-07-18,Excessive Heat,1,0.0,0.0,0,0
ILLINOIS,WASHINGTON,2011-07-19,Excessive Heat,1,0.0,0.0,0,0
ILLINOIS,WASHINGTON,2011-07-20,Excessive Heat,1,0.0,0.0,0,0
ILLINOIS,WASHINGTON,2011-07-21,Excessive Heat,1,0.0,0.0,0,0
ILLINOIS,WASHINGTON,2011-07-22,Excessive Heat,1,0.0,0.0,0,0
ILLINOIS,WASHINGTON,2011-07-23,Excessive Heat,1,0.0,0.0,0,0
ILLINOIS,WASHINGTON,2011-07-24,Excessive Heat,1,0.0,0.0,0,0
ILLINOIS,WASHINGTON,2011-07-25,Excessive Heat,1,0.0,0.0,0,0
ILLINOIS,WASHINGTON,2011-07-26,Excessive Heat,1,0.0,0.0,0,0
ILLINOIS,WASHINGTON,2011-07-27,Excessive Heat,1,0.0,0.0,0,0
ILLINOIS,WASHINGTON,2011-07-28,Excessive Heat,1,0.0,0.0,0,0
ILLINOIS,WASHINGTON,2011-07-29,Excessive Heat,1,0.0,0.0,0,0
ILLINOIS,WASHINGTON,2011-07-30,Excessive Heat,1,0.0,0.0,0,0
ILLINOIS,WASHINGTON,2011-07-31,Excessive Heat,1,0.0,0.0,0,0
ILLINOIS,WASHINGTON,2011-08-01,Excessive Heat,1,0.0,0.0,0,0
ILLINOIS,WASHINGTON,2011-08-02,Excessive Heat,1,0.0,0.0,0,0
ILLINOIS,WASHINGTON,2011-08-03,Excessive Heat,1,0.0,0.0,0,0
ILLINOIS,WASHINGTON,2012-06-27,Excessive Heat,1,0.0,0.0,0,0
ILLINOIS,WASHINGTON,2012-06-28,Excessive Heat,1,0.0,0.0,0,0
ILLINOIS,WASHINGTON,2012-06-29,Excessive Heat,1,0.0,0.0,0,0
ILLINOIS,WASHINGTON,2012-06-30,Excessive Heat,1,0.0,0.0,0,0
ILLINOIS,WASHINGTON,2012-07-01,Excessive Heat,1,0.0,0.0,0,0
ILLINOIS,WASHINGTON,2012-07-02,Excessive Heat,1,0.0,0.0,0,0
ILLINOIS,WASHINGTON,2012-07-03,Excessive Heat,1,0.0,0.0,0,0
ILLINOIS,WASHINGTON,2012-07-04,Excessive Heat,1,0.0,0.0,0,0
ILLINOIS,WASHINGTON,2012-07-05,Excessive Heat,1,0.0,0.0,0,0
ILLINOIS,WASHINGTON,2012-07-06,Excessive Heat,1,0.0,0.0,0,0
ILLINOIS,WASHINGTON,2012-07-07,Excessive Heat,1,0.0,0.0,0,0
ILLINOIS,WASHINGTON,2012-07-08,Excessive Heat,1,0.0,0.0,0,0
ILLINOIS,WASHINGTON,2012-07-16,Excessive Heat,1,0.0,0.0,0,0
ILLINOIS,WASHINGTON,2012-07-17,Excessive Heat,1,0.0,0.0,0,0
ILLINOIS,WASHINGTON,2012-07-18,Excessive Heat,1,0.0,0.0,0,0
ILLINOIS,WASHINGTON,2012-07-19,Excessive Heat,1,0.0,0.0,0,0
ILLINOIS,WASHINGTON,2012-07-22,Excessive Heat,1,0.0,0.0,0,0
ILLINOIS,WASHINGTON,2012-07-23,Excessive Heat,1,0.0,0.0,0,0
ILLINOIS,WASHINGTON,2012-07-24,Excessive Heat,1,0.0,0.0,0,0
ILLINOIS,WASHINGTON,2012-07-25,Excessive Heat,1,0.0,0.0,0,0
ILLINOIS,WASHINGTON,2012-07-26,Excessive Heat,1,0.0,0.0,0,0
ILLINOIS,WASHINGTON,2012-07-27,Excessive Heat,1,0.0,0.0,0,0
ILLINOIS,WASHINGTON,2013-02-21,Winter Storm,1,0.0,0.0,0,0
ILLINOIS,WASHINGTON,2013-12-05,Winter Storm,1,0.0,0.0,0,0
ILLINOIS,WASHINGTON,2013-12-06,Winter Storm,1,0.0,0.0,0,0
ILLINOIS,WASHINGTON,2014-01-05,Winter Storm,1,0.0,0.0,0,0
ILLINOIS,WASHINGTON,2014-03-01,Winter Storm,1,0.0,0.0,0,0
ILLINOIS,WASHINGTON,2014-03-02,Winter Storm,1,0.0,0.0,0,0
ILLINOIS,WASHINGTON,2014-07-26,Excessive Heat,1,0.0,0.0,0,0
ILLINOIS,WASHINGTON,2014-08-20,Excessive Heat,1,0.0,0.0,0,0
ILLINOIS,WASHINGTON,2014-08-21,Excessive Heat,1,0.0,0.0,0,0
ILLINOIS,WASHINGTON,2014-08-22,Excessive Heat,1,0.0,0.0,0,0
ILLINOIS,WASHINGTON,2014-08-23,Excessive Heat,1,0.0,0.0,0,0
ILLINOIS,WASHINGTON,2014-08-24,Excessive Heat,1,0.0,0.0,0,0
ILLINOIS,WASHINGTON,2014-08-25,Excessive Heat,1,0.0,0.0,0,0
ILLINOIS,WASHINGTON,2014-08-26,Excessive Heat,1,0.0,0.0,0,0
ILLINOIS,WASHINGTON,2014-08-27,Excessive Heat,1,0.0,0.0,0,0
ILLINOIS,WASHINGTON,2015-07-12,Excessive Heat,1,0.0,0.0,0,0
ILLINOIS,WASHINGTON,2015-07-13,Excessive Heat,1,0.0,0.0,0,0
ILLINOIS,WASHINGTON,2015-07-14,Excessive Heat,1,0.0,0.0,0,0
ILLINOIS,WASHINGTON,2015-07-18,Excessive Heat,1,0.0,0.0,0,0
ILLINOIS,WASHINGTON,2015-07-19,Excessive Heat,1,0.0,0.0,0,0
ILLINOIS,WASHINGTON,2015-07-27,Excessive Heat,1,0.0,0.0,0,0
ILLINOIS,WASHINGTON,2015-07-28,Excessive Heat,1,0.0,0.0,0,0
ILLINOIS,WASHINGTON,2015-07-29,Excessive Heat,1,0.0,0.0,0,0
ILLINOIS,WASHINGTON,2016-07-18,Excessive Heat,1,0.0,0.0,0,0
ILLINOIS,WASHINGTON,2016-07-19,Excessive Heat,1,0.0,0.0,0,0
ILLINOIS,WASHINGTON,2016-07-20,Excessive Heat,1,0.0,0.0,0,0
ILLINOIS,WASHINGTON,2016-07-21,Excessive Heat,1,0.0,0.0,0,0
ILLINOIS,WASHINGTON,2016-07-22,Excessive Heat,1,0.0,0.0,0,0
ILLINOIS,WASHINGTON,2016-07-23,Excessive Heat,1,0.0,0.0,0,0
ILLINOIS,WASHINGTON,2016-07-24,Excessive Heat,1,0.0,0.0,0,0
ILLINOIS,WASHINGTON,2017-07-19,Excessive Heat,1,0.0,0.0,0,0
ILLINOIS,WASHINGTON,2017-07-20,Excessive Heat,1,0.0,0.0,0,0
ILLINOIS,WASHINGTON,2017-07-21,Excessive Heat,1,0.0,0.0,0,0
ILLINOIS,WASHINGTON,2017-07-22,Excessive Heat,1,0.0,0.0,0,0
ILLINOIS,WASHINGTON,2017-07-23,Excessive Heat,1,0.0,0.0,0,0
ILLINOIS,WASHINGTON,2018-06-29,Excessive Heat,1,0.0,0.0,0,0
ILLINOIS,WASHINGTON,2018-06-30,Excessive Heat,1,0.0,0.0,0,0
ILLINOIS,WASHINGTON,2022-12-22,Winter Storm,1,0.0,0.0,0,0
ILLINOIS,WASHINGTON,2023-07-27,Excessive Heat,1,0.0,0.0,0,0
ILLINOIS,WASHINGTON,2023-07-28,Excessive Heat,1,0.0,0.0,0,0
ILLINOIS,WASHINGTON,2023-07-29,Excessive Heat,1,0.0,0.0,0,0
ILLINOIS,WASHINGTON,2023-08-20,Excessive Heat,1,0.0,0.0,0,0
ILLINOIS,WASHINGTON,2023-08-21,Excessive Heat,1,0.0,0.0,0,0
ILLINOIS,WASHINGTON,2023-08-22,Excessive Heat,1,0.0,0.0,0,0
ILLINOIS,WASHINGTON,2023-08-23,Excessive Heat,1,0.0,0.0,0,0
ILLINOIS,WASHINGTON,2023-08-24,Excessive Heat,1,0.0,0.0,0,0
ILLINOIS,WASHINGTON,2023-08-25,Excessive Heat,1,0.0,0.0,0,0
ILLINOIS,WASHINGTON,2025-01-05,Winter Storm,1,0.0,0.0,0,0
ILLINOIS,WASHINGTON,2025-01-06,Winter Storm,1,0.0,0.0,0,0
ILLINOIS,WASHINGTON,2025-04-29,Flood,1,0.0,0.0,0,0
ILLINOIS,WASHINGTON,2025-07-22,Excessive Heat,1,0.0,0.0,0,0
ILLINOIS,WASHINGTON,2025-07-23,Excessive Heat,1,0.0,0.0,0,0
ILLINOIS,WASHINGTON,2025-07-24,Excessive Heat,1,0.0,0.0,0,0
ILLINOIS,WASHINGTON,2025-07-25,Excessive Heat,1,0.0,0.0,0,0
ILLINOIS,WASHINGTON,2025-07-26,Excessive Heat,1,0.0,0.0,0,0
ILLINOIS,WASHINGTON,2025-07-27,Excessive Heat,1,0.0,0.0,0,0
ILLINOIS,WASHINGTON,2025-07-28,Excessive Heat,1,0.0,0.0,0,0
ILLINOIS,WASHINGTON,2025-07-29,Excessive Heat,1,0.0,0.0,0,0
ILLINOIS,WASHINGTON,2025-07-30,Excessive Heat,1,0.0,0.0,0,0
ILLINOIS,WASHINGTON,2025-11-29,Winter Storm,1,0.0,0.0,0,0
ILLINOIS,WAYNE,2010-08-03,Excessive Heat,1,0.0,0.0,0,0
ILLINOIS,WAYNE,2010-08-04,Excessive Heat,1,0.0,0.0,0,0
ILLINOIS,WAYNE,2010-08-09,Excessive Heat,1,0.0,0.0,0,0
ILLINOIS,WAYNE,2010-08-10,Excessive Heat,1,0.0,0.0,0,0
ILLINOIS,WAYNE,2010-08-11,Excessive Heat,1,0.0,0.0,0,0
ILLINOIS,WAYNE,2010-08-12,Excessive Heat,1,0.0,0.0,0,0
ILLINOIS,WAYNE,2010-08-13,Excessive Heat,1,0.0,0.0,0,0
ILLINOIS,WAYNE,2010-08-14,Excessive Heat,1,0.0,0.0,0,0
ILLINOIS,WAYNE,2010-08-15,Excessive Heat,1,0.0,0.0,0,0
ILLINOIS,WAYNE,2011-01-20,Winter Storm,1,0.0,0.0,0,0
ILLINOIS,WAYNE,2011-04-24,Flood,1,0.0,0.0,0,0
ILLINOIS,WAYNE,2011-04-25,Flood,1,0.0,0.0,0,0
ILLINOIS,WAYNE,2011-04-26,Flood,1,0.0,0.0,0,0
ILLINOIS,WAYNE,2011-04-27,Flood,1,0.0,0.0,0,0
ILLINOIS,WAYNE,2011-04-28,Flood,1,0.0,0.0,0,0
ILLINOIS,WAYNE,2011-04-29,Flood,1,0.0,0.0,0,0
ILLINOIS,WAYNE,2011-04-30,Flood,1,0.0,0.0,0,0
ILLINOIS,WAYNE,2011-05-01,Flood,1,30000.0,0.0,0,0
ILLINOIS,WAYNE,2011-05-02,Flood,1,30000.0,0.0,0,0
ILLINOIS,WAYNE,2011-05-03,Flood,1,30000.0,0.0,0,0
ILLINOIS,WAYNE,2011-05-04,Flood,1,30000.0,0.0,0,0
ILLINOIS,WAYNE,2011-05-05,Flood,1,30000.0,0.0,0,0
ILLINOIS,WAYNE,2011-05-06,Flood,1,30000.0,0.0,0,0
ILLINOIS,WAYNE,2011-05-07,Flood,1,30000.0,0.0,0,0
ILLINOIS,WAYNE,2011-05-08,Flood,1,30000.0,0.0,0,0
ILLINOIS,WAYNE,2011-05-09,Flood,1,30000.0,0.0,0,0
ILLINOIS,WAYNE,2011-05-10,Flood,1,30000.0,0.0,0,0
ILLINOIS,WAYNE,2011-07-09,Flood,1,0.0,10000.0,0,0
ILLINOIS,WAYNE,2011-07-10,Excessive Heat,1,0.0,0.0,0,0
ILLINOIS,WAYNE,2011-07-10,Flood,1,0.0,10000.0,0,0
ILLINOIS,WAYNE,2011-07-11,Excessive Heat,1,0.0,0.0,0,0
ILLINOIS,WAYNE,2011-07-12,Excessive Heat,1,0.0,0.0,0,0
ILLINOIS,WAYNE,2011-07-19,Excessive Heat,1,0.0,0.0,0,0
ILLINOIS,WAYNE,2011-07-20,Excessive Heat,1,0.0,0.0,0,0
ILLINOIS,WAYNE,2011-07-21,Excessive Heat,1,0.0,0.0,0,0
ILLINOIS,WAYNE,2011-07-22,Excessive Heat,1,0.0,0.0,0,0
ILLINOIS,WAYNE,2011-07-23,Excessive Heat,1,0.0,0.0,0,0
ILLINOIS,WAYNE,2011-07-24,Excessive Heat,1,0.0,0.0,0,0
ILLINOIS,WAYNE,2012-07-01,Excessive Heat,1,0.0,0.0,0,0
ILLINOIS,WAYNE,2012-07-02,Excessive Heat,1,0.0,0.0,0,0
ILLINOIS,WAYNE,2012-07-03,Excessive Heat,1,0.0,0.0,0,0
ILLINOIS,WAYNE,2012-07-04,Excessive Heat,1,0.0,0.0,0,0
ILLINOIS,WAYNE,2012-07-05,Excessive Heat,1,0.0,0.0,0,0
ILLINOIS,WAYNE,2012-07-06,Excessive Heat,1,0.0,0.0,0,0
ILLINOIS,WAYNE,2012-07-07,Excessive Heat,1,0.0,0.0,0,0
ILLINOIS,WAYNE,2012-07-08,Excessive Heat,1,0.0,0.0,0,0
ILLINOIS,WAYNE,2012-12-26,Winter Storm,1,0.0,0.0,0,0
ILLINOIS,WAYNE,2012-12-28,Winter Storm,1,0.0,0.0,0,0
ILLINOIS,WAYNE,2012-12-29,Winter Storm,1,0.0,0.0,0,0
ILLINOIS,WAYNE,2013-01-13,Flood,1,0.0,0.0,0,0
ILLINOIS,WAYNE,2013-01-14,Flood,1,0.0,0.0,0,0
ILLINOIS,WAYNE,2013-01-15,Flood,1,0.0,0.0,0,0
ILLINOIS,WAYNE,2013-01-16,Flood,1,0.0,0.0,0,0
ILLINOIS,WAYNE,2013-03-19,Flood,1,0.0,0.0,0,0
ILLINOIS,WAYNE,2013-04-20,Flood,1,0.0,0.0,0,0
ILLINOIS,WAYNE,2013-04-21,Flood,1,0.0,0.0,0,0
ILLINOIS,WAYNE,2013-06-01,Flood,1,5000.0,0.0,0,0
ILLINOIS,WAYNE,2013-06-02,Flood,1,5000.0,0.0,0,0
ILLINOIS,WAYNE,2013-06-03,Flood,1,5000.0,0.0,0,0
ILLINOIS,WAYNE,2013-06-04,Flood,1,5000.0,0.0,0,0
ILLINOIS,WAYNE,2013-07-01,Flood,1,0.0,0.0,0,0
ILLINOIS,WAYNE,2013-07-02,Flood,1,0.0,0.0,0,0
ILLINOIS,WAYNE,2013-07-03,Flood,1,0.0,30000.0,0,0
ILLINOIS,WAYNE,2013-07-04,Flood,1,0.0,30000.0,0,0
ILLINOIS,WAYNE,2013-07-05,Flood,1,0.0,0.0,0,0
ILLINOIS,WAYNE,2013-12-05,Winter Storm,1,0.0,0.0,0,0
ILLINOIS,WAYNE,2013-12-06,Winter Storm,1,0.0,0.0,0,0
ILLINOIS,WAYNE,2013-12-21,Flood,1,2000.0,0.0,0,0
ILLINOIS,WAYNE,2013-12-22,Flood,1,2000.0,0.0,0,0
ILLINOIS,WAYNE,2013-12-24,Flood,1,20000.0,0.0,0,1
ILLINOIS,WAYNE,2013-12-25,Flood,1,20000.0,0.0,0,1
ILLINOIS,WAYNE,2013-12-26,Flood,1,20000.0,0.0,0,1
ILLINOIS,WAYNE,2013-12-27,Flood,1,20000.0,0.0,0,1
ILLINOIS,WAYNE,2013-12-28,Flood,1,20000.0,0.0,0,1
ILLINOIS,WAYNE,2013-12-29,Flood,1,20000.0,0.0,0,1
ILLINOIS,WAYNE,2013-12-30,Flood,1,20000.0,0.0,0,1
ILLINOIS,WAYNE,2013-12-31,Flood,1,20000.0,0.0,0,1
ILLINOIS,WAYNE,2014-01-05,Winter Storm,1,0.0,0.0,0,0
ILLINOIS,WAYNE,2014-02-04,Winter Storm,1,0.0,0.0,0,0
ILLINOIS,WAYNE,2014-03-02,Winter Storm,1,0.0,0.0,0,0
ILLINOIS,WAYNE,2014-03-03,Winter Storm,1,0.0,0.0,0,0
ILLINOIS,WAYNE,2014-04-04,Flood,1,10000.0,10000.0,0,0
ILLINOIS,WAYNE,2014-04-05,Flood,1,10000.0,10000.0,0,0
ILLINOIS,WAYNE,2014-04-06,Flood,1,10000.0,10000.0,0,0
ILLINOIS,WAYNE,2014-04-07,Flood,1,10000.0,10000.0,0,0
ILLINOIS,WAYNE,2015-02-20,Winter Storm,1,0.0,0.0,0,0
ILLINOIS,WAYNE,2015-02-21,Winter Storm,1,0.0,0.0,0,0
ILLINOIS,WAYNE,2015-03-04,Winter Storm,1,0.0,0.0,0,0
ILLINOIS,WAYNE,2015-03-13,Flood,1,0.0,0.0,0,0
ILLINOIS,WAYNE,2015-03-14,Flood,1,0.0,0.0,0,0
ILLINOIS,WAYNE,2015-03-15,Flood,1,0.0,0.0,0,0
ILLINOIS,WAYNE,2015-06-09,Flood,1,0.0,0.0,0,0
ILLINOIS,WAYNE,2015-06-10,Flood,1,0.0,0.0,0,0
ILLINOIS,WAYNE,2015-06-20,Flood,1,3000.0,0.0,0,0
ILLINOIS,WAYNE,2015-06-21,Flood,1,3000.0,0.0,0,0
ILLINOIS,WAYNE,2015-06-22,Flood,1,3000.0,0.0,0,0
ILLINOIS,WAYNE,2015-06-23,Flood,1,3000.0,0.0,0,0
ILLINOIS,WAYNE,2015-12-27,Flood,1,5000.0,0.0,0,0
ILLINOIS,WAYNE,2015-12-28,Flood,1,5000.0,0.0,0,0
ILLINOIS,WAYNE,2015-12-29,Flood,1,5000.0,0.0,0,0
ILLINOIS,WAYNE,2015-12-30,Flood,1,5000.0,0.0,0,0
ILLINOIS,WAYNE,2015-12-31,Flood,1,5000.0,0.0,0,0
ILLINOIS,WAYNE,2016-08-15,Flood,1,0.0,0.0,0,0
ILLINOIS,WAYNE,2016-08-16,Flood,1,0.0,0.0,0,0
ILLINOIS,WAYNE,2016-08-17,Flood,1,0.0,0.0,0,0
ILLINOIS,WAYNE,2016-08-18,Flood,1,0.0,0.0,0,0
ILLINOIS,WAYNE,2017-04-30,Flood,1,0.0,0.0,0,0
ILLINOIS,WAYNE,2017-05-01,Flood,1,80000.0,20000.0,0,0
ILLINOIS,WAYNE,2017-05-02,Flood,1,80000.0,20000.0,0,0
ILLINOIS,WAYNE,2017-05-03,Flood,1,80000.0,20000.0,0,0
ILLINOIS,WAYNE,2017-05-04,Flood,1,80000.0,20000.0,0,0
ILLINOIS,WAYNE,2017-05-05,Flood,1,80000.0,20000.0,0,0
ILLINOIS,WAYNE,2017-06-04,Flood,1,0.0,0.0,0,0
ILLINOIS,WAYNE,2017-07-19,Excessive Heat,1,0.0,0.0,0,0
ILLINOIS,WAYNE,2017-07-20,Excessive Heat,1,0.0,0.0,0,0
ILLINOIS,WAYNE,2017-07-21,Excessive Heat,1,0.0,0.0,0,0
ILLINOIS,WAYNE,2017-07-22,Excessive Heat,1,0.0,0.0,0,0
ILLINOIS,WAYNE,2018-01-11,Winter Storm,1,0.0,0.0,0,0
ILLINOIS,WAYNE,2018-01-12,Winter Storm,1,0.0,0.0,0,0
ILLINOIS,WAYNE,2018-02-25,Flood,1,0.0,0.0,0,0
ILLINOIS,WAYNE,2018-02-26,Flood,1,0.0,0.0,0,0
ILLINOIS,WAYNE,2018-02-27,Flood,1,0.0,0.0,0,0
ILLINOIS,WAYNE,2018-03-29,Flood,1,0.0,0.0,0,0
ILLINOIS,WAYNE,2018-03-30,Flood,1,0.0,0.0,0,0
ILLINOIS,WAYNE,2018-03-31,Flood,1,0.0,0.0,0,0
ILLINOIS,WAYNE,2018-06-12,Flood,1,0.0,0.0,0,0
ILLINOIS,WAYNE,2018-07-05,Excessive Heat,1,0.0,0.0,0,0
ILLINOIS,WAYNE,2018-09-08,Flood,1,0.0,10000.0,0,0
ILLINOIS,WAYNE,2018-09-09,Flood,1,0.0,10000.0,0,0
ILLINOIS,WAYNE,2018-09-10,Flood,1,0.0,10000.0,0,0
ILLINOIS,WAYNE,2019-02-07,Flood,1,0.0,0.0,0,0
ILLINOIS,WAYNE,2019-02-08,Flood,1,0.0,0.0,0,0
ILLINOIS,WAYNE,2019-02-09,Flood,1,0.0,0.0,0,0
ILLINOIS,WAYNE,2019-02-10,Flood,1,0.0,0.0,0,0
ILLINOIS,WAYNE,2019-05-29,Flood,1,0.0,0.0,0,0
ILLINOIS,WAYNE,2019-07-18,Excessive Heat,1,0.0,0.0,0,0
ILLINOIS,WAYNE,2019-07-19,Excessive Heat,1,0.0,0.0,0,0
ILLINOIS,WAYNE,2019-07-20,Excessive Heat,1,0.0,0.0,0,0
ILLINOIS,WAYNE,2019-07-21,Excessive Heat,1,0.0,0.0,0,0
ILLINOIS,WAYNE,2019-11-30,Flood,1,0.0,0.0,0,0
ILLINOIS,WAYNE,2019-12-01,Flood,1,0.0,0.0,0,0
ILLINOIS,WAYNE,2019-12-02,Flood,1,0.0,0.0,0,0
ILLINOIS,WAYNE,2020-01-11,Flood,1,0.0,0.0,0,0
ILLINOIS,WAYNE,2020-01-12,Flood,1,0.0,0.0,0,0
ILLINOIS,WAYNE,2020-01-13,Flood,1,0.0,0.0,0,0
ILLINOIS,WAYNE,2020-01-14,Flood,1,0.0,0.0,0,0
ILLINOIS,WAYNE,2020-03-20,Flood,1,5000.0,0.0,0,0
ILLINOIS,WAYNE,2020-03-21,Flood,1,5000.0,0.0,0,0
ILLINOIS,WAYNE,2020-03-22,Flood,1,5000.0,0.0,0,0
ILLINOIS,WAYNE,2021-02-14,Winter Storm,1,0.0,0.0,0,0
ILLINOIS,WAYNE,2021-02-15,Winter Storm,1,0.0,0.0,0,0
ILLINOIS,WAYNE,2021-03-18,Flood,1,2000.0,0.0,0,0
ILLINOIS,WAYNE,2021-03-19,Flood,1,2000.0,0.0,0,0
ILLINOIS,WAYNE,2021-03-20,Flood,1,2000.0,0.0,0,0
ILLINOIS,WAYNE,2022-02-02,Winter Storm,1,0.0,0.0,0,0
ILLINOIS,WAYNE,2022-02-03,Winter Storm,1,0.0,0.0,0,0
ILLINOIS,WAYNE,2022-02-18,Flood,1,0.0,0.0,0,0
ILLINOIS,WAYNE,2022-02-19,Flood,1,0.0,0.0,0,0
ILLINOIS,WAYNE,2022-02-20,Flood,1,0.0,0.0,0,0
ILLINOIS,WAYNE,2022-04-24,Flood,1,0.0,0.0,0,0
ILLINOIS,WAYNE,2022-06-13,Excessive Heat,1,0.0,0.0,0,0
ILLINOIS,WAYNE,2022-06-14,Excessive Heat,1,0.0,0.0,0,0
ILLINOIS,WAYNE,2022-06-15,Excessive Heat,1,0.0,0.0,0,0
ILLINOIS,WAYNE,2022-06-16,Excessive Heat,1,0.0,0.0,0,0
ILLINOIS,WAYNE,2022-07-04,Excessive Heat,1,0.0,0.0,0,0
ILLINOIS,WAYNE,2022-07-05,Excessive Heat,1,0.0,0.0,0,0
ILLINOIS,WAYNE,2022-07-06,Excessive Heat,1,0.0,0.0,0,0
ILLINOIS,WAYNE,2022-07-20,Excessive Heat,1,0.0,0.0,0,0
ILLINOIS,WAYNE,2022-07-22,Excessive Heat,1,0.0,0.0,0,0
ILLINOIS,WAYNE,2022-07-23,Excessive Heat,1,0.0,0.0,0,0
ILLINOIS,WAYNE,2022-07-24,Excessive Heat,1,0.0,0.0,0,0
ILLINOIS,WAYNE,2023-01-18,Flood,1,0.0,0.0,0,0
ILLINOIS,WAYNE,2023-03-04,Flood,1,0.0,0.0,0,0
ILLINOIS,WAYNE,2023-03-05,Flood,1,0.0,0.0,0,0
ILLINOIS,WAYNE,2023-03-25,Flood,1,0.0,0.0,0,0
ILLINOIS,WAYNE,2023-03-26,Flood,1,0.0,0.0,0,0
ILLINOIS,WAYNE,2023-03-27,Flood,1,0.0,0.0,0,0
ILLINOIS,WAYNE,2023-06-30,Excessive Heat,1,0.0,0.0,0,0
ILLINOIS,WAYNE,2023-07-27,Excessive Heat,1,0.0,0.0,0,0
ILLINOIS,WAYNE,2023-07-28,Excessive Heat,1,0.0,0.0,0,0
ILLINOIS,WAYNE,2023-08-20,Excessive Heat,1,0.0,0.0,0,0
ILLINOIS,WAYNE,2023-08-21,Excessive Heat,1,0.0,0.0,0,0
ILLINOIS,WAYNE,2023-08-22,Excessive Heat,1,0.0,0.0,0,0
ILLINOIS,WAYNE,2023-08-23,Excessive Heat,1,0.0,0.0,0,0
ILLINOIS,WAYNE,2023-08-24,Excessive Heat,1,0.0,0.0,0,0
ILLINOIS,WAYNE,2023-08-25,Excessive Heat,1,0.0,0.0,0,0
ILLINOIS,WAYNE,2024-07-16,Flood,1,0.0,0.0,0,0
ILLINOIS,WAYNE,2024-07-28,Flood,1,0.0,0.0,0,0
ILLINOIS,WAYNE,2024-08-01,Flood,1,0.0,0.0,0,0
ILLINOIS,WAYNE,2025-01-05,Winter Storm,1,0.0,0.0,0,0
ILLINOIS,WAYNE,2025-01-06,Winter Storm,1,0.0,0.0,0,0
ILLINOIS,WAYNE,2025-07-19,Flood,1,10000.0,0.0,0,0
ILLINOIS,WHITE,2010-01-01,Flood,1,0.0,0.0,0,0
ILLINOIS,WHITE,2010-01-02,Flood,1,0.0,0.0,0,0
ILLINOIS,WHITE,2010-01-03,Flood,1,0.0,0.0,0,0
ILLINOIS,WHITE,2010-01-04,Flood,1,0.0,0.0,0,0
ILLINOIS,WHITE,2010-01-05,Flood,1,0.0,0.0,0,0
ILLINOIS,WHITE,2010-01-06,Flood,1,0.0,0.0,0,0
ILLINOIS,WHITE,2010-01-07,Flood,1,0.0,0.0,0,0
ILLINOIS,WHITE,2010-06-21,Flood,1,0.0,4000.0,0,0
ILLINOIS,WHITE,2010-06-22,Flood,1,0.0,4000.0,0,0
ILLINOIS,WHITE,2010-06-23,Flood,1,0.0,4000.0,0,0
ILLINOIS,WHITE,2010-06-24,Flood,1,0.0,4000.0,0,0
ILLINOIS,WHITE,2010-06-25,Flood,1,0.0,4000.0,0,0
ILLINOIS,WHITE,2010-06-26,Flood,1,0.0,4000.0,0,0
ILLINOIS,WHITE,2010-06-27,Flood,1,0.0,4000.0,0,0
ILLINOIS,WHITE,2010-06-28,Flood,1,0.0,4000.0,0,0
ILLINOIS,WHITE,2010-06-29,Flood,1,0.0,4000.0,0,0
ILLINOIS,WHITE,2010-06-30,Flood,1,0.0,4000.0,0,0
ILLINOIS,WHITE,2010-07-01,Flood,1,0.0,0.0,0,0
ILLINOIS,WHITE,2010-07-02,Flood,1,0.0,0.0,0,0
ILLINOIS,WHITE,2010-07-03,Flood,1,0.0,0.0,0,0
ILLINOIS,WHITE,2010-07-04,Flood,1,0.0,0.0,0,0
ILLINOIS,WHITE,2010-07-05,Flood,1,0.0,0.0,0,0
ILLINOIS,WHITE,2010-08-03,Excessive Heat,1,0.0,0.0,0,0
ILLINOIS,WHITE,2010-08-04,Excessive Heat,1,0.0,0.0,0,0
ILLINOIS,WHITE,2010-08-09,Excessive Heat,1,0.0,0.0,0,0
ILLINOIS,WHITE,2010-08-10,Excessive Heat,1,0.0,0.0,0,0
ILLINOIS,WHITE,2010-08-11,Excessive Heat,1,0.0,0.0,0,0
ILLINOIS,WHITE,2010-08-12,Excessive Heat,1,0.0,0.0,0,0
ILLINOIS,WHITE,2010-08-13,Excessive Heat,1,0.0,0.0,0,0
ILLINOIS,WHITE,2010-08-14,Excessive Heat,1,0.0,0.0,0,0
ILLINOIS,WHITE,2010-08-15,Excessive Heat,1,0.0,0.0,0,0
ILLINOIS,WHITE,2011-01-20,Winter Storm,1,0.0,0.0,0,0
ILLINOIS,WHITE,2011-02-28,Flood,1,0.0,0.0,0,0
ILLINOIS,WHITE,2011-03-01,Flood,1,0.0,0.0,0,0
ILLINOIS,WHITE,2011-03-02,Flood,1,0.0,0.0,0,0
ILLINOIS,WHITE,2011-03-03,Flood,1,0.0,0.0,0,0
ILLINOIS,WHITE,2011-03-04,Flood,1,0.0,0.0,0,0
ILLINOIS,WHITE,2011-03-05,Flood,1,0.0,0.0,0,0
ILLINOIS,WHITE,2011-03-06,Flood,1,0.0,0.0,0,0
ILLINOIS,WHITE,2011-03-07,Flood,1,0.0,0.0,0,0
ILLINOIS,WHITE,2011-03-08,Flood,1,0.0,0.0,0,0
ILLINOIS,WHITE,2011-03-09,Flood,1,0.0,0.0,0,0
ILLINOIS,WHITE,2011-03-10,Flood,1,0.0,0.0,0,0
ILLINOIS,WHITE,2011-03-11,Flood,1,0.0,0.0,0,0
ILLINOIS,WHITE,2011-03-12,Flood,1,0.0,0.0,0,0
ILLINOIS,WHITE,2011-03-13,Flood,1,0.0,0.0,0,0
ILLINOIS,WHITE,2011-03-14,Flood,1,0.0,0.0,0,0
ILLINOIS,WHITE,2011-03-15,Flood,1,0.0,0.0,0,0
ILLINOIS,WHITE,2011-03-16,Flood,1,0.0,0.0,0,0
ILLINOIS,WHITE,2011-03-17,Flood,1,0.0,0.0,0,0
ILLINOIS,WHITE,2011-03-18,Flood,1,0.0,0.0,0,0
ILLINOIS,WHITE,2011-03-19,Flood,1,0.0,0.0,0,0
ILLINOIS,WHITE,2011-03-20,Flood,1,0.0,0.0,0,0
ILLINOIS,WHITE,2011-03-21,Flood,1,0.0,0.0,0,0
ILLINOIS,WHITE,2011-03-22,Flood,1,0.0,0.0,0,0
ILLINOIS,WHITE,2011-03-23,Flood,1,0.0,0.0,0,0
ILLINOIS,WHITE,2011-03-24,Flood,1,0.0,0.0,0,0
ILLINOIS,WHITE,2011-03-25,Flood,1,0.0,0.0,0,0
ILLINOIS,WHITE,2011-03-26,Flood,1,0.0,0.0,0,0
ILLINOIS,WHITE,2011-04-22,Flood,1,10000.0,0.0,0,0
ILLINOIS,WHITE,2011-04-23,Flood,1,10000.0,0.0,0,0
ILLINOIS,WHITE,2011-04-24,Flood,1,20000.0,0.0,0,0
ILLINOIS,WHITE,2011-04-25,Flood,1,20000.0,0.0,0,0
ILLINOIS,WHITE,2011-04-26,Flood,1,20000.0,0.0,0,0
ILLINOIS,WHITE,2011-04-27,Flood,1,20000.0,0.0,0,0
ILLINOIS,WHITE,2011-04-28,Flood,1,20000.0,0.0,0,0
ILLINOIS,WHITE,2011-04-29,Flood,1,20000.0,0.0,0,0
ILLINOIS,WHITE,2011-04-30,Flood,1,20000.0,0.0,0,0
ILLINOIS,WHITE,2011-05-01,Flood,1,980000.0,0.0,0,0
ILLINOIS,WHITE,2011-05-02,Flood,1,980000.0,0.0,0,0
ILLINOIS,WHITE,2011-05-03,Flood,1,980000.0,0.0,0,0
ILLINOIS,WHITE,2011-05-04,Flood,1,980000.0,0.0,0,0
ILLINOIS,WHITE,2011-05-05,Flood,1,980000.0,0.0,0,0
ILLINOIS,WHITE,2011-05-06,Flood,1,980000.0,0.0,0,0
ILLINOIS,WHITE,2011-05-07,Flood,1,980000.0,0.0,0,0
ILLINOIS,WHITE,2011-05-08,Flood,1,980000.0,0.0,0,0
ILLINOIS,WHITE,2011-05-09,Flood,1,980000.0,0.0,0,0
ILLINOIS,WHITE,2011-05-10,Flood,1,980000.0,0.0,0,0
ILLINOIS,WHITE,2011-05-11,Flood,1,950000.0,0.0,0,0
ILLINOIS,WHITE,2011-05-12,Flood,1,950000.0,0.0,0,0
ILLINOIS,WHITE,2011-05-13,Flood,1,950000.0,0.0,0,0
ILLINOIS,WHITE,2011-05-14,Flood,1,950000.0,0.0,0,0
ILLINOIS,WHITE,2011-05-15,Flood,1,950000.0,0.0,0,0
ILLINOIS,WHITE,2011-05-16,Flood,1,950000.0,0.0,0,0
ILLINOIS,WHITE,2011-05-17,Flood,1,950000.0,0.0,0,0
ILLINOIS,WHITE,2011-05-18,Flood,1,950000.0,0.0,0,0
ILLINOIS,WHITE,2011-05-19,Flood,1,950000.0,0.0,0,0
ILLINOIS,WHITE,2011-05-20,Flood,1,950000.0,0.0,0,0
ILLINOIS,WHITE,2011-05-21,Flood,1,950000.0,0.0,0,0
ILLINOIS,WHITE,2011-05-22,Flood,1,950000.0,0.0,0,0
ILLINOIS,WHITE,2011-05-23,Flood,1,950000.0,0.0,0,0
ILLINOIS,WHITE,2011-05-24,Flood,1,950000.0,0.0,0,0
ILLINOIS,WHITE,2011-05-25,Flood,1,950000.0,0.0,0,0
ILLINOIS,WHITE,2011-05-26,Flood,1,950000.0,0.0,0,0
ILLINOIS,WHITE,2011-06-01,Flood,1,0.0,0.0,0,0
ILLINOIS,WHITE,2011-06-02,Flood,1,0.0,0.0,0,0
ILLINOIS,WHITE,2011-06-03,Flood,1,0.0,0.0,0,0
ILLINOIS,WHITE,2011-06-04,Flood,1,0.0,0.0,0,0
ILLINOIS,WHITE,2011-06-05,Flood,1,0.0,0.0,0,0
ILLINOIS,WHITE,2011-06-06,Flood,1,0.0,0.0,0,0
ILLINOIS,WHITE,2011-06-07,Flood,1,0.0,0.0,0,0
ILLINOIS,WHITE,2011-06-26,Flood,1,0.0,0.0,0,0
ILLINOIS,WHITE,2011-06-27,Flood,1,0.0,20000.0,0,0
ILLINOIS,WHITE,2011-06-28,Flood,1,0.0,20000.0,0,0
ILLINOIS,WHITE,2011-06-29,Flood,1,0.0,20000.0,0,0
ILLINOIS,WHITE,2011-06-30,Flood,1,0.0,20000.0,0,0
ILLINOIS,WHITE,2011-07-01,Flood,1,0.0,0.0,0,0
ILLINOIS,WHITE,2011-07-02,Flood,1,0.0,0.0,0,0
ILLINOIS,WHITE,2011-07-03,Flood,1,0.0,0.0,0,0
ILLINOIS,WHITE,2011-07-04,Flood,1,0.0,0.0,0,0
ILLINOIS,WHITE,2011-07-05,Flood,1,0.0,0.0,0,0
ILLINOIS,WHITE,2011-07-06,Flood,1,0.0,0.0,0,0
ILLINOIS,WHITE,2011-07-07,Flood,1,0.0,0.0,0,0
ILLINOIS,WHITE,2011-07-08,Flood,1,0.0,0.0,0,0
ILLINOIS,WHITE,2011-07-09,Flood,1,0.0,0.0,0,0
ILLINOIS,WHITE,2011-07-10,Excessive Heat,1,0.0,0.0,0,0
ILLINOIS,WHITE,2011-07-10,Flood,1,0.0,0.0,0,0
ILLINOIS,WHITE,2011-07-11,Excessive Heat,1,0.0,0.0,0,0
ILLINOIS,WHITE,2011-07-11,Flood,1,0.0,0.0,0,0
ILLINOIS,WHITE,2011-07-12,Excessive Heat,1,0.0,0.0,0,0
ILLINOIS,WHITE,2011-07-12,Flood,1,0.0,0.0,0,0
ILLINOIS,WHITE,2011-07-13,Flood,1,0.0,0.0,0,0
ILLINOIS,WHITE,2011-07-14,Flood,1,0.0,0.0,0,0
ILLINOIS,WHITE,2011-07-15,Flood,1,0.0,0.0,0,0
ILLINOIS,WHITE,2011-07-16,Flood,1,0.0,0.0,0,0
ILLINOIS,WHITE,2011-07-17,Flood,1,0.0,0.0,0,0
ILLINOIS,WHITE,2011-07-18,Flood,1,0.0,0.0,0,0
ILLINOIS,WHITE,2011-07-19,Excessive Heat,1,0.0,0.0,0,0
ILLINOIS,WHITE,2011-07-19,Flood,1,0.0,0.0,0,0
ILLINOIS,WHITE,2011-07-20,Excessive Heat,1,0.0,0.0,0,0
ILLINOIS,WHITE,2011-07-21,Excessive Heat,1,0.0,0.0,0,0
ILLINOIS,WHITE,2011-07-22,Excessive Heat,1,0.0,0.0,0,0
ILLINOIS,WHITE,2011-07-23,Excessive Heat,1,0.0,0.0,0,0
ILLINOIS,WHITE,2011-07-24,Excessive Heat,1,0.0,0.0,0,0
ILLINOIS,WHITE,2011-08-03,Excessive Heat,1,0.0,0.0,0,0
ILLINOIS,WHITE,2011-12-01,Flood,1,1000.0,0.0,0,0
ILLINOIS,WHITE,2011-12-02,Flood,1,1000.0,0.0,0,0
ILLINOIS,WHITE,2011-12-03,Flood,1,1000.0,0.0,0,0
ILLINOIS,WHITE,2011-12-04,Flood,1,1000.0,0.0,0,0
ILLINOIS,WHITE,2011-12-05,Flood,1,1000.0,0.0,0,0
ILLINOIS,WHITE,2011-12-06,Flood,1,1000.0,0.0,0,0
ILLINOIS,WHITE,2011-12-07,Flood,1,1000.0,0.0,0,0
ILLINOIS,WHITE,2011-12-08,Flood,1,1000.0,0.0,0,0
ILLINOIS,WHITE,2011-12-09,Flood,1,1000.0,0.0,0,0
ILLINOIS,WHITE,2011-12-10,Flood,1,1000.0,0.0,0,0
ILLINOIS,WHITE,2011-12-11,Flood,1,1000.0,0.0,0,0
ILLINOIS,WHITE,2011-12-12,Flood,1,1000.0,0.0,0,0
ILLINOIS,WHITE,2011-12-13,Flood,1,1000.0,0.0,0,0
ILLINOIS,WHITE,2011-12-14,Flood,1,1000.0,0.0,0,0
ILLINOIS,WHITE,2011-12-15,Flood,1,1000.0,0.0,0,0
ILLINOIS,WHITE,2011-12-16,Flood,1,1000.0,0.0,0,0
ILLINOIS,WHITE,2011-12-17,Flood,1,1000.0,0.0,0,0
ILLINOIS,WHITE,2011-12-18,Flood,1,1000.0,0.0,0,0
ILLINOIS,WHITE,2011-12-19,Flood,1,1000.0,0.0,0,0
ILLINOIS,WHITE,2011-12-20,Flood,1,1000.0,0.0,0,0
ILLINOIS,WHITE,2011-12-21,Flood,1,1000.0,0.0,0,0
ILLINOIS,WHITE,2011-12-22,Flood,1,1000.0,0.0,0,0
ILLINOIS,WHITE,2011-12-23,Flood,1,1000.0,0.0,0,0
ILLINOIS,WHITE,2011-12-24,Flood,1,0.0,0.0,0,0
ILLINOIS,WHITE,2011-12-25,Flood,1,0.0,0.0,0,0
ILLINOIS,WHITE,2011-12-26,Flood,1,0.0,0.0,0,0
ILLINOIS,WHITE,2011-12-27,Flood,1,0.0,0.0,0,0
ILLINOIS,WHITE,2011-12-28,Flood,1,0.0,0.0,0,0
ILLINOIS,WHITE,2011-12-29,Flood,1,0.0,0.0,0,0
ILLINOIS,WHITE,2011-12-30,Flood,1,0.0,0.0,0,0
ILLINOIS,WHITE,2011-12-31,Flood,1,0.0,0.0,0,0
ILLINOIS,WHITE,2012-01-01,Flood,1,0.0,0.0,0,0
ILLINOIS,WHITE,2012-01-23,Flood,1,1000.0,0.0,0,0
ILLINOIS,WHITE,2012-01-24,Flood,1,1000.0,0.0,0,0
ILLINOIS,WHITE,2012-01-25,Flood,1,1000.0,0.0,0,0
ILLINOIS,WHITE,2012-01-26,Flood,1,1000.0,0.0,0,0
ILLINOIS,WHITE,2012-01-27,Flood,1,1000.0,0.0,0,0
ILLINOIS,WHITE,2012-01-28,Flood,1,1000.0,0.0,0,0
ILLINOIS,WHITE,2012-01-29,Flood,1,1000.0,0.0,0,0
ILLINOIS,WHITE,2012-01-30,Flood,1,1000.0,0.0,0,0
ILLINOIS,WHITE,2012-01-31,Flood,1,1000.0,0.0,0,0
ILLINOIS,WHITE,2012-02-01,Flood,1,1000.0,0.0,0,0
ILLINOIS,WHITE,2012-02-02,Flood,1,1000.0,0.0,0,0
ILLINOIS,WHITE,2012-02-03,Flood,1,1000.0,0.0,0,0
ILLINOIS,WHITE,2012-02-04,Flood,1,1000.0,0.0,0,0
ILLINOIS,WHITE,2012-02-05,Flood,1,1000.0,0.0,0,0
ILLINOIS,WHITE,2012-02-06,Flood,1,1000.0,0.0,0,0
ILLINOIS,WHITE,2012-02-07,Flood,1,1000.0,0.0,0,0
ILLINOIS,WHITE,2012-02-08,Flood,1,1000.0,0.0,0,0
ILLINOIS,WHITE,2012-07-01,Excessive Heat,1,0.0,0.0,0,0
ILLINOIS,WHITE,2012-07-02,Excessive Heat,1,0.0,0.0,0,0
ILLINOIS,WHITE,2012-07-03,Excessive Heat,1,0.0,0.0,0,0
ILLINOIS,WHITE,2012-07-04,Excessive Heat,1,0.0,0.0,0,0
ILLINOIS,WHITE,2012-07-05,Excessive Heat,1,0.0,0.0,0,0
ILLINOIS,WHITE,2012-07-06,Excessive Heat,1,0.0,0.0,0,0
ILLINOIS,WHITE,2012-07-07,Excessive Heat,1,0.0,0.0,0,0
ILLINOIS,WHITE,2012-07-08,Excessive Heat,1,0.0,0.0,0,0
ILLINOIS,WHITE,2012-12-26,Winter Storm,1,0.0,0.0,0,0
ILLINOIS,WHITE,2012-12-28,Winter Storm,1,0.0,0.0,0,0
ILLINOIS,WHITE,2012-12-29,Winter Storm,1,0.0,0.0,0,0
ILLINOIS,WHITE,2013-01-17,Flood,1,0.0,0.0,0,0
ILLINOIS,WHITE,2013-01-18,Flood,1,0.0,0.0,0,0
ILLINOIS,WHITE,2013-01-19,Flood,1,0.0,0.0,0,0
ILLINOIS,WHITE,2013-01-20,Flood,1,0.0,0.0,0,0
ILLINOIS,WHITE,2013-01-21,Flood,1,0.0,0.0,0,0
ILLINOIS,WHITE,2013-01-22,Flood,1,0.0,0.0,0,0
ILLINOIS,WHITE,2013-01-23,Flood,1,0.0,0.0,0,0
ILLINOIS,WHITE,2013-01-24,Flood,1,0.0,0.0,0,0
ILLINOIS,WHITE,2013-01-25,Flood,1,0.0,0.0,0,0
ILLINOIS,WHITE,2013-01-26,Flood,1,0.0,0.0,0,0
ILLINOIS,WHITE,2013-03-19,Flood,1,0.0,0.0,0,0
ILLINOIS,WHITE,2013-03-20,Flood,1,0.0,0.0,0,0
ILLINOIS,WHITE,2013-03-21,Flood,1,0.0,0.0,0,0
ILLINOIS,WHITE,2013-03-22,Flood,1,0.0,0.0,0,0
ILLINOIS,WHITE,2013-03-23,Flood,1,0.0,0.0,0,0
ILLINOIS,WHITE,2013-03-24,Flood,1,0.0,0.0,0,0
ILLINOIS,WHITE,2013-03-25,Flood,1,0.0,0.0,0,0
ILLINOIS,WHITE,2013-03-26,Flood,1,0.0,0.0,0,0
ILLINOIS,WHITE,2013-03-27,Flood,1,0.0,0.0,0,0
ILLINOIS,WHITE,2013-04-21,Flood,1,0.0,0.0,0,0
ILLINOIS,WHITE,2013-04-22,Flood,1,0.0,0.0,0,0
ILLINOIS,WHITE,2013-04-23,Flood,1,0.0,0.0,0,0
ILLINOIS,WHITE,2013-04-24,Flood,1,0.0,0.0,0,0
ILLINOIS,WHITE,2013-04-25,Flood,1,0.0,0.0,0,0
ILLINOIS,WHITE,2013-04-26,Flood,1,0.0,0.0,0,0
ILLINOIS,WHITE,2013-04-27,Flood,1,0.0,0.0,0,0
ILLINOIS,WHITE,2013-04-28,Flood,1,0.0,0.0,0,0
ILLINOIS,WHITE,2013-04-29,Flood,1,0.0,0.0,0,0
ILLINOIS,WHITE,2013-04-30,Flood,1,0.0,0.0,0,0
ILLINOIS,WHITE,2013-05-01,Flood,1,0.0,0.0,0,0
ILLINOIS,WHITE,2013-05-02,Flood,1,0.0,0.0,0,0
ILLINOIS,WHITE,2013-05-03,Flood,1,0.0,0.0,0,0
ILLINOIS,WHITE,2013-05-04,Flood,1,0.0,0.0,0,0
ILLINOIS,WHITE,2013-05-05,Flood,1,0.0,0.0,0,0
ILLINOIS,WHITE,2013-05-06,Flood,1,0.0,0.0,0,0
ILLINOIS,WHITE,2013-05-07,Flood,1,0.0,0.0,0,0
ILLINOIS,WHITE,2013-05-08,Flood,1,0.0,0.0,0,0
ILLINOIS,WHITE,2013-05-09,Flood,1,0.0,0.0,0,0
ILLINOIS,WHITE,2013-05-10,Flood,1,0.0,0.0,0,0
ILLINOIS,WHITE,2013-05-11,Flood,1,0.0,0.0,0,0
ILLINOIS,WHITE,2013-05-12,Flood,1,0.0,0.0,0,0
ILLINOIS,WHITE,2013-05-13,Flood,1,0.0,0.0,0,0
ILLINOIS,WHITE,2013-06-03,Flood,1,2000.0,10000.0,0,0
ILLINOIS,WHITE,2013-06-04,Flood,1,2000.0,10000.0,0,0
ILLINOIS,WHITE,2013-06-05,Flood,1,2000.0,10000.0,0,0
ILLINOIS,WHITE,2013-06-06,Flood,1,2000.0,10000.0,0,0
ILLINOIS,WHITE,2013-06-07,Flood,1,2000.0,10000.0,0,0
ILLINOIS,WHITE,2013-06-08,Flood,1,2000.0,10000.0,0,0
ILLINOIS,WHITE,2013-06-09,Flood,1,2000.0,10000.0,0,0
ILLINOIS,WHITE,2013-06-10,Flood,1,2000.0,10000.0,0,0
ILLINOIS,WHITE,2013-06-11,Flood,1,2000.0,10000.0,0,0
ILLINOIS,WHITE,2013-06-12,Flood,1,2000.0,10000.0,0,0
ILLINOIS,WHITE,2013-06-13,Flood,1,2000.0,10000.0,0,0
ILLINOIS,WHITE,2013-06-14,Flood,1,2000.0,10000.0,0,0
ILLINOIS,WHITE,2013-06-15,Flood,1,2000.0,10000.0,0,0
ILLINOIS,WHITE,2013-06-30,Flood,1,0.0,20000.0,0,0
ILLINOIS,WHITE,2013-07-01,Flood,1,0.0,20000.0,0,0
ILLINOIS,WHITE,2013-07-02,Flood,1,5000.0,20000.0,0,0
ILLINOIS,WHITE,2013-07-03,Flood,1,5000.0,20000.0,0,0
ILLINOIS,WHITE,2013-07-04,Flood,1,5000.0,20000.0,0,0
ILLINOIS,WHITE,2013-07-05,Flood,1,5000.0,20000.0,0,0
ILLINOIS,WHITE,2013-07-06,Flood,1,5000.0,20000.0,0,0
ILLINOIS,WHITE,2013-07-07,Flood,1,5000.0,0.0,0,0
ILLINOIS,WHITE,2013-07-08,Flood,1,5000.0,0.0,0,0
ILLINOIS,WHITE,2013-07-09,Flood,1,5000.0,0.0,0,0
ILLINOIS,WHITE,2013-07-10,Flood,1,5000.0,0.0,0,0
ILLINOIS,WHITE,2013-07-11,Flood,1,5000.0,0.0,0,0
ILLINOIS,WHITE,2013-07-12,Flood,1,5000.0,0.0,0,0
ILLINOIS,WHITE,2013-07-13,Flood,1,5000.0,0.0,0,0
ILLINOIS,WHITE,2013-07-14,Flood,1,5000.0,0.0,0,0
ILLINOIS,WHITE,2013-07-15,Flood,1,5000.0,0.0,0,0
ILLINOIS,WHITE,2013-07-16,Flood,1,5000.0,0.0,0,0
ILLINOIS,WHITE,2013-12-05,Winter Storm,1,0.0,0.0,0,0
ILLINOIS,WHITE,2013-12-06,Winter Storm,1,0.0,0.0,0,0
ILLINOIS,WHITE,2013-12-21,Flood,1,0.0,0.0,0,0
ILLINOIS,WHITE,2013-12-24,Flood,1,2000.0,0.0,0,0
ILLINOIS,WHITE,2013-12-25,Flood,1,2000.0,0.0,0,0
ILLINOIS,WHITE,2013-12-26,Flood,1,2000.0,0.0,0,0
ILLINOIS,WHITE,2013-12-27,Flood,1,2000.0,0.0,0,0
ILLINOIS,WHITE,2013-12-28,Flood,1,2000.0,0.0,0,0
ILLINOIS,WHITE,2013-12-29,Flood,1,2000.0,0.0,0,0
ILLINOIS,WHITE,2013-12-30,Flood,1,2000.0,0.0,0,0
ILLINOIS,WHITE,2013-12-31,Flood,1,2000.0,0.0,0,0
ILLINOIS,WHITE,2014-01-01,Flood,1,0.0,0.0,0,0
ILLINOIS,WHITE,2014-01-02,Flood,1,0.0,0.0,0,0
ILLINOIS,WHITE,2014-01-03,Flood,1,0.0,0.0,0,0
ILLINOIS,WHITE,2014-01-04,Flood,1,0.0,0.0,0,0
ILLINOIS,WHITE,2014-02-04,Winter Storm,1,0.0,0.0,0,0
ILLINOIS,WHITE,2014-02-05,Winter Storm,1,0.0,0.0,0,0
ILLINOIS,WHITE,2014-02-25,Flood,1,0.0,0.0,0,0
ILLINOIS,WHITE,2014-02-26,Flood,1,0.0,0.0,0,0
ILLINOIS,WHITE,2014-02-27,Flood,1,0.0,0.0,0,0
ILLINOIS,WHITE,2014-02-28,Flood,1,0.0,0.0,0,0
ILLINOIS,WHITE,2014-03-01,Flood,1,0.0,0.0,0,0
ILLINOIS,WHITE,2014-03-02,Flood,1,0.0,0.0,0,0
ILLINOIS,WHITE,2014-03-02,Winter Storm,1,0.0,0.0,0,0
ILLINOIS,WHITE,2014-03-03,Flood,1,0.0,0.0,0,0
ILLINOIS,WHITE,2014-03-03,Winter Storm,1,0.0,0.0,0,0
ILLINOIS,WHITE,2014-03-04,Flood,1,0.0,0.0,0,0
ILLINOIS,WHITE,2014-03-05,Flood,1,0.0,0.0,0,0
ILLINOIS,WHITE,2014-04-04,Flood,1,10000.0,10000.0,0,0
ILLINOIS,WHITE,2014-04-05,Flood,1,10000.0,10000.0,0,0
ILLINOIS,WHITE,2014-04-06,Flood,1,10000.0,10000.0,0,0
ILLINOIS,WHITE,2014-04-07,Flood,1,10000.0,10000.0,0,0
ILLINOIS,WHITE,2014-04-08,Flood,1,10000.0,10000.0,0,0
ILLINOIS,WHITE,2014-04-09,Flood,1,10000.0,10000.0,0,0
ILLINOIS,WHITE,2014-04-10,Flood,1,10000.0,10000.0,0,0
ILLINOIS,WHITE,2014-04-11,Flood,1,10000.0,10000.0,0,0
ILLINOIS,WHITE,2014-04-12,Flood,1,10000.0,10000.0,0,0
ILLINOIS,WHITE,2014-04-13,Flood,1,10000.0,10000.0,0,0
ILLINOIS,WHITE,2014-04-14,Flood,1,10000.0,10000.0,0,0
ILLINOIS,WHITE,2014-04-15,Flood,1,10000.0,10000.0,0,0
ILLINOIS,WHITE,2014-04-16,Flood,1,10000.0,10000.0,0,0
ILLINOIS,WHITE,2014-04-17,Flood,1,10000.0,10000.0,0,0
ILLINOIS,WHITE,2014-04-18,Flood,1,10000.0,10000.0,0,0
ILLINOIS,WHITE,2014-04-19,Flood,1,10000.0,10000.0,0,0
ILLINOIS,WHITE,2014-04-20,Flood,1,10000.0,10000.0,0,0
ILLINOIS,WHITE,2015-02-20,Winter Storm,1,0.0,0.0,0,0
ILLINOIS,WHITE,2015-02-21,Winter Storm,1,0.0,0.0,0,0
ILLINOIS,WHITE,2015-03-04,Winter Storm,1,0.0,0.0,0,0
ILLINOIS,WHITE,2015-03-13,Flood,1,5000.0,0.0,0,0
ILLINOIS,WHITE,2015-03-14,Flood,1,5000.0,0.0,0,0
ILLINOIS,WHITE,2015-03-15,Flood,1,5000.0,0.0,0,0
ILLINOIS,WHITE,2015-03-16,Flood,1,5000.0,0.0,0,0
ILLINOIS,WHITE,2015-03-17,Flood,1,5000.0,0.0,0,0
ILLINOIS,WHITE,2015-03-18,Flood,1,5000.0,0.0,0,0
ILLINOIS,WHITE,2015-03-19,Flood,1,5000.0,0.0,0,0
ILLINOIS,WHITE,2015-03-20,Flood,1,5000.0,0.0,0,0
ILLINOIS,WHITE,2015-03-21,Flood,1,5000.0,0.0,0,0
ILLINOIS,WHITE,2015-03-22,Flood,1,5000.0,0.0,0,0
ILLINOIS,WHITE,2015-03-23,Flood,1,5000.0,0.0,0,0
ILLINOIS,WHITE,2015-03-24,Flood,1,5000.0,0.0,0,0
ILLINOIS,WHITE,2015-03-25,Flood,1,5000.0,0.0,0,0
ILLINOIS,WHITE,2015-03-26,Flood,1,5000.0,0.0,0,0
ILLINOIS,WHITE,2015-03-27,Flood,1,5000.0,0.0,0,0
ILLINOIS,WHITE,2015-03-28,Flood,1,5000.0,0.0,0,0
ILLINOIS,WHITE,2015-03-29,Flood,1,5000.0,0.0,0,0
ILLINOIS,WHITE,2015-03-30,Flood,1,5000.0,0.0,0,0
ILLINOIS,WHITE,2015-03-31,Flood,1,5000.0,0.0,0,0
ILLINOIS,WHITE,2015-04-01,Flood,1,0.0,0.0,0,0
ILLINOIS,WHITE,2015-04-06,Flood,1,0.0,0.0,0,0
ILLINOIS,WHITE,2015-04-07,Flood,1,0.0,0.0,0,0
ILLINOIS,WHITE,2015-04-08,Flood,1,0.0,0.0,0,0
ILLINOIS,WHITE,2015-04-09,Flood,1,0.0,0.0,0,0
ILLINOIS,WHITE,2015-04-10,Flood,1,0.0,0.0,0,0
ILLINOIS,WHITE,2015-04-11,Flood,1,0.0,0.0,0,0
ILLINOIS,WHITE,2015-04-12,Flood,1,0.0,0.0,0,0
ILLINOIS,WHITE,2015-04-13,Flood,1,0.0,0.0,0,0
ILLINOIS,WHITE,2015-04-14,Flood,1,0.0,0.0,0,0
ILLINOIS,WHITE,2015-04-15,Flood,1,0.0,0.0,0,0
ILLINOIS,WHITE,2015-04-16,Flood,1,0.0,0.0,0,0
ILLINOIS,WHITE,2015-04-17,Flood,1,0.0,0.0,0,0
ILLINOIS,WHITE,2015-04-18,Flood,1,0.0,0.0,0,0
ILLINOIS,WHITE,2015-06-19,Flood,1,2000.0,10000.0,0,0
ILLINOIS,WHITE,2015-06-20,Flood,1,2000.0,10000.0,0,0
ILLINOIS,WHITE,2015-06-21,Flood,1,2000.0,10000.0,0,0
ILLINOIS,WHITE,2015-06-22,Flood,1,2000.0,10000.0,0,0
ILLINOIS,WHITE,2015-06-23,Flood,1,2000.0,10000.0,0,0
ILLINOIS,WHITE,2015-06-24,Flood,1,2000.0,10000.0,0,0
ILLINOIS,WHITE,2015-06-25,Flood,1,2000.0,10000.0,0,0
ILLINOIS,WHITE,2015-06-26,Flood,1,2000.0,10000.0,0,0
ILLINOIS,WHITE,2015-06-27,Flood,1,2000.0,10000.0,0,0
ILLINOIS,WHITE,2015-06-28,Flood,1,2000.0,10000.0,0,0
ILLINOIS,WHITE,2015-06-29,Flood,1,2000.0,10000.0,0,0
ILLINOIS,WHITE,2015-06-30,Flood,1,2000.0,10000.0,0,0
ILLINOIS,WHITE,2015-07-01,Flood,1,2000.0,100000.0,0,0
ILLINOIS,WHITE,2015-07-02,Flood,1,2000.0,100000.0,0,0
ILLINOIS,WHITE,2015-07-03,Flood,1,2000.0,100000.0,0,0
ILLINOIS,WHITE,2015-07-04,Flood,1,2000.0,100000.0,0,0
ILLINOIS,WHITE,2015-07-05,Flood,1,2000.0,100000.0,0,0
ILLINOIS,WHITE,2015-07-06,Flood,1,2000.0,100000.0,0,0
ILLINOIS,WHITE,2015-07-07,Flood,1,2000.0,100000.0,0,0
ILLINOIS,WHITE,2015-07-08,Flood,1,2000.0,100000.0,0,0
ILLINOIS,WHITE,2015-07-09,Flood,1,2000.0,100000.0,0,0
ILLINOIS,WHITE,2015-07-10,Flood,1,2000.0,100000.0,0,0
ILLINOIS,WHITE,2015-07-11,Flood,1,2000.0,100000.0,0,0
ILLINOIS,WHITE,2015-07-12,Flood,1,2000.0,100000.0,0,0
ILLINOIS,WHITE,2015-07-13,Flood,1,2000.0,100000.0,0,0
ILLINOIS,WHITE,2015-07-14,Flood,1,2000.0,100000.0,0,0
ILLINOIS,WHITE,2015-07-15,Flood,1,2000.0,100000.0,0,0
ILLINOIS,WHITE,2015-07-16,Flood,1,2000.0,100000.0,0,0
ILLINOIS,WHITE,2015-07-17,Flood,1,0.0,50000.0,0,0
ILLINOIS,WHITE,2015-07-18,Flood,1,0.0,50000.0,0,0
ILLINOIS,WHITE,2015-07-19,Flood,1,0.0,50000.0,0,0
ILLINOIS,WHITE,2015-07-20,Flood,1,0.0,50000.0,0,0
ILLINOIS,WHITE,2015-07-21,Flood,1,0.0,50000.0,0,0
ILLINOIS,WHITE,2015-07-22,Flood,1,0.0,50000.0,0,0
ILLINOIS,WHITE,2015-07-23,Flood,1,0.0,50000.0,0,0
ILLINOIS,WHITE,2015-07-24,Flood,1,0.0,50000.0,0,0
ILLINOIS,WHITE,2015-07-25,Flood,1,0.0,50000.0,0,0
ILLINOIS,WHITE,2015-07-26,Flood,1,0.0,50000.0,0,0
ILLINOIS,WHITE,2015-07-27,Flood,1,0.0,50000.0,0,0
ILLINOIS,WHITE,2015-07-28,Flood,1,0.0,50000.0,0,0
ILLINOIS,WHITE,2015-07-29,Flood,1,0.0,50000.0,0,0
ILLINOIS,WHITE,2015-07-30,Flood,1,0.0,50000.0,0,0
ILLINOIS,WHITE,2015-12-28,Flood,1,15000.0,0.0,0,0
ILLINOIS,WHITE,2015-12-29,Flood,1,0.0,0.0,0,0
ILLINOIS,WHITE,2015-12-30,Flood,1,0.0,0.0,0,0
ILLINOIS,WHITE,2015-12-31,Flood,1,0.0,0.0,0,0
ILLINOIS,WHITE,2016-01-01,Flood,1,30000.0,0.0,0,0
ILLINOIS,WHITE,2016-01-02,Flood,1,30000.0,0.0,0,0
ILLINOIS,WHITE,2016-01-03,Flood,1,30000.0,0.0,0,0
ILLINOIS,WHITE,2016-01-04,Flood,1,30000.0,0.0,0,0
ILLINOIS,WHITE,2016-01-05,Flood,1,30000.0,0.0,0,0
ILLINOIS,WHITE,2016-01-06,Flood,1,30000.0,0.0,0,0
ILLINOIS,WHITE,2016-01-07,Flood,1,30000.0,0.0,0,0
ILLINOIS,WHITE,2016-01-08,Flood,1,30000.0,0.0,0,0
ILLINOIS,WHITE,2016-01-09,Flood,1,30000.0,0.0,0,0
ILLINOIS,WHITE,2016-01-10,Flood,1,30000.0,0.0,0,0
ILLINOIS,WHITE,2016-01-11,Flood,1,30000.0,0.0,0,0
ILLINOIS,WHITE,2016-01-12,Flood,1,30000.0,0.0,0,0
ILLINOIS,WHITE,2016-01-13,Flood,1,30000.0,0.0,0,0
ILLINOIS,WHITE,2016-01-14,Flood,1,30000.0,0.0,0,0
ILLINOIS,WHITE,2016-01-15,Flood,1,30000.0,0.0,0,0
ILLINOIS,WHITE,2016-01-16,Flood,1,30000.0,0.0,0,0
ILLINOIS,WHITE,2016-01-17,Flood,1,30000.0,0.0,0,0
ILLINOIS,WHITE,2016-02-27,Flood,1,0.0,0.0,0,0
ILLINOIS,WHITE,2016-02-28,Flood,1,0.0,0.0,0,0
ILLINOIS,WHITE,2016-02-29,Flood,1,0.0,0.0,0,0
ILLINOIS,WHITE,2016-03-01,Flood,1,1000.0,0.0,0,0
ILLINOIS,WHITE,2016-03-02,Flood,1,1000.0,0.0,0,0
ILLINOIS,WHITE,2016-03-03,Flood,1,1000.0,0.0,0,0
ILLINOIS,WHITE,2016-03-04,Flood,1,1000.0,0.0,0,0
ILLINOIS,WHITE,2016-03-05,Flood,1,1000.0,0.0,0,0
ILLINOIS,WHITE,2016-03-06,Flood,1,1000.0,0.0,0,0
ILLINOIS,WHITE,2016-04-15,Flood,1,0.0,0.0,0,0
ILLINOIS,WHITE,2016-04-16,Flood,1,0.0,0.0,0,0
ILLINOIS,WHITE,2016-04-17,Flood,1,0.0,0.0,0,0
ILLINOIS,WHITE,2016-04-18,Flood,1,0.0,0.0,0,0
ILLINOIS,WHITE,2016-07-04,Flood,1,0.0,0.0,0,0
ILLINOIS,WHITE,2016-08-19,Flood,1,0.0,0.0,0,0
ILLINOIS,WHITE,2016-08-20,Flood,1,0.0,0.0,0,0
ILLINOIS,WHITE,2016-08-21,Flood,1,0.0,0.0,0,0
ILLINOIS,WHITE,2016-08-22,Flood,1,0.0,0.0,0,0
ILLINOIS,WHITE,2016-08-23,Flood,1,0.0,0.0,0,0
ILLINOIS,WHITE,2016-08-24,Flood,1,0.0,0.0,0,0
ILLINOIS,WHITE,2016-08-25,Flood,1,0.0,0.0,0,0
ILLINOIS,WHITE,2016-08-26,Flood,1,0.0,0.0,0,0
ILLINOIS,WHITE,2016-08-27,Flood,1,0.0,0.0,0,0
ILLINOIS,WHITE,2016-08-28,Flood,1,0.0,0.0,0,0
ILLINOIS,WHITE,2017-01-21,Flood,1,0.0,0.0,0,0
ILLINOIS,WHITE,2017-01-22,Flood,1,0.0,0.0,0,0
ILLINOIS,WHITE,2017-01-23,Flood,1,0.0,0.0,0,0
ILLINOIS,WHITE,2017-01-24,Flood,1,0.0,0.0,0,0
ILLINOIS,WHITE,2017-01-25,Flood,1,0.0,0.0,0,0
ILLINOIS,WHITE,2017-01-26,Flood,1,0.0,0.0,0,0
ILLINOIS,WHITE,2017-01-27,Flood,1,0.0,0.0,0,0
ILLINOIS,WHITE,2017-01-28,Flood,1,0.0,0.0,0,0
ILLINOIS,WHITE,2017-01-29,Flood,1,0.0,0.0,0,0
ILLINOIS,WHITE,2017-01-30,Flood,1,0.0,0.0,0,0
ILLINOIS,WHITE,2017-01-31,Flood,1,0.0,0.0,0,0
ILLINOIS,WHITE,2017-02-01,Flood,1,0.0,0.0,0,0
ILLINOIS,WHITE,2017-04-29,Flood,1,0.0,0.0,0,0
ILLINOIS,WHITE,2017-04-30,Flood,1,0.0,0.0,0,0
ILLINOIS,WHITE,2017-05-01,Flood,1,100000.0,30000.0,0,0
ILLINOIS,WHITE,2017-05-02,Flood,1,100000.0,60000.0,0,0
ILLINOIS,WHITE,2017-05-03,Flood,1,100000.0,60000.0,0,0
ILLINOIS,WHITE,2017-05-04,Flood,1,100000.0,60000.0,0,0
ILLINOIS,WHITE,2017-05-05,Flood,1,100000.0,60000.0,0,0
ILLINOIS,WHITE,2017-05-06,Flood,1,100000.0,60000.0,0,0
ILLINOIS,WHITE,2017-05-07,Flood,1,100000.0,60000.0,0,0
ILLINOIS,WHITE,2017-05-08,Flood,1,100000.0,60000.0,0,0
ILLINOIS,WHITE,2017-05-09,Flood,1,100000.0,60000.0,0,0
ILLINOIS,WHITE,2017-05-10,Flood,1,100000.0,60000.0,0,0
ILLINOIS,WHITE,2017-05-11,Flood,1,100000.0,60000.0,0,0
ILLINOIS,WHITE,2017-05-12,Flood,1,100000.0,60000.0,0,0
ILLINOIS,WHITE,2017-05-13,Flood,1,100000.0,60000.0,0,0
ILLINOIS,WHITE,2017-05-14,Flood,1,100000.0,60000.0,0,0
ILLINOIS,WHITE,2017-05-15,Flood,1,100000.0,60000.0,0,0
ILLINOIS,WHITE,2017-05-16,Flood,1,100000.0,60000.0,0,0
ILLINOIS,WHITE,2017-05-17,Flood,1,100000.0,60000.0,0,0
ILLINOIS,WHITE,2017-05-18,Flood,1,100000.0,60000.0,0,0
ILLINOIS,WHITE,2017-05-19,Flood,1,100000.0,60000.0,0,0
ILLINOIS,WHITE,2017-05-20,Flood,1,100000.0,60000.0,0,0
ILLINOIS,WHITE,2017-05-21,Flood,1,100000.0,60000.0,0,0
ILLINOIS,WHITE,2017-05-22,Flood,1,100000.0,30000.0,0,0
ILLINOIS,WHITE,2017-05-23,Flood,1,100000.0,30000.0,0,0
ILLINOIS,WHITE,2017-05-24,Flood,1,100000.0,30000.0,0,0
ILLINOIS,WHITE,2017-05-25,Flood,1,100000.0,30000.0,0,0
ILLINOIS,WHITE,2017-05-26,Flood,1,100000.0,30000.0,0,0
ILLINOIS,WHITE,2017-07-19,Excessive Heat,1,0.0,0.0,0,0
ILLINOIS,WHITE,2017-07-20,Excessive Heat,1,0.0,0.0,0,0
ILLINOIS,WHITE,2017-07-21,Excessive Heat,1,0.0,0.0,0,0
ILLINOIS,WHITE,2017-07-22,Excessive Heat,1,0.0,0.0,0,0
ILLINOIS,WHITE,2018-01-11,Winter Storm,1,0.0,0.0,0,0
ILLINOIS,WHITE,2018-01-12,Winter Storm,1,0.0,0.0,0,0
ILLINOIS,WHITE,2018-02-24,Flood,1,0.0,0.0,0,0
ILLINOIS,WHITE,2018-02-25,Flood,1,0.0,0.0,0,0
ILLINOIS,WHITE,2018-02-26,Flood,1,0.0,0.0,0,0
ILLINOIS,WHITE,2018-02-27,Flood,1,0.0,0.0,0,0
ILLINOIS,WHITE,2018-02-28,Flood,1,0.0,0.0,0,0
ILLINOIS,WHITE,2018-03-01,Flood,1,2000.0,0.0,0,0
ILLINOIS,WHITE,2018-03-02,Flood,1,2000.0,0.0,0,0
ILLINOIS,WHITE,2018-03-03,Flood,1,2000.0,0.0,0,0
ILLINOIS,WHITE,2018-03-04,Flood,1,2000.0,0.0,0,0
ILLINOIS,WHITE,2018-03-05,Flood,1,2000.0,0.0,0,0
ILLINOIS,WHITE,2018-03-06,Flood,1,2000.0,0.0,0,0
ILLINOIS,WHITE,2018-03-07,Flood,1,2000.0,0.0,0,0
ILLINOIS,WHITE,2018-03-08,Flood,1,2000.0,0.0,0,0
ILLINOIS,WHITE,2018-03-09,Flood,1,2000.0,0.0,0,0
ILLINOIS,WHITE,2018-03-10,Flood,1,2000.0,0.0,0,0
ILLINOIS,WHITE,2018-03-11,Flood,1,2000.0,0.0,0,0
ILLINOIS,WHITE,2018-03-12,Flood,1,2000.0,0.0,0,0
ILLINOIS,WHITE,2018-03-13,Flood,1,2000.0,0.0,0,0
ILLINOIS,WHITE,2018-03-29,Flood,1,0.0,0.0,0,0
ILLINOIS,WHITE,2018-03-30,Flood,1,0.0,0.0,0,0
ILLINOIS,WHITE,2018-03-31,Flood,1,0.0,0.0,0,0
ILLINOIS,WHITE,2018-04-01,Flood,1,10000.0,0.0,0,0
ILLINOIS,WHITE,2018-04-02,Flood,1,10000.0,0.0,0,0
ILLINOIS,WHITE,2018-04-03,Flood,1,10000.0,0.0,0,0
ILLINOIS,WHITE,2018-04-04,Flood,1,10000.0,0.0,0,0
ILLINOIS,WHITE,2018-04-05,Flood,1,10000.0,0.0,0,0
ILLINOIS,WHITE,2018-04-06,Flood,1,10000.0,0.0,0,0
ILLINOIS,WHITE,2018-04-07,Flood,1,10000.0,0.0,0,0
ILLINOIS,WHITE,2018-04-08,Flood,1,10000.0,0.0,0,0
ILLINOIS,WHITE,2018-04-09,Flood,1,10000.0,0.0,0,0
ILLINOIS,WHITE,2018-04-10,Flood,1,10000.0,0.0,0,0
ILLINOIS,WHITE,2018-04-11,Flood,1,10000.0,0.0,0,0
ILLINOIS,WHITE,2018-04-12,Flood,1,10000.0,0.0,0,0
ILLINOIS,WHITE,2018-04-13,Flood,1,10000.0,0.0,0,0
ILLINOIS,WHITE,2018-04-14,Flood,1,10000.0,0.0,0,0
ILLINOIS,WHITE,2018-04-15,Flood,1,10000.0,0.0,0,0
ILLINOIS,WHITE,2018-04-16,Flood,1,10000.0,0.0,0,0
ILLINOIS,WHITE,2018-04-17,Flood,1,10000.0,0.0,0,0
ILLINOIS,WHITE,2018-04-18,Flood,1,10000.0,0.0,0,0
ILLINOIS,WHITE,2018-04-19,Flood,1,5000.0,0.0,0,0
ILLINOIS,WHITE,2018-07-05,Excessive Heat,1,0.0,0.0,0,0
ILLINOIS,WHITE,2018-07-14,Excessive Heat,1,0.0,0.0,0,0
ILLINOIS,WHITE,2018-09-12,Flood,1,0.0,10000.0,0,0
ILLINOIS,WHITE,2018-09-13,Flood,1,0.0,10000.0,0,0
ILLINOIS,WHITE,2018-09-14,Flood,1,0.0,10000.0,0,0
ILLINOIS,WHITE,2018-09-15,Flood,1,0.0,10000.0,0,0
ILLINOIS,WHITE,2018-09-16,Flood,1,0.0,10000.0,0,0
ILLINOIS,WHITE,2018-09-17,Flood,1,0.0,10000.0,0,0
ILLINOIS,WHITE,2018-09-18,Flood,1,0.0,10000.0,0,0
ILLINOIS,WHITE,2018-09-19,Flood,1,0.0,10000.0,0,0
ILLINOIS,WHITE,2018-09-20,Flood,1,0.0,10000.0,0,0
ILLINOIS,WHITE,2018-09-21,Flood,1,0.0,10000.0,0,0
ILLINOIS,WHITE,2018-09-22,Flood,1,0.0,10000.0,0,0
ILLINOIS,WHITE,2018-09-23,Flood,1,0.0,10000.0,0,0
ILLINOIS,WHITE,2018-12-19,Flood,1,0.0,0.0,0,0
ILLINOIS,WHITE,2018-12-20,Flood,1,0.0,0.0,0,0
ILLINOIS,WHITE,2018-12-21,Flood,1,0.0,0.0,0,0
ILLINOIS,WHITE,2018-12-22,Flood,1,0.0,0.0,0,0
ILLINOIS,WHITE,2018-12-23,Flood,1,0.0,0.0,0,0
ILLINOIS,WHITE,2018-12-24,Flood,1,0.0,0.0,0,0
ILLINOIS,WHITE,2018-12-25,Flood,1,0.0,0.0,0,0
ILLINOIS,WHITE,2018-12-26,Flood,1,0.0,0.0,0,0
ILLINOIS,WHITE,2019-01-05,Flood,1,0.0,0.0,0,0
ILLINOIS,WHITE,2019-01-06,Flood,1,0.0,0.0,0,0
ILLINOIS,WHITE,2019-01-07,Flood,1,0.0,0.0,0,0
ILLINOIS,WHITE,2019-01-08,Flood,1,0.0,0.0,0,0
ILLINOIS,WHITE,2019-01-09,Flood,1,0.0,0.0,0,0
ILLINOIS,WHITE,2019-01-10,Flood,1,0.0,0.0,0,0
ILLINOIS,WHITE,2019-01-11,Flood,1,0.0,0.0,0,0
ILLINOIS,WHITE,2019-01-23,Flood,1,0.0,0.0,0,0
ILLINOIS,WHITE,2019-01-24,Flood,1,0.0,0.0,0,0
ILLINOIS,WHITE,2019-01-25,Flood,1,0.0,0.0,0,0
ILLINOIS,WHITE,2019-01-26,Flood,1,0.0,0.0,0,0
ILLINOIS,WHITE,2019-01-27,Flood,1,0.0,0.0,0,0
ILLINOIS,WHITE,2019-01-28,Flood,1,0.0,0.0,0,0
ILLINOIS,WHITE,2019-01-29,Flood,1,0.0,0.0,0,0
ILLINOIS,WHITE,2019-01-30,Flood,1,0.0,0.0,0,0
ILLINOIS,WHITE,2019-01-31,Flood,1,0.0,0.0,0,0
ILLINOIS,WHITE,2019-02-01,Flood,1,0.0,0.0,0,0
ILLINOIS,WHITE,2019-02-02,Flood,1,0.0,0.0,0,0
ILLINOIS,WHITE,2019-02-03,Flood,1,0.0,0.0,0,0
ILLINOIS,WHITE,2019-02-07,Flood,1,10000.0,0.0,0,0
ILLINOIS,WHITE,2019-02-08,Flood,1,10000.0,0.0,0,0
ILLINOIS,WHITE,2019-02-09,Flood,1,10000.0,0.0,0,0
ILLINOIS,WHITE,2019-02-10,Flood,1,10000.0,0.0,0,0
ILLINOIS,WHITE,2019-02-11,Flood,1,10000.0,0.0,0,0
ILLINOIS,WHITE,2019-02-12,Flood,1,10000.0,0.0,0,0
ILLINOIS,WHITE,2019-02-13,Flood,1,10000.0,0.0,0,0
ILLINOIS,WHITE,2019-02-14,Flood,1,10000.0,0.0,0,0
ILLINOIS,WHITE,2019-02-15,Flood,1,10000.0,0.0,0,0
ILLINOIS,WHITE,2019-02-16,Flood,1,10000.0,0.0,0,0
ILLINOIS,WHITE,2019-02-17,Flood,1,10000.0,0.0,0,0
ILLINOIS,WHITE,2019-02-18,Flood,1,10000.0,0.0,0,0
ILLINOIS,WHITE,2019-02-19,Flood,1,10000.0,0.0,0,0
ILLINOIS,WHITE,2019-02-20,Flood,1,10000.0,0.0,0,0
ILLINOIS,WHITE,2019-02-21,Flood,1,10000.0,0.0,0,0
ILLINOIS,WHITE,2019-02-22,Flood,1,10000.0,0.0,0,0
ILLINOIS,WHITE,2019-02-23,Flood,1,10000.0,0.0,0,0
ILLINOIS,WHITE,2019-02-24,Flood,1,10000.0,0.0,0,0
ILLINOIS,WHITE,2019-02-25,Flood,1,10000.0,0.0,0,0
ILLINOIS,WHITE,2019-02-26,Flood,1,10000.0,0.0,0,0
ILLINOIS,WHITE,2019-02-27,Flood,1,10000.0,0.0,0,0
ILLINOIS,WHITE,2019-02-28,Flood,1,10000.0,0.0,0,0
ILLINOIS,WHITE,2019-03-01,Flood,1,0.0,0.0,0,0
ILLINOIS,WHITE,2019-03-02,Flood,1,0.0,0.0,0,0
ILLINOIS,WHITE,2019-03-14,Flood,1,0.0,0.0,0,0
ILLINOIS,WHITE,2019-03-15,Flood,1,0.0,0.0,0,0
ILLINOIS,WHITE,2019-03-16,Flood,1,0.0,0.0,0,0
ILLINOIS,WHITE,2019-03-17,Flood,1,0.0,0.0,0,0
ILLINOIS,WHITE,2019-03-18,Flood,1,0.0,0.0,0,0
ILLINOIS,WHITE,2019-03-19,Flood,1,0.0,0.0,0,0
ILLINOIS,WHITE,2019-03-20,Flood,1,0.0,0.0,0,0
ILLINOIS,WHITE,2019-03-21,Flood,1,0.0,0.0,0,0
ILLINOIS,WHITE,2019-03-22,Flood,1,0.0,0.0,0,0
ILLINOIS,WHITE,2019-03-23,Flood,1,0.0,0.0,0,0
ILLINOIS,WHITE,2019-04-03,Flood,1,0.0,0.0,0,0
ILLINOIS,WHITE,2019-04-04,Flood,1,0.0,0.0,0,0
ILLINOIS,WHITE,2019-04-05,Flood,1,0.0,0.0,0,0
ILLINOIS,WHITE,2019-04-06,Flood,1,0.0,0.0,0,0
ILLINOIS,WHITE,2019-04-07,Flood,1,0.0,0.0,0,0
ILLINOIS,WHITE,2019-04-08,Flood,1,0.0,0.0,0,0
ILLINOIS,WHITE,2019-04-09,Flood,1,0.0,0.0,0,0
ILLINOIS,WHITE,2019-04-10,Flood,1,0.0,0.0,0,0
ILLINOIS,WHITE,2019-04-20,Flood,1,0.0,0.0,0,0
ILLINOIS,WHITE,2019-04-21,Flood,1,0.0,0.0,0,0
ILLINOIS,WHITE,2019-04-22,Flood,1,0.0,0.0,0,0
ILLINOIS,WHITE,2019-04-23,Flood,1,0.0,0.0,0,0
ILLINOIS,WHITE,2019-04-24,Flood,1,0.0,0.0,0,0
ILLINOIS,WHITE,2019-04-25,Flood,1,0.0,0.0,0,0
ILLINOIS,WHITE,2019-04-26,Flood,1,0.0,0.0,0,0
ILLINOIS,WHITE,2019-04-27,Flood,1,0.0,0.0,0,0
ILLINOIS,WHITE,2019-04-28,Flood,1,0.0,0.0,0,0
ILLINOIS,WHITE,2019-04-29,Flood,1,0.0,0.0,0,0
ILLINOIS,WHITE,2019-04-30,Flood,1,0.0,0.0,0,0
ILLINOIS,WHITE,2019-05-01,Flood,1,0.0,0.0,0,0
ILLINOIS,WHITE,2019-05-02,Flood,1,0.0,0.0,0,0
ILLINOIS,WHITE,2019-05-03,Flood,1,0.0,0.0,0,0
ILLINOIS,WHITE,2019-05-04,Flood,1,0.0,0.0,0,0
ILLINOIS,WHITE,2019-05-05,Flood,1,0.0,0.0,0,0
ILLINOIS,WHITE,2019-05-06,Flood,1,0.0,0.0,0,0
ILLINOIS,WHITE,2019-05-07,Flood,1,0.0,0.0,0,0
ILLINOIS,WHITE,2019-05-08,Flood,1,0.0,0.0,0,0
ILLINOIS,WHITE,2019-05-09,Flood,1,0.0,0.0,0,0
ILLINOIS,WHITE,2019-05-10,Flood,1,0.0,0.0,0,0
ILLINOIS,WHITE,2019-05-11,Flood,1,0.0,0.0,0,0
ILLINOIS,WHITE,2019-05-12,Flood,1,0.0,0.0,0,0
ILLINOIS,WHITE,2019-05-13,Flood,1,0.0,0.0,0,0
ILLINOIS,WHITE,2019-05-14,Flood,1,0.0,0.0,0,0
ILLINOIS,WHITE,2019-05-29,Flood,1,0.0,0.0,0,0
ILLINOIS,WHITE,2019-05-30,Flood,1,0.0,0.0,0,0
ILLINOIS,WHITE,2019-05-31,Flood,1,0.0,0.0,0,0
ILLINOIS,WHITE,2019-06-01,Flood,1,0.0,0.0,0,0
ILLINOIS,WHITE,2019-06-02,Flood,1,0.0,0.0,0,0
ILLINOIS,WHITE,2019-06-03,Flood,1,0.0,0.0,0,0
ILLINOIS,WHITE,2019-06-04,Flood,1,0.0,0.0,0,0
ILLINOIS,WHITE,2019-06-05,Flood,1,0.0,0.0,0,0
ILLINOIS,WHITE,2019-06-20,Flood,1,30000.0,0.0,10,0
ILLINOIS,WHITE,2019-06-21,Flood,1,30000.0,0.0,10,0
ILLINOIS,WHITE,2019-06-22,Flood,1,30000.0,0.0,10,0
ILLINOIS,WHITE,2019-06-23,Flood,1,30000.0,0.0,10,0
ILLINOIS,WHITE,2019-06-24,Flood,1,30000.0,0.0,10,0
ILLINOIS,WHITE,2019-06-25,Flood,1,30000.0,0.0,10,0
ILLINOIS,WHITE,2019-06-26,Flood,1,30000.0,0.0,10,0
ILLINOIS,WHITE,2019-06-27,Flood,1,30000.0,0.0,10,0
ILLINOIS,WHITE,2019-06-28,Flood,1,30000.0,0.0,10,0
ILLINOIS,WHITE,2019-06-29,Flood,1,30000.0,0.0,10,0
ILLINOIS,WHITE,2019-06-30,Flood,1,30000.0,0.0,10,0
ILLINOIS,WHITE,2019-07-01,Flood,1,0.0,0.0,0,0
ILLINOIS,WHITE,2019-07-02,Flood,1,0.0,0.0,0,0
ILLINOIS,WHITE,2019-07-03,Flood,1,0.0,0.0,0,0
ILLINOIS,WHITE,2019-07-04,Flood,1,0.0,0.0,0,0
ILLINOIS,WHITE,2019-07-05,Flood,1,0.0,0.0,0,0
ILLINOIS,WHITE,2019-07-06,Flood,1,0.0,0.0,0,0
ILLINOIS,WHITE,2019-07-07,Flood,1,0.0,0.0,0,0
ILLINOIS,WHITE,2019-07-08,Flood,1,0.0,0.0,0,0
ILLINOIS,WHITE,2019-07-09,Flood,1,0.0,0.0,0,0
ILLINOIS,WHITE,2019-07-10,Flood,1,0.0,0.0,0,0
ILLINOIS,WHITE,2019-07-18,Excessive Heat,1,0.0,0.0,0,0
ILLINOIS,WHITE,2019-07-19,Excessive Heat,1,0.0,0.0,0,0
ILLINOIS,WHITE,2019-07-20,Excessive Heat,1,0.0,0.0,0,0
ILLINOIS,WHITE,2019-07-21,Excessive Heat,1,0.0,0.0,0,0
ILLINOIS,WHITE,2019-12-04,Flood,1,0.0,0.0,0,0
ILLINOIS,WHITE,2019-12-05,Flood,1,0.0,0.0,0,0
ILLINOIS,WHITE,2019-12-06,Flood,1,0.0,0.0,0,0
ILLINOIS,WHITE,2019-12-07,Flood,1,0.0,0.0,0,0
ILLINOIS,WHITE,2019-12-08,Flood,1,0.0,0.0,0,0
ILLINOIS,WHITE,2019-12-09,Flood,1,0.0,0.0,0,0
ILLINOIS,WHITE,2019-12-10,Flood,1,0.0,0.0,0,0
ILLINOIS,WHITE,2019-12-11,Flood,1,0.0,0.0,0,0
ILLINOIS,WHITE,2020-01-11,Flood,1,0.0,0.0,0,0
ILLINOIS,WHITE,2020-01-12,Flood,1,0.0,0.0,0,0
ILLINOIS,WHITE,2020-01-13,Flood,1,0.0,0.0,0,0
ILLINOIS,WHITE,2020-01-14,Flood,1,0.0,0.0,0,0
ILLINOIS,WHITE,2020-01-15,Flood,1,0.0,0.0,0,0
ILLINOIS,WHITE,2020-01-16,Flood,1,0.0,0.0,0,0
ILLINOIS,WHITE,2020-01-17,Flood,1,0.0,0.0,0,0
ILLINOIS,WHITE,2020-01-18,Flood,1,0.0,0.0,0,0
ILLINOIS,WHITE,2020-01-19,Flood,1,0.0,0.0,0,0
ILLINOIS,WHITE,2020-01-20,Flood,1,0.0,0.0,0,0
ILLINOIS,WHITE,2020-01-21,Flood,1,0.0,0.0,0,0
ILLINOIS,WHITE,2020-01-22,Flood,1,0.0,0.0,0,0
ILLINOIS,WHITE,2020-01-23,Flood,1,0.0,0.0,0,0
ILLINOIS,WHITE,2020-01-24,Flood,1,0.0,0.0,0,0
ILLINOIS,WHITE,2020-01-25,Flood,1,0.0,0.0,0,0
ILLINOIS,WHITE,2020-01-26,Flood,1,0.0,0.0,0,0
ILLINOIS,WHITE,2020-01-27,Flood,1,0.0,0.0,0,0
ILLINOIS,WHITE,2020-01-28,Flood,1,0.0,0.0,0,0
ILLINOIS,WHITE,2020-01-29,Flood,1,0.0,0.0,0,0
ILLINOIS,WHITE,2020-01-30,Flood,1,0.0,0.0,0,0
ILLINOIS,WHITE,2020-01-31,Flood,1,0.0,0.0,0,0
ILLINOIS,WHITE,2020-02-01,Flood,1,0.0,0.0,0,0
ILLINOIS,WHITE,2020-02-02,Flood,1,0.0,0.0,0,0
ILLINOIS,WHITE,2020-02-03,Flood,1,0.0,0.0,0,0
ILLINOIS,WHITE,2020-02-13,Flood,1,0.0,0.0,0,0
ILLINOIS,WHITE,2020-02-14,Flood,1,0.0,0.0,0,0
ILLINOIS,WHITE,2020-02-15,Flood,1,0.0,0.0,0,0
ILLINOIS,WHITE,2020-02-16,Flood,1,0.0,0.0,0,0
ILLINOIS,WHITE,2020-02-17,Flood,1,0.0,0.0,0,0
ILLINOIS,WHITE,2020-02-18,Flood,1,0.0,0.0,0,0
ILLINOIS,WHITE,2020-02-19,Flood,1,0.0,0.0,0,0
ILLINOIS,WHITE,2020-02-20,Flood,1,0.0,0.0,0,0
ILLINOIS,WHITE,2020-02-21,Flood,1,0.0,0.0,0,0
ILLINOIS,WHITE,2020-03-20,Flood,1,5000.0,0.0,0,0
ILLINOIS,WHITE,2020-03-21,Flood,1,5000.0,0.0,0,0
ILLINOIS,WHITE,2020-03-22,Flood,1,5000.0,0.0,0,0
ILLINOIS,WHITE,2020-03-23,Flood,1,5000.0,0.0,0,0
ILLINOIS,WHITE,2020-03-24,Flood,1,5000.0,0.0,0,0
ILLINOIS,WHITE,2020-03-25,Flood,1,5000.0,0.0,0,0
ILLINOIS,WHITE,2020-03-26,Flood,1,5000.0,0.0,0,0
ILLINOIS,WHITE,2020-03-27,Flood,1,5000.0,0.0,0,0
ILLINOIS,WHITE,2020-03-28,Flood,1,5000.0,0.0,0,0
ILLINOIS,WHITE,2020-03-29,Flood,1,5000.0,0.0,0,0
ILLINOIS,WHITE,2020-03-30,Flood,1,5000.0,0.0,0,0
ILLINOIS,WHITE,2020-03-31,Flood,1,5000.0,0.0,0,0
ILLINOIS,WHITE,2020-04-01,Flood,1,0.0,0.0,0,0
ILLINOIS,WHITE,2020-04-02,Flood,1,0.0,0.0,0,0
ILLINOIS,WHITE,2020-04-03,Flood,1,0.0,0.0,0,0
ILLINOIS,WHITE,2020-04-04,Flood,1,0.0,0.0,0,0
ILLINOIS,WHITE,2020-04-05,Flood,1,0.0,0.0,0,0
ILLINOIS,WHITE,2020-04-06,Flood,1,0.0,0.0,0,0
ILLINOIS,WHITE,2020-05-05,Flood,1,0.0,0.0,0,0
ILLINOIS,WHITE,2020-05-06,Flood,1,0.0,0.0,0,0
ILLINOIS,WHITE,2020-05-07,Flood,1,0.0,0.0,0,0
ILLINOIS,WHITE,2020-05-22,Flood,1,0.0,20000.0,0,0
ILLINOIS,WHITE,2020-05-23,Flood,1,0.0,20000.0,0,0
ILLINOIS,WHITE,2020-05-24,Flood,1,0.0,20000.0,0,0
ILLINOIS,WHITE,2020-05-25,Flood,1,0.0,20000.0,0,0
ILLINOIS,WHITE,2020-05-26,Flood,1,0.0,20000.0,0,0
ILLINOIS,WHITE,2020-05-27,Flood,1,0.0,20000.0,0,0
ILLINOIS,WHITE,2021-02-14,Winter Storm,1,0.0,0.0,0,0
ILLINOIS,WHITE,2021-02-15,Winter Storm,1,0.0,0.0,0,0
ILLINOIS,WHITE,2021-03-02,Flood,1,0.0,0.0,0,0
ILLINOIS,WHITE,2021-03-03,Flood,1,0.0,0.0,0,0
ILLINOIS,WHITE,2021-03-04,Flood,1,0.0,0.0,0,0
ILLINOIS,WHITE,2021-03-05,Flood,1,0.0,0.0,0,0
ILLINOIS,WHITE,2021-03-06,Flood,1,0.0,0.0,0,0
ILLINOIS,WHITE,2021-03-07,Flood,1,0.0,0.0,0,0
ILLINOIS,WHITE,2021-03-08,Flood,1,0.0,0.0,0,0
ILLINOIS,WHITE,2021-03-09,Flood,1,0.0,0.0,0,0
ILLINOIS,WHITE,2021-03-10,Flood,1,0.0,0.0,0,0
ILLINOIS,WHITE,2021-03-11,Flood,1,0.0,0.0,0,0
ILLINOIS,WHITE,2021-03-12,Flood,1,0.0,0.0,0,0
ILLINOIS,WHITE,2021-03-13,Flood,1,0.0,0.0,0,0
ILLINOIS,WHITE,2021-03-14,Flood,1,0.0,0.0,0,0
ILLINOIS,WHITE,2021-03-15,Flood,1,0.0,0.0,0,0
ILLINOIS,WHITE,2021-03-16,Flood,1,0.0,0.0,0,0
ILLINOIS,WHITE,2021-03-17,Flood,1,0.0,0.0,0,0
ILLINOIS,WHITE,2021-03-18,Flood,1,0.0,0.0,0,0
ILLINOIS,WHITE,2021-03-19,Flood,1,0.0,0.0,0,0
ILLINOIS,WHITE,2021-03-20,Flood,1,0.0,0.0,0,0
ILLINOIS,WHITE,2021-03-21,Flood,1,0.0,0.0,0,0
ILLINOIS,WHITE,2021-03-22,Flood,1,0.0,0.0,0,0
ILLINOIS,WHITE,2021-03-23,Flood,1,0.0,0.0,0,0
ILLINOIS,WHITE,2021-03-24,Flood,1,0.0,0.0,0,0
ILLINOIS,WHITE,2021-03-25,Flood,1,0.0,0.0,0,0
ILLINOIS,WHITE,2021-03-26,Flood,1,0.0,0.0,0,0
ILLINOIS,WHITE,2021-03-27,Flood,1,0.0,0.0,0,0
ILLINOIS,WHITE,2021-03-28,Flood,1,0.0,0.0,0,0
ILLINOIS,WHITE,2021-03-29,Flood,1,0.0,0.0,0,0
ILLINOIS,WHITE,2021-03-30,Flood,1,0.0,0.0,0,0
ILLINOIS,WHITE,2021-03-31,Flood,1,0.0,0.0,0,0
ILLINOIS,WHITE,2021-04-01,Flood,1,0.0,0.0,0,0
ILLINOIS,WHITE,2021-04-02,Flood,1,0.0,0.0,0,0
ILLINOIS,WHITE,2022-01-04,Flood,1,0.0,0.0,0,0
ILLINOIS,WHITE,2022-01-05,Flood,1,0.0,0.0,0,0
ILLINOIS,WHITE,2022-01-06,Flood,1,0.0,0.0,0,0
ILLINOIS,WHITE,2022-01-07,Flood,1,0.0,0.0,0,0
ILLINOIS,WHITE,2022-01-08,Flood,1,0.0,0.0,0,0
ILLINOIS,WHITE,2022-01-09,Flood,1,0.0,0.0,0,0
ILLINOIS,WHITE,2022-01-10,Flood,1,0.0,0.0,0,0
ILLINOIS,WHITE,2022-02-02,Winter Storm,1,0.0,0.0,0,0
ILLINOIS,WHITE,2022-02-03,Winter Storm,1,0.0,0.0,0,0
ILLINOIS,WHITE,2022-02-19,Flood,1,0.0,0.0,0,0
ILLINOIS,WHITE,2022-02-20,Flood,1,0.0,0.0,0,0
ILLINOIS,WHITE,2022-02-21,Flood,1,0.0,0.0,0,0
ILLINOIS,WHITE,2022-02-22,Flood,1,0.0,0.0,0,0
ILLINOIS,WHITE,2022-02-23,Flood,1,0.0,0.0,0,0
ILLINOIS,WHITE,2022-02-24,Flood,1,0.0,0.0,0,0
ILLINOIS,WHITE,2022-02-25,Flood,1,0.0,0.0,0,0
ILLINOIS,WHITE,2022-02-26,Flood,1,0.0,0.0,0,0
ILLINOIS,WHITE,2022-02-27,Flood,1,0.0,0.0,0,0
ILLINOIS,WHITE,2022-02-28,Flood,1,0.0,0.0,0,0
ILLINOIS,WHITE,2022-03-01,Flood,1,0.0,0.0,0,0
ILLINOIS,WHITE,2022-03-02,Flood,1,0.0,0.0,0,0
ILLINOIS,WHITE,2022-03-03,Flood,1,0.0,0.0,0,0
ILLINOIS,WHITE,2022-03-04,Flood,1,0.0,0.0,0,0
ILLINOIS,WHITE,2022-03-05,Flood,1,0.0,0.0,0,0
ILLINOIS,WHITE,2022-03-06,Flood,1,0.0,0.0,0,0
ILLINOIS,WHITE,2022-03-07,Flood,1,0.0,0.0,0,0
ILLINOIS,WHITE,2022-03-08,Flood,1,0.0,0.0,0,0
ILLINOIS,WHITE,2022-03-09,Flood,1,0.0,0.0,0,0
ILLINOIS,WHITE,2022-03-10,Flood,1,0.0,0.0,0,0
ILLINOIS,WHITE,2022-03-11,Flood,1,0.0,0.0,0,0
ILLINOIS,WHITE,2022-03-12,Flood,1,0.0,0.0,0,0
ILLINOIS,WHITE,2022-03-13,Flood,1,0.0,0.0,0,0
ILLINOIS,WHITE,2022-03-14,Flood,1,0.0,0.0,0,0
ILLINOIS,WHITE,2022-03-15,Flood,1,0.0,0.0,0,0
ILLINOIS,WHITE,2022-03-16,Flood,1,0.0,0.0,0,0
ILLINOIS,WHITE,2022-03-17,Flood,1,0.0,0.0,0,0
ILLINOIS,WHITE,2022-03-18,Flood,1,0.0,0.0,0,0
ILLINOIS,WHITE,2022-03-19,Flood,1,0.0,0.0,0,0
ILLINOIS,WHITE,2022-03-25,Flood,1,0.0,0.0,0,0
ILLINOIS,WHITE,2022-03-26,Flood,1,0.0,0.0,0,0
ILLINOIS,WHITE,2022-03-27,Flood,1,0.0,0.0,0,0
ILLINOIS,WHITE,2022-03-28,Flood,1,0.0,0.0,0,0
ILLINOIS,WHITE,2022-03-29,Flood,1,0.0,0.0,0,0
ILLINOIS,WHITE,2022-03-30,Flood,1,0.0,0.0,0,0
ILLINOIS,WHITE,2022-03-31,Flood,1,0.0,0.0,0,0
ILLINOIS,WHITE,2022-04-01,Flood,1,0.0,0.0,0,0
ILLINOIS,WHITE,2022-04-02,Flood,1,0.0,0.0,0,0
ILLINOIS,WHITE,2022-06-13,Excessive Heat,1,0.0,0.0,0,0
ILLINOIS,WHITE,2022-06-14,Excessive Heat,1,0.0,0.0,0,0
ILLINOIS,WHITE,2022-06-15,Excessive Heat,1,0.0,0.0,0,0
ILLINOIS,WHITE,2022-06-16,Excessive Heat,1,0.0,0.0,0,0
ILLINOIS,WHITE,2022-07-04,Excessive Heat,1,0.0,0.0,0,0
ILLINOIS,WHITE,2022-07-05,Excessive Heat,1,0.0,0.0,0,0
ILLINOIS,WHITE,2022-07-06,Excessive Heat,1,0.0,0.0,0,0
ILLINOIS,WHITE,2022-07-07,Excessive Heat,1,0.0,0.0,0,0
ILLINOIS,WHITE,2022-07-08,Excessive Heat,1,0.0,0.0,0,0
ILLINOIS,WHITE,2022-07-20,Excessive Heat,1,0.0,0.0,0,0
ILLINOIS,WHITE,2022-07-22,Excessive Heat,1,0.0,0.0,0,0
ILLINOIS,WHITE,2022-07-23,Excessive Heat,1,0.0,0.0,0,0
ILLINOIS,WHITE,2022-07-24,Excessive Heat,1,0.0,0.0,0,0
ILLINOIS,WHITE,2022-07-27,Flood,1,0.0,0.0,0,0
ILLINOIS,WHITE,2022-08-02,Flood,1,0.0,10000.0,0,0
ILLINOIS,WHITE,2022-08-03,Flood,1,0.0,10000.0,0,0
ILLINOIS,WHITE,2022-08-04,Flood,1,0.0,10000.0,0,0
ILLINOIS,WHITE,2022-08-05,Flood,1,0.0,10000.0,0,0
ILLINOIS,WHITE,2022-08-06,Flood,1,0.0,10000.0,0,0
ILLINOIS,WHITE,2022-08-07,Flood,1,0.0,10000.0,0,0
ILLINOIS,WHITE,2022-08-08,Flood,1,0.0,10000.0,0,0
ILLINOIS,WHITE,2022-08-09,Flood,1,0.0,10000.0,0,0
ILLINOIS,WHITE,2022-08-10,Flood,1,0.0,10000.0,0,0
ILLINOIS,WHITE,2022-08-11,Flood,1,0.0,10000.0,0,0
ILLINOIS,WHITE,2022-08-12,Flood,1,0.0,10000.0,0,0
ILLINOIS,WHITE,2022-08-13,Flood,1,0.0,10000.0,0,0
ILLINOIS,WHITE,2022-08-14,Flood,1,0.0,10000.0,0,0
ILLINOIS,WHITE,2022-08-15,Flood,1,0.0,10000.0,0,0
ILLINOIS,WHITE,2022-08-16,Flood,1,0.0,10000.0,0,0
ILLINOIS,WHITE,2022-08-17,Flood,1,0.0,10000.0,0,0
ILLINOIS,WHITE,2022-08-18,Flood,1,0.0,10000.0,0,0
ILLINOIS,WHITE,2022-08-19,Flood,1,0.0,10000.0,0,0
ILLINOIS,WHITE,2023-03-05,Flood,1,0.0,0.0,0,0
ILLINOIS,WHITE,2023-03-06,Flood,1,0.0,0.0,0,0
ILLINOIS,WHITE,2023-03-07,Flood,1,0.0,0.0,0,0
ILLINOIS,WHITE,2023-03-08,Flood,1,0.0,0.0,0,0
ILLINOIS,WHITE,2023-03-09,Flood,1,0.0,0.0,0,0
ILLINOIS,WHITE,2023-03-10,Flood,1,0.0,0.0,0,0
ILLINOIS,WHITE,2023-03-11,Flood,1,0.0,0.0,0,0
ILLINOIS,WHITE,2023-03-12,Flood,1,0.0,0.0,0,0
ILLINOIS,WHITE,2023-03-13,Flood,1,0.0,0.0,0,0
ILLINOIS,WHITE,2023-03-14,Flood,1,0.0,0.0,0,0
ILLINOIS,WHITE,2023-03-15,Flood,1,0.0,0.0,0,0
ILLINOIS,WHITE,2023-03-16,Flood,1,0.0,0.0,0,0
ILLINOIS,WHITE,2023-03-25,Flood,1,0.0,0.0,0,0
ILLINOIS,WHITE,2023-03-26,Flood,1,0.0,0.0,0,0
ILLINOIS,WHITE,2023-03-27,Flood,1,0.0,0.0,0,0
ILLINOIS,WHITE,2023-03-28,Flood,1,0.0,0.0,0,0
ILLINOIS,WHITE,2023-03-29,Flood,1,0.0,0.0,0,0
ILLINOIS,WHITE,2023-03-30,Flood,1,0.0,0.0,0,0
ILLINOIS,WHITE,2023-03-31,Flood,1,0.0,0.0,0,0
ILLINOIS,WHITE,2023-04-01,Flood,1,0.0,0.0,0,0
ILLINOIS,WHITE,2023-04-02,Flood,1,0.0,0.0,0,0
ILLINOIS,WHITE,2023-04-03,Flood,1,0.0,0.0,0,0
ILLINOIS,WHITE,2023-04-04,Flood,1,0.0,0.0,0,0
ILLINOIS,WHITE,2023-04-05,Flood,1,0.0,0.0,0,0
ILLINOIS,WHITE,2023-04-06,Flood,1,0.0,0.0,0,0
ILLINOIS,WHITE,2023-04-07,Flood,1,0.0,0.0,0,0
ILLINOIS,WHITE,2023-04-08,Flood,1,0.0,0.0,0,0
ILLINOIS,WHITE,2023-04-09,Flood,1,0.0,0.0,0,0
ILLINOIS,WHITE,2023-04-10,Flood,1,0.0,0.0,0,0
ILLINOIS,WHITE,2023-04-11,Flood,1,0.0,0.0,0,0
ILLINOIS,WHITE,2023-04-12,Flood,1,0.0,0.0,0,0
ILLINOIS,WHITE,2023-04-13,Flood,1,0.0,0.0,0,0
ILLINOIS,WHITE,2023-06-30,Excessive Heat,1,0.0,0.0,0,0
ILLINOIS,WHITE,2023-07-27,Excessive Heat,1,0.0,0.0,0,0
ILLINOIS,WHITE,2023-07-28,Excessive Heat,1,0.0,0.0,0,0
ILLINOIS,WHITE,2023-08-20,Excessive Heat,1,0.0,0.0,0,0
ILLINOIS,WHITE,2023-08-21,Excessive Heat,1,0.0,0.0,0,0
ILLINOIS,WHITE,2023-08-22,Excessive Heat,1,0.0,0.0,0,0
ILLINOIS,WHITE,2023-08-23,Excessive Heat,1,0.0,0.0,0,0
ILLINOIS,WHITE,2023-08-24,Excessive Heat,1,0.0,0.0,0,0
ILLINOIS,WHITE,2023-08-25,Excessive Heat,1,0.0,0.0,0,0
ILLINOIS,WHITE,2024-04-11,Flood,1,0.0,0.0,0,0
ILLINOIS,WHITE,2024-04-12,Flood,1,0.0,0.0,0,0
ILLINOIS,WHITE,2024-04-13,Flood,1,0.0,0.0,0,0
ILLINOIS,WHITE,2024-04-14,Flood,1,0.0,0.0,0,0
ILLINOIS,WHITE,2024-04-15,Flood,1,0.0,0.0,0,0
ILLINOIS,WHITE,2024-04-16,Flood,1,0.0,0.0,0,0
ILLINOIS,WHITE,2024-04-17,Flood,1,0.0,0.0,0,0
ILLINOIS,WHITE,2024-04-18,Flood,1,0.0,0.0,0,0
ILLINOIS,WHITE,2024-04-19,Flood,1,0.0,0.0,0,0
ILLINOIS,WHITE,2024-04-20,Flood,1,0.0,0.0,0,0
ILLINOIS,WHITE,2024-04-21,Flood,1,0.0,0.0,0,0
ILLINOIS,WHITE,2024-04-22,Flood,1,0.0,0.0,0,0
ILLINOIS,WHITE,2024-04-23,Flood,1,0.0,0.0,0,0
ILLINOIS,WHITE,2024-04-24,Flood,1,0.0,0.0,0,0
ILLINOIS,WHITE,2024-07-30,Excessive Heat,1,0.0,0.0,0,0
ILLINOIS,WHITE,2024-07-31,Excessive Heat,1,0.0,0.0,0,0
ILLINOIS,WHITE,2025-01-05,Winter Storm,1,25000.0,0.0,0,0
ILLINOIS,WHITE,2025-01-06,Winter Storm,1,25000.0,0.0,0,0
ILLINOIS,WHITE,2025-05-01,Flood,1,0.0,0.0,0,0
ILLINOIS,WHITE,2025-05-02,Flood,1,0.0,0.0,0,0
ILLINOIS,WHITE,2025-05-03,Flood,1,0.0,0.0,0,0
ILLINOIS,WHITE,2025-05-04,Flood,1,0.0,0.0,0,0
ILLINOIS,WHITE,2025-05-05,Flood,1,0.0,0.0,0,0
ILLINOIS,WHITE,2025-05-06,Flood,1,0.0,0.0,0,0
ILLINOIS,WHITE,2025-05-07,Flood,1,0.0,0.0,0,0
ILLINOIS,WHITE,2025-05-08,Flood,1,0.0,0.0,0,0
ILLINOIS,WHITE,2025-05-09,Flood,1,0.0,0.0,0,0
ILLINOIS,WHITE,2025-05-10,Flood,1,0.0,0.0,0,0
ILLINOIS,WHITE,2025-05-11,Flood,1,0.0,0.0,0,0
ILLINOIS,WHITESIDE,2010-01-06,Winter Storm,1,0.0,0.0,0,0
ILLINOIS,WHITESIDE,2010-01-07,Winter Storm,1,0.0,0.0,0,0
ILLINOIS,WHITESIDE,2010-05-15,Flood,1,150000.0,0.0,0,0
ILLINOIS,WHITESIDE,2010-05-16,Flood,1,150000.0,0.0,0,0
ILLINOIS,WHITESIDE,2010-05-17,Flood,1,150000.0,0.0,0,0
ILLINOIS,WHITESIDE,2010-05-18,Flood,1,150000.0,0.0,0,0
ILLINOIS,WHITESIDE,2010-07-24,Flood,1,500000.0,0.0,0,0
ILLINOIS,WHITESIDE,2010-07-25,Flood,1,750000.0,0.0,0,0
ILLINOIS,WHITESIDE,2010-07-26,Flood,1,750000.0,0.0,0,0
ILLINOIS,WHITESIDE,2010-07-27,Flood,1,750000.0,0.0,0,0
ILLINOIS,WHITESIDE,2010-07-28,Flood,1,250000.0,0.0,0,0
ILLINOIS,WHITESIDE,2010-07-29,Flood,1,250000.0,0.0,0,0
ILLINOIS,WHITESIDE,2010-07-30,Flood,1,250000.0,0.0,0,0
ILLINOIS,WHITESIDE,2010-07-31,Flood,1,250000.0,0.0,0,0
ILLINOIS,WHITESIDE,2010-10-02,Flood,1,0.0,0.0,0,0
ILLINOIS,WHITESIDE,2010-10-03,Flood,1,0.0,0.0,0,0
ILLINOIS,WHITESIDE,2010-10-04,Flood,1,0.0,0.0,0,0
ILLINOIS,WHITESIDE,2010-10-05,Flood,1,0.0,0.0,0,0
ILLINOIS,WHITESIDE,2010-10-06,Flood,1,0.0,0.0,0,0
ILLINOIS,WHITESIDE,2010-10-07,Flood,1,0.0,0.0,0,0
ILLINOIS,WHITESIDE,2010-10-08,Flood,1,0.0,0.0,0,0
ILLINOIS,WHITESIDE,2010-10-09,Flood,1,0.0,0.0,0,0
ILLINOIS,WHITESIDE,2010-10-10,Flood,1,0.0,0.0,0,0
ILLINOIS,WHITESIDE,2010-12-03,Winter Storm,1,0.0,0.0,0,0
ILLINOIS,WHITESIDE,2010-12-04,Winter Storm,1,0.0,0.0,0,0
ILLINOIS,WHITESIDE,2010-12-23,Winter Storm,1,0.0,0.0,0,0
ILLINOIS,WHITESIDE,2010-12-24,Winter Storm,1,0.0,0.0,0,0
ILLINOIS,WHITESIDE,2010-12-25,Winter Storm,1,0.0,0.0,0,0
ILLINOIS,WHITESIDE,2011-02-01,Blizzard,1,0.0,0.0,0,0
ILLINOIS,WHITESIDE,2011-02-02,Blizzard,1,0.0,0.0,0,0
ILLINOIS,WHITESIDE,2011-04-18,Flood,1,250000.0,0.0,0,0
ILLINOIS,WHITESIDE,2011-04-19,Flood,1,250000.0,0.0,0,0
ILLINOIS,WHITESIDE,2011-04-20,Flood,1,250000.0,0.0,0,0
ILLINOIS,WHITESIDE,2011-04-21,Flood,1,250000.0,0.0,0,0
ILLINOIS,WHITESIDE,2011-04-22,Flood,1,250000.0,0.0,0,0
ILLINOIS,WHITESIDE,2011-04-23,Flood,1,250000.0,0.0,0,0
ILLINOIS,WHITESIDE,2011-04-24,Flood,1,250000.0,0.0,0,0
ILLINOIS,WHITESIDE,2011-04-25,Flood,1,250000.0,0.0,0,0
ILLINOIS,WHITESIDE,2012-01-12,Winter Storm,1,0.0,0.0,0,0
ILLINOIS,WHITESIDE,2012-01-13,Winter Storm,1,0.0,0.0,0,0
ILLINOIS,WHITESIDE,2012-07-04,Excessive Heat,1,0.0,0.0,0,0
ILLINOIS,WHITESIDE,2012-07-05,Excessive Heat,1,0.0,0.0,0,0
ILLINOIS,WHITESIDE,2012-07-06,Excessive Heat,1,0.0,0.0,0,0
ILLINOIS,WHITESIDE,2012-07-07,Excessive Heat,1,0.0,0.0,0,0
ILLINOIS,WHITESIDE,2012-12-20,Blizzard,1,0.0,0.0,0,0
ILLINOIS,WHITESIDE,2013-02-26,Winter Storm,1,0.0,0.0,0,0
ILLINOIS,WHITESIDE,2013-02-27,Winter Storm,1,0.0,0.0,0,0
ILLINOIS,WHITESIDE,2013-03-04,Winter Storm,1,0.0,0.0,0,0
ILLINOIS,WHITESIDE,2013-03-05,Winter Storm,1,0.0,0.0,0,0
ILLINOIS,WHITESIDE,2013-04-18,Flood,1,0.0,0.0,0,0
ILLINOIS,WHITESIDE,2013-04-19,Flood,1,0.0,0.0,0,0
ILLINOIS,WHITESIDE,2013-04-20,Flood,1,0.0,0.0,0,0
ILLINOIS,WHITESIDE,2013-04-21,Flood,1,0.0,0.0,0,0
ILLINOIS,WHITESIDE,2013-04-22,Flood,1,0.0,0.0,0,0
ILLINOIS,WHITESIDE,2013-12-21,Winter Storm,1,0.0,0.0,0,0
ILLINOIS,WHITESIDE,2013-12-22,Winter Storm,1,0.0,0.0,0,0
ILLINOIS,WHITESIDE,2014-02-17,Winter Storm,1,0.0,0.0,0,0
ILLINOIS,WHITESIDE,2014-03-13,Flood,1,0.0,0.0,0,0
ILLINOIS,WHITESIDE,2014-03-14,Flood,1,0.0,0.0,0,0
ILLINOIS,WHITESIDE,2014-03-15,Flood,1,0.0,0.0,0,0
ILLINOIS,WHITESIDE,2014-03-16,Flood,1,0.0,0.0,0,0
ILLINOIS,WHITESIDE,2014-03-17,Flood,1,0.0,0.0,0,0
ILLINOIS,WHITESIDE,2014-03-18,Flood,1,0.0,0.0,0,0
ILLINOIS,WHITESIDE,2014-07-02,Flood,1,0.0,0.0,0,0
ILLINOIS,WHITESIDE,2014-07-03,Flood,1,0.0,0.0,0,0
ILLINOIS,WHITESIDE,2014-07-04,Flood,1,0.0,0.0,0,0
ILLINOIS,WHITESIDE,2014-07-05,Flood,1,0.0,0.0,0,0
ILLINOIS,WHITESIDE,2015-02-01,Winter Storm,1,0.0,0.0,0,0
ILLINOIS,WHITESIDE,2015-11-20,Winter Storm,1,0.0,0.0,0,0
ILLINOIS,WHITESIDE,2015-11-21,Winter Storm,1,0.0,0.0,0,0
ILLINOIS,WHITESIDE,2015-12-28,Winter Storm,1,0.0,0.0,0,0
ILLINOIS,WHITESIDE,2015-12-29,Winter Storm,1,0.0,0.0,0,0
ILLINOIS,WHITESIDE,2016-12-04,Winter Storm,1,0.0,0.0,0,0
ILLINOIS,WHITESIDE,2017-07-21,Flood,1,13000.0,2000.0,0,0
ILLINOIS,WHITESIDE,2017-07-22,Flood,1,13000.0,2000.0,0,0
ILLINOIS,WHITESIDE,2017-07-23,Flood,1,13000.0,2000.0,0,0
ILLINOIS,WHITESIDE,2017-07-24,Flood,1,13000.0,2000.0,0,0
ILLINOIS,WHITESIDE,2017-07-25,Flood,1,13000.0,2000.0,0,0
ILLINOIS,WHITESIDE,2017-07-26,Flood,1,13000.0,2000.0,0,0
ILLINOIS,WHITESIDE,2017-07-27,Flood,1,13000.0,2000.0,0,0
ILLINOIS,WHITESIDE,2017-07-28,Flood,1,13000.0,2000.0,0,0
ILLINOIS,WHITESIDE,2017-07-29,Flood,1,13000.0,2000.0,0,0
ILLINOIS,WHITESIDE,2017-07-30,Flood,1,13000.0,2000.0,0,0
ILLINOIS,WHITESIDE,2017-07-31,Flood,1,13000.0,2000.0,0,0
ILLINOIS,WHITESIDE,2017-12-29,Winter Storm,1,0.0,0.0,0,0
ILLINOIS,WHITESIDE,2018-02-22,Flood,1,0.0,0.0,0,0
ILLINOIS,WHITESIDE,2018-02-23,Flood,1,0.0,0.0,0,0
ILLINOIS,WHITESIDE,2018-02-24,Flood,1,0.0,0.0,0,0
ILLINOIS,WHITESIDE,2018-02-25,Flood,1,0.0,0.0,0,0
ILLINOIS,WHITESIDE,2018-02-26,Flood,1,0.0,0.0,0,0
ILLINOIS,WHITESIDE,2018-10-08,Flood,1,0.0,0.0,0,0
ILLINOIS,WHITESIDE,2018-10-09,Flood,1,0.0,0.0,0,0
ILLINOIS,WHITESIDE,2018-10-10,Flood,1,0.0,0.0,0,0
ILLINOIS,WHITESIDE,2018-10-11,Flood,1,0.0,0.0,0,0
ILLINOIS,WHITESIDE,2018-10-12,Flood,1,0.0,0.0,0,0
ILLINOIS,WHITESIDE,2018-11-25,Blizzard,1,0.0,0.0,0,0
ILLINOIS,WHITESIDE,2018-11-26,Blizzard,1,0.0,0.0,0,0
ILLINOIS,WHITESIDE,2019-01-12,Winter Storm,1,0.0,0.0,0,0
ILLINOIS,WHITESIDE,2019-01-13,Winter Storm,1,0.0,0.0,0,0
ILLINOIS,WHITESIDE,2019-01-18,Winter Storm,1,0.0,0.0,0,0
ILLINOIS,WHITESIDE,2019-01-19,Winter Storm,1,0.0,0.0,0,0
ILLINOIS,WHITESIDE,2019-01-22,Winter Storm,1,0.0,0.0,0,0
ILLINOIS,WHITESIDE,2019-01-23,Winter Storm,1,0.0,0.0,0,0
ILLINOIS,WHITESIDE,2019-04-04,Flood,1,0.0,0.0,0,0
ILLINOIS,WHITESIDE,2019-04-05,Flood,1,0.0,0.0,0,0
ILLINOIS,WHITESIDE,2019-04-06,Flood,1,0.0,0.0,0,0
ILLINOIS,WHITESIDE,2019-04-07,Flood,1,0.0,0.0,0,0
ILLINOIS,WHITESIDE,2019-04-08,Flood,1,0.0,0.0,0,0
ILLINOIS,WHITESIDE,2019-04-09,Flood,1,0.0,0.0,0,0
ILLINOIS,WHITESIDE,2019-04-10,Flood,1,0.0,0.0,0,0
ILLINOIS,WHITESIDE,2019-04-11,Flood,1,0.0,0.0,0,0
ILLINOIS,WHITESIDE,2019-04-26,Flood,1,0.0,0.0,0,0
ILLINOIS,WHITESIDE,2019-04-27,Flood,1,0.0,0.0,0,0
ILLINOIS,WHITESIDE,2019-04-28,Flood,1,0.0,0.0,0,0
ILLINOIS,WHITESIDE,2019-04-29,Flood,1,0.0,0.0,0,0
ILLINOIS,WHITESIDE,2019-04-30,Flood,1,0.0,0.0,0,0
ILLINOIS,WHITESIDE,2019-05-01,Flood,1,0.0,0.0,0,0
ILLINOIS,WHITESIDE,2019-05-02,Flood,1,0.0,0.0,0,0
ILLINOIS,WHITESIDE,2019-05-03,Flood,1,0.0,0.0,0,0
ILLINOIS,WHITESIDE,2019-05-04,Flood,1,0.0,0.0,0,0
ILLINOIS,WHITESIDE,2019-05-05,Flood,1,0.0,0.0,0,0
ILLINOIS,WHITESIDE,2019-05-06,Flood,1,0.0,0.0,0,0
ILLINOIS,WHITESIDE,2019-05-07,Flood,1,0.0,0.0,0,0
ILLINOIS,WHITESIDE,2019-05-30,Flood,1,0.0,0.0,0,0
ILLINOIS,WHITESIDE,2019-05-31,Flood,1,0.0,0.0,0,0
ILLINOIS,WHITESIDE,2019-06-01,Flood,1,0.0,0.0,0,0
ILLINOIS,WHITESIDE,2019-06-02,Flood,1,0.0,0.0,0,0
ILLINOIS,WHITESIDE,2020-01-17,Winter Storm,1,0.0,0.0,0,0
ILLINOIS,WHITESIDE,2020-01-18,Winter Storm,1,0.0,0.0,0,0
ILLINOIS,WHITESIDE,2020-12-29,Winter Storm,1,0.0,0.0,0,0
ILLINOIS,WHITESIDE,2020-12-30,Winter Storm,1,0.0,0.0,0,0
ILLINOIS,WHITESIDE,2021-01-25,Winter Storm,1,0.0,0.0,0,0
ILLINOIS,WHITESIDE,2021-01-26,Winter Storm,1,0.0,0.0,0,0
ILLINOIS,WHITESIDE,2021-01-30,Winter Storm,1,0.0,0.0,0,0
ILLINOIS,WHITESIDE,2021-01-31,Winter Storm,1,0.0,0.0,0,0
ILLINOIS,WHITESIDE,2021-02-04,Winter Storm,1,0.0,0.0,0,0
ILLINOIS,WHITESIDE,2022-12-22,Winter Storm,1,0.0,0.0,0,0
ILLINOIS,WHITESIDE,2022-12-23,Blizzard,1,0.0,0.0,0,0
ILLINOIS,WHITESIDE,2022-12-23,Winter Storm,1,0.0,0.0,0,0
ILLINOIS,WHITESIDE,2022-12-24,Blizzard,1,0.0,0.0,0,0
ILLINOIS,WHITESIDE,2023-03-25,Winter Storm,1,0.0,0.0,0,0
ILLINOIS,WHITESIDE,2023-04-25,Flood,1,0.0,0.0,0,0
ILLINOIS,WHITESIDE,2023-04-26,Flood,1,0.0,0.0,0,0
ILLINOIS,WHITESIDE,2023-04-27,Flood,1,0.0,0.0,0,0
ILLINOIS,WHITESIDE,2023-04-28,Flood,1,0.0,0.0,0,0
ILLINOIS,WHITESIDE,2023-04-29,Flood,1,0.0,0.0,0,0
ILLINOIS,WHITESIDE,2023-04-30,Flood,1,0.0,0.0,0,0
ILLINOIS,WHITESIDE,2024-01-08,Winter Storm,1,0.0,0.0,0,0
ILLINOIS,WHITESIDE,2024-01-09,Winter Storm,1,0.0,0.0,0,0
ILLINOIS,WHITESIDE,2024-01-12,Winter Storm,1,0.0,0.0,0,0
ILLINOIS,WHITESIDE,2024-07-07,Flood,1,0.0,0.0,0,0
ILLINOIS,WHITESIDE,2024-07-08,Flood,1,0.0,0.0,0,0
ILLINOIS,WHITESIDE,2024-07-09,Flood,1,0.0,0.0,0,0
ILLINOIS,WHITESIDE,2024-07-10,Flood,1,0.0,0.0,0,0
ILLINOIS,WHITESIDE,2025-02-12,Winter Storm,1,0.0,0.0,0,0
ILLINOIS,WHITESIDE,2025-02-13,Winter Storm,1,0.0,0.0,0,0
ILLINOIS,WHITESIDE,2025-11-29,Winter Storm,1,0.0,0.0,0,0
ILLINOIS,WHITESIDE,2025-11-30,Winter Storm,1,0.0,0.0,0,0
ILLINOIS,WILL,2010-01-07,Winter Storm,1,0.0,0.0,0,0
ILLINOIS,WILL,2010-01-08,Winter Storm,1,0.0,0.0,0,0
ILLINOIS,WILL,2010-02-08,Winter Storm,1,0.0,0.0,0,0
ILLINOIS,WILL,2010-02-09,Winter Storm,1,0.0,0.0,0,0
ILLINOIS,WILL,2010-02-10,Winter Storm,1,0.0,0.0,0,0
ILLINOIS,WILL,2010-06-23,Flood,1,0.0,0.0,0,0
ILLINOIS,WILL,2010-07-24,Flood,1,0.0,0.0,0,0
ILLINOIS,WILL,2010-07-25,Flood,1,0.0,0.0,0,0
ILLINOIS,WILL,2010-12-11,Winter Storm,1,0.0,0.0,0,0
ILLINOIS,WILL,2010-12-12,Winter Storm,1,0.0,0.0,0,0
ILLINOIS,WILL,2011-02-01,Blizzard,1,250000.0,0.0,0,0
ILLINOIS,WILL,2011-02-02,Blizzard,1,250000.0,0.0,0,0
ILLINOIS,WILL,2011-05-28,Flood,1,0.0,0.0,0,0
ILLINOIS,WILL,2011-06-09,Flood,1,0.0,0.0,0,0
ILLINOIS,WILL,2012-01-12,Winter Storm,1,0.0,0.0,0,0
ILLINOIS,WILL,2012-01-13,Winter Storm,1,0.0,0.0,0,0
ILLINOIS,WILL,2012-01-20,Winter Storm,1,0.0,0.0,0,0
ILLINOIS,WILL,2012-07-04,Excessive Heat,1,0.0,0.0,0,0
ILLINOIS,WILL,2012-07-05,Excessive Heat,1,0.0,0.0,0,0
ILLINOIS,WILL,2012-07-06,Excessive Heat,1,0.0,0.0,0,0
ILLINOIS,WILL,2012-07-07,Excessive Heat,1,0.0,0.0,0,0
ILLINOIS,WILL,2013-03-05,Winter Storm,1,0.0,0.0,0,0
ILLINOIS,WILL,2013-03-06,Winter Storm,1,0.0,0.0,0,0
ILLINOIS,WILL,2013-03-10,Flood,1,0.0,0.0,0,0
ILLINOIS,WILL,2013-05-28,Flood,1,0.0,0.0,0,0
ILLINOIS,WILL,2014-01-26,Winter Storm,1,0.0,0.0,0,0
ILLINOIS,WILL,2014-01-27,Winter Storm,1,0.0,0.0,0,0
ILLINOIS,WILL,2014-06-21,Flood,1,0.0,0.0,0,0
ILLINOIS,WILL,2015-06-07,Flood,1,0.0,0.0,0,0
ILLINOIS,WILL,2015-06-10,Flood,1,0.0,0.0,0,0
ILLINOIS,WILL,2017-02-28,Flood,1,0.0,0.0,0,0
ILLINOIS,WILL,2017-07-23,Flood,1,0.0,0.0,0,0
ILLINOIS,WILL,2017-10-14,Flood,1,0.0,0.0,0,0
ILLINOIS,WILL,2018-02-08,Winter Storm,1,0.0,0.0,0,0
ILLINOIS,WILL,2018-02-09,Winter Storm,1,0.0,0.0,0,0
ILLINOIS,WILL,2018-02-20,Flood,1,0.0,0.0,0,0
ILLINOIS,WILL,2018-06-29,Excessive Heat,1,0.0,0.0,0,0
ILLINOIS,WILL,2018-06-30,Excessive Heat,1,0.0,0.0,0,0
ILLINOIS,WILL,2019-04-30,Flood,1,0.0,0.0,0,0
ILLINOIS,WILL,2019-05-01,Flood,1,0.0,0.0,0,0
ILLINOIS,WILL,2019-05-02,Flood,1,0.0,0.0,0,0
ILLINOIS,WILL,2019-05-27,Flood,1,0.0,0.0,0,0
ILLINOIS,WILL,2019-06-30,Flood,1,0.0,0.0,0,0
ILLINOIS,WILL,2019-07-19,Excessive Heat,1,0.0,0.0,0,0
ILLINOIS,WILL,2019-07-20,Excessive Heat,1,0.0,0.0,0,0
ILLINOIS,WILL,2019-09-28,Flood,1,0.0,0.0,0,0
ILLINOIS,WILL,2019-09-29,Flood,1,0.0,0.0,0,0
ILLINOIS,WILL,2019-10-26,Flood,1,0.0,0.0,0,0
ILLINOIS,WILL,2019-10-27,Flood,1,0.0,0.0,0,0
ILLINOIS,WILL,2020-04-29,Flood,1,0.0,0.0,0,0
ILLINOIS,WILL,2020-04-30,Flood,1,0.0,0.0,0,0
ILLINOIS,WILL,2020-05-17,Flood,1,0.0,0.0,0,0
ILLINOIS,WILL,2020-05-18,Flood,1,0.0,0.0,0,0
ILLINOIS,WILL,2020-05-19,Flood,1,0.0,0.0,0,0
ILLINOIS,WILL,2020-06-21,Flood,1,0.0,0.0,0,0
ILLINOIS,WILL,2020-07-19,Flood,1,0.0,0.0,0,0
ILLINOIS,WILL,2021-06-30,Flood,1,0.0,0.0,0,0
ILLINOIS,WILL,2021-08-18,Flood,1,0.0,0.0,0,0
ILLINOIS,WILL,2021-10-24,Flood,1,0.0,0.0,0,0
ILLINOIS,WILL,2021-10-25,Flood,1,0.0,0.0,0,0
ILLINOIS,WILL,2022-02-22,Flood,1,0.0,0.0,0,0
ILLINOIS,WILL,2022-05-03,Flood,1,0.0,0.0,0,0
ILLINOIS,WILL,2023-03-31,Flood,1,0.0,0.0,0,0
ILLINOIS,WILL,2024-01-15,Flood,1,0.0,0.0,0,0
ILLINOIS,WILL,2024-01-16,Flood,1,0.0,0.0,0,0
ILLINOIS,WILL,2024-01-17,Flood,1,0.0,0.0,0,0
ILLINOIS,WILL,2024-01-18,Flood,1,0.0,0.0,0,0
ILLINOIS,WILL,2024-01-19,Flood,1,0.0,0.0,0,0
ILLINOIS,WILL,2024-01-20,Flood,1,0.0,0.0,0,0
ILLINOIS,WILL,2024-01-21,Flood,1,0.0,0.0,0,0
ILLINOIS,WILL,2024-01-22,Flood,1,0.0,0.0,0,0
ILLINOIS,WILL,2024-01-23,Flood,1,0.0,0.0,0,0
ILLINOIS,WILL,2024-01-24,Flood,1,0.0,0.0,0,0
ILLINOIS,WILL,2024-01-25,Flood,1,0.0,0.0,0,0
ILLINOIS,WILL,2024-01-26,Flood,1,0.0,0.0,0,0
ILLINOIS,WILL,2024-01-27,Flood,1,0.0,0.0,0,0
ILLINOIS,WILL,2024-03-14,Flood,1,0.0,0.0,0,0
ILLINOIS,WILL,2024-04-29,Flood,1,0.0,0.0,0,0
ILLINOIS,WILL,2024-05-07,Flood,1,0.0,0.0,0,0
ILLINOIS,WILL,2025-04-02,Flood,1,0.0,0.0,0,0
ILLINOIS,WILL,2025-06-18,Flood,1,0.0,0.0,0,0
ILLINOIS,WILL,2025-07-25,Flood,1,0.0,0.0,0,0
ILLINOIS,WILLIAMSON,2010-08-03,Excessive Heat,1,0.0,0.0,0,0
ILLINOIS,WILLIAMSON,2010-08-04,Excessive Heat,1,0.0,0.0,0,0
ILLINOIS,WILLIAMSON,2010-08-09,Excessive Heat,1,0.0,0.0,0,0
ILLINOIS,WILLIAMSON,2010-08-10,Excessive Heat,1,0.0,0.0,0,0
ILLINOIS,WILLIAMSON,2010-08-11,Excessive Heat,1,0.0,0.0,0,0
ILLINOIS,WILLIAMSON,2010-08-12,Excessive Heat,1,0.0,0.0,0,0
ILLINOIS,WILLIAMSON,2010-08-13,Excessive Heat,1,0.0,0.0,0,0
ILLINOIS,WILLIAMSON,2010-08-14,Excessive Heat,1,0.0,0.0,0,0
ILLINOIS,WILLIAMSON,2010-08-15,Excessive Heat,1,0.0,0.0,0,0
ILLINOIS,WILLIAMSON,2011-04-24,Flood,1,0.0,0.0,0,0
ILLINOIS,WILLIAMSON,2011-04-25,Flood,1,0.0,0.0,0,0
ILLINOIS,WILLIAMSON,2011-04-26,Flood,1,0.0,0.0,0,0
ILLINOIS,WILLIAMSON,2011-04-27,Flood,1,0.0,0.0,0,0
ILLINOIS,WILLIAMSON,2011-04-28,Flood,1,0.0,0.0,0,0
ILLINOIS,WILLIAMSON,2011-04-29,Flood,1,0.0,0.0,0,0
ILLINOIS,WILLIAMSON,2011-04-30,Flood,1,0.0,0.0,0,0
ILLINOIS,WILLIAMSON,2011-05-01,Flood,1,105000.0,0.0,0,0
ILLINOIS,WILLIAMSON,2011-05-02,Flood,1,105000.0,0.0,0,0
ILLINOIS,WILLIAMSON,2011-05-03,Flood,1,105000.0,0.0,0,0
ILLINOIS,WILLIAMSON,2011-05-04,Flood,1,105000.0,0.0,0,0
ILLINOIS,WILLIAMSON,2011-05-05,Flood,1,105000.0,0.0,0,0
ILLINOIS,WILLIAMSON,2011-05-06,Flood,1,105000.0,0.0,0,0
ILLINOIS,WILLIAMSON,2011-05-07,Flood,1,105000.0,0.0,0,0
ILLINOIS,WILLIAMSON,2011-05-08,Flood,1,105000.0,0.0,0,0
ILLINOIS,WILLIAMSON,2011-05-09,Flood,1,105000.0,0.0,0,0
ILLINOIS,WILLIAMSON,2011-05-10,Flood,1,105000.0,0.0,0,0
ILLINOIS,WILLIAMSON,2011-05-11,Flood,1,75000.0,0.0,0,0
ILLINOIS,WILLIAMSON,2011-05-12,Flood,1,75000.0,0.0,0,0
ILLINOIS,WILLIAMSON,2011-05-13,Flood,1,75000.0,0.0,0,0
ILLINOIS,WILLIAMSON,2011-05-14,Flood,1,75000.0,0.0,0,0
ILLINOIS,WILLIAMSON,2011-05-15,Flood,1,75000.0,0.0,0,0
ILLINOIS,WILLIAMSON,2011-05-16,Flood,1,75000.0,0.0,0,0
ILLINOIS,WILLIAMSON,2011-05-17,Flood,1,75000.0,0.0,0,0
ILLINOIS,WILLIAMSON,2011-05-18,Flood,1,75000.0,0.0,0,0
ILLINOIS,WILLIAMSON,2011-05-19,Flood,1,75000.0,0.0,0,0
ILLINOIS,WILLIAMSON,2011-05-20,Flood,1,75000.0,0.0,0,0
ILLINOIS,WILLIAMSON,2011-05-21,Flood,1,75000.0,0.0,0,0
ILLINOIS,WILLIAMSON,2011-05-22,Flood,1,75000.0,0.0,0,0
ILLINOIS,WILLIAMSON,2011-05-23,Flood,1,75000.0,0.0,0,0
ILLINOIS,WILLIAMSON,2011-05-24,Flood,1,75000.0,0.0,0,0
ILLINOIS,WILLIAMSON,2011-05-25,Flood,1,75000.0,0.0,0,0
ILLINOIS,WILLIAMSON,2011-05-26,Flood,1,75000.0,0.0,0,0
ILLINOIS,WILLIAMSON,2011-07-10,Excessive Heat,1,0.0,0.0,0,0
ILLINOIS,WILLIAMSON,2011-07-11,Excessive Heat,1,0.0,0.0,0,0
ILLINOIS,WILLIAMSON,2011-07-12,Excessive Heat,1,0.0,0.0,0,0
ILLINOIS,WILLIAMSON,2011-07-19,Excessive Heat,1,0.0,0.0,0,0
ILLINOIS,WILLIAMSON,2011-07-20,Excessive Heat,1,0.0,0.0,0,0
ILLINOIS,WILLIAMSON,2011-07-21,Excessive Heat,1,0.0,0.0,0,0
ILLINOIS,WILLIAMSON,2011-07-22,Excessive Heat,1,0.0,0.0,0,0
ILLINOIS,WILLIAMSON,2011-07-23,Excessive Heat,1,0.0,0.0,0,0
ILLINOIS,WILLIAMSON,2011-07-24,Excessive Heat,1,0.0,0.0,0,0
ILLINOIS,WILLIAMSON,2011-08-03,Excessive Heat,1,0.0,0.0,0,0
ILLINOIS,WILLIAMSON,2012-07-01,Excessive Heat,1,0.0,0.0,0,0
ILLINOIS,WILLIAMSON,2012-07-02,Excessive Heat,1,0.0,0.0,0,0
ILLINOIS,WILLIAMSON,2012-07-03,Excessive Heat,1,0.0,0.0,0,0
ILLINOIS,WILLIAMSON,2012-07-04,Excessive Heat,1,0.0,0.0,0,0
ILLINOIS,WILLIAMSON,2012-07-05,Excessive Heat,1,0.0,0.0,0,0
ILLINOIS,WILLIAMSON,2012-07-06,Excessive Heat,1,0.0,0.0,0,0
ILLINOIS,WILLIAMSON,2012-07-07,Excessive Heat,1,0.0,0.0,0,0
ILLINOIS,WILLIAMSON,2012-07-08,Excessive Heat,1,0.0,0.0,0,0
ILLINOIS,WILLIAMSON,2012-09-01,Flood,1,0.0,0.0,0,0
ILLINOIS,WILLIAMSON,2012-12-26,Winter Storm,1,0.0,0.0,0,0
ILLINOIS,WILLIAMSON,2012-12-28,Winter Storm,1,0.0,0.0,0,0
ILLINOIS,WILLIAMSON,2012-12-29,Winter Storm,1,0.0,0.0,0,0
ILLINOIS,WILLIAMSON,2013-02-21,Winter Storm,1,0.0,0.0,0,0
ILLINOIS,WILLIAMSON,2013-12-05,Winter Storm,1,0.0,0.0,0,0
ILLINOIS,WILLIAMSON,2013-12-06,Winter Storm,1,0.0,0.0,0,0
ILLINOIS,WILLIAMSON,2014-02-04,Winter Storm,1,0.0,0.0,0,0
ILLINOIS,WILLIAMSON,2014-03-02,Winter Storm,1,0.0,0.0,0,0
ILLINOIS,WILLIAMSON,2014-03-03,Winter Storm,1,0.0,0.0,0,0
ILLINOIS,WILLIAMSON,2014-04-04,Flood,1,0.0,0.0,0,0
ILLINOIS,WILLIAMSON,2015-02-20,Winter Storm,1,0.0,0.0,0,0
ILLINOIS,WILLIAMSON,2015-02-21,Winter Storm,1,0.0,0.0,0,0
ILLINOIS,WILLIAMSON,2015-03-04,Winter Storm,1,0.0,0.0,0,0
ILLINOIS,WILLIAMSON,2016-07-06,Flood,1,0.0,0.0,0,0
ILLINOIS,WILLIAMSON,2017-04-29,Flood,1,40000.0,0.0,0,0
ILLINOIS,WILLIAMSON,2017-07-13,Flood,1,0.0,0.0,0,0
ILLINOIS,WILLIAMSON,2017-07-19,Excessive Heat,1,0.0,0.0,0,0
ILLINOIS,WILLIAMSON,2017-07-20,Excessive Heat,1,0.0,0.0,0,0
ILLINOIS,WILLIAMSON,2017-07-21,Excessive Heat,1,0.0,0.0,0,0
ILLINOIS,WILLIAMSON,2017-07-22,Excessive Heat,1,0.0,0.0,0,0
ILLINOIS,WILLIAMSON,2017-11-05,Flood,1,0.0,0.0,0,0
ILLINOIS,WILLIAMSON,2018-01-11,Winter Storm,1,0.0,0.0,0,0
ILLINOIS,WILLIAMSON,2018-01-12,Winter Storm,1,0.0,0.0,0,0
ILLINOIS,WILLIAMSON,2018-02-21,Flood,1,0.0,0.0,0,0
ILLINOIS,WILLIAMSON,2018-02-22,Flood,1,0.0,0.0,0,0
ILLINOIS,WILLIAMSON,2018-07-05,Excessive Heat,1,0.0,0.0,0,0
ILLINOIS,WILLIAMSON,2018-07-14,Excessive Heat,1,0.0,0.0,0,0
ILLINOIS,WILLIAMSON,2018-11-14,Winter Storm,1,0.0,0.0,0,0
ILLINOIS,WILLIAMSON,2018-11-15,Winter Storm,1,0.0,0.0,0,0
ILLINOIS,WILLIAMSON,2019-02-15,Winter Storm,1,0.0,0.0,0,0
ILLINOIS,WILLIAMSON,2019-04-24,Flood,1,0.0,0.0,0,0
ILLINOIS,WILLIAMSON,2019-07-18,Excessive Heat,1,0.0,0.0,0,0
ILLINOIS,WILLIAMSON,2019-07-19,Excessive Heat,1,0.0,0.0,0,0
ILLINOIS,WILLIAMSON,2019-07-20,Excessive Heat,1,0.0,0.0,0,0
ILLINOIS,WILLIAMSON,2019-07-21,Excessive Heat,1,0.0,0.0,0,0
ILLINOIS,WILLIAMSON,2019-08-12,Excessive Heat,1,0.0,0.0,0,0
ILLINOIS,WILLIAMSON,2021-02-14,Winter Storm,1,0.0,0.0,0,0
ILLINOIS,WILLIAMSON,2021-02-15,Winter Storm,1,0.0,0.0,0,0
ILLINOIS,WILLIAMSON,2022-02-02,Winter Storm,1,0.0,0.0,0,0
ILLINOIS,WILLIAMSON,2022-02-03,Winter Storm,1,0.0,0.0,0,0
ILLINOIS,WILLIAMSON,2022-02-23,Winter Storm,1,5000.0,0.0,0,0
ILLINOIS,WILLIAMSON,2022-02-24,Winter Storm,1,5000.0,0.0,0,0
ILLINOIS,WILLIAMSON,2022-03-30,Flood,1,0.0,0.0,0,0
ILLINOIS,WILLIAMSON,2022-06-12,Excessive Heat,1,0.0,0.0,0,0
ILLINOIS,WILLIAMSON,2022-06-13,Excessive Heat,1,0.0,0.0,0,0
ILLINOIS,WILLIAMSON,2022-06-14,Excessive Heat,1,0.0,0.0,0,0
ILLINOIS,WILLIAMSON,2022-06-15,Excessive Heat,1,0.0,0.0,0,0
ILLINOIS,WILLIAMSON,2022-06-16,Excessive Heat,1,0.0,0.0,0,0
ILLINOIS,WILLIAMSON,2022-07-04,Excessive Heat,1,0.0,0.0,0,0
ILLINOIS,WILLIAMSON,2022-07-05,Excessive Heat,1,0.0,0.0,0,0
ILLINOIS,WILLIAMSON,2022-07-06,Excessive Heat,1,0.0,0.0,0,0
ILLINOIS,WILLIAMSON,2022-07-07,Excessive Heat,1,0.0,0.0,0,0
ILLINOIS,WILLIAMSON,2022-07-08,Excessive Heat,1,0.0,0.0,0,0
ILLINOIS,WILLIAMSON,2022-07-20,Excessive Heat,1,0.0,0.0,0,0
ILLINOIS,WILLIAMSON,2022-07-22,Excessive Heat,1,0.0,0.0,0,0
ILLINOIS,WILLIAMSON,2022-07-23,Excessive Heat,1,0.0,0.0,0,0
ILLINOIS,WILLIAMSON,2022-07-24,Excessive Heat,1,0.0,0.0,0,0
ILLINOIS,WILLIAMSON,2023-01-30,Winter Storm,1,0.0,0.0,0,0
ILLINOIS,WILLIAMSON,2023-01-31,Winter Storm,1,0.0,0.0,0,0
ILLINOIS,WILLIAMSON,2023-03-03,Flood,1,0.0,0.0,0,0
ILLINOIS,WILLIAMSON,2023-03-24,Flood,1,0.0,0.0,0,0
ILLINOIS,WILLIAMSON,2023-06-29,Excessive Heat,1,0.0,0.0,0,0
ILLINOIS,WILLIAMSON,2023-06-30,Excessive Heat,1,0.0,0.0,0,0
ILLINOIS,WILLIAMSON,2023-07-27,Excessive Heat,1,0.0,0.0,0,0
ILLINOIS,WILLIAMSON,2023-07-28,Excessive Heat,1,0.0,0.0,0,0
ILLINOIS,WILLIAMSON,2023-08-20,Excessive Heat,1,0.0,0.0,0,0
ILLINOIS,WILLIAMSON,2023-08-21,Excessive Heat,1,0.0,0.0,0,0
ILLINOIS,WILLIAMSON,2023-08-22,Excessive Heat,1,0.0,0.0,0,0
ILLINOIS,WILLIAMSON,2023-08-23,Excessive Heat,1,0.0,0.0,0,0
ILLINOIS,WILLIAMSON,2023-08-24,Excessive Heat,1,0.0,0.0,0,0
ILLINOIS,WILLIAMSON,2023-08-25,Excessive Heat,1,0.0,0.0,0,0
ILLINOIS,WILLIAMSON,2024-05-14,Flood,1,0.0,0.0,0,0
ILLINOIS,WILLIAMSON,2024-05-26,Flood,1,0.0,0.0,0,0
ILLINOIS,WILLIAMSON,2024-06-25,Excessive Heat,1,0.0,0.0,0,0
ILLINOIS,WILLIAMSON,2024-07-04,Excessive Heat,1,0.0,0.0,0,0
ILLINOIS,WILLIAMSON,2024-07-29,Excessive Heat,1,0.0,0.0,0,0
ILLINOIS,WILLIAMSON,2024-07-30,Excessive Heat,1,0.0,0.0,0,0
ILLINOIS,WILLIAMSON,2024-07-31,Excessive Heat,1,0.0,0.0,0,0
ILLINOIS,WILLIAMSON,2024-08-01,Excessive Heat,1,0.0,0.0,0,0
ILLINOIS,WILLIAMSON,2025-07-19,Excessive Heat,1,0.0,0.0,0,0
ILLINOIS,WILLIAMSON,2025-07-20,Excessive Heat,1,0.0,0.0,0,0
ILLINOIS,WILLIAMSON,2025-07-21,Excessive Heat,1,0.0,0.0,0,0
ILLINOIS,WILLIAMSON,2025-07-22,Excessive Heat,1,0.0,0.0,0,0
ILLINOIS,WILLIAMSON,2025-07-23,Excessive Heat,1,0.0,0.0,0,0
ILLINOIS,WILLIAMSON,2025-07-24,Excessive Heat,1,0.0,0.0,0,0
ILLINOIS,WILLIAMSON,2025-07-25,Excessive Heat,1,0.0,0.0,0,0
ILLINOIS,WILLIAMSON,2025-07-26,Excessive Heat,1,0.0,0.0,0,0
ILLINOIS,WILLIAMSON,2025-07-27,Excessive Heat,1,0.0,0.0,0,0
ILLINOIS,WILLIAMSON,2025-07-28,Excessive Heat,1,0.0,0.0,0,0
ILLINOIS,WILLIAMSON,2025-07-29,Excessive Heat,1,0.0,0.0,0,0
ILLINOIS,WILLIAMSON,2025-07-30,Excessive Heat,1,0.0,0.0,0,0
ILLINOIS,WILLIAMSON,2025-08-15,Excessive Heat,1,0.0,0.0,0,0
ILLINOIS,WILLIAMSON,2025-08-18,Excessive Heat,1,0.0,0.0,0,0
ILLINOIS,WINNEBAGO,2010-01-06,Winter Storm,1,0.0,0.0,0,0
ILLINOIS,WINNEBAGO,2010-01-07,Winter Storm,1,0.0,0.0,0,0
ILLINOIS,WINNEBAGO,2010-02-08,Winter Storm,1,0.0,0.0,0,0
ILLINOIS,WINNEBAGO,2010-02-09,Winter Storm,1,0.0,0.0,0,0
ILLINOIS,WINNEBAGO,2010-03-11,Flood,1,0.0,0.0,0,0
ILLINOIS,WINNEBAGO,2010-07-24,Flood,1,0.0,0.0,0,0
ILLINOIS,WINNEBAGO,2010-08-13,Flood,1,0.0,0.0,0,0
ILLINOIS,WINNEBAGO,2010-12-11,Winter Storm,1,0.0,0.0,0,0
ILLINOIS,WINNEBAGO,2010-12-12,Winter Storm,1,0.0,0.0,0,0
ILLINOIS,WINNEBAGO,2011-02-01,Blizzard,1,0.0,0.0,0,0
ILLINOIS,WINNEBAGO,2011-02-02,Blizzard,1,0.0,0.0,0,0
ILLINOIS,WINNEBAGO,2011-03-20,Flood,1,0.0,0.0,0,0
ILLINOIS,WINNEBAGO,2011-07-27,Flood,1,0.0,0.0,0,0
ILLINOIS,WINNEBAGO,2011-08-13,Flood,1,0.0,0.0,0,0
ILLINOIS,WINNEBAGO,2011-09-26,Flood,1,0.0,0.0,0,0
ILLINOIS,WINNEBAGO,2012-01-20,Winter Storm,1,0.0,0.0,0,0
ILLINOIS,WINNEBAGO,2012-07-04,Excessive Heat,1,0.0,0.0,0,0
ILLINOIS,WINNEBAGO,2012-07-05,Excessive Heat,1,0.0,0.0,0,0
ILLINOIS,WINNEBAGO,2012-07-06,Excessive Heat,1,0.0,0.0,0,0
ILLINOIS,WINNEBAGO,2012-07-07,Excessive Heat,1,0.0,0.0,0,0
ILLINOIS,WINNEBAGO,2012-07-18,Flood,1,0.0,0.0,0,0
ILLINOIS,WINNEBAGO,2013-03-05,Winter Storm,1,0.0,0.0,0,0
ILLINOIS,WINNEBAGO,2013-03-10,Flood,1,0.0,0.0,0,0
ILLINOIS,WINNEBAGO,2013-06-22,Flood,1,0.0,0.0,0,0
ILLINOIS,WINNEBAGO,2013-06-26,Flood,1,0.0,0.0,0,0
ILLINOIS,WINNEBAGO,2014-01-26,Winter Storm,1,0.0,0.0,0,0
ILLINOIS,WINNEBAGO,2014-01-27,Winter Storm,1,0.0,0.0,0,0
ILLINOIS,WINNEBAGO,2014-08-01,Flood,1,0.0,0.0,0,0
ILLINOIS,WINNEBAGO,2014-08-02,Flood,1,0.0,0.0,0,0
ILLINOIS,WINNEBAGO,2015-02-01,Blizzard,1,0.0,0.0,0,0
ILLINOIS,WINNEBAGO,2015-02-02,Blizzard,1,0.0,0.0,0,0
ILLINOIS,WINNEBAGO,2017-06-29,Flood,1,0.0,0.0,0,0
ILLINOIS,WINNEBAGO,2018-02-08,Winter Storm,1,0.0,0.0,0,0
ILLINOIS,WINNEBAGO,2018-02-09,Winter Storm,1,0.0,0.0,0,0
ILLINOIS,WINNEBAGO,2018-06-15,Flood,1,0.0,0.0,0,0
ILLINOIS,WINNEBAGO,2018-06-26,Flood,1,0.0,0.0,0,0
ILLINOIS,WINNEBAGO,2018-08-28,Flood,1,0.0,0.0,0,0
ILLINOIS,WINNEBAGO,2018-09-03,Flood,1,0.0,0.0,0,0
ILLINOIS,WINNEBAGO,2018-10-04,Flood,1,0.0,0.0,0,0
ILLINOIS,WINNEBAGO,2018-10-05,Flood,1,0.0,0.0,0,0
ILLINOIS,WINNEBAGO,2018-10-06,Flood,1,0.0,0.0,0,0
ILLINOIS,WINNEBAGO,2018-10-07,Flood,1,0.0,0.0,0,0
ILLINOIS,WINNEBAGO,2018-10-08,Flood,1,0.0,0.0,0,0
ILLINOIS,WINNEBAGO,2018-10-09,Flood,1,0.0,0.0,0,0
ILLINOIS,WINNEBAGO,2018-10-10,Flood,1,0.0,0.0,0,0
ILLINOIS,WINNEBAGO,2018-10-11,Flood,1,0.0,0.0,0,0
ILLINOIS,WINNEBAGO,2018-10-12,Flood,1,0.0,0.0,0,0
ILLINOIS,WINNEBAGO,2018-10-13,Flood,1,0.0,0.0,0,0
ILLINOIS,WINNEBAGO,2018-10-14,Flood,1,0.0,0.0,0,0
ILLINOIS,WINNEBAGO,2018-10-15,Flood,1,0.0,0.0,0,0
ILLINOIS,WINNEBAGO,2018-10-16,Flood,1,0.0,0.0,0,0
ILLINOIS,WINNEBAGO,2018-10-17,Flood,1,0.0,0.0,0,0
ILLINOIS,WINNEBAGO,2018-10-18,Flood,1,0.0,0.0,0,0
ILLINOIS,WINNEBAGO,2018-10-19,Flood,1,0.0,0.0,0,0
ILLINOIS,WINNEBAGO,2018-10-20,Flood,1,0.0,0.0,0,0
ILLINOIS,WINNEBAGO,2018-10-21,Flood,1,0.0,0.0,0,0
ILLINOIS,WINNEBAGO,2018-10-22,Flood,1,0.0,0.0,0,0
ILLINOIS,WINNEBAGO,2018-10-23,Flood,1,0.0,0.0,0,0
ILLINOIS,WINNEBAGO,2018-10-24,Flood,1,0.0,0.0,0,0
ILLINOIS,WINNEBAGO,2018-10-25,Flood,1,0.0,0.0,0,0
ILLINOIS,WINNEBAGO,2018-10-26,Flood,1,0.0,0.0,0,0
ILLINOIS,WINNEBAGO,2018-10-27,Flood,1,0.0,0.0,0,0
ILLINOIS,WINNEBAGO,2018-10-28,Flood,1,0.0,0.0,0,0
ILLINOIS,WINNEBAGO,2018-11-25,Winter Storm,1,0.0,0.0,0,0
ILLINOIS,WINNEBAGO,2018-11-26,Winter Storm,1,0.0,0.0,0,0
ILLINOIS,WINNEBAGO,2019-01-18,Winter Storm,1,0.0,0.0,0,0
ILLINOIS,WINNEBAGO,2019-01-19,Winter Storm,1,0.0,0.0,0,0
ILLINOIS,WINNEBAGO,2019-02-05,Winter Storm,1,0.0,0.0,0,0
ILLINOIS,WINNEBAGO,2019-03-14,Flood,1,0.0,0.0,0,0
ILLINOIS,WINNEBAGO,2019-03-15,Flood,1,0.0,0.0,0,0
ILLINOIS,WINNEBAGO,2019-03-16,Flood,1,0.0,0.0,0,0
ILLINOIS,WINNEBAGO,2019-03-17,Flood,1,0.0,0.0,0,0
ILLINOIS,WINNEBAGO,2019-03-18,Flood,1,0.0,0.0,0,0
ILLINOIS,WINNEBAGO,2019-03-19,Flood,1,0.0,0.0,0,0
ILLINOIS,WINNEBAGO,2019-03-20,Flood,1,0.0,0.0,0,0
ILLINOIS,WINNEBAGO,2019-03-21,Flood,1,0.0,0.0,0,0
ILLINOIS,WINNEBAGO,2019-03-22,Flood,1,0.0,0.0,0,0
ILLINOIS,WINNEBAGO,2019-03-23,Flood,1,0.0,0.0,0,0
ILLINOIS,WINNEBAGO,2019-03-24,Flood,1,0.0,0.0,0,0
ILLINOIS,WINNEBAGO,2019-03-25,Flood,1,0.0,0.0,0,0
ILLINOIS,WINNEBAGO,2019-03-26,Flood,1,0.0,0.0,0,0
ILLINOIS,WINNEBAGO,2019-07-02,Flood,1,0.0,0.0,0,0
ILLINOIS,WINNEBAGO,2019-07-19,Excessive Heat,1,0.0,0.0,0,0
ILLINOIS,WINNEBAGO,2019-07-20,Excessive Heat,1,0.0,0.0,0,0
ILLINOIS,WINNEBAGO,2019-09-13,Flood,1,0.0,0.0,0,0
ILLINOIS,WINNEBAGO,2019-10-06,Flood,1,0.0,0.0,0,0
ILLINOIS,WINNEBAGO,2019-10-07,Flood,1,0.0,0.0,0,0
ILLINOIS,WINNEBAGO,2019-10-08,Flood,1,0.0,0.0,0,0
ILLINOIS,WINNEBAGO,2020-03-28,Flood,1,0.0,0.0,0,0
ILLINOIS,WINNEBAGO,2020-03-29,Flood,1,0.0,0.0,0,0
ILLINOIS,WINNEBAGO,2020-06-29,Flood,1,0.0,0.0,0,0
ILLINOIS,WINNEBAGO,2020-12-29,Winter Storm,1,0.0,0.0,0,0
ILLINOIS,WINNEBAGO,2020-12-30,Winter Storm,1,0.0,0.0,0,0
ILLINOIS,WINNEBAGO,2021-01-30,Winter Storm,1,0.0,0.0,0,0
ILLINOIS,WINNEBAGO,2021-01-31,Winter Storm,1,0.0,0.0,0,0
ILLINOIS,WINNEBAGO,2021-02-04,Winter Storm,1,0.0,0.0,0,0
ILLINOIS,WINNEBAGO,2021-02-05,Winter Storm,1,0.0,0.0,0,0
ILLINOIS,WINNEBAGO,2021-08-09,Flood,1,0.0,0.0,0,0
ILLINOIS,WINNEBAGO,2022-12-22,Winter Storm,1,0.0,0.0,0,0
ILLINOIS,WINNEBAGO,2022-12-23,Winter Storm,1,0.0,0.0,0,0
ILLINOIS,WINNEBAGO,2022-12-24,Winter Storm,1,0.0,0.0,0,0
ILLINOIS,WINNEBAGO,2023-01-28,Winter Storm,1,0.0,0.0,0,0
ILLINOIS,WINNEBAGO,2023-01-29,Winter Storm,1,0.0,0.0,0,0
ILLINOIS,WINNEBAGO,2023-02-16,Winter Storm,1,0.0,0.0,0,0
ILLINOIS,WINNEBAGO,2023-03-09,Winter Storm,1,0.0,0.0,0,0
ILLINOIS,WINNEBAGO,2023-03-10,Winter Storm,1,0.0,0.0,0,0
ILLINOIS,WINNEBAGO,2023-03-25,Winter Storm,1,0.0,0.0,0,0
ILLINOIS,WINNEBAGO,2023-07-26,Excessive Heat,1,0.0,0.0,0,0
ILLINOIS,WINNEBAGO,2023-07-27,Excessive Heat,1,0.0,0.0,0,0
ILLINOIS,WINNEBAGO,2023-07-28,Excessive Heat,1,0.0,0.0,0,0
ILLINOIS,WINNEBAGO,2023-08-23,Excessive Heat,1,0.0,0.0,0,0
ILLINOIS,WINNEBAGO,2023-08-24,Excessive Heat,1,0.0,0.0,0,0
ILLINOIS,WINNEBAGO,2024-01-12,Winter Storm,1,0.0,0.0,0,0
ILLINOIS,WINNEBAGO,2024-01-13,Winter Storm,1,0.0,0.0,0,0
ILLINOIS,WINNEBAGO,2024-03-22,Winter Storm,1,0.0,0.0,0,0
ILLINOIS,WINNEBAGO,2024-05-07,Flood,1,0.0,0.0,0,0
ILLINOIS,WINNEBAGO,2024-07-14,Flood,1,0.0,0.0,0,0
ILLINOIS,WINNEBAGO,2024-07-15,Flood,1,0.0,0.0,0,0
ILLINOIS,WINNEBAGO,2025-06-18,Flood,1,0.0,0.0,0,0
ILLINOIS,WINNEBAGO,2025-06-21,Excessive Heat,1,0.0,0.0,0,0
ILLINOIS,WINNEBAGO,2025-07-25,Flood,1,0.0,0.0,0,0
ILLINOIS,WINNEBAGO,2025-11-29,Winter Storm,1,0.0,0.0,0,0
ILLINOIS,WINNEBAGO,2025-11-30,Winter Storm,1,0.0,0.0,0,0
ILLINOIS,WINNEBAGO,2025-12-06,Winter Storm,1,0.0,0.0,0,0
ILLINOIS,WINNEBAGO,2025-12-07,Winter Storm,1,0.0,0.0,0,0
ILLINOIS,WOODFORD,2010-01-06,Winter Storm,1,0.0,0.0,0,0
ILLINOIS,WOODFORD,2010-01-07,Winter Storm,1,0.0,0.0,0,0
ILLINOIS,WOODFORD,2010-08-11,Excessive Heat,1,0.0,0.0,0,0
ILLINOIS,WOODFORD,2010-08-12,Excessive Heat,1,0.0,0.0,0,0
ILLINOIS,WOODFORD,2010-08-13,Excessive Heat,1,0.0,0.0,0,0
ILLINOIS,WOODFORD,2010-12-12,Blizzard,1,0.0,0.0,0,0
ILLINOIS,WOODFORD,2010-12-13,Blizzard,1,0.0,0.0,0,0
ILLINOIS,WOODFORD,2011-02-01,Blizzard,1,200000.0,0.0,0,0
ILLINOIS,WOODFORD,2011-02-02,Blizzard,1,200000.0,0.0,0,0
ILLINOIS,WOODFORD,2011-08-02,Excessive Heat,1,0.0,0.0,0,0
ILLINOIS,WOODFORD,2012-06-29,Excessive Heat,1,0.0,0.0,0,0
ILLINOIS,WOODFORD,2012-06-30,Excessive Heat,1,0.0,0.0,0,0
ILLINOIS,WOODFORD,2012-07-01,Excessive Heat,1,0.0,0.0,0,0
ILLINOIS,WOODFORD,2012-07-02,Excessive Heat,1,0.0,0.0,0,0
ILLINOIS,WOODFORD,2012-07-03,Excessive Heat,1,0.0,0.0,0,0
ILLINOIS,WOODFORD,2012-07-04,Excessive Heat,1,0.0,0.0,0,0
ILLINOIS,WOODFORD,2012-07-05,Excessive Heat,1,0.0,0.0,0,0
ILLINOIS,WOODFORD,2012-07-06,Excessive Heat,1,0.0,0.0,0,0
ILLINOIS,WOODFORD,2012-07-07,Excessive Heat,1,0.0,0.0,0,0
ILLINOIS,WOODFORD,2012-12-20,Blizzard,1,0.0,0.0,0,0
ILLINOIS,WOODFORD,2013-04-18,Flood,1,0.0,0.0,0,0
ILLINOIS,WOODFORD,2013-04-19,Flood,1,13800000.0,0.0,0,0
ILLINOIS,WOODFORD,2013-04-20,Flood,1,13800000.0,0.0,0,0
ILLINOIS,WOODFORD,2013-04-21,Flood,1,13800000.0,0.0,0,0
ILLINOIS,WOODFORD,2013-04-22,Flood,1,13800000.0,0.0,0,0
ILLINOIS,WOODFORD,2013-04-23,Flood,1,13800000.0,0.0,0,0
ILLINOIS,WOODFORD,2013-04-24,Flood,1,13800000.0,0.0,0,0
ILLINOIS,WOODFORD,2013-04-25,Flood,1,13800000.0,0.0,0,0
ILLINOIS,WOODFORD,2013-04-26,Flood,1,13800000.0,0.0,0,0
ILLINOIS,WOODFORD,2013-04-27,Flood,1,13800000.0,0.0,0,0
ILLINOIS,WOODFORD,2013-04-28,Flood,1,13800000.0,0.0,0,0
ILLINOIS,WOODFORD,2013-04-29,Flood,1,13800000.0,0.0,0,0
ILLINOIS,WOODFORD,2013-04-30,Flood,1,13800000.0,0.0,0,0
ILLINOIS,WOODFORD,2013-05-01,Flood,1,0.0,0.0,0,0
ILLINOIS,WOODFORD,2013-05-02,Flood,1,0.0,0.0,0,0
ILLINOIS,WOODFORD,2013-05-03,Flood,1,0.0,0.0,0,0
ILLINOIS,WOODFORD,2013-05-04,Flood,1,0.0,0.0,0,0
ILLINOIS,WOODFORD,2013-05-05,Flood,1,0.0,0.0,0,0
ILLINOIS,WOODFORD,2013-05-06,Flood,1,0.0,0.0,0,0
ILLINOIS,WOODFORD,2013-05-07,Flood,1,0.0,0.0,0,0
ILLINOIS,WOODFORD,2013-05-08,Flood,1,0.0,0.0,0,0
ILLINOIS,WOODFORD,2013-05-27,Flood,1,0.0,0.0,0,0
ILLINOIS,WOODFORD,2017-04-29,Flood,1,0.0,0.0,0,0
ILLINOIS,WOODFORD,2017-04-30,Flood,1,0.0,0.0,0,0
ILLINOIS,WOODFORD,2017-06-17,Flood,1,0.0,0.0,0,0
ILLINOIS,WOODFORD,2017-06-18,Flood,1,0.0,0.0,0,0
ILLINOIS,WOODFORD,2019-01-19,Winter Storm,1,0.0,0.0,0,0
ILLINOIS,WOODFORD,2020-07-15,Flood,1,10000000.0,0.0,0,0
ILLINOIS,WOODFORD,2020-07-16,Flood,1,10000000.0,0.0,0,0
ILLINOIS,WOODFORD,2022-02-01,Winter Storm,1,0.0,0.0,0,0
ILLINOIS,WOODFORD,2022-02-02,Winter Storm,1,0.0,0.0,0,0
ILLINOIS,WOODFORD,2022-02-03,Winter Storm,1,0.0,0.0,0,0
ILLINOIS,WOODFORD,2022-12-22,Winter Storm,1,0.0,0.0,0,0
ILLINOIS,WOODFORD,2022-12-23,Winter Storm,1,0.0,0.0,0,0
ILLINOIS,WOODFORD,2023-07-27,Excessive Heat,1,0.0,0.0,0,0
ILLINOIS,WOODFORD,2023-07-28,Excessive Heat,1,0.0,0.0,0,0
ILLINOIS,WOODFORD,2023-08-20,Excessive Heat,1,0.0,0.0,0,0
ILLINOIS,WOODFORD,2023-08-21,Excessive Heat,1,0.0,0.0,0,0
ILLINOIS,WOODFORD,2023-08-22,Excessive Heat,1,0.0,0.0,0,0
ILLINOIS,WOODFORD,2023-08-23,Excessive Heat,1,0.0,0.0,0,0
ILLINOIS,WOODFORD,2023-08-24,Excessive Heat,1,0.0,0.0,0,0
ILLINOIS,WOODFORD,2023-08-25,Excessive Heat,1,0.0,0.0,0,0
ILLINOIS,WOODFORD,2024-08-27,Excessive Heat,1,0.0,0.0,0,0
ILLINOIS,Wabash,2015-07-28,Excessive Heat,1,0.0,0.0,0,0
ILLINOIS,Wabash,2015-07-29,Excessive Heat,1,0.0,0.0,0,0
ILLINOIS,Wayne,2015-07-28,Excessive Heat,1,0.0,0.0,0,0
ILLINOIS,Wayne,2015-07-29,Excessive Heat,1,0.0,0.0,0,0
ILLINOIS,White,2015-07-28,Excessive Heat,1,0.0,0.0,0,0
ILLINOIS,White,2015-07-29,Excessive Heat,1,0.0,0.0,0,0
ILLINOIS,Williamson,2015-07-27,Excessive Heat,1,0.0,0.0,0,0
ILLINOIS,Williamson,2015-07-28,Excessive Heat,1,0.0,0.0,0,0
ILLINOIS,Williamson,2015-07-29,Excessive Heat,1,0.0,0.0,0,0
